solid generator_coupling
facet normal 0.000000 1.000000 0.000000
  outer loop
    vertex 20.000000 20.000000 0.000000
    vertex -20.000000 20.000000 0.000000
    vertex -20.000000 20.000000 1.000000
  endloop
endfacet
facet normal 0.000000 1.000000 0.000000
  outer loop
    vertex 20.000000 20.000000 0.000000
    vertex -20.000000 20.000000 1.000000
    vertex 20.000000 20.000000 1.000000
  endloop
endfacet
facet normal -0.000000 -1.000000 -0.000000
  outer loop
    vertex 15.200000 15.200000 0.000000
    vertex -15.200000 15.200000 0.000000
    vertex -15.200000 15.200000 1.000000
  endloop
endfacet
facet normal -0.000000 -1.000000 -0.000000
  outer loop
    vertex 15.200000 15.200000 0.000000
    vertex -15.200000 15.200000 1.000000
    vertex 15.200000 15.200000 1.000000
  endloop
endfacet
facet normal -1.000000 0.000000 0.000000
  outer loop
    vertex -20.000000 20.000000 0.000000
    vertex -20.000000 -20.000000 0.000000
    vertex -20.000000 -20.000000 1.000000
  endloop
endfacet
facet normal -1.000000 0.000000 0.000000
  outer loop
    vertex -20.000000 20.000000 0.000000
    vertex -20.000000 -20.000000 1.000000
    vertex -20.000000 20.000000 1.000000
  endloop
endfacet
facet normal 1.000000 -0.000000 -0.000000
  outer loop
    vertex -15.200000 15.200000 0.000000
    vertex -15.200000 -15.200000 0.000000
    vertex -15.200000 -15.200000 1.000000
  endloop
endfacet
facet normal 1.000000 -0.000000 -0.000000
  outer loop
    vertex -15.200000 15.200000 0.000000
    vertex -15.200000 -15.200000 1.000000
    vertex -15.200000 15.200000 1.000000
  endloop
endfacet
facet normal 0.000000 -1.000000 0.000000
  outer loop
    vertex -20.000000 -20.000000 0.000000
    vertex 20.000000 -20.000000 0.000000
    vertex 20.000000 -20.000000 1.000000
  endloop
endfacet
facet normal 0.000000 -1.000000 0.000000
  outer loop
    vertex -20.000000 -20.000000 0.000000
    vertex 20.000000 -20.000000 1.000000
    vertex -20.000000 -20.000000 1.000000
  endloop
endfacet
facet normal -0.000000 1.000000 -0.000000
  outer loop
    vertex -15.200000 -15.200000 0.000000
    vertex 15.200000 -15.200000 0.000000
    vertex 15.200000 -15.200000 1.000000
  endloop
endfacet
facet normal -0.000000 1.000000 -0.000000
  outer loop
    vertex -15.200000 -15.200000 0.000000
    vertex 15.200000 -15.200000 1.000000
    vertex -15.200000 -15.200000 1.000000
  endloop
endfacet
facet normal 1.000000 0.000000 0.000000
  outer loop
    vertex 20.000000 -20.000000 0.000000
    vertex 20.000000 20.000000 0.000000
    vertex 20.000000 20.000000 1.000000
  endloop
endfacet
facet normal 1.000000 0.000000 0.000000
  outer loop
    vertex 20.000000 -20.000000 0.000000
    vertex 20.000000 20.000000 1.000000
    vertex 20.000000 -20.000000 1.000000
  endloop
endfacet
facet normal -1.000000 -0.000000 -0.000000
  outer loop
    vertex 15.200000 -15.200000 0.000000
    vertex 15.200000 15.200000 0.000000
    vertex 15.200000 15.200000 1.000000
  endloop
endfacet
facet normal -1.000000 -0.000000 -0.000000
  outer loop
    vertex 15.200000 -15.200000 0.000000
    vertex 15.200000 15.200000 1.000000
    vertex 15.200000 -15.200000 1.000000
  endloop
endfacet
facet normal 0.000000 1.000000 0.000000
  outer loop
    vertex 20.000000 20.000000 1.000000
    vertex -20.000000 20.000000 1.000000
    vertex -20.000000 20.000000 2.000000
  endloop
endfacet
facet normal 0.000000 1.000000 0.000000
  outer loop
    vertex 20.000000 20.000000 1.000000
    vertex -20.000000 20.000000 2.000000
    vertex 20.000000 20.000000 2.000000
  endloop
endfacet
facet normal -0.000000 -1.000000 -0.000000
  outer loop
    vertex 15.200000 15.200000 1.000000
    vertex -15.200000 15.200000 1.000000
    vertex -15.200000 15.200000 2.000000
  endloop
endfacet
facet normal -0.000000 -1.000000 -0.000000
  outer loop
    vertex 15.200000 15.200000 1.000000
    vertex -15.200000 15.200000 2.000000
    vertex 15.200000 15.200000 2.000000
  endloop
endfacet
facet normal -1.000000 0.000000 0.000000
  outer loop
    vertex -20.000000 20.000000 1.000000
    vertex -20.000000 -20.000000 1.000000
    vertex -20.000000 -20.000000 2.000000
  endloop
endfacet
facet normal -1.000000 0.000000 0.000000
  outer loop
    vertex -20.000000 20.000000 1.000000
    vertex -20.000000 -20.000000 2.000000
    vertex -20.000000 20.000000 2.000000
  endloop
endfacet
facet normal 1.000000 -0.000000 -0.000000
  outer loop
    vertex -15.200000 15.200000 1.000000
    vertex -15.200000 -15.200000 1.000000
    vertex -15.200000 -15.200000 2.000000
  endloop
endfacet
facet normal 1.000000 -0.000000 -0.000000
  outer loop
    vertex -15.200000 15.200000 1.000000
    vertex -15.200000 -15.200000 2.000000
    vertex -15.200000 15.200000 2.000000
  endloop
endfacet
facet normal 0.000000 -1.000000 0.000000
  outer loop
    vertex -20.000000 -20.000000 1.000000
    vertex 20.000000 -20.000000 1.000000
    vertex 20.000000 -20.000000 2.000000
  endloop
endfacet
facet normal 0.000000 -1.000000 0.000000
  outer loop
    vertex -20.000000 -20.000000 1.000000
    vertex 20.000000 -20.000000 2.000000
    vertex -20.000000 -20.000000 2.000000
  endloop
endfacet
facet normal -0.000000 1.000000 -0.000000
  outer loop
    vertex -15.200000 -15.200000 1.000000
    vertex 15.200000 -15.200000 1.000000
    vertex 15.200000 -15.200000 2.000000
  endloop
endfacet
facet normal -0.000000 1.000000 -0.000000
  outer loop
    vertex -15.200000 -15.200000 1.000000
    vertex 15.200000 -15.200000 2.000000
    vertex -15.200000 -15.200000 2.000000
  endloop
endfacet
facet normal 1.000000 0.000000 0.000000
  outer loop
    vertex 20.000000 -20.000000 1.000000
    vertex 20.000000 20.000000 1.000000
    vertex 20.000000 20.000000 2.000000
  endloop
endfacet
facet normal 1.000000 0.000000 0.000000
  outer loop
    vertex 20.000000 -20.000000 1.000000
    vertex 20.000000 20.000000 2.000000
    vertex 20.000000 -20.000000 2.000000
  endloop
endfacet
facet normal -1.000000 -0.000000 -0.000000
  outer loop
    vertex 15.200000 -15.200000 1.000000
    vertex 15.200000 15.200000 1.000000
    vertex 15.200000 15.200000 2.000000
  endloop
endfacet
facet normal -1.000000 -0.000000 -0.000000
  outer loop
    vertex 15.200000 -15.200000 1.000000
    vertex 15.200000 15.200000 2.000000
    vertex 15.200000 -15.200000 2.000000
  endloop
endfacet
facet normal 0.000000 1.000000 0.000000
  outer loop
    vertex 20.000000 20.000000 2.000000
    vertex -20.000000 20.000000 2.000000
    vertex -20.000000 20.000000 3.000000
  endloop
endfacet
facet normal 0.000000 1.000000 0.000000
  outer loop
    vertex 20.000000 20.000000 2.000000
    vertex -20.000000 20.000000 3.000000
    vertex 20.000000 20.000000 3.000000
  endloop
endfacet
facet normal -0.000000 -1.000000 -0.000000
  outer loop
    vertex 15.200000 15.200000 2.000000
    vertex -15.200000 15.200000 2.000000
    vertex -15.200000 15.200000 3.000000
  endloop
endfacet
facet normal -0.000000 -1.000000 -0.000000
  outer loop
    vertex 15.200000 15.200000 2.000000
    vertex -15.200000 15.200000 3.000000
    vertex 15.200000 15.200000 3.000000
  endloop
endfacet
facet normal -1.000000 0.000000 0.000000
  outer loop
    vertex -20.000000 20.000000 2.000000
    vertex -20.000000 -20.000000 2.000000
    vertex -20.000000 -20.000000 3.000000
  endloop
endfacet
facet normal -1.000000 0.000000 0.000000
  outer loop
    vertex -20.000000 20.000000 2.000000
    vertex -20.000000 -20.000000 3.000000
    vertex -20.000000 20.000000 3.000000
  endloop
endfacet
facet normal 1.000000 -0.000000 -0.000000
  outer loop
    vertex -15.200000 15.200000 2.000000
    vertex -15.200000 -15.200000 2.000000
    vertex -15.200000 -15.200000 3.000000
  endloop
endfacet
facet normal 1.000000 -0.000000 -0.000000
  outer loop
    vertex -15.200000 15.200000 2.000000
    vertex -15.200000 -15.200000 3.000000
    vertex -15.200000 15.200000 3.000000
  endloop
endfacet
facet normal 0.000000 -1.000000 0.000000
  outer loop
    vertex -20.000000 -20.000000 2.000000
    vertex 20.000000 -20.000000 2.000000
    vertex 20.000000 -20.000000 3.000000
  endloop
endfacet
facet normal 0.000000 -1.000000 0.000000
  outer loop
    vertex -20.000000 -20.000000 2.000000
    vertex 20.000000 -20.000000 3.000000
    vertex -20.000000 -20.000000 3.000000
  endloop
endfacet
facet normal -0.000000 1.000000 -0.000000
  outer loop
    vertex -15.200000 -15.200000 2.000000
    vertex 15.200000 -15.200000 2.000000
    vertex 15.200000 -15.200000 3.000000
  endloop
endfacet
facet normal -0.000000 1.000000 -0.000000
  outer loop
    vertex -15.200000 -15.200000 2.000000
    vertex 15.200000 -15.200000 3.000000
    vertex -15.200000 -15.200000 3.000000
  endloop
endfacet
facet normal 1.000000 0.000000 0.000000
  outer loop
    vertex 20.000000 -20.000000 2.000000
    vertex 20.000000 20.000000 2.000000
    vertex 20.000000 20.000000 3.000000
  endloop
endfacet
facet normal 1.000000 0.000000 0.000000
  outer loop
    vertex 20.000000 -20.000000 2.000000
    vertex 20.000000 20.000000 3.000000
    vertex 20.000000 -20.000000 3.000000
  endloop
endfacet
facet normal -1.000000 -0.000000 -0.000000
  outer loop
    vertex 15.200000 -15.200000 2.000000
    vertex 15.200000 15.200000 2.000000
    vertex 15.200000 15.200000 3.000000
  endloop
endfacet
facet normal -1.000000 -0.000000 -0.000000
  outer loop
    vertex 15.200000 -15.200000 2.000000
    vertex 15.200000 15.200000 3.000000
    vertex 15.200000 -15.200000 3.000000
  endloop
endfacet
facet normal 0.000000 1.000000 0.000000
  outer loop
    vertex 20.000000 20.000000 3.000000
    vertex -20.000000 20.000000 3.000000
    vertex -20.000000 20.000000 4.000000
  endloop
endfacet
facet normal 0.000000 1.000000 0.000000
  outer loop
    vertex 20.000000 20.000000 3.000000
    vertex -20.000000 20.000000 4.000000
    vertex 20.000000 20.000000 4.000000
  endloop
endfacet
facet normal -0.000000 -1.000000 -0.000000
  outer loop
    vertex 15.200000 15.200000 3.000000
    vertex -15.200000 15.200000 3.000000
    vertex -15.200000 15.200000 4.000000
  endloop
endfacet
facet normal -0.000000 -1.000000 -0.000000
  outer loop
    vertex 15.200000 15.200000 3.000000
    vertex -15.200000 15.200000 4.000000
    vertex 15.200000 15.200000 4.000000
  endloop
endfacet
facet normal -1.000000 0.000000 0.000000
  outer loop
    vertex -20.000000 20.000000 3.000000
    vertex -20.000000 -20.000000 3.000000
    vertex -20.000000 -20.000000 4.000000
  endloop
endfacet
facet normal -1.000000 0.000000 0.000000
  outer loop
    vertex -20.000000 20.000000 3.000000
    vertex -20.000000 -20.000000 4.000000
    vertex -20.000000 20.000000 4.000000
  endloop
endfacet
facet normal 1.000000 -0.000000 -0.000000
  outer loop
    vertex -15.200000 15.200000 3.000000
    vertex -15.200000 -15.200000 3.000000
    vertex -15.200000 -15.200000 4.000000
  endloop
endfacet
facet normal 1.000000 -0.000000 -0.000000
  outer loop
    vertex -15.200000 15.200000 3.000000
    vertex -15.200000 -15.200000 4.000000
    vertex -15.200000 15.200000 4.000000
  endloop
endfacet
facet normal 0.000000 -1.000000 0.000000
  outer loop
    vertex -20.000000 -20.000000 3.000000
    vertex 20.000000 -20.000000 3.000000
    vertex 20.000000 -20.000000 4.000000
  endloop
endfacet
facet normal 0.000000 -1.000000 0.000000
  outer loop
    vertex -20.000000 -20.000000 3.000000
    vertex 20.000000 -20.000000 4.000000
    vertex -20.000000 -20.000000 4.000000
  endloop
endfacet
facet normal -0.000000 1.000000 -0.000000
  outer loop
    vertex -15.200000 -15.200000 3.000000
    vertex 15.200000 -15.200000 3.000000
    vertex 15.200000 -15.200000 4.000000
  endloop
endfacet
facet normal -0.000000 1.000000 -0.000000
  outer loop
    vertex -15.200000 -15.200000 3.000000
    vertex 15.200000 -15.200000 4.000000
    vertex -15.200000 -15.200000 4.000000
  endloop
endfacet
facet normal 1.000000 0.000000 0.000000
  outer loop
    vertex 20.000000 -20.000000 3.000000
    vertex 20.000000 20.000000 3.000000
    vertex 20.000000 20.000000 4.000000
  endloop
endfacet
facet normal 1.000000 0.000000 0.000000
  outer loop
    vertex 20.000000 -20.000000 3.000000
    vertex 20.000000 20.000000 4.000000
    vertex 20.000000 -20.000000 4.000000
  endloop
endfacet
facet normal -1.000000 -0.000000 -0.000000
  outer loop
    vertex 15.200000 -15.200000 3.000000
    vertex 15.200000 15.200000 3.000000
    vertex 15.200000 15.200000 4.000000
  endloop
endfacet
facet normal -1.000000 -0.000000 -0.000000
  outer loop
    vertex 15.200000 -15.200000 3.000000
    vertex 15.200000 15.200000 4.000000
    vertex 15.200000 -15.200000 4.000000
  endloop
endfacet
facet normal 0.000000 1.000000 0.000000
  outer loop
    vertex 20.000000 20.000000 4.000000
    vertex -20.000000 20.000000 4.000000
    vertex -20.000000 20.000000 5.000000
  endloop
endfacet
facet normal 0.000000 1.000000 0.000000
  outer loop
    vertex 20.000000 20.000000 4.000000
    vertex -20.000000 20.000000 5.000000
    vertex 20.000000 20.000000 5.000000
  endloop
endfacet
facet normal -0.000000 -1.000000 -0.000000
  outer loop
    vertex 15.200000 15.200000 4.000000
    vertex -15.200000 15.200000 4.000000
    vertex -15.200000 15.200000 5.000000
  endloop
endfacet
facet normal -0.000000 -1.000000 -0.000000
  outer loop
    vertex 15.200000 15.200000 4.000000
    vertex -15.200000 15.200000 5.000000
    vertex 15.200000 15.200000 5.000000
  endloop
endfacet
facet normal -1.000000 0.000000 0.000000
  outer loop
    vertex -20.000000 20.000000 4.000000
    vertex -20.000000 -20.000000 4.000000
    vertex -20.000000 -20.000000 5.000000
  endloop
endfacet
facet normal -1.000000 0.000000 0.000000
  outer loop
    vertex -20.000000 20.000000 4.000000
    vertex -20.000000 -20.000000 5.000000
    vertex -20.000000 20.000000 5.000000
  endloop
endfacet
facet normal 1.000000 -0.000000 -0.000000
  outer loop
    vertex -15.200000 15.200000 4.000000
    vertex -15.200000 -15.200000 4.000000
    vertex -15.200000 -15.200000 5.000000
  endloop
endfacet
facet normal 1.000000 -0.000000 -0.000000
  outer loop
    vertex -15.200000 15.200000 4.000000
    vertex -15.200000 -15.200000 5.000000
    vertex -15.200000 15.200000 5.000000
  endloop
endfacet
facet normal 0.000000 -1.000000 0.000000
  outer loop
    vertex -20.000000 -20.000000 4.000000
    vertex 20.000000 -20.000000 4.000000
    vertex 20.000000 -20.000000 5.000000
  endloop
endfacet
facet normal 0.000000 -1.000000 0.000000
  outer loop
    vertex -20.000000 -20.000000 4.000000
    vertex 20.000000 -20.000000 5.000000
    vertex -20.000000 -20.000000 5.000000
  endloop
endfacet
facet normal -0.000000 1.000000 -0.000000
  outer loop
    vertex -15.200000 -15.200000 4.000000
    vertex 15.200000 -15.200000 4.000000
    vertex 15.200000 -15.200000 5.000000
  endloop
endfacet
facet normal -0.000000 1.000000 -0.000000
  outer loop
    vertex -15.200000 -15.200000 4.000000
    vertex 15.200000 -15.200000 5.000000
    vertex -15.200000 -15.200000 5.000000
  endloop
endfacet
facet normal 1.000000 0.000000 0.000000
  outer loop
    vertex 20.000000 -20.000000 4.000000
    vertex 20.000000 20.000000 4.000000
    vertex 20.000000 20.000000 5.000000
  endloop
endfacet
facet normal 1.000000 0.000000 0.000000
  outer loop
    vertex 20.000000 -20.000000 4.000000
    vertex 20.000000 20.000000 5.000000
    vertex 20.000000 -20.000000 5.000000
  endloop
endfacet
facet normal -1.000000 -0.000000 -0.000000
  outer loop
    vertex 15.200000 -15.200000 4.000000
    vertex 15.200000 15.200000 4.000000
    vertex 15.200000 15.200000 5.000000
  endloop
endfacet
facet normal -1.000000 -0.000000 -0.000000
  outer loop
    vertex 15.200000 -15.200000 4.000000
    vertex 15.200000 15.200000 5.000000
    vertex 15.200000 -15.200000 5.000000
  endloop
endfacet
facet normal 0.000000 1.000000 0.000000
  outer loop
    vertex 20.000000 20.000000 5.000000
    vertex -20.000000 20.000000 5.000000
    vertex -20.000000 20.000000 6.000000
  endloop
endfacet
facet normal 0.000000 1.000000 0.000000
  outer loop
    vertex 20.000000 20.000000 5.000000
    vertex -20.000000 20.000000 6.000000
    vertex 20.000000 20.000000 6.000000
  endloop
endfacet
facet normal -0.000000 -1.000000 -0.000000
  outer loop
    vertex 15.200000 15.200000 5.000000
    vertex -15.200000 15.200000 5.000000
    vertex -15.200000 15.200000 6.000000
  endloop
endfacet
facet normal -0.000000 -1.000000 -0.000000
  outer loop
    vertex 15.200000 15.200000 5.000000
    vertex -15.200000 15.200000 6.000000
    vertex 15.200000 15.200000 6.000000
  endloop
endfacet
facet normal -1.000000 0.000000 0.000000
  outer loop
    vertex -20.000000 20.000000 5.000000
    vertex -20.000000 -20.000000 5.000000
    vertex -20.000000 -20.000000 6.000000
  endloop
endfacet
facet normal -1.000000 0.000000 0.000000
  outer loop
    vertex -20.000000 20.000000 5.000000
    vertex -20.000000 -20.000000 6.000000
    vertex -20.000000 20.000000 6.000000
  endloop
endfacet
facet normal 1.000000 -0.000000 -0.000000
  outer loop
    vertex -15.200000 15.200000 5.000000
    vertex -15.200000 -15.200000 5.000000
    vertex -15.200000 -15.200000 6.000000
  endloop
endfacet
facet normal 1.000000 -0.000000 -0.000000
  outer loop
    vertex -15.200000 15.200000 5.000000
    vertex -15.200000 -15.200000 6.000000
    vertex -15.200000 15.200000 6.000000
  endloop
endfacet
facet normal 0.000000 -1.000000 0.000000
  outer loop
    vertex -20.000000 -20.000000 5.000000
    vertex 20.000000 -20.000000 5.000000
    vertex 20.000000 -20.000000 6.000000
  endloop
endfacet
facet normal 0.000000 -1.000000 0.000000
  outer loop
    vertex -20.000000 -20.000000 5.000000
    vertex 20.000000 -20.000000 6.000000
    vertex -20.000000 -20.000000 6.000000
  endloop
endfacet
facet normal -0.000000 1.000000 -0.000000
  outer loop
    vertex -15.200000 -15.200000 5.000000
    vertex 15.200000 -15.200000 5.000000
    vertex 15.200000 -15.200000 6.000000
  endloop
endfacet
facet normal -0.000000 1.000000 -0.000000
  outer loop
    vertex -15.200000 -15.200000 5.000000
    vertex 15.200000 -15.200000 6.000000
    vertex -15.200000 -15.200000 6.000000
  endloop
endfacet
facet normal 1.000000 0.000000 0.000000
  outer loop
    vertex 20.000000 -20.000000 5.000000
    vertex 20.000000 20.000000 5.000000
    vertex 20.000000 20.000000 6.000000
  endloop
endfacet
facet normal 1.000000 0.000000 0.000000
  outer loop
    vertex 20.000000 -20.000000 5.000000
    vertex 20.000000 20.000000 6.000000
    vertex 20.000000 -20.000000 6.000000
  endloop
endfacet
facet normal -1.000000 -0.000000 -0.000000
  outer loop
    vertex 15.200000 -15.200000 5.000000
    vertex 15.200000 15.200000 5.000000
    vertex 15.200000 15.200000 6.000000
  endloop
endfacet
facet normal -1.000000 -0.000000 -0.000000
  outer loop
    vertex 15.200000 -15.200000 5.000000
    vertex 15.200000 15.200000 6.000000
    vertex 15.200000 -15.200000 6.000000
  endloop
endfacet
facet normal 0.000000 1.000000 0.000000
  outer loop
    vertex 20.000000 20.000000 6.000000
    vertex -20.000000 20.000000 6.000000
    vertex -20.000000 20.000000 7.000000
  endloop
endfacet
facet normal 0.000000 1.000000 0.000000
  outer loop
    vertex 20.000000 20.000000 6.000000
    vertex -20.000000 20.000000 7.000000
    vertex 20.000000 20.000000 7.000000
  endloop
endfacet
facet normal -0.000000 -1.000000 -0.000000
  outer loop
    vertex 15.200000 15.200000 6.000000
    vertex -15.200000 15.200000 6.000000
    vertex -15.200000 15.200000 7.000000
  endloop
endfacet
facet normal -0.000000 -1.000000 -0.000000
  outer loop
    vertex 15.200000 15.200000 6.000000
    vertex -15.200000 15.200000 7.000000
    vertex 15.200000 15.200000 7.000000
  endloop
endfacet
facet normal -1.000000 0.000000 0.000000
  outer loop
    vertex -20.000000 20.000000 6.000000
    vertex -20.000000 -20.000000 6.000000
    vertex -20.000000 -20.000000 7.000000
  endloop
endfacet
facet normal -1.000000 0.000000 0.000000
  outer loop
    vertex -20.000000 20.000000 6.000000
    vertex -20.000000 -20.000000 7.000000
    vertex -20.000000 20.000000 7.000000
  endloop
endfacet
facet normal 1.000000 -0.000000 -0.000000
  outer loop
    vertex -15.200000 15.200000 6.000000
    vertex -15.200000 -15.200000 6.000000
    vertex -15.200000 -15.200000 7.000000
  endloop
endfacet
facet normal 1.000000 -0.000000 -0.000000
  outer loop
    vertex -15.200000 15.200000 6.000000
    vertex -15.200000 -15.200000 7.000000
    vertex -15.200000 15.200000 7.000000
  endloop
endfacet
facet normal 0.000000 -1.000000 0.000000
  outer loop
    vertex -20.000000 -20.000000 6.000000
    vertex 20.000000 -20.000000 6.000000
    vertex 20.000000 -20.000000 7.000000
  endloop
endfacet
facet normal 0.000000 -1.000000 0.000000
  outer loop
    vertex -20.000000 -20.000000 6.000000
    vertex 20.000000 -20.000000 7.000000
    vertex -20.000000 -20.000000 7.000000
  endloop
endfacet
facet normal -0.000000 1.000000 -0.000000
  outer loop
    vertex -15.200000 -15.200000 6.000000
    vertex 15.200000 -15.200000 6.000000
    vertex 15.200000 -15.200000 7.000000
  endloop
endfacet
facet normal -0.000000 1.000000 -0.000000
  outer loop
    vertex -15.200000 -15.200000 6.000000
    vertex 15.200000 -15.200000 7.000000
    vertex -15.200000 -15.200000 7.000000
  endloop
endfacet
facet normal 1.000000 0.000000 0.000000
  outer loop
    vertex 20.000000 -20.000000 6.000000
    vertex 20.000000 20.000000 6.000000
    vertex 20.000000 20.000000 7.000000
  endloop
endfacet
facet normal 1.000000 0.000000 0.000000
  outer loop
    vertex 20.000000 -20.000000 6.000000
    vertex 20.000000 20.000000 7.000000
    vertex 20.000000 -20.000000 7.000000
  endloop
endfacet
facet normal -1.000000 -0.000000 -0.000000
  outer loop
    vertex 15.200000 -15.200000 6.000000
    vertex 15.200000 15.200000 6.000000
    vertex 15.200000 15.200000 7.000000
  endloop
endfacet
facet normal -1.000000 -0.000000 -0.000000
  outer loop
    vertex 15.200000 -15.200000 6.000000
    vertex 15.200000 15.200000 7.000000
    vertex 15.200000 -15.200000 7.000000
  endloop
endfacet
facet normal 0.000000 1.000000 0.000000
  outer loop
    vertex 20.000000 20.000000 7.000000
    vertex -20.000000 20.000000 7.000000
    vertex -20.000000 20.000000 8.000000
  endloop
endfacet
facet normal 0.000000 1.000000 0.000000
  outer loop
    vertex 20.000000 20.000000 7.000000
    vertex -20.000000 20.000000 8.000000
    vertex 20.000000 20.000000 8.000000
  endloop
endfacet
facet normal -0.000000 -1.000000 -0.000000
  outer loop
    vertex 15.200000 15.200000 7.000000
    vertex -15.200000 15.200000 7.000000
    vertex -15.200000 15.200000 8.000000
  endloop
endfacet
facet normal -0.000000 -1.000000 -0.000000
  outer loop
    vertex 15.200000 15.200000 7.000000
    vertex -15.200000 15.200000 8.000000
    vertex 15.200000 15.200000 8.000000
  endloop
endfacet
facet normal -1.000000 0.000000 0.000000
  outer loop
    vertex -20.000000 20.000000 7.000000
    vertex -20.000000 -20.000000 7.000000
    vertex -20.000000 -20.000000 8.000000
  endloop
endfacet
facet normal -1.000000 0.000000 0.000000
  outer loop
    vertex -20.000000 20.000000 7.000000
    vertex -20.000000 -20.000000 8.000000
    vertex -20.000000 20.000000 8.000000
  endloop
endfacet
facet normal 1.000000 -0.000000 -0.000000
  outer loop
    vertex -15.200000 15.200000 7.000000
    vertex -15.200000 -15.200000 7.000000
    vertex -15.200000 -15.200000 8.000000
  endloop
endfacet
facet normal 1.000000 -0.000000 -0.000000
  outer loop
    vertex -15.200000 15.200000 7.000000
    vertex -15.200000 -15.200000 8.000000
    vertex -15.200000 15.200000 8.000000
  endloop
endfacet
facet normal 0.000000 -1.000000 0.000000
  outer loop
    vertex -20.000000 -20.000000 7.000000
    vertex 20.000000 -20.000000 7.000000
    vertex 20.000000 -20.000000 8.000000
  endloop
endfacet
facet normal 0.000000 -1.000000 0.000000
  outer loop
    vertex -20.000000 -20.000000 7.000000
    vertex 20.000000 -20.000000 8.000000
    vertex -20.000000 -20.000000 8.000000
  endloop
endfacet
facet normal -0.000000 1.000000 -0.000000
  outer loop
    vertex -15.200000 -15.200000 7.000000
    vertex 15.200000 -15.200000 7.000000
    vertex 15.200000 -15.200000 8.000000
  endloop
endfacet
facet normal -0.000000 1.000000 -0.000000
  outer loop
    vertex -15.200000 -15.200000 7.000000
    vertex 15.200000 -15.200000 8.000000
    vertex -15.200000 -15.200000 8.000000
  endloop
endfacet
facet normal 1.000000 0.000000 0.000000
  outer loop
    vertex 20.000000 -20.000000 7.000000
    vertex 20.000000 20.000000 7.000000
    vertex 20.000000 20.000000 8.000000
  endloop
endfacet
facet normal 1.000000 0.000000 0.000000
  outer loop
    vertex 20.000000 -20.000000 7.000000
    vertex 20.000000 20.000000 8.000000
    vertex 20.000000 -20.000000 8.000000
  endloop
endfacet
facet normal -1.000000 -0.000000 -0.000000
  outer loop
    vertex 15.200000 -15.200000 7.000000
    vertex 15.200000 15.200000 7.000000
    vertex 15.200000 15.200000 8.000000
  endloop
endfacet
facet normal -1.000000 -0.000000 -0.000000
  outer loop
    vertex 15.200000 -15.200000 7.000000
    vertex 15.200000 15.200000 8.000000
    vertex 15.200000 -15.200000 8.000000
  endloop
endfacet
facet normal 0.000000 1.000000 0.000000
  outer loop
    vertex 20.000000 20.000000 8.000000
    vertex -20.000000 20.000000 8.000000
    vertex -20.000000 20.000000 9.000000
  endloop
endfacet
facet normal 0.000000 1.000000 0.000000
  outer loop
    vertex 20.000000 20.000000 8.000000
    vertex -20.000000 20.000000 9.000000
    vertex 20.000000 20.000000 9.000000
  endloop
endfacet
facet normal -0.000000 -1.000000 -0.000000
  outer loop
    vertex 15.200000 15.200000 8.000000
    vertex -15.200000 15.200000 8.000000
    vertex -15.200000 15.200000 9.000000
  endloop
endfacet
facet normal -0.000000 -1.000000 -0.000000
  outer loop
    vertex 15.200000 15.200000 8.000000
    vertex -15.200000 15.200000 9.000000
    vertex 15.200000 15.200000 9.000000
  endloop
endfacet
facet normal -1.000000 0.000000 0.000000
  outer loop
    vertex -20.000000 20.000000 8.000000
    vertex -20.000000 -20.000000 8.000000
    vertex -20.000000 -20.000000 9.000000
  endloop
endfacet
facet normal -1.000000 0.000000 0.000000
  outer loop
    vertex -20.000000 20.000000 8.000000
    vertex -20.000000 -20.000000 9.000000
    vertex -20.000000 20.000000 9.000000
  endloop
endfacet
facet normal 1.000000 -0.000000 -0.000000
  outer loop
    vertex -15.200000 15.200000 8.000000
    vertex -15.200000 -15.200000 8.000000
    vertex -15.200000 -15.200000 9.000000
  endloop
endfacet
facet normal 1.000000 -0.000000 -0.000000
  outer loop
    vertex -15.200000 15.200000 8.000000
    vertex -15.200000 -15.200000 9.000000
    vertex -15.200000 15.200000 9.000000
  endloop
endfacet
facet normal 0.000000 -1.000000 0.000000
  outer loop
    vertex -20.000000 -20.000000 8.000000
    vertex 20.000000 -20.000000 8.000000
    vertex 20.000000 -20.000000 9.000000
  endloop
endfacet
facet normal 0.000000 -1.000000 0.000000
  outer loop
    vertex -20.000000 -20.000000 8.000000
    vertex 20.000000 -20.000000 9.000000
    vertex -20.000000 -20.000000 9.000000
  endloop
endfacet
facet normal -0.000000 1.000000 -0.000000
  outer loop
    vertex -15.200000 -15.200000 8.000000
    vertex 15.200000 -15.200000 8.000000
    vertex 15.200000 -15.200000 9.000000
  endloop
endfacet
facet normal -0.000000 1.000000 -0.000000
  outer loop
    vertex -15.200000 -15.200000 8.000000
    vertex 15.200000 -15.200000 9.000000
    vertex -15.200000 -15.200000 9.000000
  endloop
endfacet
facet normal 1.000000 0.000000 0.000000
  outer loop
    vertex 20.000000 -20.000000 8.000000
    vertex 20.000000 20.000000 8.000000
    vertex 20.000000 20.000000 9.000000
  endloop
endfacet
facet normal 1.000000 0.000000 0.000000
  outer loop
    vertex 20.000000 -20.000000 8.000000
    vertex 20.000000 20.000000 9.000000
    vertex 20.000000 -20.000000 9.000000
  endloop
endfacet
facet normal -1.000000 -0.000000 -0.000000
  outer loop
    vertex 15.200000 -15.200000 8.000000
    vertex 15.200000 15.200000 8.000000
    vertex 15.200000 15.200000 9.000000
  endloop
endfacet
facet normal -1.000000 -0.000000 -0.000000
  outer loop
    vertex 15.200000 -15.200000 8.000000
    vertex 15.200000 15.200000 9.000000
    vertex 15.200000 -15.200000 9.000000
  endloop
endfacet
facet normal 0.000000 1.000000 0.000000
  outer loop
    vertex 20.000000 20.000000 9.000000
    vertex -20.000000 20.000000 9.000000
    vertex -20.000000 20.000000 10.000000
  endloop
endfacet
facet normal 0.000000 1.000000 0.000000
  outer loop
    vertex 20.000000 20.000000 9.000000
    vertex -20.000000 20.000000 10.000000
    vertex 20.000000 20.000000 10.000000
  endloop
endfacet
facet normal -0.000000 -1.000000 -0.000000
  outer loop
    vertex 15.200000 15.200000 9.000000
    vertex -15.200000 15.200000 9.000000
    vertex -15.200000 15.200000 10.000000
  endloop
endfacet
facet normal -0.000000 -1.000000 -0.000000
  outer loop
    vertex 15.200000 15.200000 9.000000
    vertex -15.200000 15.200000 10.000000
    vertex 15.200000 15.200000 10.000000
  endloop
endfacet
facet normal -1.000000 0.000000 0.000000
  outer loop
    vertex -20.000000 20.000000 9.000000
    vertex -20.000000 -20.000000 9.000000
    vertex -20.000000 -20.000000 10.000000
  endloop
endfacet
facet normal -1.000000 0.000000 0.000000
  outer loop
    vertex -20.000000 20.000000 9.000000
    vertex -20.000000 -20.000000 10.000000
    vertex -20.000000 20.000000 10.000000
  endloop
endfacet
facet normal 1.000000 -0.000000 -0.000000
  outer loop
    vertex -15.200000 15.200000 9.000000
    vertex -15.200000 -15.200000 9.000000
    vertex -15.200000 -15.200000 10.000000
  endloop
endfacet
facet normal 1.000000 -0.000000 -0.000000
  outer loop
    vertex -15.200000 15.200000 9.000000
    vertex -15.200000 -15.200000 10.000000
    vertex -15.200000 15.200000 10.000000
  endloop
endfacet
facet normal 0.000000 -1.000000 0.000000
  outer loop
    vertex -20.000000 -20.000000 9.000000
    vertex 20.000000 -20.000000 9.000000
    vertex 20.000000 -20.000000 10.000000
  endloop
endfacet
facet normal 0.000000 -1.000000 0.000000
  outer loop
    vertex -20.000000 -20.000000 9.000000
    vertex 20.000000 -20.000000 10.000000
    vertex -20.000000 -20.000000 10.000000
  endloop
endfacet
facet normal -0.000000 1.000000 -0.000000
  outer loop
    vertex -15.200000 -15.200000 9.000000
    vertex 15.200000 -15.200000 9.000000
    vertex 15.200000 -15.200000 10.000000
  endloop
endfacet
facet normal -0.000000 1.000000 -0.000000
  outer loop
    vertex -15.200000 -15.200000 9.000000
    vertex 15.200000 -15.200000 10.000000
    vertex -15.200000 -15.200000 10.000000
  endloop
endfacet
facet normal 1.000000 0.000000 0.000000
  outer loop
    vertex 20.000000 -20.000000 9.000000
    vertex 20.000000 20.000000 9.000000
    vertex 20.000000 20.000000 10.000000
  endloop
endfacet
facet normal 1.000000 0.000000 0.000000
  outer loop
    vertex 20.000000 -20.000000 9.000000
    vertex 20.000000 20.000000 10.000000
    vertex 20.000000 -20.000000 10.000000
  endloop
endfacet
facet normal -1.000000 -0.000000 -0.000000
  outer loop
    vertex 15.200000 -15.200000 9.000000
    vertex 15.200000 15.200000 9.000000
    vertex 15.200000 15.200000 10.000000
  endloop
endfacet
facet normal -1.000000 -0.000000 -0.000000
  outer loop
    vertex 15.200000 -15.200000 9.000000
    vertex 15.200000 15.200000 10.000000
    vertex 15.200000 -15.200000 10.000000
  endloop
endfacet
facet normal 0.000000 1.000000 0.000000
  outer loop
    vertex 20.000000 20.000000 10.000000
    vertex -20.000000 20.000000 10.000000
    vertex -20.000000 20.000000 11.000000
  endloop
endfacet
facet normal 0.000000 1.000000 0.000000
  outer loop
    vertex 20.000000 20.000000 10.000000
    vertex -20.000000 20.000000 11.000000
    vertex 20.000000 20.000000 11.000000
  endloop
endfacet
facet normal -0.000000 -1.000000 -0.000000
  outer loop
    vertex 15.200000 15.200000 10.000000
    vertex -15.200000 15.200000 10.000000
    vertex -15.200000 15.200000 11.000000
  endloop
endfacet
facet normal -0.000000 -1.000000 -0.000000
  outer loop
    vertex 15.200000 15.200000 10.000000
    vertex -15.200000 15.200000 11.000000
    vertex 15.200000 15.200000 11.000000
  endloop
endfacet
facet normal -1.000000 0.000000 0.000000
  outer loop
    vertex -20.000000 20.000000 10.000000
    vertex -20.000000 -20.000000 10.000000
    vertex -20.000000 -20.000000 11.000000
  endloop
endfacet
facet normal -1.000000 0.000000 0.000000
  outer loop
    vertex -20.000000 20.000000 10.000000
    vertex -20.000000 -20.000000 11.000000
    vertex -20.000000 20.000000 11.000000
  endloop
endfacet
facet normal 1.000000 -0.000000 -0.000000
  outer loop
    vertex -15.200000 15.200000 10.000000
    vertex -15.200000 -15.200000 10.000000
    vertex -15.200000 -15.200000 11.000000
  endloop
endfacet
facet normal 1.000000 -0.000000 -0.000000
  outer loop
    vertex -15.200000 15.200000 10.000000
    vertex -15.200000 -15.200000 11.000000
    vertex -15.200000 15.200000 11.000000
  endloop
endfacet
facet normal 0.000000 -1.000000 0.000000
  outer loop
    vertex -20.000000 -20.000000 10.000000
    vertex 20.000000 -20.000000 10.000000
    vertex 20.000000 -20.000000 11.000000
  endloop
endfacet
facet normal 0.000000 -1.000000 0.000000
  outer loop
    vertex -20.000000 -20.000000 10.000000
    vertex 20.000000 -20.000000 11.000000
    vertex -20.000000 -20.000000 11.000000
  endloop
endfacet
facet normal -0.000000 1.000000 -0.000000
  outer loop
    vertex -15.200000 -15.200000 10.000000
    vertex 15.200000 -15.200000 10.000000
    vertex 15.200000 -15.200000 11.000000
  endloop
endfacet
facet normal -0.000000 1.000000 -0.000000
  outer loop
    vertex -15.200000 -15.200000 10.000000
    vertex 15.200000 -15.200000 11.000000
    vertex -15.200000 -15.200000 11.000000
  endloop
endfacet
facet normal 1.000000 0.000000 0.000000
  outer loop
    vertex 20.000000 -20.000000 10.000000
    vertex 20.000000 20.000000 10.000000
    vertex 20.000000 20.000000 11.000000
  endloop
endfacet
facet normal 1.000000 0.000000 0.000000
  outer loop
    vertex 20.000000 -20.000000 10.000000
    vertex 20.000000 20.000000 11.000000
    vertex 20.000000 -20.000000 11.000000
  endloop
endfacet
facet normal -1.000000 -0.000000 -0.000000
  outer loop
    vertex 15.200000 -15.200000 10.000000
    vertex 15.200000 15.200000 10.000000
    vertex 15.200000 15.200000 11.000000
  endloop
endfacet
facet normal -1.000000 -0.000000 -0.000000
  outer loop
    vertex 15.200000 -15.200000 10.000000
    vertex 15.200000 15.200000 11.000000
    vertex 15.200000 -15.200000 11.000000
  endloop
endfacet
facet normal 0.000000 1.000000 0.000000
  outer loop
    vertex 20.000000 20.000000 11.000000
    vertex -20.000000 20.000000 11.000000
    vertex -20.000000 20.000000 12.000000
  endloop
endfacet
facet normal 0.000000 1.000000 0.000000
  outer loop
    vertex 20.000000 20.000000 11.000000
    vertex -20.000000 20.000000 12.000000
    vertex 20.000000 20.000000 12.000000
  endloop
endfacet
facet normal -0.000000 -1.000000 -0.000000
  outer loop
    vertex 15.200000 15.200000 11.000000
    vertex -15.200000 15.200000 11.000000
    vertex -15.200000 15.200000 12.000000
  endloop
endfacet
facet normal -0.000000 -1.000000 -0.000000
  outer loop
    vertex 15.200000 15.200000 11.000000
    vertex -15.200000 15.200000 12.000000
    vertex 15.200000 15.200000 12.000000
  endloop
endfacet
facet normal -1.000000 0.000000 0.000000
  outer loop
    vertex -20.000000 20.000000 11.000000
    vertex -20.000000 -20.000000 11.000000
    vertex -20.000000 -20.000000 12.000000
  endloop
endfacet
facet normal -1.000000 0.000000 0.000000
  outer loop
    vertex -20.000000 20.000000 11.000000
    vertex -20.000000 -20.000000 12.000000
    vertex -20.000000 20.000000 12.000000
  endloop
endfacet
facet normal 1.000000 -0.000000 -0.000000
  outer loop
    vertex -15.200000 15.200000 11.000000
    vertex -15.200000 -15.200000 11.000000
    vertex -15.200000 -15.200000 12.000000
  endloop
endfacet
facet normal 1.000000 -0.000000 -0.000000
  outer loop
    vertex -15.200000 15.200000 11.000000
    vertex -15.200000 -15.200000 12.000000
    vertex -15.200000 15.200000 12.000000
  endloop
endfacet
facet normal 0.000000 -1.000000 0.000000
  outer loop
    vertex -20.000000 -20.000000 11.000000
    vertex 20.000000 -20.000000 11.000000
    vertex 20.000000 -20.000000 12.000000
  endloop
endfacet
facet normal 0.000000 -1.000000 0.000000
  outer loop
    vertex -20.000000 -20.000000 11.000000
    vertex 20.000000 -20.000000 12.000000
    vertex -20.000000 -20.000000 12.000000
  endloop
endfacet
facet normal -0.000000 1.000000 -0.000000
  outer loop
    vertex -15.200000 -15.200000 11.000000
    vertex 15.200000 -15.200000 11.000000
    vertex 15.200000 -15.200000 12.000000
  endloop
endfacet
facet normal -0.000000 1.000000 -0.000000
  outer loop
    vertex -15.200000 -15.200000 11.000000
    vertex 15.200000 -15.200000 12.000000
    vertex -15.200000 -15.200000 12.000000
  endloop
endfacet
facet normal 1.000000 0.000000 0.000000
  outer loop
    vertex 20.000000 -20.000000 11.000000
    vertex 20.000000 20.000000 11.000000
    vertex 20.000000 20.000000 12.000000
  endloop
endfacet
facet normal 1.000000 0.000000 0.000000
  outer loop
    vertex 20.000000 -20.000000 11.000000
    vertex 20.000000 20.000000 12.000000
    vertex 20.000000 -20.000000 12.000000
  endloop
endfacet
facet normal -1.000000 -0.000000 -0.000000
  outer loop
    vertex 15.200000 -15.200000 11.000000
    vertex 15.200000 15.200000 11.000000
    vertex 15.200000 15.200000 12.000000
  endloop
endfacet
facet normal -1.000000 -0.000000 -0.000000
  outer loop
    vertex 15.200000 -15.200000 11.000000
    vertex 15.200000 15.200000 12.000000
    vertex 15.200000 -15.200000 12.000000
  endloop
endfacet
facet normal 0.000000 1.000000 0.000000
  outer loop
    vertex 20.000000 20.000000 12.000000
    vertex -20.000000 20.000000 12.000000
    vertex -20.000000 20.000000 13.000000
  endloop
endfacet
facet normal 0.000000 1.000000 0.000000
  outer loop
    vertex 20.000000 20.000000 12.000000
    vertex -20.000000 20.000000 13.000000
    vertex 20.000000 20.000000 13.000000
  endloop
endfacet
facet normal -0.000000 -1.000000 -0.000000
  outer loop
    vertex 15.200000 15.200000 12.000000
    vertex -15.200000 15.200000 12.000000
    vertex -15.200000 15.200000 13.000000
  endloop
endfacet
facet normal -0.000000 -1.000000 -0.000000
  outer loop
    vertex 15.200000 15.200000 12.000000
    vertex -15.200000 15.200000 13.000000
    vertex 15.200000 15.200000 13.000000
  endloop
endfacet
facet normal -1.000000 0.000000 0.000000
  outer loop
    vertex -20.000000 20.000000 12.000000
    vertex -20.000000 -20.000000 12.000000
    vertex -20.000000 -20.000000 13.000000
  endloop
endfacet
facet normal -1.000000 0.000000 0.000000
  outer loop
    vertex -20.000000 20.000000 12.000000
    vertex -20.000000 -20.000000 13.000000
    vertex -20.000000 20.000000 13.000000
  endloop
endfacet
facet normal 1.000000 -0.000000 -0.000000
  outer loop
    vertex -15.200000 15.200000 12.000000
    vertex -15.200000 -15.200000 12.000000
    vertex -15.200000 -15.200000 13.000000
  endloop
endfacet
facet normal 1.000000 -0.000000 -0.000000
  outer loop
    vertex -15.200000 15.200000 12.000000
    vertex -15.200000 -15.200000 13.000000
    vertex -15.200000 15.200000 13.000000
  endloop
endfacet
facet normal 0.000000 -1.000000 0.000000
  outer loop
    vertex -20.000000 -20.000000 12.000000
    vertex 20.000000 -20.000000 12.000000
    vertex 20.000000 -20.000000 13.000000
  endloop
endfacet
facet normal 0.000000 -1.000000 0.000000
  outer loop
    vertex -20.000000 -20.000000 12.000000
    vertex 20.000000 -20.000000 13.000000
    vertex -20.000000 -20.000000 13.000000
  endloop
endfacet
facet normal -0.000000 1.000000 -0.000000
  outer loop
    vertex -15.200000 -15.200000 12.000000
    vertex 15.200000 -15.200000 12.000000
    vertex 15.200000 -15.200000 13.000000
  endloop
endfacet
facet normal -0.000000 1.000000 -0.000000
  outer loop
    vertex -15.200000 -15.200000 12.000000
    vertex 15.200000 -15.200000 13.000000
    vertex -15.200000 -15.200000 13.000000
  endloop
endfacet
facet normal 1.000000 0.000000 0.000000
  outer loop
    vertex 20.000000 -20.000000 12.000000
    vertex 20.000000 20.000000 12.000000
    vertex 20.000000 20.000000 13.000000
  endloop
endfacet
facet normal 1.000000 0.000000 0.000000
  outer loop
    vertex 20.000000 -20.000000 12.000000
    vertex 20.000000 20.000000 13.000000
    vertex 20.000000 -20.000000 13.000000
  endloop
endfacet
facet normal -1.000000 -0.000000 -0.000000
  outer loop
    vertex 15.200000 -15.200000 12.000000
    vertex 15.200000 15.200000 12.000000
    vertex 15.200000 15.200000 13.000000
  endloop
endfacet
facet normal -1.000000 -0.000000 -0.000000
  outer loop
    vertex 15.200000 -15.200000 12.000000
    vertex 15.200000 15.200000 13.000000
    vertex 15.200000 -15.200000 13.000000
  endloop
endfacet
facet normal 0.000000 1.000000 0.000000
  outer loop
    vertex 20.000000 20.000000 13.000000
    vertex -20.000000 20.000000 13.000000
    vertex -20.000000 20.000000 14.000000
  endloop
endfacet
facet normal 0.000000 1.000000 0.000000
  outer loop
    vertex 20.000000 20.000000 13.000000
    vertex -20.000000 20.000000 14.000000
    vertex 20.000000 20.000000 14.000000
  endloop
endfacet
facet normal -0.000000 -1.000000 -0.000000
  outer loop
    vertex 15.200000 15.200000 13.000000
    vertex -15.200000 15.200000 13.000000
    vertex -15.200000 15.200000 14.000000
  endloop
endfacet
facet normal -0.000000 -1.000000 -0.000000
  outer loop
    vertex 15.200000 15.200000 13.000000
    vertex -15.200000 15.200000 14.000000
    vertex 15.200000 15.200000 14.000000
  endloop
endfacet
facet normal -1.000000 0.000000 0.000000
  outer loop
    vertex -20.000000 20.000000 13.000000
    vertex -20.000000 -20.000000 13.000000
    vertex -20.000000 -20.000000 14.000000
  endloop
endfacet
facet normal -1.000000 0.000000 0.000000
  outer loop
    vertex -20.000000 20.000000 13.000000
    vertex -20.000000 -20.000000 14.000000
    vertex -20.000000 20.000000 14.000000
  endloop
endfacet
facet normal 1.000000 -0.000000 -0.000000
  outer loop
    vertex -15.200000 15.200000 13.000000
    vertex -15.200000 -15.200000 13.000000
    vertex -15.200000 -15.200000 14.000000
  endloop
endfacet
facet normal 1.000000 -0.000000 -0.000000
  outer loop
    vertex -15.200000 15.200000 13.000000
    vertex -15.200000 -15.200000 14.000000
    vertex -15.200000 15.200000 14.000000
  endloop
endfacet
facet normal 0.000000 -1.000000 0.000000
  outer loop
    vertex -20.000000 -20.000000 13.000000
    vertex 20.000000 -20.000000 13.000000
    vertex 20.000000 -20.000000 14.000000
  endloop
endfacet
facet normal 0.000000 -1.000000 0.000000
  outer loop
    vertex -20.000000 -20.000000 13.000000
    vertex 20.000000 -20.000000 14.000000
    vertex -20.000000 -20.000000 14.000000
  endloop
endfacet
facet normal -0.000000 1.000000 -0.000000
  outer loop
    vertex -15.200000 -15.200000 13.000000
    vertex 15.200000 -15.200000 13.000000
    vertex 15.200000 -15.200000 14.000000
  endloop
endfacet
facet normal -0.000000 1.000000 -0.000000
  outer loop
    vertex -15.200000 -15.200000 13.000000
    vertex 15.200000 -15.200000 14.000000
    vertex -15.200000 -15.200000 14.000000
  endloop
endfacet
facet normal 1.000000 0.000000 0.000000
  outer loop
    vertex 20.000000 -20.000000 13.000000
    vertex 20.000000 20.000000 13.000000
    vertex 20.000000 20.000000 14.000000
  endloop
endfacet
facet normal 1.000000 0.000000 0.000000
  outer loop
    vertex 20.000000 -20.000000 13.000000
    vertex 20.000000 20.000000 14.000000
    vertex 20.000000 -20.000000 14.000000
  endloop
endfacet
facet normal -1.000000 -0.000000 -0.000000
  outer loop
    vertex 15.200000 -15.200000 13.000000
    vertex 15.200000 15.200000 13.000000
    vertex 15.200000 15.200000 14.000000
  endloop
endfacet
facet normal -1.000000 -0.000000 -0.000000
  outer loop
    vertex 15.200000 -15.200000 13.000000
    vertex 15.200000 15.200000 14.000000
    vertex 15.200000 -15.200000 14.000000
  endloop
endfacet
facet normal 0.000000 1.000000 0.000000
  outer loop
    vertex 20.000000 20.000000 14.000000
    vertex -20.000000 20.000000 14.000000
    vertex -20.000000 20.000000 15.000000
  endloop
endfacet
facet normal 0.000000 1.000000 0.000000
  outer loop
    vertex 20.000000 20.000000 14.000000
    vertex -20.000000 20.000000 15.000000
    vertex 20.000000 20.000000 15.000000
  endloop
endfacet
facet normal -0.000000 -1.000000 -0.000000
  outer loop
    vertex 15.200000 15.200000 14.000000
    vertex -15.200000 15.200000 14.000000
    vertex -15.200000 15.200000 15.000000
  endloop
endfacet
facet normal -0.000000 -1.000000 -0.000000
  outer loop
    vertex 15.200000 15.200000 14.000000
    vertex -15.200000 15.200000 15.000000
    vertex 15.200000 15.200000 15.000000
  endloop
endfacet
facet normal -1.000000 0.000000 0.000000
  outer loop
    vertex -20.000000 20.000000 14.000000
    vertex -20.000000 -20.000000 14.000000
    vertex -20.000000 -20.000000 15.000000
  endloop
endfacet
facet normal -1.000000 0.000000 0.000000
  outer loop
    vertex -20.000000 20.000000 14.000000
    vertex -20.000000 -20.000000 15.000000
    vertex -20.000000 20.000000 15.000000
  endloop
endfacet
facet normal 1.000000 -0.000000 -0.000000
  outer loop
    vertex -15.200000 15.200000 14.000000
    vertex -15.200000 -15.200000 14.000000
    vertex -15.200000 -15.200000 15.000000
  endloop
endfacet
facet normal 1.000000 -0.000000 -0.000000
  outer loop
    vertex -15.200000 15.200000 14.000000
    vertex -15.200000 -15.200000 15.000000
    vertex -15.200000 15.200000 15.000000
  endloop
endfacet
facet normal 0.000000 -1.000000 0.000000
  outer loop
    vertex -20.000000 -20.000000 14.000000
    vertex 20.000000 -20.000000 14.000000
    vertex 20.000000 -20.000000 15.000000
  endloop
endfacet
facet normal 0.000000 -1.000000 0.000000
  outer loop
    vertex -20.000000 -20.000000 14.000000
    vertex 20.000000 -20.000000 15.000000
    vertex -20.000000 -20.000000 15.000000
  endloop
endfacet
facet normal -0.000000 1.000000 -0.000000
  outer loop
    vertex -15.200000 -15.200000 14.000000
    vertex 15.200000 -15.200000 14.000000
    vertex 15.200000 -15.200000 15.000000
  endloop
endfacet
facet normal -0.000000 1.000000 -0.000000
  outer loop
    vertex -15.200000 -15.200000 14.000000
    vertex 15.200000 -15.200000 15.000000
    vertex -15.200000 -15.200000 15.000000
  endloop
endfacet
facet normal 1.000000 0.000000 0.000000
  outer loop
    vertex 20.000000 -20.000000 14.000000
    vertex 20.000000 20.000000 14.000000
    vertex 20.000000 20.000000 15.000000
  endloop
endfacet
facet normal 1.000000 0.000000 0.000000
  outer loop
    vertex 20.000000 -20.000000 14.000000
    vertex 20.000000 20.000000 15.000000
    vertex 20.000000 -20.000000 15.000000
  endloop
endfacet
facet normal -1.000000 -0.000000 -0.000000
  outer loop
    vertex 15.200000 -15.200000 14.000000
    vertex 15.200000 15.200000 14.000000
    vertex 15.200000 15.200000 15.000000
  endloop
endfacet
facet normal -1.000000 -0.000000 -0.000000
  outer loop
    vertex 15.200000 -15.200000 14.000000
    vertex 15.200000 15.200000 15.000000
    vertex 15.200000 -15.200000 15.000000
  endloop
endfacet
facet normal 0.000000 1.000000 0.000000
  outer loop
    vertex 20.000000 20.000000 15.000000
    vertex -20.000000 20.000000 15.000000
    vertex -20.000000 20.000000 16.000000
  endloop
endfacet
facet normal 0.000000 1.000000 0.000000
  outer loop
    vertex 20.000000 20.000000 15.000000
    vertex -20.000000 20.000000 16.000000
    vertex 20.000000 20.000000 16.000000
  endloop
endfacet
facet normal -0.000000 -1.000000 -0.000000
  outer loop
    vertex 15.200000 15.200000 15.000000
    vertex -15.200000 15.200000 15.000000
    vertex -15.200000 15.200000 16.000000
  endloop
endfacet
facet normal -0.000000 -1.000000 -0.000000
  outer loop
    vertex 15.200000 15.200000 15.000000
    vertex -15.200000 15.200000 16.000000
    vertex 15.200000 15.200000 16.000000
  endloop
endfacet
facet normal -1.000000 0.000000 0.000000
  outer loop
    vertex -20.000000 20.000000 15.000000
    vertex -20.000000 -20.000000 15.000000
    vertex -20.000000 -20.000000 16.000000
  endloop
endfacet
facet normal -1.000000 0.000000 0.000000
  outer loop
    vertex -20.000000 20.000000 15.000000
    vertex -20.000000 -20.000000 16.000000
    vertex -20.000000 20.000000 16.000000
  endloop
endfacet
facet normal 1.000000 -0.000000 -0.000000
  outer loop
    vertex -15.200000 15.200000 15.000000
    vertex -15.200000 -15.200000 15.000000
    vertex -15.200000 -15.200000 16.000000
  endloop
endfacet
facet normal 1.000000 -0.000000 -0.000000
  outer loop
    vertex -15.200000 15.200000 15.000000
    vertex -15.200000 -15.200000 16.000000
    vertex -15.200000 15.200000 16.000000
  endloop
endfacet
facet normal 0.000000 -1.000000 0.000000
  outer loop
    vertex -20.000000 -20.000000 15.000000
    vertex 20.000000 -20.000000 15.000000
    vertex 20.000000 -20.000000 16.000000
  endloop
endfacet
facet normal 0.000000 -1.000000 0.000000
  outer loop
    vertex -20.000000 -20.000000 15.000000
    vertex 20.000000 -20.000000 16.000000
    vertex -20.000000 -20.000000 16.000000
  endloop
endfacet
facet normal -0.000000 1.000000 -0.000000
  outer loop
    vertex -15.200000 -15.200000 15.000000
    vertex 15.200000 -15.200000 15.000000
    vertex 15.200000 -15.200000 16.000000
  endloop
endfacet
facet normal -0.000000 1.000000 -0.000000
  outer loop
    vertex -15.200000 -15.200000 15.000000
    vertex 15.200000 -15.200000 16.000000
    vertex -15.200000 -15.200000 16.000000
  endloop
endfacet
facet normal 1.000000 0.000000 0.000000
  outer loop
    vertex 20.000000 -20.000000 15.000000
    vertex 20.000000 20.000000 15.000000
    vertex 20.000000 20.000000 16.000000
  endloop
endfacet
facet normal 1.000000 0.000000 0.000000
  outer loop
    vertex 20.000000 -20.000000 15.000000
    vertex 20.000000 20.000000 16.000000
    vertex 20.000000 -20.000000 16.000000
  endloop
endfacet
facet normal -1.000000 -0.000000 -0.000000
  outer loop
    vertex 15.200000 -15.200000 15.000000
    vertex 15.200000 15.200000 15.000000
    vertex 15.200000 15.200000 16.000000
  endloop
endfacet
facet normal -1.000000 -0.000000 -0.000000
  outer loop
    vertex 15.200000 -15.200000 15.000000
    vertex 15.200000 15.200000 16.000000
    vertex 15.200000 -15.200000 16.000000
  endloop
endfacet
facet normal 0.000000 1.000000 0.000000
  outer loop
    vertex 20.000000 20.000000 16.000000
    vertex -20.000000 20.000000 16.000000
    vertex -20.000000 20.000000 17.000000
  endloop
endfacet
facet normal 0.000000 1.000000 0.000000
  outer loop
    vertex 20.000000 20.000000 16.000000
    vertex -20.000000 20.000000 17.000000
    vertex 20.000000 20.000000 17.000000
  endloop
endfacet
facet normal -0.000000 -1.000000 -0.000000
  outer loop
    vertex 15.200000 15.200000 16.000000
    vertex -15.200000 15.200000 16.000000
    vertex -15.200000 15.200000 17.000000
  endloop
endfacet
facet normal -0.000000 -1.000000 -0.000000
  outer loop
    vertex 15.200000 15.200000 16.000000
    vertex -15.200000 15.200000 17.000000
    vertex 15.200000 15.200000 17.000000
  endloop
endfacet
facet normal -1.000000 0.000000 0.000000
  outer loop
    vertex -20.000000 20.000000 16.000000
    vertex -20.000000 -20.000000 16.000000
    vertex -20.000000 -20.000000 17.000000
  endloop
endfacet
facet normal -1.000000 0.000000 0.000000
  outer loop
    vertex -20.000000 20.000000 16.000000
    vertex -20.000000 -20.000000 17.000000
    vertex -20.000000 20.000000 17.000000
  endloop
endfacet
facet normal 1.000000 -0.000000 -0.000000
  outer loop
    vertex -15.200000 15.200000 16.000000
    vertex -15.200000 -15.200000 16.000000
    vertex -15.200000 -15.200000 17.000000
  endloop
endfacet
facet normal 1.000000 -0.000000 -0.000000
  outer loop
    vertex -15.200000 15.200000 16.000000
    vertex -15.200000 -15.200000 17.000000
    vertex -15.200000 15.200000 17.000000
  endloop
endfacet
facet normal 0.000000 -1.000000 0.000000
  outer loop
    vertex -20.000000 -20.000000 16.000000
    vertex 20.000000 -20.000000 16.000000
    vertex 20.000000 -20.000000 17.000000
  endloop
endfacet
facet normal 0.000000 -1.000000 0.000000
  outer loop
    vertex -20.000000 -20.000000 16.000000
    vertex 20.000000 -20.000000 17.000000
    vertex -20.000000 -20.000000 17.000000
  endloop
endfacet
facet normal -0.000000 1.000000 -0.000000
  outer loop
    vertex -15.200000 -15.200000 16.000000
    vertex 15.200000 -15.200000 16.000000
    vertex 15.200000 -15.200000 17.000000
  endloop
endfacet
facet normal -0.000000 1.000000 -0.000000
  outer loop
    vertex -15.200000 -15.200000 16.000000
    vertex 15.200000 -15.200000 17.000000
    vertex -15.200000 -15.200000 17.000000
  endloop
endfacet
facet normal 1.000000 0.000000 0.000000
  outer loop
    vertex 20.000000 -20.000000 16.000000
    vertex 20.000000 20.000000 16.000000
    vertex 20.000000 20.000000 17.000000
  endloop
endfacet
facet normal 1.000000 0.000000 0.000000
  outer loop
    vertex 20.000000 -20.000000 16.000000
    vertex 20.000000 20.000000 17.000000
    vertex 20.000000 -20.000000 17.000000
  endloop
endfacet
facet normal -1.000000 -0.000000 -0.000000
  outer loop
    vertex 15.200000 -15.200000 16.000000
    vertex 15.200000 15.200000 16.000000
    vertex 15.200000 15.200000 17.000000
  endloop
endfacet
facet normal -1.000000 -0.000000 -0.000000
  outer loop
    vertex 15.200000 -15.200000 16.000000
    vertex 15.200000 15.200000 17.000000
    vertex 15.200000 -15.200000 17.000000
  endloop
endfacet
facet normal 0.000000 1.000000 0.000000
  outer loop
    vertex 20.000000 20.000000 17.000000
    vertex -20.000000 20.000000 17.000000
    vertex -20.000000 20.000000 18.000000
  endloop
endfacet
facet normal 0.000000 1.000000 0.000000
  outer loop
    vertex 20.000000 20.000000 17.000000
    vertex -20.000000 20.000000 18.000000
    vertex 20.000000 20.000000 18.000000
  endloop
endfacet
facet normal -0.000000 -1.000000 -0.000000
  outer loop
    vertex 15.200000 15.200000 17.000000
    vertex -15.200000 15.200000 17.000000
    vertex -15.200000 15.200000 18.000000
  endloop
endfacet
facet normal -0.000000 -1.000000 -0.000000
  outer loop
    vertex 15.200000 15.200000 17.000000
    vertex -15.200000 15.200000 18.000000
    vertex 15.200000 15.200000 18.000000
  endloop
endfacet
facet normal -1.000000 0.000000 0.000000
  outer loop
    vertex -20.000000 20.000000 17.000000
    vertex -20.000000 -20.000000 17.000000
    vertex -20.000000 -20.000000 18.000000
  endloop
endfacet
facet normal -1.000000 0.000000 0.000000
  outer loop
    vertex -20.000000 20.000000 17.000000
    vertex -20.000000 -20.000000 18.000000
    vertex -20.000000 20.000000 18.000000
  endloop
endfacet
facet normal 1.000000 -0.000000 -0.000000
  outer loop
    vertex -15.200000 15.200000 17.000000
    vertex -15.200000 -15.200000 17.000000
    vertex -15.200000 -15.200000 18.000000
  endloop
endfacet
facet normal 1.000000 -0.000000 -0.000000
  outer loop
    vertex -15.200000 15.200000 17.000000
    vertex -15.200000 -15.200000 18.000000
    vertex -15.200000 15.200000 18.000000
  endloop
endfacet
facet normal 0.000000 -1.000000 0.000000
  outer loop
    vertex -20.000000 -20.000000 17.000000
    vertex 20.000000 -20.000000 17.000000
    vertex 20.000000 -20.000000 18.000000
  endloop
endfacet
facet normal 0.000000 -1.000000 0.000000
  outer loop
    vertex -20.000000 -20.000000 17.000000
    vertex 20.000000 -20.000000 18.000000
    vertex -20.000000 -20.000000 18.000000
  endloop
endfacet
facet normal -0.000000 1.000000 -0.000000
  outer loop
    vertex -15.200000 -15.200000 17.000000
    vertex 15.200000 -15.200000 17.000000
    vertex 15.200000 -15.200000 18.000000
  endloop
endfacet
facet normal -0.000000 1.000000 -0.000000
  outer loop
    vertex -15.200000 -15.200000 17.000000
    vertex 15.200000 -15.200000 18.000000
    vertex -15.200000 -15.200000 18.000000
  endloop
endfacet
facet normal 1.000000 0.000000 0.000000
  outer loop
    vertex 20.000000 -20.000000 17.000000
    vertex 20.000000 20.000000 17.000000
    vertex 20.000000 20.000000 18.000000
  endloop
endfacet
facet normal 1.000000 0.000000 0.000000
  outer loop
    vertex 20.000000 -20.000000 17.000000
    vertex 20.000000 20.000000 18.000000
    vertex 20.000000 -20.000000 18.000000
  endloop
endfacet
facet normal -1.000000 -0.000000 -0.000000
  outer loop
    vertex 15.200000 -15.200000 17.000000
    vertex 15.200000 15.200000 17.000000
    vertex 15.200000 15.200000 18.000000
  endloop
endfacet
facet normal -1.000000 -0.000000 -0.000000
  outer loop
    vertex 15.200000 -15.200000 17.000000
    vertex 15.200000 15.200000 18.000000
    vertex 15.200000 -15.200000 18.000000
  endloop
endfacet
facet normal 0.000000 1.000000 0.000000
  outer loop
    vertex 20.000000 20.000000 18.000000
    vertex -20.000000 20.000000 18.000000
    vertex -20.000000 20.000000 19.000000
  endloop
endfacet
facet normal 0.000000 1.000000 0.000000
  outer loop
    vertex 20.000000 20.000000 18.000000
    vertex -20.000000 20.000000 19.000000
    vertex 20.000000 20.000000 19.000000
  endloop
endfacet
facet normal -0.000000 -1.000000 -0.000000
  outer loop
    vertex 15.200000 15.200000 18.000000
    vertex -15.200000 15.200000 18.000000
    vertex -15.200000 15.200000 19.000000
  endloop
endfacet
facet normal -0.000000 -1.000000 -0.000000
  outer loop
    vertex 15.200000 15.200000 18.000000
    vertex -15.200000 15.200000 19.000000
    vertex 15.200000 15.200000 19.000000
  endloop
endfacet
facet normal -1.000000 0.000000 0.000000
  outer loop
    vertex -20.000000 20.000000 18.000000
    vertex -20.000000 -20.000000 18.000000
    vertex -20.000000 -20.000000 19.000000
  endloop
endfacet
facet normal -1.000000 0.000000 0.000000
  outer loop
    vertex -20.000000 20.000000 18.000000
    vertex -20.000000 -20.000000 19.000000
    vertex -20.000000 20.000000 19.000000
  endloop
endfacet
facet normal 1.000000 -0.000000 -0.000000
  outer loop
    vertex -15.200000 15.200000 18.000000
    vertex -15.200000 -15.200000 18.000000
    vertex -15.200000 -15.200000 19.000000
  endloop
endfacet
facet normal 1.000000 -0.000000 -0.000000
  outer loop
    vertex -15.200000 15.200000 18.000000
    vertex -15.200000 -15.200000 19.000000
    vertex -15.200000 15.200000 19.000000
  endloop
endfacet
facet normal 0.000000 -1.000000 0.000000
  outer loop
    vertex -20.000000 -20.000000 18.000000
    vertex 20.000000 -20.000000 18.000000
    vertex 20.000000 -20.000000 19.000000
  endloop
endfacet
facet normal 0.000000 -1.000000 0.000000
  outer loop
    vertex -20.000000 -20.000000 18.000000
    vertex 20.000000 -20.000000 19.000000
    vertex -20.000000 -20.000000 19.000000
  endloop
endfacet
facet normal -0.000000 1.000000 -0.000000
  outer loop
    vertex -15.200000 -15.200000 18.000000
    vertex 15.200000 -15.200000 18.000000
    vertex 15.200000 -15.200000 19.000000
  endloop
endfacet
facet normal -0.000000 1.000000 -0.000000
  outer loop
    vertex -15.200000 -15.200000 18.000000
    vertex 15.200000 -15.200000 19.000000
    vertex -15.200000 -15.200000 19.000000
  endloop
endfacet
facet normal 1.000000 0.000000 0.000000
  outer loop
    vertex 20.000000 -20.000000 18.000000
    vertex 20.000000 20.000000 18.000000
    vertex 20.000000 20.000000 19.000000
  endloop
endfacet
facet normal 1.000000 0.000000 0.000000
  outer loop
    vertex 20.000000 -20.000000 18.000000
    vertex 20.000000 20.000000 19.000000
    vertex 20.000000 -20.000000 19.000000
  endloop
endfacet
facet normal -1.000000 -0.000000 -0.000000
  outer loop
    vertex 15.200000 -15.200000 18.000000
    vertex 15.200000 15.200000 18.000000
    vertex 15.200000 15.200000 19.000000
  endloop
endfacet
facet normal -1.000000 -0.000000 -0.000000
  outer loop
    vertex 15.200000 -15.200000 18.000000
    vertex 15.200000 15.200000 19.000000
    vertex 15.200000 -15.200000 19.000000
  endloop
endfacet
facet normal 0.000000 1.000000 0.000000
  outer loop
    vertex 20.000000 20.000000 19.000000
    vertex -20.000000 20.000000 19.000000
    vertex -20.000000 20.000000 20.000000
  endloop
endfacet
facet normal 0.000000 1.000000 0.000000
  outer loop
    vertex 20.000000 20.000000 19.000000
    vertex -20.000000 20.000000 20.000000
    vertex 20.000000 20.000000 20.000000
  endloop
endfacet
facet normal -0.000000 -1.000000 -0.000000
  outer loop
    vertex 15.200000 15.200000 19.000000
    vertex -15.200000 15.200000 19.000000
    vertex -15.200000 15.200000 20.000000
  endloop
endfacet
facet normal -0.000000 -1.000000 -0.000000
  outer loop
    vertex 15.200000 15.200000 19.000000
    vertex -15.200000 15.200000 20.000000
    vertex 15.200000 15.200000 20.000000
  endloop
endfacet
facet normal -1.000000 0.000000 0.000000
  outer loop
    vertex -20.000000 20.000000 19.000000
    vertex -20.000000 -20.000000 19.000000
    vertex -20.000000 -20.000000 20.000000
  endloop
endfacet
facet normal -1.000000 0.000000 0.000000
  outer loop
    vertex -20.000000 20.000000 19.000000
    vertex -20.000000 -20.000000 20.000000
    vertex -20.000000 20.000000 20.000000
  endloop
endfacet
facet normal 1.000000 -0.000000 -0.000000
  outer loop
    vertex -15.200000 15.200000 19.000000
    vertex -15.200000 -15.200000 19.000000
    vertex -15.200000 -15.200000 20.000000
  endloop
endfacet
facet normal 1.000000 -0.000000 -0.000000
  outer loop
    vertex -15.200000 15.200000 19.000000
    vertex -15.200000 -15.200000 20.000000
    vertex -15.200000 15.200000 20.000000
  endloop
endfacet
facet normal 0.000000 -1.000000 0.000000
  outer loop
    vertex -20.000000 -20.000000 19.000000
    vertex 20.000000 -20.000000 19.000000
    vertex 20.000000 -20.000000 20.000000
  endloop
endfacet
facet normal 0.000000 -1.000000 0.000000
  outer loop
    vertex -20.000000 -20.000000 19.000000
    vertex 20.000000 -20.000000 20.000000
    vertex -20.000000 -20.000000 20.000000
  endloop
endfacet
facet normal -0.000000 1.000000 -0.000000
  outer loop
    vertex -15.200000 -15.200000 19.000000
    vertex 15.200000 -15.200000 19.000000
    vertex 15.200000 -15.200000 20.000000
  endloop
endfacet
facet normal -0.000000 1.000000 -0.000000
  outer loop
    vertex -15.200000 -15.200000 19.000000
    vertex 15.200000 -15.200000 20.000000
    vertex -15.200000 -15.200000 20.000000
  endloop
endfacet
facet normal 1.000000 0.000000 0.000000
  outer loop
    vertex 20.000000 -20.000000 19.000000
    vertex 20.000000 20.000000 19.000000
    vertex 20.000000 20.000000 20.000000
  endloop
endfacet
facet normal 1.000000 0.000000 0.000000
  outer loop
    vertex 20.000000 -20.000000 19.000000
    vertex 20.000000 20.000000 20.000000
    vertex 20.000000 -20.000000 20.000000
  endloop
endfacet
facet normal -1.000000 -0.000000 -0.000000
  outer loop
    vertex 15.200000 -15.200000 19.000000
    vertex 15.200000 15.200000 19.000000
    vertex 15.200000 15.200000 20.000000
  endloop
endfacet
facet normal -1.000000 -0.000000 -0.000000
  outer loop
    vertex 15.200000 -15.200000 19.000000
    vertex 15.200000 15.200000 20.000000
    vertex 15.200000 -15.200000 20.000000
  endloop
endfacet
facet normal 0.000000 1.000000 0.000000
  outer loop
    vertex 20.000000 20.000000 20.000000
    vertex -20.000000 20.000000 20.000000
    vertex -20.000000 20.000000 21.000000
  endloop
endfacet
facet normal 0.000000 1.000000 0.000000
  outer loop
    vertex 20.000000 20.000000 20.000000
    vertex -20.000000 20.000000 21.000000
    vertex 20.000000 20.000000 21.000000
  endloop
endfacet
facet normal -0.000000 -1.000000 -0.000000
  outer loop
    vertex 15.200000 15.200000 20.000000
    vertex -15.200000 15.200000 20.000000
    vertex -15.200000 15.200000 21.000000
  endloop
endfacet
facet normal -0.000000 -1.000000 -0.000000
  outer loop
    vertex 15.200000 15.200000 20.000000
    vertex -15.200000 15.200000 21.000000
    vertex 15.200000 15.200000 21.000000
  endloop
endfacet
facet normal -1.000000 0.000000 0.000000
  outer loop
    vertex -20.000000 20.000000 20.000000
    vertex -20.000000 -20.000000 20.000000
    vertex -20.000000 -20.000000 21.000000
  endloop
endfacet
facet normal -1.000000 0.000000 0.000000
  outer loop
    vertex -20.000000 20.000000 20.000000
    vertex -20.000000 -20.000000 21.000000
    vertex -20.000000 20.000000 21.000000
  endloop
endfacet
facet normal 1.000000 -0.000000 -0.000000
  outer loop
    vertex -15.200000 15.200000 20.000000
    vertex -15.200000 -15.200000 20.000000
    vertex -15.200000 -15.200000 21.000000
  endloop
endfacet
facet normal 1.000000 -0.000000 -0.000000
  outer loop
    vertex -15.200000 15.200000 20.000000
    vertex -15.200000 -15.200000 21.000000
    vertex -15.200000 15.200000 21.000000
  endloop
endfacet
facet normal 0.000000 -1.000000 0.000000
  outer loop
    vertex -20.000000 -20.000000 20.000000
    vertex 20.000000 -20.000000 20.000000
    vertex 20.000000 -20.000000 21.000000
  endloop
endfacet
facet normal 0.000000 -1.000000 0.000000
  outer loop
    vertex -20.000000 -20.000000 20.000000
    vertex 20.000000 -20.000000 21.000000
    vertex -20.000000 -20.000000 21.000000
  endloop
endfacet
facet normal -0.000000 1.000000 -0.000000
  outer loop
    vertex -15.200000 -15.200000 20.000000
    vertex 15.200000 -15.200000 20.000000
    vertex 15.200000 -15.200000 21.000000
  endloop
endfacet
facet normal -0.000000 1.000000 -0.000000
  outer loop
    vertex -15.200000 -15.200000 20.000000
    vertex 15.200000 -15.200000 21.000000
    vertex -15.200000 -15.200000 21.000000
  endloop
endfacet
facet normal 1.000000 0.000000 0.000000
  outer loop
    vertex 20.000000 -20.000000 20.000000
    vertex 20.000000 20.000000 20.000000
    vertex 20.000000 20.000000 21.000000
  endloop
endfacet
facet normal 1.000000 0.000000 0.000000
  outer loop
    vertex 20.000000 -20.000000 20.000000
    vertex 20.000000 20.000000 21.000000
    vertex 20.000000 -20.000000 21.000000
  endloop
endfacet
facet normal -1.000000 -0.000000 -0.000000
  outer loop
    vertex 15.200000 -15.200000 20.000000
    vertex 15.200000 15.200000 20.000000
    vertex 15.200000 15.200000 21.000000
  endloop
endfacet
facet normal -1.000000 -0.000000 -0.000000
  outer loop
    vertex 15.200000 -15.200000 20.000000
    vertex 15.200000 15.200000 21.000000
    vertex 15.200000 -15.200000 21.000000
  endloop
endfacet
facet normal 0.000000 1.000000 0.000000
  outer loop
    vertex 20.000000 20.000000 21.000000
    vertex -20.000000 20.000000 21.000000
    vertex -20.000000 20.000000 22.000000
  endloop
endfacet
facet normal 0.000000 1.000000 0.000000
  outer loop
    vertex 20.000000 20.000000 21.000000
    vertex -20.000000 20.000000 22.000000
    vertex 20.000000 20.000000 22.000000
  endloop
endfacet
facet normal -0.000000 -1.000000 -0.000000
  outer loop
    vertex 15.200000 15.200000 21.000000
    vertex -15.200000 15.200000 21.000000
    vertex -15.200000 15.200000 22.000000
  endloop
endfacet
facet normal -0.000000 -1.000000 -0.000000
  outer loop
    vertex 15.200000 15.200000 21.000000
    vertex -15.200000 15.200000 22.000000
    vertex 15.200000 15.200000 22.000000
  endloop
endfacet
facet normal -1.000000 0.000000 0.000000
  outer loop
    vertex -20.000000 20.000000 21.000000
    vertex -20.000000 -20.000000 21.000000
    vertex -20.000000 -20.000000 22.000000
  endloop
endfacet
facet normal -1.000000 0.000000 0.000000
  outer loop
    vertex -20.000000 20.000000 21.000000
    vertex -20.000000 -20.000000 22.000000
    vertex -20.000000 20.000000 22.000000
  endloop
endfacet
facet normal 1.000000 -0.000000 -0.000000
  outer loop
    vertex -15.200000 15.200000 21.000000
    vertex -15.200000 -15.200000 21.000000
    vertex -15.200000 -15.200000 22.000000
  endloop
endfacet
facet normal 1.000000 -0.000000 -0.000000
  outer loop
    vertex -15.200000 15.200000 21.000000
    vertex -15.200000 -15.200000 22.000000
    vertex -15.200000 15.200000 22.000000
  endloop
endfacet
facet normal 0.000000 -1.000000 0.000000
  outer loop
    vertex -20.000000 -20.000000 21.000000
    vertex 20.000000 -20.000000 21.000000
    vertex 20.000000 -20.000000 22.000000
  endloop
endfacet
facet normal 0.000000 -1.000000 0.000000
  outer loop
    vertex -20.000000 -20.000000 21.000000
    vertex 20.000000 -20.000000 22.000000
    vertex -20.000000 -20.000000 22.000000
  endloop
endfacet
facet normal -0.000000 1.000000 -0.000000
  outer loop
    vertex -15.200000 -15.200000 21.000000
    vertex 15.200000 -15.200000 21.000000
    vertex 15.200000 -15.200000 22.000000
  endloop
endfacet
facet normal -0.000000 1.000000 -0.000000
  outer loop
    vertex -15.200000 -15.200000 21.000000
    vertex 15.200000 -15.200000 22.000000
    vertex -15.200000 -15.200000 22.000000
  endloop
endfacet
facet normal 1.000000 0.000000 0.000000
  outer loop
    vertex 20.000000 -20.000000 21.000000
    vertex 20.000000 20.000000 21.000000
    vertex 20.000000 20.000000 22.000000
  endloop
endfacet
facet normal 1.000000 0.000000 0.000000
  outer loop
    vertex 20.000000 -20.000000 21.000000
    vertex 20.000000 20.000000 22.000000
    vertex 20.000000 -20.000000 22.000000
  endloop
endfacet
facet normal -1.000000 -0.000000 -0.000000
  outer loop
    vertex 15.200000 -15.200000 21.000000
    vertex 15.200000 15.200000 21.000000
    vertex 15.200000 15.200000 22.000000
  endloop
endfacet
facet normal -1.000000 -0.000000 -0.000000
  outer loop
    vertex 15.200000 -15.200000 21.000000
    vertex 15.200000 15.200000 22.000000
    vertex 15.200000 -15.200000 22.000000
  endloop
endfacet
facet normal 0.000000 1.000000 0.000000
  outer loop
    vertex 20.000000 20.000000 22.000000
    vertex -20.000000 20.000000 22.000000
    vertex -20.000000 20.000000 23.000000
  endloop
endfacet
facet normal 0.000000 1.000000 0.000000
  outer loop
    vertex 20.000000 20.000000 22.000000
    vertex -20.000000 20.000000 23.000000
    vertex 20.000000 20.000000 23.000000
  endloop
endfacet
facet normal -0.000000 -1.000000 -0.000000
  outer loop
    vertex 15.200000 15.200000 22.000000
    vertex -15.200000 15.200000 22.000000
    vertex -15.200000 15.200000 23.000000
  endloop
endfacet
facet normal -0.000000 -1.000000 -0.000000
  outer loop
    vertex 15.200000 15.200000 22.000000
    vertex -15.200000 15.200000 23.000000
    vertex 15.200000 15.200000 23.000000
  endloop
endfacet
facet normal -1.000000 0.000000 0.000000
  outer loop
    vertex -20.000000 20.000000 22.000000
    vertex -20.000000 -20.000000 22.000000
    vertex -20.000000 -20.000000 23.000000
  endloop
endfacet
facet normal -1.000000 0.000000 0.000000
  outer loop
    vertex -20.000000 20.000000 22.000000
    vertex -20.000000 -20.000000 23.000000
    vertex -20.000000 20.000000 23.000000
  endloop
endfacet
facet normal 1.000000 -0.000000 -0.000000
  outer loop
    vertex -15.200000 15.200000 22.000000
    vertex -15.200000 -15.200000 22.000000
    vertex -15.200000 -15.200000 23.000000
  endloop
endfacet
facet normal 1.000000 -0.000000 -0.000000
  outer loop
    vertex -15.200000 15.200000 22.000000
    vertex -15.200000 -15.200000 23.000000
    vertex -15.200000 15.200000 23.000000
  endloop
endfacet
facet normal 0.000000 -1.000000 0.000000
  outer loop
    vertex -20.000000 -20.000000 22.000000
    vertex 20.000000 -20.000000 22.000000
    vertex 20.000000 -20.000000 23.000000
  endloop
endfacet
facet normal 0.000000 -1.000000 0.000000
  outer loop
    vertex -20.000000 -20.000000 22.000000
    vertex 20.000000 -20.000000 23.000000
    vertex -20.000000 -20.000000 23.000000
  endloop
endfacet
facet normal -0.000000 1.000000 -0.000000
  outer loop
    vertex -15.200000 -15.200000 22.000000
    vertex 15.200000 -15.200000 22.000000
    vertex 15.200000 -15.200000 23.000000
  endloop
endfacet
facet normal -0.000000 1.000000 -0.000000
  outer loop
    vertex -15.200000 -15.200000 22.000000
    vertex 15.200000 -15.200000 23.000000
    vertex -15.200000 -15.200000 23.000000
  endloop
endfacet
facet normal 1.000000 0.000000 0.000000
  outer loop
    vertex 20.000000 -20.000000 22.000000
    vertex 20.000000 20.000000 22.000000
    vertex 20.000000 20.000000 23.000000
  endloop
endfacet
facet normal 1.000000 0.000000 0.000000
  outer loop
    vertex 20.000000 -20.000000 22.000000
    vertex 20.000000 20.000000 23.000000
    vertex 20.000000 -20.000000 23.000000
  endloop
endfacet
facet normal -1.000000 -0.000000 -0.000000
  outer loop
    vertex 15.200000 -15.200000 22.000000
    vertex 15.200000 15.200000 22.000000
    vertex 15.200000 15.200000 23.000000
  endloop
endfacet
facet normal -1.000000 -0.000000 -0.000000
  outer loop
    vertex 15.200000 -15.200000 22.000000
    vertex 15.200000 15.200000 23.000000
    vertex 15.200000 -15.200000 23.000000
  endloop
endfacet
facet normal 0.000000 1.000000 0.000000
  outer loop
    vertex 20.000000 20.000000 23.000000
    vertex -20.000000 20.000000 23.000000
    vertex -20.000000 20.000000 24.000000
  endloop
endfacet
facet normal 0.000000 1.000000 0.000000
  outer loop
    vertex 20.000000 20.000000 23.000000
    vertex -20.000000 20.000000 24.000000
    vertex 20.000000 20.000000 24.000000
  endloop
endfacet
facet normal -0.000000 -1.000000 -0.000000
  outer loop
    vertex 15.200000 15.200000 23.000000
    vertex -15.200000 15.200000 23.000000
    vertex -15.200000 15.200000 24.000000
  endloop
endfacet
facet normal -0.000000 -1.000000 -0.000000
  outer loop
    vertex 15.200000 15.200000 23.000000
    vertex -15.200000 15.200000 24.000000
    vertex 15.200000 15.200000 24.000000
  endloop
endfacet
facet normal -1.000000 0.000000 0.000000
  outer loop
    vertex -20.000000 20.000000 23.000000
    vertex -20.000000 -20.000000 23.000000
    vertex -20.000000 -20.000000 24.000000
  endloop
endfacet
facet normal -1.000000 0.000000 0.000000
  outer loop
    vertex -20.000000 20.000000 23.000000
    vertex -20.000000 -20.000000 24.000000
    vertex -20.000000 20.000000 24.000000
  endloop
endfacet
facet normal 1.000000 -0.000000 -0.000000
  outer loop
    vertex -15.200000 15.200000 23.000000
    vertex -15.200000 -15.200000 23.000000
    vertex -15.200000 -15.200000 24.000000
  endloop
endfacet
facet normal 1.000000 -0.000000 -0.000000
  outer loop
    vertex -15.200000 15.200000 23.000000
    vertex -15.200000 -15.200000 24.000000
    vertex -15.200000 15.200000 24.000000
  endloop
endfacet
facet normal 0.000000 -1.000000 0.000000
  outer loop
    vertex -20.000000 -20.000000 23.000000
    vertex 20.000000 -20.000000 23.000000
    vertex 20.000000 -20.000000 24.000000
  endloop
endfacet
facet normal 0.000000 -1.000000 0.000000
  outer loop
    vertex -20.000000 -20.000000 23.000000
    vertex 20.000000 -20.000000 24.000000
    vertex -20.000000 -20.000000 24.000000
  endloop
endfacet
facet normal -0.000000 1.000000 -0.000000
  outer loop
    vertex -15.200000 -15.200000 23.000000
    vertex 15.200000 -15.200000 23.000000
    vertex 15.200000 -15.200000 24.000000
  endloop
endfacet
facet normal -0.000000 1.000000 -0.000000
  outer loop
    vertex -15.200000 -15.200000 23.000000
    vertex 15.200000 -15.200000 24.000000
    vertex -15.200000 -15.200000 24.000000
  endloop
endfacet
facet normal 1.000000 0.000000 0.000000
  outer loop
    vertex 20.000000 -20.000000 23.000000
    vertex 20.000000 20.000000 23.000000
    vertex 20.000000 20.000000 24.000000
  endloop
endfacet
facet normal 1.000000 0.000000 0.000000
  outer loop
    vertex 20.000000 -20.000000 23.000000
    vertex 20.000000 20.000000 24.000000
    vertex 20.000000 -20.000000 24.000000
  endloop
endfacet
facet normal -1.000000 -0.000000 -0.000000
  outer loop
    vertex 15.200000 -15.200000 23.000000
    vertex 15.200000 15.200000 23.000000
    vertex 15.200000 15.200000 24.000000
  endloop
endfacet
facet normal -1.000000 -0.000000 -0.000000
  outer loop
    vertex 15.200000 -15.200000 23.000000
    vertex 15.200000 15.200000 24.000000
    vertex 15.200000 -15.200000 24.000000
  endloop
endfacet
facet normal 0.000000 1.000000 0.000000
  outer loop
    vertex 20.000000 20.000000 24.000000
    vertex -20.000000 20.000000 24.000000
    vertex -20.000000 20.000000 25.000000
  endloop
endfacet
facet normal 0.000000 1.000000 0.000000
  outer loop
    vertex 20.000000 20.000000 24.000000
    vertex -20.000000 20.000000 25.000000
    vertex 20.000000 20.000000 25.000000
  endloop
endfacet
facet normal -0.000000 -1.000000 -0.000000
  outer loop
    vertex 15.200000 15.200000 24.000000
    vertex -15.200000 15.200000 24.000000
    vertex -15.200000 15.200000 25.000000
  endloop
endfacet
facet normal -0.000000 -1.000000 -0.000000
  outer loop
    vertex 15.200000 15.200000 24.000000
    vertex -15.200000 15.200000 25.000000
    vertex 15.200000 15.200000 25.000000
  endloop
endfacet
facet normal -1.000000 0.000000 0.000000
  outer loop
    vertex -20.000000 20.000000 24.000000
    vertex -20.000000 -20.000000 24.000000
    vertex -20.000000 -20.000000 25.000000
  endloop
endfacet
facet normal -1.000000 0.000000 0.000000
  outer loop
    vertex -20.000000 20.000000 24.000000
    vertex -20.000000 -20.000000 25.000000
    vertex -20.000000 20.000000 25.000000
  endloop
endfacet
facet normal 1.000000 -0.000000 -0.000000
  outer loop
    vertex -15.200000 15.200000 24.000000
    vertex -15.200000 -15.200000 24.000000
    vertex -15.200000 -15.200000 25.000000
  endloop
endfacet
facet normal 1.000000 -0.000000 -0.000000
  outer loop
    vertex -15.200000 15.200000 24.000000
    vertex -15.200000 -15.200000 25.000000
    vertex -15.200000 15.200000 25.000000
  endloop
endfacet
facet normal 0.000000 -1.000000 0.000000
  outer loop
    vertex -20.000000 -20.000000 24.000000
    vertex 20.000000 -20.000000 24.000000
    vertex 20.000000 -20.000000 25.000000
  endloop
endfacet
facet normal 0.000000 -1.000000 0.000000
  outer loop
    vertex -20.000000 -20.000000 24.000000
    vertex 20.000000 -20.000000 25.000000
    vertex -20.000000 -20.000000 25.000000
  endloop
endfacet
facet normal -0.000000 1.000000 -0.000000
  outer loop
    vertex -15.200000 -15.200000 24.000000
    vertex 15.200000 -15.200000 24.000000
    vertex 15.200000 -15.200000 25.000000
  endloop
endfacet
facet normal -0.000000 1.000000 -0.000000
  outer loop
    vertex -15.200000 -15.200000 24.000000
    vertex 15.200000 -15.200000 25.000000
    vertex -15.200000 -15.200000 25.000000
  endloop
endfacet
facet normal 1.000000 0.000000 0.000000
  outer loop
    vertex 20.000000 -20.000000 24.000000
    vertex 20.000000 20.000000 24.000000
    vertex 20.000000 20.000000 25.000000
  endloop
endfacet
facet normal 1.000000 0.000000 0.000000
  outer loop
    vertex 20.000000 -20.000000 24.000000
    vertex 20.000000 20.000000 25.000000
    vertex 20.000000 -20.000000 25.000000
  endloop
endfacet
facet normal -1.000000 -0.000000 -0.000000
  outer loop
    vertex 15.200000 -15.200000 24.000000
    vertex 15.200000 15.200000 24.000000
    vertex 15.200000 15.200000 25.000000
  endloop
endfacet
facet normal -1.000000 -0.000000 -0.000000
  outer loop
    vertex 15.200000 -15.200000 24.000000
    vertex 15.200000 15.200000 25.000000
    vertex 15.200000 -15.200000 25.000000
  endloop
endfacet
facet normal 0.000000 1.000000 0.000000
  outer loop
    vertex 20.000000 20.000000 25.000000
    vertex -20.000000 20.000000 25.000000
    vertex -20.000000 20.000000 26.000000
  endloop
endfacet
facet normal 0.000000 1.000000 0.000000
  outer loop
    vertex 20.000000 20.000000 25.000000
    vertex -20.000000 20.000000 26.000000
    vertex 20.000000 20.000000 26.000000
  endloop
endfacet
facet normal -0.000000 -1.000000 -0.000000
  outer loop
    vertex 15.200000 15.200000 25.000000
    vertex -15.200000 15.200000 25.000000
    vertex -15.200000 15.200000 26.000000
  endloop
endfacet
facet normal -0.000000 -1.000000 -0.000000
  outer loop
    vertex 15.200000 15.200000 25.000000
    vertex -15.200000 15.200000 26.000000
    vertex 15.200000 15.200000 26.000000
  endloop
endfacet
facet normal -1.000000 0.000000 0.000000
  outer loop
    vertex -20.000000 20.000000 25.000000
    vertex -20.000000 -20.000000 25.000000
    vertex -20.000000 -20.000000 26.000000
  endloop
endfacet
facet normal -1.000000 0.000000 0.000000
  outer loop
    vertex -20.000000 20.000000 25.000000
    vertex -20.000000 -20.000000 26.000000
    vertex -20.000000 20.000000 26.000000
  endloop
endfacet
facet normal 1.000000 -0.000000 -0.000000
  outer loop
    vertex -15.200000 15.200000 25.000000
    vertex -15.200000 -15.200000 25.000000
    vertex -15.200000 -15.200000 26.000000
  endloop
endfacet
facet normal 1.000000 -0.000000 -0.000000
  outer loop
    vertex -15.200000 15.200000 25.000000
    vertex -15.200000 -15.200000 26.000000
    vertex -15.200000 15.200000 26.000000
  endloop
endfacet
facet normal 0.000000 -1.000000 0.000000
  outer loop
    vertex -20.000000 -20.000000 25.000000
    vertex 20.000000 -20.000000 25.000000
    vertex 20.000000 -20.000000 26.000000
  endloop
endfacet
facet normal 0.000000 -1.000000 0.000000
  outer loop
    vertex -20.000000 -20.000000 25.000000
    vertex 20.000000 -20.000000 26.000000
    vertex -20.000000 -20.000000 26.000000
  endloop
endfacet
facet normal -0.000000 1.000000 -0.000000
  outer loop
    vertex -15.200000 -15.200000 25.000000
    vertex 15.200000 -15.200000 25.000000
    vertex 15.200000 -15.200000 26.000000
  endloop
endfacet
facet normal -0.000000 1.000000 -0.000000
  outer loop
    vertex -15.200000 -15.200000 25.000000
    vertex 15.200000 -15.200000 26.000000
    vertex -15.200000 -15.200000 26.000000
  endloop
endfacet
facet normal 1.000000 0.000000 0.000000
  outer loop
    vertex 20.000000 -20.000000 25.000000
    vertex 20.000000 20.000000 25.000000
    vertex 20.000000 20.000000 26.000000
  endloop
endfacet
facet normal 1.000000 0.000000 0.000000
  outer loop
    vertex 20.000000 -20.000000 25.000000
    vertex 20.000000 20.000000 26.000000
    vertex 20.000000 -20.000000 26.000000
  endloop
endfacet
facet normal -1.000000 -0.000000 -0.000000
  outer loop
    vertex 15.200000 -15.200000 25.000000
    vertex 15.200000 15.200000 25.000000
    vertex 15.200000 15.200000 26.000000
  endloop
endfacet
facet normal -1.000000 -0.000000 -0.000000
  outer loop
    vertex 15.200000 -15.200000 25.000000
    vertex 15.200000 15.200000 26.000000
    vertex 15.200000 -15.200000 26.000000
  endloop
endfacet
facet normal 0.000000 1.000000 0.000000
  outer loop
    vertex 20.000000 20.000000 26.000000
    vertex -20.000000 20.000000 26.000000
    vertex -20.000000 20.000000 27.000000
  endloop
endfacet
facet normal 0.000000 1.000000 0.000000
  outer loop
    vertex 20.000000 20.000000 26.000000
    vertex -20.000000 20.000000 27.000000
    vertex 20.000000 20.000000 27.000000
  endloop
endfacet
facet normal -0.000000 -1.000000 -0.000000
  outer loop
    vertex 15.200000 15.200000 26.000000
    vertex -15.200000 15.200000 26.000000
    vertex -15.200000 15.200000 27.000000
  endloop
endfacet
facet normal -0.000000 -1.000000 -0.000000
  outer loop
    vertex 15.200000 15.200000 26.000000
    vertex -15.200000 15.200000 27.000000
    vertex 15.200000 15.200000 27.000000
  endloop
endfacet
facet normal -1.000000 0.000000 0.000000
  outer loop
    vertex -20.000000 20.000000 26.000000
    vertex -20.000000 -20.000000 26.000000
    vertex -20.000000 -20.000000 27.000000
  endloop
endfacet
facet normal -1.000000 0.000000 0.000000
  outer loop
    vertex -20.000000 20.000000 26.000000
    vertex -20.000000 -20.000000 27.000000
    vertex -20.000000 20.000000 27.000000
  endloop
endfacet
facet normal 1.000000 -0.000000 -0.000000
  outer loop
    vertex -15.200000 15.200000 26.000000
    vertex -15.200000 -15.200000 26.000000
    vertex -15.200000 -15.200000 27.000000
  endloop
endfacet
facet normal 1.000000 -0.000000 -0.000000
  outer loop
    vertex -15.200000 15.200000 26.000000
    vertex -15.200000 -15.200000 27.000000
    vertex -15.200000 15.200000 27.000000
  endloop
endfacet
facet normal 0.000000 -1.000000 0.000000
  outer loop
    vertex -20.000000 -20.000000 26.000000
    vertex 20.000000 -20.000000 26.000000
    vertex 20.000000 -20.000000 27.000000
  endloop
endfacet
facet normal 0.000000 -1.000000 0.000000
  outer loop
    vertex -20.000000 -20.000000 26.000000
    vertex 20.000000 -20.000000 27.000000
    vertex -20.000000 -20.000000 27.000000
  endloop
endfacet
facet normal -0.000000 1.000000 -0.000000
  outer loop
    vertex -15.200000 -15.200000 26.000000
    vertex 15.200000 -15.200000 26.000000
    vertex 15.200000 -15.200000 27.000000
  endloop
endfacet
facet normal -0.000000 1.000000 -0.000000
  outer loop
    vertex -15.200000 -15.200000 26.000000
    vertex 15.200000 -15.200000 27.000000
    vertex -15.200000 -15.200000 27.000000
  endloop
endfacet
facet normal 1.000000 0.000000 0.000000
  outer loop
    vertex 20.000000 -20.000000 26.000000
    vertex 20.000000 20.000000 26.000000
    vertex 20.000000 20.000000 27.000000
  endloop
endfacet
facet normal 1.000000 0.000000 0.000000
  outer loop
    vertex 20.000000 -20.000000 26.000000
    vertex 20.000000 20.000000 27.000000
    vertex 20.000000 -20.000000 27.000000
  endloop
endfacet
facet normal -1.000000 -0.000000 -0.000000
  outer loop
    vertex 15.200000 -15.200000 26.000000
    vertex 15.200000 15.200000 26.000000
    vertex 15.200000 15.200000 27.000000
  endloop
endfacet
facet normal -1.000000 -0.000000 -0.000000
  outer loop
    vertex 15.200000 -15.200000 26.000000
    vertex 15.200000 15.200000 27.000000
    vertex 15.200000 -15.200000 27.000000
  endloop
endfacet
facet normal 0.000000 1.000000 0.000000
  outer loop
    vertex 20.000000 20.000000 27.000000
    vertex -20.000000 20.000000 27.000000
    vertex -20.000000 20.000000 28.000000
  endloop
endfacet
facet normal 0.000000 1.000000 0.000000
  outer loop
    vertex 20.000000 20.000000 27.000000
    vertex -20.000000 20.000000 28.000000
    vertex 20.000000 20.000000 28.000000
  endloop
endfacet
facet normal -0.000000 -1.000000 -0.000000
  outer loop
    vertex 15.200000 15.200000 27.000000
    vertex -15.200000 15.200000 27.000000
    vertex -15.200000 15.200000 28.000000
  endloop
endfacet
facet normal -0.000000 -1.000000 -0.000000
  outer loop
    vertex 15.200000 15.200000 27.000000
    vertex -15.200000 15.200000 28.000000
    vertex 15.200000 15.200000 28.000000
  endloop
endfacet
facet normal -1.000000 0.000000 0.000000
  outer loop
    vertex -20.000000 20.000000 27.000000
    vertex -20.000000 -20.000000 27.000000
    vertex -20.000000 -20.000000 28.000000
  endloop
endfacet
facet normal -1.000000 0.000000 0.000000
  outer loop
    vertex -20.000000 20.000000 27.000000
    vertex -20.000000 -20.000000 28.000000
    vertex -20.000000 20.000000 28.000000
  endloop
endfacet
facet normal 1.000000 -0.000000 -0.000000
  outer loop
    vertex -15.200000 15.200000 27.000000
    vertex -15.200000 -15.200000 27.000000
    vertex -15.200000 -15.200000 28.000000
  endloop
endfacet
facet normal 1.000000 -0.000000 -0.000000
  outer loop
    vertex -15.200000 15.200000 27.000000
    vertex -15.200000 -15.200000 28.000000
    vertex -15.200000 15.200000 28.000000
  endloop
endfacet
facet normal 0.000000 -1.000000 0.000000
  outer loop
    vertex -20.000000 -20.000000 27.000000
    vertex 20.000000 -20.000000 27.000000
    vertex 20.000000 -20.000000 28.000000
  endloop
endfacet
facet normal 0.000000 -1.000000 0.000000
  outer loop
    vertex -20.000000 -20.000000 27.000000
    vertex 20.000000 -20.000000 28.000000
    vertex -20.000000 -20.000000 28.000000
  endloop
endfacet
facet normal -0.000000 1.000000 -0.000000
  outer loop
    vertex -15.200000 -15.200000 27.000000
    vertex 15.200000 -15.200000 27.000000
    vertex 15.200000 -15.200000 28.000000
  endloop
endfacet
facet normal -0.000000 1.000000 -0.000000
  outer loop
    vertex -15.200000 -15.200000 27.000000
    vertex 15.200000 -15.200000 28.000000
    vertex -15.200000 -15.200000 28.000000
  endloop
endfacet
facet normal 1.000000 0.000000 0.000000
  outer loop
    vertex 20.000000 -20.000000 27.000000
    vertex 20.000000 20.000000 27.000000
    vertex 20.000000 20.000000 28.000000
  endloop
endfacet
facet normal 1.000000 0.000000 0.000000
  outer loop
    vertex 20.000000 -20.000000 27.000000
    vertex 20.000000 20.000000 28.000000
    vertex 20.000000 -20.000000 28.000000
  endloop
endfacet
facet normal -1.000000 -0.000000 -0.000000
  outer loop
    vertex 15.200000 -15.200000 27.000000
    vertex 15.200000 15.200000 27.000000
    vertex 15.200000 15.200000 28.000000
  endloop
endfacet
facet normal -1.000000 -0.000000 -0.000000
  outer loop
    vertex 15.200000 -15.200000 27.000000
    vertex 15.200000 15.200000 28.000000
    vertex 15.200000 -15.200000 28.000000
  endloop
endfacet
facet normal 0.000000 1.000000 0.000000
  outer loop
    vertex 20.000000 20.000000 28.000000
    vertex -20.000000 20.000000 28.000000
    vertex -20.000000 20.000000 29.000000
  endloop
endfacet
facet normal 0.000000 1.000000 0.000000
  outer loop
    vertex 20.000000 20.000000 28.000000
    vertex -20.000000 20.000000 29.000000
    vertex 20.000000 20.000000 29.000000
  endloop
endfacet
facet normal -0.000000 -1.000000 -0.000000
  outer loop
    vertex 15.200000 15.200000 28.000000
    vertex -15.200000 15.200000 28.000000
    vertex -15.200000 15.200000 29.000000
  endloop
endfacet
facet normal -0.000000 -1.000000 -0.000000
  outer loop
    vertex 15.200000 15.200000 28.000000
    vertex -15.200000 15.200000 29.000000
    vertex 15.200000 15.200000 29.000000
  endloop
endfacet
facet normal -1.000000 0.000000 0.000000
  outer loop
    vertex -20.000000 20.000000 28.000000
    vertex -20.000000 -20.000000 28.000000
    vertex -20.000000 -20.000000 29.000000
  endloop
endfacet
facet normal -1.000000 0.000000 0.000000
  outer loop
    vertex -20.000000 20.000000 28.000000
    vertex -20.000000 -20.000000 29.000000
    vertex -20.000000 20.000000 29.000000
  endloop
endfacet
facet normal 1.000000 -0.000000 -0.000000
  outer loop
    vertex -15.200000 15.200000 28.000000
    vertex -15.200000 -15.200000 28.000000
    vertex -15.200000 -15.200000 29.000000
  endloop
endfacet
facet normal 1.000000 -0.000000 -0.000000
  outer loop
    vertex -15.200000 15.200000 28.000000
    vertex -15.200000 -15.200000 29.000000
    vertex -15.200000 15.200000 29.000000
  endloop
endfacet
facet normal 0.000000 -1.000000 0.000000
  outer loop
    vertex -20.000000 -20.000000 28.000000
    vertex 20.000000 -20.000000 28.000000
    vertex 20.000000 -20.000000 29.000000
  endloop
endfacet
facet normal 0.000000 -1.000000 0.000000
  outer loop
    vertex -20.000000 -20.000000 28.000000
    vertex 20.000000 -20.000000 29.000000
    vertex -20.000000 -20.000000 29.000000
  endloop
endfacet
facet normal -0.000000 1.000000 -0.000000
  outer loop
    vertex -15.200000 -15.200000 28.000000
    vertex 15.200000 -15.200000 28.000000
    vertex 15.200000 -15.200000 29.000000
  endloop
endfacet
facet normal -0.000000 1.000000 -0.000000
  outer loop
    vertex -15.200000 -15.200000 28.000000
    vertex 15.200000 -15.200000 29.000000
    vertex -15.200000 -15.200000 29.000000
  endloop
endfacet
facet normal 1.000000 0.000000 0.000000
  outer loop
    vertex 20.000000 -20.000000 28.000000
    vertex 20.000000 20.000000 28.000000
    vertex 20.000000 20.000000 29.000000
  endloop
endfacet
facet normal 1.000000 0.000000 0.000000
  outer loop
    vertex 20.000000 -20.000000 28.000000
    vertex 20.000000 20.000000 29.000000
    vertex 20.000000 -20.000000 29.000000
  endloop
endfacet
facet normal -1.000000 -0.000000 -0.000000
  outer loop
    vertex 15.200000 -15.200000 28.000000
    vertex 15.200000 15.200000 28.000000
    vertex 15.200000 15.200000 29.000000
  endloop
endfacet
facet normal -1.000000 -0.000000 -0.000000
  outer loop
    vertex 15.200000 -15.200000 28.000000
    vertex 15.200000 15.200000 29.000000
    vertex 15.200000 -15.200000 29.000000
  endloop
endfacet
facet normal 0.000000 1.000000 0.000000
  outer loop
    vertex 20.000000 20.000000 29.000000
    vertex -20.000000 20.000000 29.000000
    vertex -20.000000 20.000000 30.000000
  endloop
endfacet
facet normal 0.000000 1.000000 0.000000
  outer loop
    vertex 20.000000 20.000000 29.000000
    vertex -20.000000 20.000000 30.000000
    vertex 20.000000 20.000000 30.000000
  endloop
endfacet
facet normal -0.000000 -1.000000 -0.000000
  outer loop
    vertex 15.200000 15.200000 29.000000
    vertex -15.200000 15.200000 29.000000
    vertex -15.200000 15.200000 30.000000
  endloop
endfacet
facet normal -0.000000 -1.000000 -0.000000
  outer loop
    vertex 15.200000 15.200000 29.000000
    vertex -15.200000 15.200000 30.000000
    vertex 15.200000 15.200000 30.000000
  endloop
endfacet
facet normal -1.000000 0.000000 0.000000
  outer loop
    vertex -20.000000 20.000000 29.000000
    vertex -20.000000 -20.000000 29.000000
    vertex -20.000000 -20.000000 30.000000
  endloop
endfacet
facet normal -1.000000 0.000000 0.000000
  outer loop
    vertex -20.000000 20.000000 29.000000
    vertex -20.000000 -20.000000 30.000000
    vertex -20.000000 20.000000 30.000000
  endloop
endfacet
facet normal 1.000000 -0.000000 -0.000000
  outer loop
    vertex -15.200000 15.200000 29.000000
    vertex -15.200000 -15.200000 29.000000
    vertex -15.200000 -15.200000 30.000000
  endloop
endfacet
facet normal 1.000000 -0.000000 -0.000000
  outer loop
    vertex -15.200000 15.200000 29.000000
    vertex -15.200000 -15.200000 30.000000
    vertex -15.200000 15.200000 30.000000
  endloop
endfacet
facet normal 0.000000 -1.000000 0.000000
  outer loop
    vertex -20.000000 -20.000000 29.000000
    vertex 20.000000 -20.000000 29.000000
    vertex 20.000000 -20.000000 30.000000
  endloop
endfacet
facet normal 0.000000 -1.000000 0.000000
  outer loop
    vertex -20.000000 -20.000000 29.000000
    vertex 20.000000 -20.000000 30.000000
    vertex -20.000000 -20.000000 30.000000
  endloop
endfacet
facet normal -0.000000 1.000000 -0.000000
  outer loop
    vertex -15.200000 -15.200000 29.000000
    vertex 15.200000 -15.200000 29.000000
    vertex 15.200000 -15.200000 30.000000
  endloop
endfacet
facet normal -0.000000 1.000000 -0.000000
  outer loop
    vertex -15.200000 -15.200000 29.000000
    vertex 15.200000 -15.200000 30.000000
    vertex -15.200000 -15.200000 30.000000
  endloop
endfacet
facet normal 1.000000 0.000000 0.000000
  outer loop
    vertex 20.000000 -20.000000 29.000000
    vertex 20.000000 20.000000 29.000000
    vertex 20.000000 20.000000 30.000000
  endloop
endfacet
facet normal 1.000000 0.000000 0.000000
  outer loop
    vertex 20.000000 -20.000000 29.000000
    vertex 20.000000 20.000000 30.000000
    vertex 20.000000 -20.000000 30.000000
  endloop
endfacet
facet normal -1.000000 -0.000000 -0.000000
  outer loop
    vertex 15.200000 -15.200000 29.000000
    vertex 15.200000 15.200000 29.000000
    vertex 15.200000 15.200000 30.000000
  endloop
endfacet
facet normal -1.000000 -0.000000 -0.000000
  outer loop
    vertex 15.200000 -15.200000 29.000000
    vertex 15.200000 15.200000 30.000000
    vertex 15.200000 -15.200000 30.000000
  endloop
endfacet
facet normal -1.000000 0.000000 0.000000
  outer loop
    vertex -20.000000 -20.000000 30.000000
    vertex -20.000000 -20.000000 38.000000
    vertex -20.000000 20.000000 38.000000
  endloop
endfacet
facet normal -1.000000 0.000000 0.000000
  outer loop
    vertex -20.000000 -20.000000 30.000000
    vertex -20.000000 20.000000 38.000000
    vertex -20.000000 20.000000 30.000000
  endloop
endfacet
facet normal 1.000000 0.000000 0.000000
  outer loop
    vertex 20.000000 -20.000000 30.000000
    vertex 20.000000 20.000000 30.000000
    vertex 20.000000 20.000000 38.000000
  endloop
endfacet
facet normal 1.000000 0.000000 0.000000
  outer loop
    vertex 20.000000 -20.000000 30.000000
    vertex 20.000000 20.000000 38.000000
    vertex 20.000000 -20.000000 38.000000
  endloop
endfacet
facet normal 0.000000 -1.000000 0.000000
  outer loop
    vertex -20.000000 -20.000000 30.000000
    vertex 20.000000 -20.000000 30.000000
    vertex 20.000000 -20.000000 38.000000
  endloop
endfacet
facet normal 0.000000 -1.000000 0.000000
  outer loop
    vertex -20.000000 -20.000000 30.000000
    vertex 20.000000 -20.000000 38.000000
    vertex -20.000000 -20.000000 38.000000
  endloop
endfacet
facet normal 0.000000 1.000000 0.000000
  outer loop
    vertex -20.000000 20.000000 30.000000
    vertex -20.000000 20.000000 38.000000
    vertex 20.000000 20.000000 38.000000
  endloop
endfacet
facet normal 0.000000 1.000000 0.000000
  outer loop
    vertex -20.000000 20.000000 30.000000
    vertex 20.000000 20.000000 38.000000
    vertex 20.000000 20.000000 30.000000
  endloop
endfacet
facet normal 0.000000 0.000000 1.000000
  outer loop
    vertex -20.000000 -20.000000 38.000000
    vertex 20.000000 -20.000000 38.000000
    vertex 20.000000 20.000000 38.000000
  endloop
endfacet
facet normal 0.000000 0.000000 1.000000
  outer loop
    vertex -20.000000 -20.000000 38.000000
    vertex 20.000000 20.000000 38.000000
    vertex -20.000000 20.000000 38.000000
  endloop
endfacet
facet normal 0.000000 0.000000 -1.000000
  outer loop
    vertex -20.000000 -20.000000 30.000000
    vertex -20.000000 20.000000 30.000000
    vertex 20.000000 20.000000 30.000000
  endloop
endfacet
facet normal 0.000000 0.000000 -1.000000
  outer loop
    vertex -20.000000 -20.000000 30.000000
    vertex 20.000000 20.000000 30.000000
    vertex 20.000000 -20.000000 30.000000
  endloop
endfacet
facet normal 0.993712 0.111964 0.000000
  outer loop
    vertex 12.000000 0.000000 38.000000
    vertex 11.699135 2.670251 38.000000
    vertex 11.699135 2.670251 39.000000
  endloop
endfacet
facet normal 0.993712 0.111964 0.000000
  outer loop
    vertex 12.000000 0.000000 38.000000
    vertex 11.699135 2.670251 39.000000
    vertex 12.000000 0.000000 39.000000
  endloop
endfacet
facet normal -0.993712 -0.111964 -0.000000
  outer loop
    vertex 2.600000 0.000000 38.000000
    vertex 2.534813 0.578554 38.000000
    vertex 2.534813 0.578554 39.000000
  endloop
endfacet
facet normal -0.993712 -0.111964 -0.000000
  outer loop
    vertex 2.600000 0.000000 38.000000
    vertex 2.534813 0.578554 39.000000
    vertex 2.600000 0.000000 39.000000
  endloop
endfacet
facet normal 0.943883 0.330279 0.000000
  outer loop
    vertex 11.699135 2.670251 38.000000
    vertex 10.811626 5.206605 38.000000
    vertex 10.811626 5.206605 39.000000
  endloop
endfacet
facet normal 0.943883 0.330279 0.000000
  outer loop
    vertex 11.699135 2.670251 38.000000
    vertex 10.811626 5.206605 39.000000
    vertex 11.699135 2.670251 39.000000
  endloop
endfacet
facet normal -0.943883 -0.330279 -0.000000
  outer loop
    vertex 2.534813 0.578554 38.000000
    vertex 2.342519 1.128098 38.000000
    vertex 2.342519 1.128098 39.000000
  endloop
endfacet
facet normal -0.943883 -0.330279 -0.000000
  outer loop
    vertex 2.534813 0.578554 38.000000
    vertex 2.342519 1.128098 39.000000
    vertex 2.534813 0.578554 39.000000
  endloop
endfacet
facet normal 0.846724 0.532032 0.000000
  outer loop
    vertex 10.811626 5.206605 38.000000
    vertex 9.381978 7.481878 38.000000
    vertex 9.381978 7.481878 39.000000
  endloop
endfacet
facet normal 0.846724 0.532032 0.000000
  outer loop
    vertex 10.811626 5.206605 38.000000
    vertex 9.381978 7.481878 39.000000
    vertex 10.811626 5.206605 39.000000
  endloop
endfacet
facet normal -0.846724 -0.532032 -0.000000
  outer loop
    vertex 2.342519 1.128098 38.000000
    vertex 2.032762 1.621073 38.000000
    vertex 2.032762 1.621073 39.000000
  endloop
endfacet
facet normal -0.846724 -0.532032 -0.000000
  outer loop
    vertex 2.342519 1.128098 38.000000
    vertex 2.032762 1.621073 39.000000
    vertex 2.342519 1.128098 39.000000
  endloop
endfacet
facet normal 0.707107 0.707107 0.000000
  outer loop
    vertex 9.381978 7.481878 38.000000
    vertex 7.481878 9.381978 38.000000
    vertex 7.481878 9.381978 39.000000
  endloop
endfacet
facet normal 0.707107 0.707107 0.000000
  outer loop
    vertex 9.381978 7.481878 38.000000
    vertex 7.481878 9.381978 39.000000
    vertex 9.381978 7.481878 39.000000
  endloop
endfacet
facet normal -0.707107 -0.707107 -0.000000
  outer loop
    vertex 2.032762 1.621073 38.000000
    vertex 1.621073 2.032762 38.000000
    vertex 1.621073 2.032762 39.000000
  endloop
endfacet
facet normal -0.707107 -0.707107 -0.000000
  outer loop
    vertex 2.032762 1.621073 38.000000
    vertex 1.621073 2.032762 39.000000
    vertex 2.032762 1.621073 39.000000
  endloop
endfacet
facet normal 0.532032 0.846724 0.000000
  outer loop
    vertex 7.481878 9.381978 38.000000
    vertex 5.206605 10.811626 38.000000
    vertex 5.206605 10.811626 39.000000
  endloop
endfacet
facet normal 0.532032 0.846724 0.000000
  outer loop
    vertex 7.481878 9.381978 38.000000
    vertex 5.206605 10.811626 39.000000
    vertex 7.481878 9.381978 39.000000
  endloop
endfacet
facet normal -0.532032 -0.846724 -0.000000
  outer loop
    vertex 1.621073 2.032762 38.000000
    vertex 1.128098 2.342519 38.000000
    vertex 1.128098 2.342519 39.000000
  endloop
endfacet
facet normal -0.532032 -0.846724 -0.000000
  outer loop
    vertex 1.621073 2.032762 38.000000
    vertex 1.128098 2.342519 39.000000
    vertex 1.621073 2.032762 39.000000
  endloop
endfacet
facet normal 0.330279 0.943883 0.000000
  outer loop
    vertex 5.206605 10.811626 38.000000
    vertex 2.670251 11.699135 38.000000
    vertex 2.670251 11.699135 39.000000
  endloop
endfacet
facet normal 0.330279 0.943883 0.000000
  outer loop
    vertex 5.206605 10.811626 38.000000
    vertex 2.670251 11.699135 39.000000
    vertex 5.206605 10.811626 39.000000
  endloop
endfacet
facet normal -0.330279 -0.943883 -0.000000
  outer loop
    vertex 1.128098 2.342519 38.000000
    vertex 0.578554 2.534813 38.000000
    vertex 0.578554 2.534813 39.000000
  endloop
endfacet
facet normal -0.330279 -0.943883 -0.000000
  outer loop
    vertex 1.128098 2.342519 38.000000
    vertex 0.578554 2.534813 39.000000
    vertex 1.128098 2.342519 39.000000
  endloop
endfacet
facet normal 0.111964 0.993712 0.000000
  outer loop
    vertex 2.670251 11.699135 38.000000
    vertex 0.000000 12.000000 38.000000
    vertex 0.000000 12.000000 39.000000
  endloop
endfacet
facet normal 0.111964 0.993712 0.000000
  outer loop
    vertex 2.670251 11.699135 38.000000
    vertex 0.000000 12.000000 39.000000
    vertex 2.670251 11.699135 39.000000
  endloop
endfacet
facet normal -0.111964 -0.993712 -0.000000
  outer loop
    vertex 0.578554 2.534813 38.000000
    vertex 0.000000 2.600000 38.000000
    vertex 0.000000 2.600000 39.000000
  endloop
endfacet
facet normal -0.111964 -0.993712 -0.000000
  outer loop
    vertex 0.578554 2.534813 38.000000
    vertex 0.000000 2.600000 39.000000
    vertex 0.578554 2.534813 39.000000
  endloop
endfacet
facet normal -0.111964 0.993712 0.000000
  outer loop
    vertex 0.000000 12.000000 38.000000
    vertex -2.670251 11.699135 38.000000
    vertex -2.670251 11.699135 39.000000
  endloop
endfacet
facet normal -0.111964 0.993712 0.000000
  outer loop
    vertex 0.000000 12.000000 38.000000
    vertex -2.670251 11.699135 39.000000
    vertex 0.000000 12.000000 39.000000
  endloop
endfacet
facet normal 0.111964 -0.993712 -0.000000
  outer loop
    vertex 0.000000 2.600000 38.000000
    vertex -0.578554 2.534813 38.000000
    vertex -0.578554 2.534813 39.000000
  endloop
endfacet
facet normal 0.111964 -0.993712 -0.000000
  outer loop
    vertex 0.000000 2.600000 38.000000
    vertex -0.578554 2.534813 39.000000
    vertex 0.000000 2.600000 39.000000
  endloop
endfacet
facet normal -0.330279 0.943883 0.000000
  outer loop
    vertex -2.670251 11.699135 38.000000
    vertex -5.206605 10.811626 38.000000
    vertex -5.206605 10.811626 39.000000
  endloop
endfacet
facet normal -0.330279 0.943883 0.000000
  outer loop
    vertex -2.670251 11.699135 38.000000
    vertex -5.206605 10.811626 39.000000
    vertex -2.670251 11.699135 39.000000
  endloop
endfacet
facet normal 0.330279 -0.943883 -0.000000
  outer loop
    vertex -0.578554 2.534813 38.000000
    vertex -1.128098 2.342519 38.000000
    vertex -1.128098 2.342519 39.000000
  endloop
endfacet
facet normal 0.330279 -0.943883 -0.000000
  outer loop
    vertex -0.578554 2.534813 38.000000
    vertex -1.128098 2.342519 39.000000
    vertex -0.578554 2.534813 39.000000
  endloop
endfacet
facet normal -0.532032 0.846724 0.000000
  outer loop
    vertex -5.206605 10.811626 38.000000
    vertex -7.481878 9.381978 38.000000
    vertex -7.481878 9.381978 39.000000
  endloop
endfacet
facet normal -0.532032 0.846724 0.000000
  outer loop
    vertex -5.206605 10.811626 38.000000
    vertex -7.481878 9.381978 39.000000
    vertex -5.206605 10.811626 39.000000
  endloop
endfacet
facet normal 0.532032 -0.846724 -0.000000
  outer loop
    vertex -1.128098 2.342519 38.000000
    vertex -1.621073 2.032762 38.000000
    vertex -1.621073 2.032762 39.000000
  endloop
endfacet
facet normal 0.532032 -0.846724 -0.000000
  outer loop
    vertex -1.128098 2.342519 38.000000
    vertex -1.621073 2.032762 39.000000
    vertex -1.128098 2.342519 39.000000
  endloop
endfacet
facet normal -0.707107 0.707107 0.000000
  outer loop
    vertex -7.481878 9.381978 38.000000
    vertex -9.381978 7.481878 38.000000
    vertex -9.381978 7.481878 39.000000
  endloop
endfacet
facet normal -0.707107 0.707107 0.000000
  outer loop
    vertex -7.481878 9.381978 38.000000
    vertex -9.381978 7.481878 39.000000
    vertex -7.481878 9.381978 39.000000
  endloop
endfacet
facet normal 0.707107 -0.707107 -0.000000
  outer loop
    vertex -1.621073 2.032762 38.000000
    vertex -2.032762 1.621073 38.000000
    vertex -2.032762 1.621073 39.000000
  endloop
endfacet
facet normal 0.707107 -0.707107 -0.000000
  outer loop
    vertex -1.621073 2.032762 38.000000
    vertex -2.032762 1.621073 39.000000
    vertex -1.621073 2.032762 39.000000
  endloop
endfacet
facet normal -0.846724 0.532032 0.000000
  outer loop
    vertex -9.381978 7.481878 38.000000
    vertex -10.811626 5.206605 38.000000
    vertex -10.811626 5.206605 39.000000
  endloop
endfacet
facet normal -0.846724 0.532032 0.000000
  outer loop
    vertex -9.381978 7.481878 38.000000
    vertex -10.811626 5.206605 39.000000
    vertex -9.381978 7.481878 39.000000
  endloop
endfacet
facet normal 0.846724 -0.532032 -0.000000
  outer loop
    vertex -2.032762 1.621073 38.000000
    vertex -2.342519 1.128098 38.000000
    vertex -2.342519 1.128098 39.000000
  endloop
endfacet
facet normal 0.846724 -0.532032 -0.000000
  outer loop
    vertex -2.032762 1.621073 38.000000
    vertex -2.342519 1.128098 39.000000
    vertex -2.032762 1.621073 39.000000
  endloop
endfacet
facet normal -0.943883 0.330279 0.000000
  outer loop
    vertex -10.811626 5.206605 38.000000
    vertex -11.699135 2.670251 38.000000
    vertex -11.699135 2.670251 39.000000
  endloop
endfacet
facet normal -0.943883 0.330279 0.000000
  outer loop
    vertex -10.811626 5.206605 38.000000
    vertex -11.699135 2.670251 39.000000
    vertex -10.811626 5.206605 39.000000
  endloop
endfacet
facet normal 0.943883 -0.330279 -0.000000
  outer loop
    vertex -2.342519 1.128098 38.000000
    vertex -2.534813 0.578554 38.000000
    vertex -2.534813 0.578554 39.000000
  endloop
endfacet
facet normal 0.943883 -0.330279 -0.000000
  outer loop
    vertex -2.342519 1.128098 38.000000
    vertex -2.534813 0.578554 39.000000
    vertex -2.342519 1.128098 39.000000
  endloop
endfacet
facet normal -0.993712 0.111964 0.000000
  outer loop
    vertex -11.699135 2.670251 38.000000
    vertex -12.000000 0.000000 38.000000
    vertex -12.000000 0.000000 39.000000
  endloop
endfacet
facet normal -0.993712 0.111964 0.000000
  outer loop
    vertex -11.699135 2.670251 38.000000
    vertex -12.000000 0.000000 39.000000
    vertex -11.699135 2.670251 39.000000
  endloop
endfacet
facet normal 0.993712 -0.111964 -0.000000
  outer loop
    vertex -2.534813 0.578554 38.000000
    vertex -2.600000 0.000000 38.000000
    vertex -2.600000 0.000000 39.000000
  endloop
endfacet
facet normal 0.993712 -0.111964 -0.000000
  outer loop
    vertex -2.534813 0.578554 38.000000
    vertex -2.600000 0.000000 39.000000
    vertex -2.534813 0.578554 39.000000
  endloop
endfacet
facet normal -0.993712 -0.111964 0.000000
  outer loop
    vertex -12.000000 0.000000 38.000000
    vertex -11.699135 -2.670251 38.000000
    vertex -11.699135 -2.670251 39.000000
  endloop
endfacet
facet normal -0.993712 -0.111964 0.000000
  outer loop
    vertex -12.000000 0.000000 38.000000
    vertex -11.699135 -2.670251 39.000000
    vertex -12.000000 0.000000 39.000000
  endloop
endfacet
facet normal 0.993712 0.111964 -0.000000
  outer loop
    vertex -2.600000 0.000000 38.000000
    vertex -2.534813 -0.578554 38.000000
    vertex -2.534813 -0.578554 39.000000
  endloop
endfacet
facet normal 0.993712 0.111964 -0.000000
  outer loop
    vertex -2.600000 0.000000 38.000000
    vertex -2.534813 -0.578554 39.000000
    vertex -2.600000 0.000000 39.000000
  endloop
endfacet
facet normal -0.943883 -0.330279 0.000000
  outer loop
    vertex -11.699135 -2.670251 38.000000
    vertex -10.811626 -5.206605 38.000000
    vertex -10.811626 -5.206605 39.000000
  endloop
endfacet
facet normal -0.943883 -0.330279 0.000000
  outer loop
    vertex -11.699135 -2.670251 38.000000
    vertex -10.811626 -5.206605 39.000000
    vertex -11.699135 -2.670251 39.000000
  endloop
endfacet
facet normal 0.943883 0.330279 -0.000000
  outer loop
    vertex -2.534813 -0.578554 38.000000
    vertex -2.342519 -1.128098 38.000000
    vertex -2.342519 -1.128098 39.000000
  endloop
endfacet
facet normal 0.943883 0.330279 -0.000000
  outer loop
    vertex -2.534813 -0.578554 38.000000
    vertex -2.342519 -1.128098 39.000000
    vertex -2.534813 -0.578554 39.000000
  endloop
endfacet
facet normal -0.846724 -0.532032 0.000000
  outer loop
    vertex -10.811626 -5.206605 38.000000
    vertex -9.381978 -7.481878 38.000000
    vertex -9.381978 -7.481878 39.000000
  endloop
endfacet
facet normal -0.846724 -0.532032 0.000000
  outer loop
    vertex -10.811626 -5.206605 38.000000
    vertex -9.381978 -7.481878 39.000000
    vertex -10.811626 -5.206605 39.000000
  endloop
endfacet
facet normal 0.846724 0.532032 -0.000000
  outer loop
    vertex -2.342519 -1.128098 38.000000
    vertex -2.032762 -1.621073 38.000000
    vertex -2.032762 -1.621073 39.000000
  endloop
endfacet
facet normal 0.846724 0.532032 -0.000000
  outer loop
    vertex -2.342519 -1.128098 38.000000
    vertex -2.032762 -1.621073 39.000000
    vertex -2.342519 -1.128098 39.000000
  endloop
endfacet
facet normal -0.707107 -0.707107 0.000000
  outer loop
    vertex -9.381978 -7.481878 38.000000
    vertex -7.481878 -9.381978 38.000000
    vertex -7.481878 -9.381978 39.000000
  endloop
endfacet
facet normal -0.707107 -0.707107 0.000000
  outer loop
    vertex -9.381978 -7.481878 38.000000
    vertex -7.481878 -9.381978 39.000000
    vertex -9.381978 -7.481878 39.000000
  endloop
endfacet
facet normal 0.707107 0.707107 -0.000000
  outer loop
    vertex -2.032762 -1.621073 38.000000
    vertex -1.621073 -2.032762 38.000000
    vertex -1.621073 -2.032762 39.000000
  endloop
endfacet
facet normal 0.707107 0.707107 -0.000000
  outer loop
    vertex -2.032762 -1.621073 38.000000
    vertex -1.621073 -2.032762 39.000000
    vertex -2.032762 -1.621073 39.000000
  endloop
endfacet
facet normal -0.532032 -0.846724 0.000000
  outer loop
    vertex -7.481878 -9.381978 38.000000
    vertex -5.206605 -10.811626 38.000000
    vertex -5.206605 -10.811626 39.000000
  endloop
endfacet
facet normal -0.532032 -0.846724 0.000000
  outer loop
    vertex -7.481878 -9.381978 38.000000
    vertex -5.206605 -10.811626 39.000000
    vertex -7.481878 -9.381978 39.000000
  endloop
endfacet
facet normal 0.532032 0.846724 -0.000000
  outer loop
    vertex -1.621073 -2.032762 38.000000
    vertex -1.128098 -2.342519 38.000000
    vertex -1.128098 -2.342519 39.000000
  endloop
endfacet
facet normal 0.532032 0.846724 -0.000000
  outer loop
    vertex -1.621073 -2.032762 38.000000
    vertex -1.128098 -2.342519 39.000000
    vertex -1.621073 -2.032762 39.000000
  endloop
endfacet
facet normal -0.330279 -0.943883 0.000000
  outer loop
    vertex -5.206605 -10.811626 38.000000
    vertex -2.670251 -11.699135 38.000000
    vertex -2.670251 -11.699135 39.000000
  endloop
endfacet
facet normal -0.330279 -0.943883 0.000000
  outer loop
    vertex -5.206605 -10.811626 38.000000
    vertex -2.670251 -11.699135 39.000000
    vertex -5.206605 -10.811626 39.000000
  endloop
endfacet
facet normal 0.330279 0.943883 -0.000000
  outer loop
    vertex -1.128098 -2.342519 38.000000
    vertex -0.578554 -2.534813 38.000000
    vertex -0.578554 -2.534813 39.000000
  endloop
endfacet
facet normal 0.330279 0.943883 -0.000000
  outer loop
    vertex -1.128098 -2.342519 38.000000
    vertex -0.578554 -2.534813 39.000000
    vertex -1.128098 -2.342519 39.000000
  endloop
endfacet
facet normal -0.111964 -0.993712 0.000000
  outer loop
    vertex -2.670251 -11.699135 38.000000
    vertex -0.000000 -12.000000 38.000000
    vertex -0.000000 -12.000000 39.000000
  endloop
endfacet
facet normal -0.111964 -0.993712 0.000000
  outer loop
    vertex -2.670251 -11.699135 38.000000
    vertex -0.000000 -12.000000 39.000000
    vertex -2.670251 -11.699135 39.000000
  endloop
endfacet
facet normal 0.111964 0.993712 -0.000000
  outer loop
    vertex -0.578554 -2.534813 38.000000
    vertex -0.000000 -2.600000 38.000000
    vertex -0.000000 -2.600000 39.000000
  endloop
endfacet
facet normal 0.111964 0.993712 -0.000000
  outer loop
    vertex -0.578554 -2.534813 38.000000
    vertex -0.000000 -2.600000 39.000000
    vertex -0.578554 -2.534813 39.000000
  endloop
endfacet
facet normal 0.111964 -0.993712 0.000000
  outer loop
    vertex -0.000000 -12.000000 38.000000
    vertex 2.670251 -11.699135 38.000000
    vertex 2.670251 -11.699135 39.000000
  endloop
endfacet
facet normal 0.111964 -0.993712 0.000000
  outer loop
    vertex -0.000000 -12.000000 38.000000
    vertex 2.670251 -11.699135 39.000000
    vertex -0.000000 -12.000000 39.000000
  endloop
endfacet
facet normal -0.111964 0.993712 -0.000000
  outer loop
    vertex -0.000000 -2.600000 38.000000
    vertex 0.578554 -2.534813 38.000000
    vertex 0.578554 -2.534813 39.000000
  endloop
endfacet
facet normal -0.111964 0.993712 -0.000000
  outer loop
    vertex -0.000000 -2.600000 38.000000
    vertex 0.578554 -2.534813 39.000000
    vertex -0.000000 -2.600000 39.000000
  endloop
endfacet
facet normal 0.330279 -0.943883 0.000000
  outer loop
    vertex 2.670251 -11.699135 38.000000
    vertex 5.206605 -10.811626 38.000000
    vertex 5.206605 -10.811626 39.000000
  endloop
endfacet
facet normal 0.330279 -0.943883 0.000000
  outer loop
    vertex 2.670251 -11.699135 38.000000
    vertex 5.206605 -10.811626 39.000000
    vertex 2.670251 -11.699135 39.000000
  endloop
endfacet
facet normal -0.330279 0.943883 -0.000000
  outer loop
    vertex 0.578554 -2.534813 38.000000
    vertex 1.128098 -2.342519 38.000000
    vertex 1.128098 -2.342519 39.000000
  endloop
endfacet
facet normal -0.330279 0.943883 -0.000000
  outer loop
    vertex 0.578554 -2.534813 38.000000
    vertex 1.128098 -2.342519 39.000000
    vertex 0.578554 -2.534813 39.000000
  endloop
endfacet
facet normal 0.532032 -0.846724 0.000000
  outer loop
    vertex 5.206605 -10.811626 38.000000
    vertex 7.481878 -9.381978 38.000000
    vertex 7.481878 -9.381978 39.000000
  endloop
endfacet
facet normal 0.532032 -0.846724 0.000000
  outer loop
    vertex 5.206605 -10.811626 38.000000
    vertex 7.481878 -9.381978 39.000000
    vertex 5.206605 -10.811626 39.000000
  endloop
endfacet
facet normal -0.532032 0.846724 -0.000000
  outer loop
    vertex 1.128098 -2.342519 38.000000
    vertex 1.621073 -2.032762 38.000000
    vertex 1.621073 -2.032762 39.000000
  endloop
endfacet
facet normal -0.532032 0.846724 -0.000000
  outer loop
    vertex 1.128098 -2.342519 38.000000
    vertex 1.621073 -2.032762 39.000000
    vertex 1.128098 -2.342519 39.000000
  endloop
endfacet
facet normal 0.707107 -0.707107 0.000000
  outer loop
    vertex 7.481878 -9.381978 38.000000
    vertex 9.381978 -7.481878 38.000000
    vertex 9.381978 -7.481878 39.000000
  endloop
endfacet
facet normal 0.707107 -0.707107 0.000000
  outer loop
    vertex 7.481878 -9.381978 38.000000
    vertex 9.381978 -7.481878 39.000000
    vertex 7.481878 -9.381978 39.000000
  endloop
endfacet
facet normal -0.707107 0.707107 -0.000000
  outer loop
    vertex 1.621073 -2.032762 38.000000
    vertex 2.032762 -1.621073 38.000000
    vertex 2.032762 -1.621073 39.000000
  endloop
endfacet
facet normal -0.707107 0.707107 -0.000000
  outer loop
    vertex 1.621073 -2.032762 38.000000
    vertex 2.032762 -1.621073 39.000000
    vertex 1.621073 -2.032762 39.000000
  endloop
endfacet
facet normal 0.846724 -0.532032 0.000000
  outer loop
    vertex 9.381978 -7.481878 38.000000
    vertex 10.811626 -5.206605 38.000000
    vertex 10.811626 -5.206605 39.000000
  endloop
endfacet
facet normal 0.846724 -0.532032 0.000000
  outer loop
    vertex 9.381978 -7.481878 38.000000
    vertex 10.811626 -5.206605 39.000000
    vertex 9.381978 -7.481878 39.000000
  endloop
endfacet
facet normal -0.846724 0.532032 -0.000000
  outer loop
    vertex 2.032762 -1.621073 38.000000
    vertex 2.342519 -1.128098 38.000000
    vertex 2.342519 -1.128098 39.000000
  endloop
endfacet
facet normal -0.846724 0.532032 -0.000000
  outer loop
    vertex 2.032762 -1.621073 38.000000
    vertex 2.342519 -1.128098 39.000000
    vertex 2.032762 -1.621073 39.000000
  endloop
endfacet
facet normal 0.943883 -0.330279 0.000000
  outer loop
    vertex 10.811626 -5.206605 38.000000
    vertex 11.699135 -2.670251 38.000000
    vertex 11.699135 -2.670251 39.000000
  endloop
endfacet
facet normal 0.943883 -0.330279 0.000000
  outer loop
    vertex 10.811626 -5.206605 38.000000
    vertex 11.699135 -2.670251 39.000000
    vertex 10.811626 -5.206605 39.000000
  endloop
endfacet
facet normal -0.943883 0.330279 -0.000000
  outer loop
    vertex 2.342519 -1.128098 38.000000
    vertex 2.534813 -0.578554 38.000000
    vertex 2.534813 -0.578554 39.000000
  endloop
endfacet
facet normal -0.943883 0.330279 -0.000000
  outer loop
    vertex 2.342519 -1.128098 38.000000
    vertex 2.534813 -0.578554 39.000000
    vertex 2.342519 -1.128098 39.000000
  endloop
endfacet
facet normal 0.993712 -0.111964 0.000000
  outer loop
    vertex 11.699135 -2.670251 38.000000
    vertex 12.000000 0.000000 38.000000
    vertex 12.000000 0.000000 39.000000
  endloop
endfacet
facet normal 0.993712 -0.111964 0.000000
  outer loop
    vertex 11.699135 -2.670251 38.000000
    vertex 12.000000 0.000000 39.000000
    vertex 11.699135 -2.670251 39.000000
  endloop
endfacet
facet normal -0.993712 0.111964 -0.000000
  outer loop
    vertex 2.534813 -0.578554 38.000000
    vertex 2.600000 0.000000 38.000000
    vertex 2.600000 0.000000 39.000000
  endloop
endfacet
facet normal -0.993712 0.111964 -0.000000
  outer loop
    vertex 2.534813 -0.578554 38.000000
    vertex 2.600000 0.000000 39.000000
    vertex 2.534813 -0.578554 39.000000
  endloop
endfacet
facet normal 0.993712 0.111964 0.000000
  outer loop
    vertex 12.000000 0.000000 39.000000
    vertex 11.699135 2.670251 39.000000
    vertex 11.699135 2.670251 40.000000
  endloop
endfacet
facet normal 0.993712 0.111964 0.000000
  outer loop
    vertex 12.000000 0.000000 39.000000
    vertex 11.699135 2.670251 40.000000
    vertex 12.000000 0.000000 40.000000
  endloop
endfacet
facet normal -0.993712 -0.111964 -0.000000
  outer loop
    vertex 2.600000 0.000000 39.000000
    vertex 2.534813 0.578554 39.000000
    vertex 2.534813 0.578554 40.000000
  endloop
endfacet
facet normal -0.993712 -0.111964 -0.000000
  outer loop
    vertex 2.600000 0.000000 39.000000
    vertex 2.534813 0.578554 40.000000
    vertex 2.600000 0.000000 40.000000
  endloop
endfacet
facet normal 0.943883 0.330279 0.000000
  outer loop
    vertex 11.699135 2.670251 39.000000
    vertex 10.811626 5.206605 39.000000
    vertex 10.811626 5.206605 40.000000
  endloop
endfacet
facet normal 0.943883 0.330279 0.000000
  outer loop
    vertex 11.699135 2.670251 39.000000
    vertex 10.811626 5.206605 40.000000
    vertex 11.699135 2.670251 40.000000
  endloop
endfacet
facet normal -0.943883 -0.330279 -0.000000
  outer loop
    vertex 2.534813 0.578554 39.000000
    vertex 2.342519 1.128098 39.000000
    vertex 2.342519 1.128098 40.000000
  endloop
endfacet
facet normal -0.943883 -0.330279 -0.000000
  outer loop
    vertex 2.534813 0.578554 39.000000
    vertex 2.342519 1.128098 40.000000
    vertex 2.534813 0.578554 40.000000
  endloop
endfacet
facet normal 0.846724 0.532032 0.000000
  outer loop
    vertex 10.811626 5.206605 39.000000
    vertex 9.381978 7.481878 39.000000
    vertex 9.381978 7.481878 40.000000
  endloop
endfacet
facet normal 0.846724 0.532032 0.000000
  outer loop
    vertex 10.811626 5.206605 39.000000
    vertex 9.381978 7.481878 40.000000
    vertex 10.811626 5.206605 40.000000
  endloop
endfacet
facet normal -0.846724 -0.532032 -0.000000
  outer loop
    vertex 2.342519 1.128098 39.000000
    vertex 2.032762 1.621073 39.000000
    vertex 2.032762 1.621073 40.000000
  endloop
endfacet
facet normal -0.846724 -0.532032 -0.000000
  outer loop
    vertex 2.342519 1.128098 39.000000
    vertex 2.032762 1.621073 40.000000
    vertex 2.342519 1.128098 40.000000
  endloop
endfacet
facet normal 0.707107 0.707107 0.000000
  outer loop
    vertex 9.381978 7.481878 39.000000
    vertex 7.481878 9.381978 39.000000
    vertex 7.481878 9.381978 40.000000
  endloop
endfacet
facet normal 0.707107 0.707107 0.000000
  outer loop
    vertex 9.381978 7.481878 39.000000
    vertex 7.481878 9.381978 40.000000
    vertex 9.381978 7.481878 40.000000
  endloop
endfacet
facet normal -0.707107 -0.707107 -0.000000
  outer loop
    vertex 2.032762 1.621073 39.000000
    vertex 1.621073 2.032762 39.000000
    vertex 1.621073 2.032762 40.000000
  endloop
endfacet
facet normal -0.707107 -0.707107 -0.000000
  outer loop
    vertex 2.032762 1.621073 39.000000
    vertex 1.621073 2.032762 40.000000
    vertex 2.032762 1.621073 40.000000
  endloop
endfacet
facet normal 0.532032 0.846724 0.000000
  outer loop
    vertex 7.481878 9.381978 39.000000
    vertex 5.206605 10.811626 39.000000
    vertex 5.206605 10.811626 40.000000
  endloop
endfacet
facet normal 0.532032 0.846724 0.000000
  outer loop
    vertex 7.481878 9.381978 39.000000
    vertex 5.206605 10.811626 40.000000
    vertex 7.481878 9.381978 40.000000
  endloop
endfacet
facet normal -0.532032 -0.846724 -0.000000
  outer loop
    vertex 1.621073 2.032762 39.000000
    vertex 1.128098 2.342519 39.000000
    vertex 1.128098 2.342519 40.000000
  endloop
endfacet
facet normal -0.532032 -0.846724 -0.000000
  outer loop
    vertex 1.621073 2.032762 39.000000
    vertex 1.128098 2.342519 40.000000
    vertex 1.621073 2.032762 40.000000
  endloop
endfacet
facet normal 0.330279 0.943883 0.000000
  outer loop
    vertex 5.206605 10.811626 39.000000
    vertex 2.670251 11.699135 39.000000
    vertex 2.670251 11.699135 40.000000
  endloop
endfacet
facet normal 0.330279 0.943883 0.000000
  outer loop
    vertex 5.206605 10.811626 39.000000
    vertex 2.670251 11.699135 40.000000
    vertex 5.206605 10.811626 40.000000
  endloop
endfacet
facet normal -0.330279 -0.943883 -0.000000
  outer loop
    vertex 1.128098 2.342519 39.000000
    vertex 0.578554 2.534813 39.000000
    vertex 0.578554 2.534813 40.000000
  endloop
endfacet
facet normal -0.330279 -0.943883 -0.000000
  outer loop
    vertex 1.128098 2.342519 39.000000
    vertex 0.578554 2.534813 40.000000
    vertex 1.128098 2.342519 40.000000
  endloop
endfacet
facet normal 0.111964 0.993712 0.000000
  outer loop
    vertex 2.670251 11.699135 39.000000
    vertex 0.000000 12.000000 39.000000
    vertex 0.000000 12.000000 40.000000
  endloop
endfacet
facet normal 0.111964 0.993712 0.000000
  outer loop
    vertex 2.670251 11.699135 39.000000
    vertex 0.000000 12.000000 40.000000
    vertex 2.670251 11.699135 40.000000
  endloop
endfacet
facet normal -0.111964 -0.993712 -0.000000
  outer loop
    vertex 0.578554 2.534813 39.000000
    vertex 0.000000 2.600000 39.000000
    vertex 0.000000 2.600000 40.000000
  endloop
endfacet
facet normal -0.111964 -0.993712 -0.000000
  outer loop
    vertex 0.578554 2.534813 39.000000
    vertex 0.000000 2.600000 40.000000
    vertex 0.578554 2.534813 40.000000
  endloop
endfacet
facet normal -0.111964 0.993712 0.000000
  outer loop
    vertex 0.000000 12.000000 39.000000
    vertex -2.670251 11.699135 39.000000
    vertex -2.670251 11.699135 40.000000
  endloop
endfacet
facet normal -0.111964 0.993712 0.000000
  outer loop
    vertex 0.000000 12.000000 39.000000
    vertex -2.670251 11.699135 40.000000
    vertex 0.000000 12.000000 40.000000
  endloop
endfacet
facet normal 0.111964 -0.993712 -0.000000
  outer loop
    vertex 0.000000 2.600000 39.000000
    vertex -0.578554 2.534813 39.000000
    vertex -0.578554 2.534813 40.000000
  endloop
endfacet
facet normal 0.111964 -0.993712 -0.000000
  outer loop
    vertex 0.000000 2.600000 39.000000
    vertex -0.578554 2.534813 40.000000
    vertex 0.000000 2.600000 40.000000
  endloop
endfacet
facet normal -0.330279 0.943883 0.000000
  outer loop
    vertex -2.670251 11.699135 39.000000
    vertex -5.206605 10.811626 39.000000
    vertex -5.206605 10.811626 40.000000
  endloop
endfacet
facet normal -0.330279 0.943883 0.000000
  outer loop
    vertex -2.670251 11.699135 39.000000
    vertex -5.206605 10.811626 40.000000
    vertex -2.670251 11.699135 40.000000
  endloop
endfacet
facet normal 0.330279 -0.943883 -0.000000
  outer loop
    vertex -0.578554 2.534813 39.000000
    vertex -1.128098 2.342519 39.000000
    vertex -1.128098 2.342519 40.000000
  endloop
endfacet
facet normal 0.330279 -0.943883 -0.000000
  outer loop
    vertex -0.578554 2.534813 39.000000
    vertex -1.128098 2.342519 40.000000
    vertex -0.578554 2.534813 40.000000
  endloop
endfacet
facet normal -0.532032 0.846724 0.000000
  outer loop
    vertex -5.206605 10.811626 39.000000
    vertex -7.481878 9.381978 39.000000
    vertex -7.481878 9.381978 40.000000
  endloop
endfacet
facet normal -0.532032 0.846724 0.000000
  outer loop
    vertex -5.206605 10.811626 39.000000
    vertex -7.481878 9.381978 40.000000
    vertex -5.206605 10.811626 40.000000
  endloop
endfacet
facet normal 0.532032 -0.846724 -0.000000
  outer loop
    vertex -1.128098 2.342519 39.000000
    vertex -1.621073 2.032762 39.000000
    vertex -1.621073 2.032762 40.000000
  endloop
endfacet
facet normal 0.532032 -0.846724 -0.000000
  outer loop
    vertex -1.128098 2.342519 39.000000
    vertex -1.621073 2.032762 40.000000
    vertex -1.128098 2.342519 40.000000
  endloop
endfacet
facet normal -0.707107 0.707107 0.000000
  outer loop
    vertex -7.481878 9.381978 39.000000
    vertex -9.381978 7.481878 39.000000
    vertex -9.381978 7.481878 40.000000
  endloop
endfacet
facet normal -0.707107 0.707107 0.000000
  outer loop
    vertex -7.481878 9.381978 39.000000
    vertex -9.381978 7.481878 40.000000
    vertex -7.481878 9.381978 40.000000
  endloop
endfacet
facet normal 0.707107 -0.707107 -0.000000
  outer loop
    vertex -1.621073 2.032762 39.000000
    vertex -2.032762 1.621073 39.000000
    vertex -2.032762 1.621073 40.000000
  endloop
endfacet
facet normal 0.707107 -0.707107 -0.000000
  outer loop
    vertex -1.621073 2.032762 39.000000
    vertex -2.032762 1.621073 40.000000
    vertex -1.621073 2.032762 40.000000
  endloop
endfacet
facet normal -0.846724 0.532032 0.000000
  outer loop
    vertex -9.381978 7.481878 39.000000
    vertex -10.811626 5.206605 39.000000
    vertex -10.811626 5.206605 40.000000
  endloop
endfacet
facet normal -0.846724 0.532032 0.000000
  outer loop
    vertex -9.381978 7.481878 39.000000
    vertex -10.811626 5.206605 40.000000
    vertex -9.381978 7.481878 40.000000
  endloop
endfacet
facet normal 0.846724 -0.532032 -0.000000
  outer loop
    vertex -2.032762 1.621073 39.000000
    vertex -2.342519 1.128098 39.000000
    vertex -2.342519 1.128098 40.000000
  endloop
endfacet
facet normal 0.846724 -0.532032 -0.000000
  outer loop
    vertex -2.032762 1.621073 39.000000
    vertex -2.342519 1.128098 40.000000
    vertex -2.032762 1.621073 40.000000
  endloop
endfacet
facet normal -0.943883 0.330279 0.000000
  outer loop
    vertex -10.811626 5.206605 39.000000
    vertex -11.699135 2.670251 39.000000
    vertex -11.699135 2.670251 40.000000
  endloop
endfacet
facet normal -0.943883 0.330279 0.000000
  outer loop
    vertex -10.811626 5.206605 39.000000
    vertex -11.699135 2.670251 40.000000
    vertex -10.811626 5.206605 40.000000
  endloop
endfacet
facet normal 0.943883 -0.330279 -0.000000
  outer loop
    vertex -2.342519 1.128098 39.000000
    vertex -2.534813 0.578554 39.000000
    vertex -2.534813 0.578554 40.000000
  endloop
endfacet
facet normal 0.943883 -0.330279 -0.000000
  outer loop
    vertex -2.342519 1.128098 39.000000
    vertex -2.534813 0.578554 40.000000
    vertex -2.342519 1.128098 40.000000
  endloop
endfacet
facet normal -0.993712 0.111964 0.000000
  outer loop
    vertex -11.699135 2.670251 39.000000
    vertex -12.000000 0.000000 39.000000
    vertex -12.000000 0.000000 40.000000
  endloop
endfacet
facet normal -0.993712 0.111964 0.000000
  outer loop
    vertex -11.699135 2.670251 39.000000
    vertex -12.000000 0.000000 40.000000
    vertex -11.699135 2.670251 40.000000
  endloop
endfacet
facet normal 0.993712 -0.111964 -0.000000
  outer loop
    vertex -2.534813 0.578554 39.000000
    vertex -2.600000 0.000000 39.000000
    vertex -2.600000 0.000000 40.000000
  endloop
endfacet
facet normal 0.993712 -0.111964 -0.000000
  outer loop
    vertex -2.534813 0.578554 39.000000
    vertex -2.600000 0.000000 40.000000
    vertex -2.534813 0.578554 40.000000
  endloop
endfacet
facet normal -0.993712 -0.111964 0.000000
  outer loop
    vertex -12.000000 0.000000 39.000000
    vertex -11.699135 -2.670251 39.000000
    vertex -11.699135 -2.670251 40.000000
  endloop
endfacet
facet normal -0.993712 -0.111964 0.000000
  outer loop
    vertex -12.000000 0.000000 39.000000
    vertex -11.699135 -2.670251 40.000000
    vertex -12.000000 0.000000 40.000000
  endloop
endfacet
facet normal 0.993712 0.111964 -0.000000
  outer loop
    vertex -2.600000 0.000000 39.000000
    vertex -2.534813 -0.578554 39.000000
    vertex -2.534813 -0.578554 40.000000
  endloop
endfacet
facet normal 0.993712 0.111964 -0.000000
  outer loop
    vertex -2.600000 0.000000 39.000000
    vertex -2.534813 -0.578554 40.000000
    vertex -2.600000 0.000000 40.000000
  endloop
endfacet
facet normal -0.943883 -0.330279 0.000000
  outer loop
    vertex -11.699135 -2.670251 39.000000
    vertex -10.811626 -5.206605 39.000000
    vertex -10.811626 -5.206605 40.000000
  endloop
endfacet
facet normal -0.943883 -0.330279 0.000000
  outer loop
    vertex -11.699135 -2.670251 39.000000
    vertex -10.811626 -5.206605 40.000000
    vertex -11.699135 -2.670251 40.000000
  endloop
endfacet
facet normal 0.943883 0.330279 -0.000000
  outer loop
    vertex -2.534813 -0.578554 39.000000
    vertex -2.342519 -1.128098 39.000000
    vertex -2.342519 -1.128098 40.000000
  endloop
endfacet
facet normal 0.943883 0.330279 -0.000000
  outer loop
    vertex -2.534813 -0.578554 39.000000
    vertex -2.342519 -1.128098 40.000000
    vertex -2.534813 -0.578554 40.000000
  endloop
endfacet
facet normal -0.846724 -0.532032 0.000000
  outer loop
    vertex -10.811626 -5.206605 39.000000
    vertex -9.381978 -7.481878 39.000000
    vertex -9.381978 -7.481878 40.000000
  endloop
endfacet
facet normal -0.846724 -0.532032 0.000000
  outer loop
    vertex -10.811626 -5.206605 39.000000
    vertex -9.381978 -7.481878 40.000000
    vertex -10.811626 -5.206605 40.000000
  endloop
endfacet
facet normal 0.846724 0.532032 -0.000000
  outer loop
    vertex -2.342519 -1.128098 39.000000
    vertex -2.032762 -1.621073 39.000000
    vertex -2.032762 -1.621073 40.000000
  endloop
endfacet
facet normal 0.846724 0.532032 -0.000000
  outer loop
    vertex -2.342519 -1.128098 39.000000
    vertex -2.032762 -1.621073 40.000000
    vertex -2.342519 -1.128098 40.000000
  endloop
endfacet
facet normal -0.707107 -0.707107 0.000000
  outer loop
    vertex -9.381978 -7.481878 39.000000
    vertex -7.481878 -9.381978 39.000000
    vertex -7.481878 -9.381978 40.000000
  endloop
endfacet
facet normal -0.707107 -0.707107 0.000000
  outer loop
    vertex -9.381978 -7.481878 39.000000
    vertex -7.481878 -9.381978 40.000000
    vertex -9.381978 -7.481878 40.000000
  endloop
endfacet
facet normal 0.707107 0.707107 -0.000000
  outer loop
    vertex -2.032762 -1.621073 39.000000
    vertex -1.621073 -2.032762 39.000000
    vertex -1.621073 -2.032762 40.000000
  endloop
endfacet
facet normal 0.707107 0.707107 -0.000000
  outer loop
    vertex -2.032762 -1.621073 39.000000
    vertex -1.621073 -2.032762 40.000000
    vertex -2.032762 -1.621073 40.000000
  endloop
endfacet
facet normal -0.532032 -0.846724 0.000000
  outer loop
    vertex -7.481878 -9.381978 39.000000
    vertex -5.206605 -10.811626 39.000000
    vertex -5.206605 -10.811626 40.000000
  endloop
endfacet
facet normal -0.532032 -0.846724 0.000000
  outer loop
    vertex -7.481878 -9.381978 39.000000
    vertex -5.206605 -10.811626 40.000000
    vertex -7.481878 -9.381978 40.000000
  endloop
endfacet
facet normal 0.532032 0.846724 -0.000000
  outer loop
    vertex -1.621073 -2.032762 39.000000
    vertex -1.128098 -2.342519 39.000000
    vertex -1.128098 -2.342519 40.000000
  endloop
endfacet
facet normal 0.532032 0.846724 -0.000000
  outer loop
    vertex -1.621073 -2.032762 39.000000
    vertex -1.128098 -2.342519 40.000000
    vertex -1.621073 -2.032762 40.000000
  endloop
endfacet
facet normal -0.330279 -0.943883 0.000000
  outer loop
    vertex -5.206605 -10.811626 39.000000
    vertex -2.670251 -11.699135 39.000000
    vertex -2.670251 -11.699135 40.000000
  endloop
endfacet
facet normal -0.330279 -0.943883 0.000000
  outer loop
    vertex -5.206605 -10.811626 39.000000
    vertex -2.670251 -11.699135 40.000000
    vertex -5.206605 -10.811626 40.000000
  endloop
endfacet
facet normal 0.330279 0.943883 -0.000000
  outer loop
    vertex -1.128098 -2.342519 39.000000
    vertex -0.578554 -2.534813 39.000000
    vertex -0.578554 -2.534813 40.000000
  endloop
endfacet
facet normal 0.330279 0.943883 -0.000000
  outer loop
    vertex -1.128098 -2.342519 39.000000
    vertex -0.578554 -2.534813 40.000000
    vertex -1.128098 -2.342519 40.000000
  endloop
endfacet
facet normal -0.111964 -0.993712 0.000000
  outer loop
    vertex -2.670251 -11.699135 39.000000
    vertex -0.000000 -12.000000 39.000000
    vertex -0.000000 -12.000000 40.000000
  endloop
endfacet
facet normal -0.111964 -0.993712 0.000000
  outer loop
    vertex -2.670251 -11.699135 39.000000
    vertex -0.000000 -12.000000 40.000000
    vertex -2.670251 -11.699135 40.000000
  endloop
endfacet
facet normal 0.111964 0.993712 -0.000000
  outer loop
    vertex -0.578554 -2.534813 39.000000
    vertex -0.000000 -2.600000 39.000000
    vertex -0.000000 -2.600000 40.000000
  endloop
endfacet
facet normal 0.111964 0.993712 -0.000000
  outer loop
    vertex -0.578554 -2.534813 39.000000
    vertex -0.000000 -2.600000 40.000000
    vertex -0.578554 -2.534813 40.000000
  endloop
endfacet
facet normal 0.111964 -0.993712 0.000000
  outer loop
    vertex -0.000000 -12.000000 39.000000
    vertex 2.670251 -11.699135 39.000000
    vertex 2.670251 -11.699135 40.000000
  endloop
endfacet
facet normal 0.111964 -0.993712 0.000000
  outer loop
    vertex -0.000000 -12.000000 39.000000
    vertex 2.670251 -11.699135 40.000000
    vertex -0.000000 -12.000000 40.000000
  endloop
endfacet
facet normal -0.111964 0.993712 -0.000000
  outer loop
    vertex -0.000000 -2.600000 39.000000
    vertex 0.578554 -2.534813 39.000000
    vertex 0.578554 -2.534813 40.000000
  endloop
endfacet
facet normal -0.111964 0.993712 -0.000000
  outer loop
    vertex -0.000000 -2.600000 39.000000
    vertex 0.578554 -2.534813 40.000000
    vertex -0.000000 -2.600000 40.000000
  endloop
endfacet
facet normal 0.330279 -0.943883 0.000000
  outer loop
    vertex 2.670251 -11.699135 39.000000
    vertex 5.206605 -10.811626 39.000000
    vertex 5.206605 -10.811626 40.000000
  endloop
endfacet
facet normal 0.330279 -0.943883 0.000000
  outer loop
    vertex 2.670251 -11.699135 39.000000
    vertex 5.206605 -10.811626 40.000000
    vertex 2.670251 -11.699135 40.000000
  endloop
endfacet
facet normal -0.330279 0.943883 -0.000000
  outer loop
    vertex 0.578554 -2.534813 39.000000
    vertex 1.128098 -2.342519 39.000000
    vertex 1.128098 -2.342519 40.000000
  endloop
endfacet
facet normal -0.330279 0.943883 -0.000000
  outer loop
    vertex 0.578554 -2.534813 39.000000
    vertex 1.128098 -2.342519 40.000000
    vertex 0.578554 -2.534813 40.000000
  endloop
endfacet
facet normal 0.532032 -0.846724 0.000000
  outer loop
    vertex 5.206605 -10.811626 39.000000
    vertex 7.481878 -9.381978 39.000000
    vertex 7.481878 -9.381978 40.000000
  endloop
endfacet
facet normal 0.532032 -0.846724 0.000000
  outer loop
    vertex 5.206605 -10.811626 39.000000
    vertex 7.481878 -9.381978 40.000000
    vertex 5.206605 -10.811626 40.000000
  endloop
endfacet
facet normal -0.532032 0.846724 -0.000000
  outer loop
    vertex 1.128098 -2.342519 39.000000
    vertex 1.621073 -2.032762 39.000000
    vertex 1.621073 -2.032762 40.000000
  endloop
endfacet
facet normal -0.532032 0.846724 -0.000000
  outer loop
    vertex 1.128098 -2.342519 39.000000
    vertex 1.621073 -2.032762 40.000000
    vertex 1.128098 -2.342519 40.000000
  endloop
endfacet
facet normal 0.707107 -0.707107 0.000000
  outer loop
    vertex 7.481878 -9.381978 39.000000
    vertex 9.381978 -7.481878 39.000000
    vertex 9.381978 -7.481878 40.000000
  endloop
endfacet
facet normal 0.707107 -0.707107 0.000000
  outer loop
    vertex 7.481878 -9.381978 39.000000
    vertex 9.381978 -7.481878 40.000000
    vertex 7.481878 -9.381978 40.000000
  endloop
endfacet
facet normal -0.707107 0.707107 -0.000000
  outer loop
    vertex 1.621073 -2.032762 39.000000
    vertex 2.032762 -1.621073 39.000000
    vertex 2.032762 -1.621073 40.000000
  endloop
endfacet
facet normal -0.707107 0.707107 -0.000000
  outer loop
    vertex 1.621073 -2.032762 39.000000
    vertex 2.032762 -1.621073 40.000000
    vertex 1.621073 -2.032762 40.000000
  endloop
endfacet
facet normal 0.846724 -0.532032 0.000000
  outer loop
    vertex 9.381978 -7.481878 39.000000
    vertex 10.811626 -5.206605 39.000000
    vertex 10.811626 -5.206605 40.000000
  endloop
endfacet
facet normal 0.846724 -0.532032 0.000000
  outer loop
    vertex 9.381978 -7.481878 39.000000
    vertex 10.811626 -5.206605 40.000000
    vertex 9.381978 -7.481878 40.000000
  endloop
endfacet
facet normal -0.846724 0.532032 -0.000000
  outer loop
    vertex 2.032762 -1.621073 39.000000
    vertex 2.342519 -1.128098 39.000000
    vertex 2.342519 -1.128098 40.000000
  endloop
endfacet
facet normal -0.846724 0.532032 -0.000000
  outer loop
    vertex 2.032762 -1.621073 39.000000
    vertex 2.342519 -1.128098 40.000000
    vertex 2.032762 -1.621073 40.000000
  endloop
endfacet
facet normal 0.943883 -0.330279 0.000000
  outer loop
    vertex 10.811626 -5.206605 39.000000
    vertex 11.699135 -2.670251 39.000000
    vertex 11.699135 -2.670251 40.000000
  endloop
endfacet
facet normal 0.943883 -0.330279 0.000000
  outer loop
    vertex 10.811626 -5.206605 39.000000
    vertex 11.699135 -2.670251 40.000000
    vertex 10.811626 -5.206605 40.000000
  endloop
endfacet
facet normal -0.943883 0.330279 -0.000000
  outer loop
    vertex 2.342519 -1.128098 39.000000
    vertex 2.534813 -0.578554 39.000000
    vertex 2.534813 -0.578554 40.000000
  endloop
endfacet
facet normal -0.943883 0.330279 -0.000000
  outer loop
    vertex 2.342519 -1.128098 39.000000
    vertex 2.534813 -0.578554 40.000000
    vertex 2.342519 -1.128098 40.000000
  endloop
endfacet
facet normal 0.993712 -0.111964 0.000000
  outer loop
    vertex 11.699135 -2.670251 39.000000
    vertex 12.000000 0.000000 39.000000
    vertex 12.000000 0.000000 40.000000
  endloop
endfacet
facet normal 0.993712 -0.111964 0.000000
  outer loop
    vertex 11.699135 -2.670251 39.000000
    vertex 12.000000 0.000000 40.000000
    vertex 11.699135 -2.670251 40.000000
  endloop
endfacet
facet normal -0.993712 0.111964 -0.000000
  outer loop
    vertex 2.534813 -0.578554 39.000000
    vertex 2.600000 0.000000 39.000000
    vertex 2.600000 0.000000 40.000000
  endloop
endfacet
facet normal -0.993712 0.111964 -0.000000
  outer loop
    vertex 2.534813 -0.578554 39.000000
    vertex 2.600000 0.000000 40.000000
    vertex 2.534813 -0.578554 40.000000
  endloop
endfacet
facet normal 0.993712 0.111964 0.000000
  outer loop
    vertex 12.000000 0.000000 40.000000
    vertex 11.699135 2.670251 40.000000
    vertex 11.699135 2.670251 41.000000
  endloop
endfacet
facet normal 0.993712 0.111964 0.000000
  outer loop
    vertex 12.000000 0.000000 40.000000
    vertex 11.699135 2.670251 41.000000
    vertex 12.000000 0.000000 41.000000
  endloop
endfacet
facet normal -0.993712 -0.111964 -0.000000
  outer loop
    vertex 2.600000 0.000000 40.000000
    vertex 2.534813 0.578554 40.000000
    vertex 2.534813 0.578554 41.000000
  endloop
endfacet
facet normal -0.993712 -0.111964 -0.000000
  outer loop
    vertex 2.600000 0.000000 40.000000
    vertex 2.534813 0.578554 41.000000
    vertex 2.600000 0.000000 41.000000
  endloop
endfacet
facet normal 0.943883 0.330279 0.000000
  outer loop
    vertex 11.699135 2.670251 40.000000
    vertex 10.811626 5.206605 40.000000
    vertex 10.811626 5.206605 41.000000
  endloop
endfacet
facet normal 0.943883 0.330279 0.000000
  outer loop
    vertex 11.699135 2.670251 40.000000
    vertex 10.811626 5.206605 41.000000
    vertex 11.699135 2.670251 41.000000
  endloop
endfacet
facet normal -0.943883 -0.330279 -0.000000
  outer loop
    vertex 2.534813 0.578554 40.000000
    vertex 2.342519 1.128098 40.000000
    vertex 2.342519 1.128098 41.000000
  endloop
endfacet
facet normal -0.943883 -0.330279 -0.000000
  outer loop
    vertex 2.534813 0.578554 40.000000
    vertex 2.342519 1.128098 41.000000
    vertex 2.534813 0.578554 41.000000
  endloop
endfacet
facet normal 0.846724 0.532032 0.000000
  outer loop
    vertex 10.811626 5.206605 40.000000
    vertex 9.381978 7.481878 40.000000
    vertex 9.381978 7.481878 41.000000
  endloop
endfacet
facet normal 0.846724 0.532032 0.000000
  outer loop
    vertex 10.811626 5.206605 40.000000
    vertex 9.381978 7.481878 41.000000
    vertex 10.811626 5.206605 41.000000
  endloop
endfacet
facet normal -0.846724 -0.532032 -0.000000
  outer loop
    vertex 2.342519 1.128098 40.000000
    vertex 2.032762 1.621073 40.000000
    vertex 2.032762 1.621073 41.000000
  endloop
endfacet
facet normal -0.846724 -0.532032 -0.000000
  outer loop
    vertex 2.342519 1.128098 40.000000
    vertex 2.032762 1.621073 41.000000
    vertex 2.342519 1.128098 41.000000
  endloop
endfacet
facet normal 0.707107 0.707107 0.000000
  outer loop
    vertex 9.381978 7.481878 40.000000
    vertex 7.481878 9.381978 40.000000
    vertex 7.481878 9.381978 41.000000
  endloop
endfacet
facet normal 0.707107 0.707107 0.000000
  outer loop
    vertex 9.381978 7.481878 40.000000
    vertex 7.481878 9.381978 41.000000
    vertex 9.381978 7.481878 41.000000
  endloop
endfacet
facet normal -0.707107 -0.707107 -0.000000
  outer loop
    vertex 2.032762 1.621073 40.000000
    vertex 1.621073 2.032762 40.000000
    vertex 1.621073 2.032762 41.000000
  endloop
endfacet
facet normal -0.707107 -0.707107 -0.000000
  outer loop
    vertex 2.032762 1.621073 40.000000
    vertex 1.621073 2.032762 41.000000
    vertex 2.032762 1.621073 41.000000
  endloop
endfacet
facet normal 0.532032 0.846724 0.000000
  outer loop
    vertex 7.481878 9.381978 40.000000
    vertex 5.206605 10.811626 40.000000
    vertex 5.206605 10.811626 41.000000
  endloop
endfacet
facet normal 0.532032 0.846724 0.000000
  outer loop
    vertex 7.481878 9.381978 40.000000
    vertex 5.206605 10.811626 41.000000
    vertex 7.481878 9.381978 41.000000
  endloop
endfacet
facet normal -0.532032 -0.846724 -0.000000
  outer loop
    vertex 1.621073 2.032762 40.000000
    vertex 1.128098 2.342519 40.000000
    vertex 1.128098 2.342519 41.000000
  endloop
endfacet
facet normal -0.532032 -0.846724 -0.000000
  outer loop
    vertex 1.621073 2.032762 40.000000
    vertex 1.128098 2.342519 41.000000
    vertex 1.621073 2.032762 41.000000
  endloop
endfacet
facet normal 0.330279 0.943883 0.000000
  outer loop
    vertex 5.206605 10.811626 40.000000
    vertex 2.670251 11.699135 40.000000
    vertex 2.670251 11.699135 41.000000
  endloop
endfacet
facet normal 0.330279 0.943883 0.000000
  outer loop
    vertex 5.206605 10.811626 40.000000
    vertex 2.670251 11.699135 41.000000
    vertex 5.206605 10.811626 41.000000
  endloop
endfacet
facet normal -0.330279 -0.943883 -0.000000
  outer loop
    vertex 1.128098 2.342519 40.000000
    vertex 0.578554 2.534813 40.000000
    vertex 0.578554 2.534813 41.000000
  endloop
endfacet
facet normal -0.330279 -0.943883 -0.000000
  outer loop
    vertex 1.128098 2.342519 40.000000
    vertex 0.578554 2.534813 41.000000
    vertex 1.128098 2.342519 41.000000
  endloop
endfacet
facet normal 0.111964 0.993712 0.000000
  outer loop
    vertex 2.670251 11.699135 40.000000
    vertex 0.000000 12.000000 40.000000
    vertex 0.000000 12.000000 41.000000
  endloop
endfacet
facet normal 0.111964 0.993712 0.000000
  outer loop
    vertex 2.670251 11.699135 40.000000
    vertex 0.000000 12.000000 41.000000
    vertex 2.670251 11.699135 41.000000
  endloop
endfacet
facet normal -0.111964 -0.993712 -0.000000
  outer loop
    vertex 0.578554 2.534813 40.000000
    vertex 0.000000 2.600000 40.000000
    vertex 0.000000 2.600000 41.000000
  endloop
endfacet
facet normal -0.111964 -0.993712 -0.000000
  outer loop
    vertex 0.578554 2.534813 40.000000
    vertex 0.000000 2.600000 41.000000
    vertex 0.578554 2.534813 41.000000
  endloop
endfacet
facet normal -0.111964 0.993712 0.000000
  outer loop
    vertex 0.000000 12.000000 40.000000
    vertex -2.670251 11.699135 40.000000
    vertex -2.670251 11.699135 41.000000
  endloop
endfacet
facet normal -0.111964 0.993712 0.000000
  outer loop
    vertex 0.000000 12.000000 40.000000
    vertex -2.670251 11.699135 41.000000
    vertex 0.000000 12.000000 41.000000
  endloop
endfacet
facet normal 0.111964 -0.993712 -0.000000
  outer loop
    vertex 0.000000 2.600000 40.000000
    vertex -0.578554 2.534813 40.000000
    vertex -0.578554 2.534813 41.000000
  endloop
endfacet
facet normal 0.111964 -0.993712 -0.000000
  outer loop
    vertex 0.000000 2.600000 40.000000
    vertex -0.578554 2.534813 41.000000
    vertex 0.000000 2.600000 41.000000
  endloop
endfacet
facet normal -0.330279 0.943883 0.000000
  outer loop
    vertex -2.670251 11.699135 40.000000
    vertex -5.206605 10.811626 40.000000
    vertex -5.206605 10.811626 41.000000
  endloop
endfacet
facet normal -0.330279 0.943883 0.000000
  outer loop
    vertex -2.670251 11.699135 40.000000
    vertex -5.206605 10.811626 41.000000
    vertex -2.670251 11.699135 41.000000
  endloop
endfacet
facet normal 0.330279 -0.943883 -0.000000
  outer loop
    vertex -0.578554 2.534813 40.000000
    vertex -1.128098 2.342519 40.000000
    vertex -1.128098 2.342519 41.000000
  endloop
endfacet
facet normal 0.330279 -0.943883 -0.000000
  outer loop
    vertex -0.578554 2.534813 40.000000
    vertex -1.128098 2.342519 41.000000
    vertex -0.578554 2.534813 41.000000
  endloop
endfacet
facet normal -0.532032 0.846724 0.000000
  outer loop
    vertex -5.206605 10.811626 40.000000
    vertex -7.481878 9.381978 40.000000
    vertex -7.481878 9.381978 41.000000
  endloop
endfacet
facet normal -0.532032 0.846724 0.000000
  outer loop
    vertex -5.206605 10.811626 40.000000
    vertex -7.481878 9.381978 41.000000
    vertex -5.206605 10.811626 41.000000
  endloop
endfacet
facet normal 0.532032 -0.846724 -0.000000
  outer loop
    vertex -1.128098 2.342519 40.000000
    vertex -1.621073 2.032762 40.000000
    vertex -1.621073 2.032762 41.000000
  endloop
endfacet
facet normal 0.532032 -0.846724 -0.000000
  outer loop
    vertex -1.128098 2.342519 40.000000
    vertex -1.621073 2.032762 41.000000
    vertex -1.128098 2.342519 41.000000
  endloop
endfacet
facet normal -0.707107 0.707107 0.000000
  outer loop
    vertex -7.481878 9.381978 40.000000
    vertex -9.381978 7.481878 40.000000
    vertex -9.381978 7.481878 41.000000
  endloop
endfacet
facet normal -0.707107 0.707107 0.000000
  outer loop
    vertex -7.481878 9.381978 40.000000
    vertex -9.381978 7.481878 41.000000
    vertex -7.481878 9.381978 41.000000
  endloop
endfacet
facet normal 0.707107 -0.707107 -0.000000
  outer loop
    vertex -1.621073 2.032762 40.000000
    vertex -2.032762 1.621073 40.000000
    vertex -2.032762 1.621073 41.000000
  endloop
endfacet
facet normal 0.707107 -0.707107 -0.000000
  outer loop
    vertex -1.621073 2.032762 40.000000
    vertex -2.032762 1.621073 41.000000
    vertex -1.621073 2.032762 41.000000
  endloop
endfacet
facet normal -0.846724 0.532032 0.000000
  outer loop
    vertex -9.381978 7.481878 40.000000
    vertex -10.811626 5.206605 40.000000
    vertex -10.811626 5.206605 41.000000
  endloop
endfacet
facet normal -0.846724 0.532032 0.000000
  outer loop
    vertex -9.381978 7.481878 40.000000
    vertex -10.811626 5.206605 41.000000
    vertex -9.381978 7.481878 41.000000
  endloop
endfacet
facet normal 0.846724 -0.532032 -0.000000
  outer loop
    vertex -2.032762 1.621073 40.000000
    vertex -2.342519 1.128098 40.000000
    vertex -2.342519 1.128098 41.000000
  endloop
endfacet
facet normal 0.846724 -0.532032 -0.000000
  outer loop
    vertex -2.032762 1.621073 40.000000
    vertex -2.342519 1.128098 41.000000
    vertex -2.032762 1.621073 41.000000
  endloop
endfacet
facet normal -0.943883 0.330279 0.000000
  outer loop
    vertex -10.811626 5.206605 40.000000
    vertex -11.699135 2.670251 40.000000
    vertex -11.699135 2.670251 41.000000
  endloop
endfacet
facet normal -0.943883 0.330279 0.000000
  outer loop
    vertex -10.811626 5.206605 40.000000
    vertex -11.699135 2.670251 41.000000
    vertex -10.811626 5.206605 41.000000
  endloop
endfacet
facet normal 0.943883 -0.330279 -0.000000
  outer loop
    vertex -2.342519 1.128098 40.000000
    vertex -2.534813 0.578554 40.000000
    vertex -2.534813 0.578554 41.000000
  endloop
endfacet
facet normal 0.943883 -0.330279 -0.000000
  outer loop
    vertex -2.342519 1.128098 40.000000
    vertex -2.534813 0.578554 41.000000
    vertex -2.342519 1.128098 41.000000
  endloop
endfacet
facet normal -0.993712 0.111964 0.000000
  outer loop
    vertex -11.699135 2.670251 40.000000
    vertex -12.000000 0.000000 40.000000
    vertex -12.000000 0.000000 41.000000
  endloop
endfacet
facet normal -0.993712 0.111964 0.000000
  outer loop
    vertex -11.699135 2.670251 40.000000
    vertex -12.000000 0.000000 41.000000
    vertex -11.699135 2.670251 41.000000
  endloop
endfacet
facet normal 0.993712 -0.111964 -0.000000
  outer loop
    vertex -2.534813 0.578554 40.000000
    vertex -2.600000 0.000000 40.000000
    vertex -2.600000 0.000000 41.000000
  endloop
endfacet
facet normal 0.993712 -0.111964 -0.000000
  outer loop
    vertex -2.534813 0.578554 40.000000
    vertex -2.600000 0.000000 41.000000
    vertex -2.534813 0.578554 41.000000
  endloop
endfacet
facet normal -0.993712 -0.111964 0.000000
  outer loop
    vertex -12.000000 0.000000 40.000000
    vertex -11.699135 -2.670251 40.000000
    vertex -11.699135 -2.670251 41.000000
  endloop
endfacet
facet normal -0.993712 -0.111964 0.000000
  outer loop
    vertex -12.000000 0.000000 40.000000
    vertex -11.699135 -2.670251 41.000000
    vertex -12.000000 0.000000 41.000000
  endloop
endfacet
facet normal 0.993712 0.111964 -0.000000
  outer loop
    vertex -2.600000 0.000000 40.000000
    vertex -2.534813 -0.578554 40.000000
    vertex -2.534813 -0.578554 41.000000
  endloop
endfacet
facet normal 0.993712 0.111964 -0.000000
  outer loop
    vertex -2.600000 0.000000 40.000000
    vertex -2.534813 -0.578554 41.000000
    vertex -2.600000 0.000000 41.000000
  endloop
endfacet
facet normal -0.943883 -0.330279 0.000000
  outer loop
    vertex -11.699135 -2.670251 40.000000
    vertex -10.811626 -5.206605 40.000000
    vertex -10.811626 -5.206605 41.000000
  endloop
endfacet
facet normal -0.943883 -0.330279 0.000000
  outer loop
    vertex -11.699135 -2.670251 40.000000
    vertex -10.811626 -5.206605 41.000000
    vertex -11.699135 -2.670251 41.000000
  endloop
endfacet
facet normal 0.943883 0.330279 -0.000000
  outer loop
    vertex -2.534813 -0.578554 40.000000
    vertex -2.342519 -1.128098 40.000000
    vertex -2.342519 -1.128098 41.000000
  endloop
endfacet
facet normal 0.943883 0.330279 -0.000000
  outer loop
    vertex -2.534813 -0.578554 40.000000
    vertex -2.342519 -1.128098 41.000000
    vertex -2.534813 -0.578554 41.000000
  endloop
endfacet
facet normal -0.846724 -0.532032 0.000000
  outer loop
    vertex -10.811626 -5.206605 40.000000
    vertex -9.381978 -7.481878 40.000000
    vertex -9.381978 -7.481878 41.000000
  endloop
endfacet
facet normal -0.846724 -0.532032 0.000000
  outer loop
    vertex -10.811626 -5.206605 40.000000
    vertex -9.381978 -7.481878 41.000000
    vertex -10.811626 -5.206605 41.000000
  endloop
endfacet
facet normal 0.846724 0.532032 -0.000000
  outer loop
    vertex -2.342519 -1.128098 40.000000
    vertex -2.032762 -1.621073 40.000000
    vertex -2.032762 -1.621073 41.000000
  endloop
endfacet
facet normal 0.846724 0.532032 -0.000000
  outer loop
    vertex -2.342519 -1.128098 40.000000
    vertex -2.032762 -1.621073 41.000000
    vertex -2.342519 -1.128098 41.000000
  endloop
endfacet
facet normal -0.707107 -0.707107 0.000000
  outer loop
    vertex -9.381978 -7.481878 40.000000
    vertex -7.481878 -9.381978 40.000000
    vertex -7.481878 -9.381978 41.000000
  endloop
endfacet
facet normal -0.707107 -0.707107 0.000000
  outer loop
    vertex -9.381978 -7.481878 40.000000
    vertex -7.481878 -9.381978 41.000000
    vertex -9.381978 -7.481878 41.000000
  endloop
endfacet
facet normal 0.707107 0.707107 -0.000000
  outer loop
    vertex -2.032762 -1.621073 40.000000
    vertex -1.621073 -2.032762 40.000000
    vertex -1.621073 -2.032762 41.000000
  endloop
endfacet
facet normal 0.707107 0.707107 -0.000000
  outer loop
    vertex -2.032762 -1.621073 40.000000
    vertex -1.621073 -2.032762 41.000000
    vertex -2.032762 -1.621073 41.000000
  endloop
endfacet
facet normal -0.532032 -0.846724 0.000000
  outer loop
    vertex -7.481878 -9.381978 40.000000
    vertex -5.206605 -10.811626 40.000000
    vertex -5.206605 -10.811626 41.000000
  endloop
endfacet
facet normal -0.532032 -0.846724 0.000000
  outer loop
    vertex -7.481878 -9.381978 40.000000
    vertex -5.206605 -10.811626 41.000000
    vertex -7.481878 -9.381978 41.000000
  endloop
endfacet
facet normal 0.532032 0.846724 -0.000000
  outer loop
    vertex -1.621073 -2.032762 40.000000
    vertex -1.128098 -2.342519 40.000000
    vertex -1.128098 -2.342519 41.000000
  endloop
endfacet
facet normal 0.532032 0.846724 -0.000000
  outer loop
    vertex -1.621073 -2.032762 40.000000
    vertex -1.128098 -2.342519 41.000000
    vertex -1.621073 -2.032762 41.000000
  endloop
endfacet
facet normal -0.330279 -0.943883 0.000000
  outer loop
    vertex -5.206605 -10.811626 40.000000
    vertex -2.670251 -11.699135 40.000000
    vertex -2.670251 -11.699135 41.000000
  endloop
endfacet
facet normal -0.330279 -0.943883 0.000000
  outer loop
    vertex -5.206605 -10.811626 40.000000
    vertex -2.670251 -11.699135 41.000000
    vertex -5.206605 -10.811626 41.000000
  endloop
endfacet
facet normal 0.330279 0.943883 -0.000000
  outer loop
    vertex -1.128098 -2.342519 40.000000
    vertex -0.578554 -2.534813 40.000000
    vertex -0.578554 -2.534813 41.000000
  endloop
endfacet
facet normal 0.330279 0.943883 -0.000000
  outer loop
    vertex -1.128098 -2.342519 40.000000
    vertex -0.578554 -2.534813 41.000000
    vertex -1.128098 -2.342519 41.000000
  endloop
endfacet
facet normal -0.111964 -0.993712 0.000000
  outer loop
    vertex -2.670251 -11.699135 40.000000
    vertex -0.000000 -12.000000 40.000000
    vertex -0.000000 -12.000000 41.000000
  endloop
endfacet
facet normal -0.111964 -0.993712 0.000000
  outer loop
    vertex -2.670251 -11.699135 40.000000
    vertex -0.000000 -12.000000 41.000000
    vertex -2.670251 -11.699135 41.000000
  endloop
endfacet
facet normal 0.111964 0.993712 -0.000000
  outer loop
    vertex -0.578554 -2.534813 40.000000
    vertex -0.000000 -2.600000 40.000000
    vertex -0.000000 -2.600000 41.000000
  endloop
endfacet
facet normal 0.111964 0.993712 -0.000000
  outer loop
    vertex -0.578554 -2.534813 40.000000
    vertex -0.000000 -2.600000 41.000000
    vertex -0.578554 -2.534813 41.000000
  endloop
endfacet
facet normal 0.111964 -0.993712 0.000000
  outer loop
    vertex -0.000000 -12.000000 40.000000
    vertex 2.670251 -11.699135 40.000000
    vertex 2.670251 -11.699135 41.000000
  endloop
endfacet
facet normal 0.111964 -0.993712 0.000000
  outer loop
    vertex -0.000000 -12.000000 40.000000
    vertex 2.670251 -11.699135 41.000000
    vertex -0.000000 -12.000000 41.000000
  endloop
endfacet
facet normal -0.111964 0.993712 -0.000000
  outer loop
    vertex -0.000000 -2.600000 40.000000
    vertex 0.578554 -2.534813 40.000000
    vertex 0.578554 -2.534813 41.000000
  endloop
endfacet
facet normal -0.111964 0.993712 -0.000000
  outer loop
    vertex -0.000000 -2.600000 40.000000
    vertex 0.578554 -2.534813 41.000000
    vertex -0.000000 -2.600000 41.000000
  endloop
endfacet
facet normal 0.330279 -0.943883 0.000000
  outer loop
    vertex 2.670251 -11.699135 40.000000
    vertex 5.206605 -10.811626 40.000000
    vertex 5.206605 -10.811626 41.000000
  endloop
endfacet
facet normal 0.330279 -0.943883 0.000000
  outer loop
    vertex 2.670251 -11.699135 40.000000
    vertex 5.206605 -10.811626 41.000000
    vertex 2.670251 -11.699135 41.000000
  endloop
endfacet
facet normal -0.330279 0.943883 -0.000000
  outer loop
    vertex 0.578554 -2.534813 40.000000
    vertex 1.128098 -2.342519 40.000000
    vertex 1.128098 -2.342519 41.000000
  endloop
endfacet
facet normal -0.330279 0.943883 -0.000000
  outer loop
    vertex 0.578554 -2.534813 40.000000
    vertex 1.128098 -2.342519 41.000000
    vertex 0.578554 -2.534813 41.000000
  endloop
endfacet
facet normal 0.532032 -0.846724 0.000000
  outer loop
    vertex 5.206605 -10.811626 40.000000
    vertex 7.481878 -9.381978 40.000000
    vertex 7.481878 -9.381978 41.000000
  endloop
endfacet
facet normal 0.532032 -0.846724 0.000000
  outer loop
    vertex 5.206605 -10.811626 40.000000
    vertex 7.481878 -9.381978 41.000000
    vertex 5.206605 -10.811626 41.000000
  endloop
endfacet
facet normal -0.532032 0.846724 -0.000000
  outer loop
    vertex 1.128098 -2.342519 40.000000
    vertex 1.621073 -2.032762 40.000000
    vertex 1.621073 -2.032762 41.000000
  endloop
endfacet
facet normal -0.532032 0.846724 -0.000000
  outer loop
    vertex 1.128098 -2.342519 40.000000
    vertex 1.621073 -2.032762 41.000000
    vertex 1.128098 -2.342519 41.000000
  endloop
endfacet
facet normal 0.707107 -0.707107 0.000000
  outer loop
    vertex 7.481878 -9.381978 40.000000
    vertex 9.381978 -7.481878 40.000000
    vertex 9.381978 -7.481878 41.000000
  endloop
endfacet
facet normal 0.707107 -0.707107 0.000000
  outer loop
    vertex 7.481878 -9.381978 40.000000
    vertex 9.381978 -7.481878 41.000000
    vertex 7.481878 -9.381978 41.000000
  endloop
endfacet
facet normal -0.707107 0.707107 -0.000000
  outer loop
    vertex 1.621073 -2.032762 40.000000
    vertex 2.032762 -1.621073 40.000000
    vertex 2.032762 -1.621073 41.000000
  endloop
endfacet
facet normal -0.707107 0.707107 -0.000000
  outer loop
    vertex 1.621073 -2.032762 40.000000
    vertex 2.032762 -1.621073 41.000000
    vertex 1.621073 -2.032762 41.000000
  endloop
endfacet
facet normal 0.846724 -0.532032 0.000000
  outer loop
    vertex 9.381978 -7.481878 40.000000
    vertex 10.811626 -5.206605 40.000000
    vertex 10.811626 -5.206605 41.000000
  endloop
endfacet
facet normal 0.846724 -0.532032 0.000000
  outer loop
    vertex 9.381978 -7.481878 40.000000
    vertex 10.811626 -5.206605 41.000000
    vertex 9.381978 -7.481878 41.000000
  endloop
endfacet
facet normal -0.846724 0.532032 -0.000000
  outer loop
    vertex 2.032762 -1.621073 40.000000
    vertex 2.342519 -1.128098 40.000000
    vertex 2.342519 -1.128098 41.000000
  endloop
endfacet
facet normal -0.846724 0.532032 -0.000000
  outer loop
    vertex 2.032762 -1.621073 40.000000
    vertex 2.342519 -1.128098 41.000000
    vertex 2.032762 -1.621073 41.000000
  endloop
endfacet
facet normal 0.943883 -0.330279 0.000000
  outer loop
    vertex 10.811626 -5.206605 40.000000
    vertex 11.699135 -2.670251 40.000000
    vertex 11.699135 -2.670251 41.000000
  endloop
endfacet
facet normal 0.943883 -0.330279 0.000000
  outer loop
    vertex 10.811626 -5.206605 40.000000
    vertex 11.699135 -2.670251 41.000000
    vertex 10.811626 -5.206605 41.000000
  endloop
endfacet
facet normal -0.943883 0.330279 -0.000000
  outer loop
    vertex 2.342519 -1.128098 40.000000
    vertex 2.534813 -0.578554 40.000000
    vertex 2.534813 -0.578554 41.000000
  endloop
endfacet
facet normal -0.943883 0.330279 -0.000000
  outer loop
    vertex 2.342519 -1.128098 40.000000
    vertex 2.534813 -0.578554 41.000000
    vertex 2.342519 -1.128098 41.000000
  endloop
endfacet
facet normal 0.993712 -0.111964 0.000000
  outer loop
    vertex 11.699135 -2.670251 40.000000
    vertex 12.000000 0.000000 40.000000
    vertex 12.000000 0.000000 41.000000
  endloop
endfacet
facet normal 0.993712 -0.111964 0.000000
  outer loop
    vertex 11.699135 -2.670251 40.000000
    vertex 12.000000 0.000000 41.000000
    vertex 11.699135 -2.670251 41.000000
  endloop
endfacet
facet normal -0.993712 0.111964 -0.000000
  outer loop
    vertex 2.534813 -0.578554 40.000000
    vertex 2.600000 0.000000 40.000000
    vertex 2.600000 0.000000 41.000000
  endloop
endfacet
facet normal -0.993712 0.111964 -0.000000
  outer loop
    vertex 2.534813 -0.578554 40.000000
    vertex 2.600000 0.000000 41.000000
    vertex 2.534813 -0.578554 41.000000
  endloop
endfacet
facet normal 0.993712 0.111964 0.000000
  outer loop
    vertex 12.000000 0.000000 41.000000
    vertex 11.699135 2.670251 41.000000
    vertex 11.699135 2.670251 42.000000
  endloop
endfacet
facet normal 0.993712 0.111964 0.000000
  outer loop
    vertex 12.000000 0.000000 41.000000
    vertex 11.699135 2.670251 42.000000
    vertex 12.000000 0.000000 42.000000
  endloop
endfacet
facet normal -0.993712 -0.111964 -0.000000
  outer loop
    vertex 2.600000 0.000000 41.000000
    vertex 2.534813 0.578554 41.000000
    vertex 2.534813 0.578554 42.000000
  endloop
endfacet
facet normal -0.993712 -0.111964 -0.000000
  outer loop
    vertex 2.600000 0.000000 41.000000
    vertex 2.534813 0.578554 42.000000
    vertex 2.600000 0.000000 42.000000
  endloop
endfacet
facet normal 0.943883 0.330279 0.000000
  outer loop
    vertex 11.699135 2.670251 41.000000
    vertex 10.811626 5.206605 41.000000
    vertex 10.811626 5.206605 42.000000
  endloop
endfacet
facet normal 0.943883 0.330279 0.000000
  outer loop
    vertex 11.699135 2.670251 41.000000
    vertex 10.811626 5.206605 42.000000
    vertex 11.699135 2.670251 42.000000
  endloop
endfacet
facet normal -0.943883 -0.330279 -0.000000
  outer loop
    vertex 2.534813 0.578554 41.000000
    vertex 2.342519 1.128098 41.000000
    vertex 2.342519 1.128098 42.000000
  endloop
endfacet
facet normal -0.943883 -0.330279 -0.000000
  outer loop
    vertex 2.534813 0.578554 41.000000
    vertex 2.342519 1.128098 42.000000
    vertex 2.534813 0.578554 42.000000
  endloop
endfacet
facet normal 0.846724 0.532032 0.000000
  outer loop
    vertex 10.811626 5.206605 41.000000
    vertex 9.381978 7.481878 41.000000
    vertex 9.381978 7.481878 42.000000
  endloop
endfacet
facet normal 0.846724 0.532032 0.000000
  outer loop
    vertex 10.811626 5.206605 41.000000
    vertex 9.381978 7.481878 42.000000
    vertex 10.811626 5.206605 42.000000
  endloop
endfacet
facet normal -0.846724 -0.532032 -0.000000
  outer loop
    vertex 2.342519 1.128098 41.000000
    vertex 2.032762 1.621073 41.000000
    vertex 2.032762 1.621073 42.000000
  endloop
endfacet
facet normal -0.846724 -0.532032 -0.000000
  outer loop
    vertex 2.342519 1.128098 41.000000
    vertex 2.032762 1.621073 42.000000
    vertex 2.342519 1.128098 42.000000
  endloop
endfacet
facet normal 0.707107 0.707107 0.000000
  outer loop
    vertex 9.381978 7.481878 41.000000
    vertex 7.481878 9.381978 41.000000
    vertex 7.481878 9.381978 42.000000
  endloop
endfacet
facet normal 0.707107 0.707107 0.000000
  outer loop
    vertex 9.381978 7.481878 41.000000
    vertex 7.481878 9.381978 42.000000
    vertex 9.381978 7.481878 42.000000
  endloop
endfacet
facet normal -0.707107 -0.707107 -0.000000
  outer loop
    vertex 2.032762 1.621073 41.000000
    vertex 1.621073 2.032762 41.000000
    vertex 1.621073 2.032762 42.000000
  endloop
endfacet
facet normal -0.707107 -0.707107 -0.000000
  outer loop
    vertex 2.032762 1.621073 41.000000
    vertex 1.621073 2.032762 42.000000
    vertex 2.032762 1.621073 42.000000
  endloop
endfacet
facet normal 0.532032 0.846724 0.000000
  outer loop
    vertex 7.481878 9.381978 41.000000
    vertex 5.206605 10.811626 41.000000
    vertex 5.206605 10.811626 42.000000
  endloop
endfacet
facet normal 0.532032 0.846724 0.000000
  outer loop
    vertex 7.481878 9.381978 41.000000
    vertex 5.206605 10.811626 42.000000
    vertex 7.481878 9.381978 42.000000
  endloop
endfacet
facet normal -0.532032 -0.846724 -0.000000
  outer loop
    vertex 1.621073 2.032762 41.000000
    vertex 1.128098 2.342519 41.000000
    vertex 1.128098 2.342519 42.000000
  endloop
endfacet
facet normal -0.532032 -0.846724 -0.000000
  outer loop
    vertex 1.621073 2.032762 41.000000
    vertex 1.128098 2.342519 42.000000
    vertex 1.621073 2.032762 42.000000
  endloop
endfacet
facet normal 0.330279 0.943883 0.000000
  outer loop
    vertex 5.206605 10.811626 41.000000
    vertex 2.670251 11.699135 41.000000
    vertex 2.670251 11.699135 42.000000
  endloop
endfacet
facet normal 0.330279 0.943883 0.000000
  outer loop
    vertex 5.206605 10.811626 41.000000
    vertex 2.670251 11.699135 42.000000
    vertex 5.206605 10.811626 42.000000
  endloop
endfacet
facet normal -0.330279 -0.943883 -0.000000
  outer loop
    vertex 1.128098 2.342519 41.000000
    vertex 0.578554 2.534813 41.000000
    vertex 0.578554 2.534813 42.000000
  endloop
endfacet
facet normal -0.330279 -0.943883 -0.000000
  outer loop
    vertex 1.128098 2.342519 41.000000
    vertex 0.578554 2.534813 42.000000
    vertex 1.128098 2.342519 42.000000
  endloop
endfacet
facet normal 0.111964 0.993712 0.000000
  outer loop
    vertex 2.670251 11.699135 41.000000
    vertex 0.000000 12.000000 41.000000
    vertex 0.000000 12.000000 42.000000
  endloop
endfacet
facet normal 0.111964 0.993712 0.000000
  outer loop
    vertex 2.670251 11.699135 41.000000
    vertex 0.000000 12.000000 42.000000
    vertex 2.670251 11.699135 42.000000
  endloop
endfacet
facet normal -0.111964 -0.993712 -0.000000
  outer loop
    vertex 0.578554 2.534813 41.000000
    vertex 0.000000 2.600000 41.000000
    vertex 0.000000 2.600000 42.000000
  endloop
endfacet
facet normal -0.111964 -0.993712 -0.000000
  outer loop
    vertex 0.578554 2.534813 41.000000
    vertex 0.000000 2.600000 42.000000
    vertex 0.578554 2.534813 42.000000
  endloop
endfacet
facet normal -0.111964 0.993712 0.000000
  outer loop
    vertex 0.000000 12.000000 41.000000
    vertex -2.670251 11.699135 41.000000
    vertex -2.670251 11.699135 42.000000
  endloop
endfacet
facet normal -0.111964 0.993712 0.000000
  outer loop
    vertex 0.000000 12.000000 41.000000
    vertex -2.670251 11.699135 42.000000
    vertex 0.000000 12.000000 42.000000
  endloop
endfacet
facet normal 0.111964 -0.993712 -0.000000
  outer loop
    vertex 0.000000 2.600000 41.000000
    vertex -0.578554 2.534813 41.000000
    vertex -0.578554 2.534813 42.000000
  endloop
endfacet
facet normal 0.111964 -0.993712 -0.000000
  outer loop
    vertex 0.000000 2.600000 41.000000
    vertex -0.578554 2.534813 42.000000
    vertex 0.000000 2.600000 42.000000
  endloop
endfacet
facet normal -0.330279 0.943883 0.000000
  outer loop
    vertex -2.670251 11.699135 41.000000
    vertex -5.206605 10.811626 41.000000
    vertex -5.206605 10.811626 42.000000
  endloop
endfacet
facet normal -0.330279 0.943883 0.000000
  outer loop
    vertex -2.670251 11.699135 41.000000
    vertex -5.206605 10.811626 42.000000
    vertex -2.670251 11.699135 42.000000
  endloop
endfacet
facet normal 0.330279 -0.943883 -0.000000
  outer loop
    vertex -0.578554 2.534813 41.000000
    vertex -1.128098 2.342519 41.000000
    vertex -1.128098 2.342519 42.000000
  endloop
endfacet
facet normal 0.330279 -0.943883 -0.000000
  outer loop
    vertex -0.578554 2.534813 41.000000
    vertex -1.128098 2.342519 42.000000
    vertex -0.578554 2.534813 42.000000
  endloop
endfacet
facet normal -0.532032 0.846724 0.000000
  outer loop
    vertex -5.206605 10.811626 41.000000
    vertex -7.481878 9.381978 41.000000
    vertex -7.481878 9.381978 42.000000
  endloop
endfacet
facet normal -0.532032 0.846724 0.000000
  outer loop
    vertex -5.206605 10.811626 41.000000
    vertex -7.481878 9.381978 42.000000
    vertex -5.206605 10.811626 42.000000
  endloop
endfacet
facet normal 0.532032 -0.846724 -0.000000
  outer loop
    vertex -1.128098 2.342519 41.000000
    vertex -1.621073 2.032762 41.000000
    vertex -1.621073 2.032762 42.000000
  endloop
endfacet
facet normal 0.532032 -0.846724 -0.000000
  outer loop
    vertex -1.128098 2.342519 41.000000
    vertex -1.621073 2.032762 42.000000
    vertex -1.128098 2.342519 42.000000
  endloop
endfacet
facet normal -0.707107 0.707107 0.000000
  outer loop
    vertex -7.481878 9.381978 41.000000
    vertex -9.381978 7.481878 41.000000
    vertex -9.381978 7.481878 42.000000
  endloop
endfacet
facet normal -0.707107 0.707107 0.000000
  outer loop
    vertex -7.481878 9.381978 41.000000
    vertex -9.381978 7.481878 42.000000
    vertex -7.481878 9.381978 42.000000
  endloop
endfacet
facet normal 0.707107 -0.707107 -0.000000
  outer loop
    vertex -1.621073 2.032762 41.000000
    vertex -2.032762 1.621073 41.000000
    vertex -2.032762 1.621073 42.000000
  endloop
endfacet
facet normal 0.707107 -0.707107 -0.000000
  outer loop
    vertex -1.621073 2.032762 41.000000
    vertex -2.032762 1.621073 42.000000
    vertex -1.621073 2.032762 42.000000
  endloop
endfacet
facet normal -0.846724 0.532032 0.000000
  outer loop
    vertex -9.381978 7.481878 41.000000
    vertex -10.811626 5.206605 41.000000
    vertex -10.811626 5.206605 42.000000
  endloop
endfacet
facet normal -0.846724 0.532032 0.000000
  outer loop
    vertex -9.381978 7.481878 41.000000
    vertex -10.811626 5.206605 42.000000
    vertex -9.381978 7.481878 42.000000
  endloop
endfacet
facet normal 0.846724 -0.532032 -0.000000
  outer loop
    vertex -2.032762 1.621073 41.000000
    vertex -2.342519 1.128098 41.000000
    vertex -2.342519 1.128098 42.000000
  endloop
endfacet
facet normal 0.846724 -0.532032 -0.000000
  outer loop
    vertex -2.032762 1.621073 41.000000
    vertex -2.342519 1.128098 42.000000
    vertex -2.032762 1.621073 42.000000
  endloop
endfacet
facet normal -0.943883 0.330279 0.000000
  outer loop
    vertex -10.811626 5.206605 41.000000
    vertex -11.699135 2.670251 41.000000
    vertex -11.699135 2.670251 42.000000
  endloop
endfacet
facet normal -0.943883 0.330279 0.000000
  outer loop
    vertex -10.811626 5.206605 41.000000
    vertex -11.699135 2.670251 42.000000
    vertex -10.811626 5.206605 42.000000
  endloop
endfacet
facet normal 0.943883 -0.330279 -0.000000
  outer loop
    vertex -2.342519 1.128098 41.000000
    vertex -2.534813 0.578554 41.000000
    vertex -2.534813 0.578554 42.000000
  endloop
endfacet
facet normal 0.943883 -0.330279 -0.000000
  outer loop
    vertex -2.342519 1.128098 41.000000
    vertex -2.534813 0.578554 42.000000
    vertex -2.342519 1.128098 42.000000
  endloop
endfacet
facet normal -0.993712 0.111964 0.000000
  outer loop
    vertex -11.699135 2.670251 41.000000
    vertex -12.000000 0.000000 41.000000
    vertex -12.000000 0.000000 42.000000
  endloop
endfacet
facet normal -0.993712 0.111964 0.000000
  outer loop
    vertex -11.699135 2.670251 41.000000
    vertex -12.000000 0.000000 42.000000
    vertex -11.699135 2.670251 42.000000
  endloop
endfacet
facet normal 0.993712 -0.111964 -0.000000
  outer loop
    vertex -2.534813 0.578554 41.000000
    vertex -2.600000 0.000000 41.000000
    vertex -2.600000 0.000000 42.000000
  endloop
endfacet
facet normal 0.993712 -0.111964 -0.000000
  outer loop
    vertex -2.534813 0.578554 41.000000
    vertex -2.600000 0.000000 42.000000
    vertex -2.534813 0.578554 42.000000
  endloop
endfacet
facet normal -0.993712 -0.111964 0.000000
  outer loop
    vertex -12.000000 0.000000 41.000000
    vertex -11.699135 -2.670251 41.000000
    vertex -11.699135 -2.670251 42.000000
  endloop
endfacet
facet normal -0.993712 -0.111964 0.000000
  outer loop
    vertex -12.000000 0.000000 41.000000
    vertex -11.699135 -2.670251 42.000000
    vertex -12.000000 0.000000 42.000000
  endloop
endfacet
facet normal 0.993712 0.111964 -0.000000
  outer loop
    vertex -2.600000 0.000000 41.000000
    vertex -2.534813 -0.578554 41.000000
    vertex -2.534813 -0.578554 42.000000
  endloop
endfacet
facet normal 0.993712 0.111964 -0.000000
  outer loop
    vertex -2.600000 0.000000 41.000000
    vertex -2.534813 -0.578554 42.000000
    vertex -2.600000 0.000000 42.000000
  endloop
endfacet
facet normal -0.943883 -0.330279 0.000000
  outer loop
    vertex -11.699135 -2.670251 41.000000
    vertex -10.811626 -5.206605 41.000000
    vertex -10.811626 -5.206605 42.000000
  endloop
endfacet
facet normal -0.943883 -0.330279 0.000000
  outer loop
    vertex -11.699135 -2.670251 41.000000
    vertex -10.811626 -5.206605 42.000000
    vertex -11.699135 -2.670251 42.000000
  endloop
endfacet
facet normal 0.943883 0.330279 -0.000000
  outer loop
    vertex -2.534813 -0.578554 41.000000
    vertex -2.342519 -1.128098 41.000000
    vertex -2.342519 -1.128098 42.000000
  endloop
endfacet
facet normal 0.943883 0.330279 -0.000000
  outer loop
    vertex -2.534813 -0.578554 41.000000
    vertex -2.342519 -1.128098 42.000000
    vertex -2.534813 -0.578554 42.000000
  endloop
endfacet
facet normal -0.846724 -0.532032 0.000000
  outer loop
    vertex -10.811626 -5.206605 41.000000
    vertex -9.381978 -7.481878 41.000000
    vertex -9.381978 -7.481878 42.000000
  endloop
endfacet
facet normal -0.846724 -0.532032 0.000000
  outer loop
    vertex -10.811626 -5.206605 41.000000
    vertex -9.381978 -7.481878 42.000000
    vertex -10.811626 -5.206605 42.000000
  endloop
endfacet
facet normal 0.846724 0.532032 -0.000000
  outer loop
    vertex -2.342519 -1.128098 41.000000
    vertex -2.032762 -1.621073 41.000000
    vertex -2.032762 -1.621073 42.000000
  endloop
endfacet
facet normal 0.846724 0.532032 -0.000000
  outer loop
    vertex -2.342519 -1.128098 41.000000
    vertex -2.032762 -1.621073 42.000000
    vertex -2.342519 -1.128098 42.000000
  endloop
endfacet
facet normal -0.707107 -0.707107 0.000000
  outer loop
    vertex -9.381978 -7.481878 41.000000
    vertex -7.481878 -9.381978 41.000000
    vertex -7.481878 -9.381978 42.000000
  endloop
endfacet
facet normal -0.707107 -0.707107 0.000000
  outer loop
    vertex -9.381978 -7.481878 41.000000
    vertex -7.481878 -9.381978 42.000000
    vertex -9.381978 -7.481878 42.000000
  endloop
endfacet
facet normal 0.707107 0.707107 -0.000000
  outer loop
    vertex -2.032762 -1.621073 41.000000
    vertex -1.621073 -2.032762 41.000000
    vertex -1.621073 -2.032762 42.000000
  endloop
endfacet
facet normal 0.707107 0.707107 -0.000000
  outer loop
    vertex -2.032762 -1.621073 41.000000
    vertex -1.621073 -2.032762 42.000000
    vertex -2.032762 -1.621073 42.000000
  endloop
endfacet
facet normal -0.532032 -0.846724 0.000000
  outer loop
    vertex -7.481878 -9.381978 41.000000
    vertex -5.206605 -10.811626 41.000000
    vertex -5.206605 -10.811626 42.000000
  endloop
endfacet
facet normal -0.532032 -0.846724 0.000000
  outer loop
    vertex -7.481878 -9.381978 41.000000
    vertex -5.206605 -10.811626 42.000000
    vertex -7.481878 -9.381978 42.000000
  endloop
endfacet
facet normal 0.532032 0.846724 -0.000000
  outer loop
    vertex -1.621073 -2.032762 41.000000
    vertex -1.128098 -2.342519 41.000000
    vertex -1.128098 -2.342519 42.000000
  endloop
endfacet
facet normal 0.532032 0.846724 -0.000000
  outer loop
    vertex -1.621073 -2.032762 41.000000
    vertex -1.128098 -2.342519 42.000000
    vertex -1.621073 -2.032762 42.000000
  endloop
endfacet
facet normal -0.330279 -0.943883 0.000000
  outer loop
    vertex -5.206605 -10.811626 41.000000
    vertex -2.670251 -11.699135 41.000000
    vertex -2.670251 -11.699135 42.000000
  endloop
endfacet
facet normal -0.330279 -0.943883 0.000000
  outer loop
    vertex -5.206605 -10.811626 41.000000
    vertex -2.670251 -11.699135 42.000000
    vertex -5.206605 -10.811626 42.000000
  endloop
endfacet
facet normal 0.330279 0.943883 -0.000000
  outer loop
    vertex -1.128098 -2.342519 41.000000
    vertex -0.578554 -2.534813 41.000000
    vertex -0.578554 -2.534813 42.000000
  endloop
endfacet
facet normal 0.330279 0.943883 -0.000000
  outer loop
    vertex -1.128098 -2.342519 41.000000
    vertex -0.578554 -2.534813 42.000000
    vertex -1.128098 -2.342519 42.000000
  endloop
endfacet
facet normal -0.111964 -0.993712 0.000000
  outer loop
    vertex -2.670251 -11.699135 41.000000
    vertex -0.000000 -12.000000 41.000000
    vertex -0.000000 -12.000000 42.000000
  endloop
endfacet
facet normal -0.111964 -0.993712 0.000000
  outer loop
    vertex -2.670251 -11.699135 41.000000
    vertex -0.000000 -12.000000 42.000000
    vertex -2.670251 -11.699135 42.000000
  endloop
endfacet
facet normal 0.111964 0.993712 -0.000000
  outer loop
    vertex -0.578554 -2.534813 41.000000
    vertex -0.000000 -2.600000 41.000000
    vertex -0.000000 -2.600000 42.000000
  endloop
endfacet
facet normal 0.111964 0.993712 -0.000000
  outer loop
    vertex -0.578554 -2.534813 41.000000
    vertex -0.000000 -2.600000 42.000000
    vertex -0.578554 -2.534813 42.000000
  endloop
endfacet
facet normal 0.111964 -0.993712 0.000000
  outer loop
    vertex -0.000000 -12.000000 41.000000
    vertex 2.670251 -11.699135 41.000000
    vertex 2.670251 -11.699135 42.000000
  endloop
endfacet
facet normal 0.111964 -0.993712 0.000000
  outer loop
    vertex -0.000000 -12.000000 41.000000
    vertex 2.670251 -11.699135 42.000000
    vertex -0.000000 -12.000000 42.000000
  endloop
endfacet
facet normal -0.111964 0.993712 -0.000000
  outer loop
    vertex -0.000000 -2.600000 41.000000
    vertex 0.578554 -2.534813 41.000000
    vertex 0.578554 -2.534813 42.000000
  endloop
endfacet
facet normal -0.111964 0.993712 -0.000000
  outer loop
    vertex -0.000000 -2.600000 41.000000
    vertex 0.578554 -2.534813 42.000000
    vertex -0.000000 -2.600000 42.000000
  endloop
endfacet
facet normal 0.330279 -0.943883 0.000000
  outer loop
    vertex 2.670251 -11.699135 41.000000
    vertex 5.206605 -10.811626 41.000000
    vertex 5.206605 -10.811626 42.000000
  endloop
endfacet
facet normal 0.330279 -0.943883 0.000000
  outer loop
    vertex 2.670251 -11.699135 41.000000
    vertex 5.206605 -10.811626 42.000000
    vertex 2.670251 -11.699135 42.000000
  endloop
endfacet
facet normal -0.330279 0.943883 -0.000000
  outer loop
    vertex 0.578554 -2.534813 41.000000
    vertex 1.128098 -2.342519 41.000000
    vertex 1.128098 -2.342519 42.000000
  endloop
endfacet
facet normal -0.330279 0.943883 -0.000000
  outer loop
    vertex 0.578554 -2.534813 41.000000
    vertex 1.128098 -2.342519 42.000000
    vertex 0.578554 -2.534813 42.000000
  endloop
endfacet
facet normal 0.532032 -0.846724 0.000000
  outer loop
    vertex 5.206605 -10.811626 41.000000
    vertex 7.481878 -9.381978 41.000000
    vertex 7.481878 -9.381978 42.000000
  endloop
endfacet
facet normal 0.532032 -0.846724 0.000000
  outer loop
    vertex 5.206605 -10.811626 41.000000
    vertex 7.481878 -9.381978 42.000000
    vertex 5.206605 -10.811626 42.000000
  endloop
endfacet
facet normal -0.532032 0.846724 -0.000000
  outer loop
    vertex 1.128098 -2.342519 41.000000
    vertex 1.621073 -2.032762 41.000000
    vertex 1.621073 -2.032762 42.000000
  endloop
endfacet
facet normal -0.532032 0.846724 -0.000000
  outer loop
    vertex 1.128098 -2.342519 41.000000
    vertex 1.621073 -2.032762 42.000000
    vertex 1.128098 -2.342519 42.000000
  endloop
endfacet
facet normal 0.707107 -0.707107 0.000000
  outer loop
    vertex 7.481878 -9.381978 41.000000
    vertex 9.381978 -7.481878 41.000000
    vertex 9.381978 -7.481878 42.000000
  endloop
endfacet
facet normal 0.707107 -0.707107 0.000000
  outer loop
    vertex 7.481878 -9.381978 41.000000
    vertex 9.381978 -7.481878 42.000000
    vertex 7.481878 -9.381978 42.000000
  endloop
endfacet
facet normal -0.707107 0.707107 -0.000000
  outer loop
    vertex 1.621073 -2.032762 41.000000
    vertex 2.032762 -1.621073 41.000000
    vertex 2.032762 -1.621073 42.000000
  endloop
endfacet
facet normal -0.707107 0.707107 -0.000000
  outer loop
    vertex 1.621073 -2.032762 41.000000
    vertex 2.032762 -1.621073 42.000000
    vertex 1.621073 -2.032762 42.000000
  endloop
endfacet
facet normal 0.846724 -0.532032 0.000000
  outer loop
    vertex 9.381978 -7.481878 41.000000
    vertex 10.811626 -5.206605 41.000000
    vertex 10.811626 -5.206605 42.000000
  endloop
endfacet
facet normal 0.846724 -0.532032 0.000000
  outer loop
    vertex 9.381978 -7.481878 41.000000
    vertex 10.811626 -5.206605 42.000000
    vertex 9.381978 -7.481878 42.000000
  endloop
endfacet
facet normal -0.846724 0.532032 -0.000000
  outer loop
    vertex 2.032762 -1.621073 41.000000
    vertex 2.342519 -1.128098 41.000000
    vertex 2.342519 -1.128098 42.000000
  endloop
endfacet
facet normal -0.846724 0.532032 -0.000000
  outer loop
    vertex 2.032762 -1.621073 41.000000
    vertex 2.342519 -1.128098 42.000000
    vertex 2.032762 -1.621073 42.000000
  endloop
endfacet
facet normal 0.943883 -0.330279 0.000000
  outer loop
    vertex 10.811626 -5.206605 41.000000
    vertex 11.699135 -2.670251 41.000000
    vertex 11.699135 -2.670251 42.000000
  endloop
endfacet
facet normal 0.943883 -0.330279 0.000000
  outer loop
    vertex 10.811626 -5.206605 41.000000
    vertex 11.699135 -2.670251 42.000000
    vertex 10.811626 -5.206605 42.000000
  endloop
endfacet
facet normal -0.943883 0.330279 -0.000000
  outer loop
    vertex 2.342519 -1.128098 41.000000
    vertex 2.534813 -0.578554 41.000000
    vertex 2.534813 -0.578554 42.000000
  endloop
endfacet
facet normal -0.943883 0.330279 -0.000000
  outer loop
    vertex 2.342519 -1.128098 41.000000
    vertex 2.534813 -0.578554 42.000000
    vertex 2.342519 -1.128098 42.000000
  endloop
endfacet
facet normal 0.993712 -0.111964 0.000000
  outer loop
    vertex 11.699135 -2.670251 41.000000
    vertex 12.000000 0.000000 41.000000
    vertex 12.000000 0.000000 42.000000
  endloop
endfacet
facet normal 0.993712 -0.111964 0.000000
  outer loop
    vertex 11.699135 -2.670251 41.000000
    vertex 12.000000 0.000000 42.000000
    vertex 11.699135 -2.670251 42.000000
  endloop
endfacet
facet normal -0.993712 0.111964 -0.000000
  outer loop
    vertex 2.534813 -0.578554 41.000000
    vertex 2.600000 0.000000 41.000000
    vertex 2.600000 0.000000 42.000000
  endloop
endfacet
facet normal -0.993712 0.111964 -0.000000
  outer loop
    vertex 2.534813 -0.578554 41.000000
    vertex 2.600000 0.000000 42.000000
    vertex 2.534813 -0.578554 42.000000
  endloop
endfacet
facet normal 0.993712 0.111964 0.000000
  outer loop
    vertex 12.000000 0.000000 42.000000
    vertex 11.699135 2.670251 42.000000
    vertex 11.699135 2.670251 43.000000
  endloop
endfacet
facet normal 0.993712 0.111964 0.000000
  outer loop
    vertex 12.000000 0.000000 42.000000
    vertex 11.699135 2.670251 43.000000
    vertex 12.000000 0.000000 43.000000
  endloop
endfacet
facet normal -0.993712 -0.111964 -0.000000
  outer loop
    vertex 2.600000 0.000000 42.000000
    vertex 2.534813 0.578554 42.000000
    vertex 2.534813 0.578554 43.000000
  endloop
endfacet
facet normal -0.993712 -0.111964 -0.000000
  outer loop
    vertex 2.600000 0.000000 42.000000
    vertex 2.534813 0.578554 43.000000
    vertex 2.600000 0.000000 43.000000
  endloop
endfacet
facet normal 0.943883 0.330279 0.000000
  outer loop
    vertex 11.699135 2.670251 42.000000
    vertex 10.811626 5.206605 42.000000
    vertex 10.811626 5.206605 43.000000
  endloop
endfacet
facet normal 0.943883 0.330279 0.000000
  outer loop
    vertex 11.699135 2.670251 42.000000
    vertex 10.811626 5.206605 43.000000
    vertex 11.699135 2.670251 43.000000
  endloop
endfacet
facet normal -0.943883 -0.330279 -0.000000
  outer loop
    vertex 2.534813 0.578554 42.000000
    vertex 2.342519 1.128098 42.000000
    vertex 2.342519 1.128098 43.000000
  endloop
endfacet
facet normal -0.943883 -0.330279 -0.000000
  outer loop
    vertex 2.534813 0.578554 42.000000
    vertex 2.342519 1.128098 43.000000
    vertex 2.534813 0.578554 43.000000
  endloop
endfacet
facet normal 0.846724 0.532032 0.000000
  outer loop
    vertex 10.811626 5.206605 42.000000
    vertex 9.381978 7.481878 42.000000
    vertex 9.381978 7.481878 43.000000
  endloop
endfacet
facet normal 0.846724 0.532032 0.000000
  outer loop
    vertex 10.811626 5.206605 42.000000
    vertex 9.381978 7.481878 43.000000
    vertex 10.811626 5.206605 43.000000
  endloop
endfacet
facet normal -0.846724 -0.532032 -0.000000
  outer loop
    vertex 2.342519 1.128098 42.000000
    vertex 2.032762 1.621073 42.000000
    vertex 2.032762 1.621073 43.000000
  endloop
endfacet
facet normal -0.846724 -0.532032 -0.000000
  outer loop
    vertex 2.342519 1.128098 42.000000
    vertex 2.032762 1.621073 43.000000
    vertex 2.342519 1.128098 43.000000
  endloop
endfacet
facet normal 0.707107 0.707107 0.000000
  outer loop
    vertex 9.381978 7.481878 42.000000
    vertex 7.481878 9.381978 42.000000
    vertex 7.481878 9.381978 43.000000
  endloop
endfacet
facet normal 0.707107 0.707107 0.000000
  outer loop
    vertex 9.381978 7.481878 42.000000
    vertex 7.481878 9.381978 43.000000
    vertex 9.381978 7.481878 43.000000
  endloop
endfacet
facet normal -0.707107 -0.707107 -0.000000
  outer loop
    vertex 2.032762 1.621073 42.000000
    vertex 1.621073 2.032762 42.000000
    vertex 1.621073 2.032762 43.000000
  endloop
endfacet
facet normal -0.707107 -0.707107 -0.000000
  outer loop
    vertex 2.032762 1.621073 42.000000
    vertex 1.621073 2.032762 43.000000
    vertex 2.032762 1.621073 43.000000
  endloop
endfacet
facet normal 0.532032 0.846724 0.000000
  outer loop
    vertex 7.481878 9.381978 42.000000
    vertex 5.206605 10.811626 42.000000
    vertex 5.206605 10.811626 43.000000
  endloop
endfacet
facet normal 0.532032 0.846724 0.000000
  outer loop
    vertex 7.481878 9.381978 42.000000
    vertex 5.206605 10.811626 43.000000
    vertex 7.481878 9.381978 43.000000
  endloop
endfacet
facet normal -0.532032 -0.846724 -0.000000
  outer loop
    vertex 1.621073 2.032762 42.000000
    vertex 1.128098 2.342519 42.000000
    vertex 1.128098 2.342519 43.000000
  endloop
endfacet
facet normal -0.532032 -0.846724 -0.000000
  outer loop
    vertex 1.621073 2.032762 42.000000
    vertex 1.128098 2.342519 43.000000
    vertex 1.621073 2.032762 43.000000
  endloop
endfacet
facet normal 0.330279 0.943883 0.000000
  outer loop
    vertex 5.206605 10.811626 42.000000
    vertex 2.670251 11.699135 42.000000
    vertex 2.670251 11.699135 43.000000
  endloop
endfacet
facet normal 0.330279 0.943883 0.000000
  outer loop
    vertex 5.206605 10.811626 42.000000
    vertex 2.670251 11.699135 43.000000
    vertex 5.206605 10.811626 43.000000
  endloop
endfacet
facet normal -0.330279 -0.943883 -0.000000
  outer loop
    vertex 1.128098 2.342519 42.000000
    vertex 0.578554 2.534813 42.000000
    vertex 0.578554 2.534813 43.000000
  endloop
endfacet
facet normal -0.330279 -0.943883 -0.000000
  outer loop
    vertex 1.128098 2.342519 42.000000
    vertex 0.578554 2.534813 43.000000
    vertex 1.128098 2.342519 43.000000
  endloop
endfacet
facet normal 0.111964 0.993712 0.000000
  outer loop
    vertex 2.670251 11.699135 42.000000
    vertex 0.000000 12.000000 42.000000
    vertex 0.000000 12.000000 43.000000
  endloop
endfacet
facet normal 0.111964 0.993712 0.000000
  outer loop
    vertex 2.670251 11.699135 42.000000
    vertex 0.000000 12.000000 43.000000
    vertex 2.670251 11.699135 43.000000
  endloop
endfacet
facet normal -0.111964 -0.993712 -0.000000
  outer loop
    vertex 0.578554 2.534813 42.000000
    vertex 0.000000 2.600000 42.000000
    vertex 0.000000 2.600000 43.000000
  endloop
endfacet
facet normal -0.111964 -0.993712 -0.000000
  outer loop
    vertex 0.578554 2.534813 42.000000
    vertex 0.000000 2.600000 43.000000
    vertex 0.578554 2.534813 43.000000
  endloop
endfacet
facet normal -0.111964 0.993712 0.000000
  outer loop
    vertex 0.000000 12.000000 42.000000
    vertex -2.670251 11.699135 42.000000
    vertex -2.670251 11.699135 43.000000
  endloop
endfacet
facet normal -0.111964 0.993712 0.000000
  outer loop
    vertex 0.000000 12.000000 42.000000
    vertex -2.670251 11.699135 43.000000
    vertex 0.000000 12.000000 43.000000
  endloop
endfacet
facet normal 0.111964 -0.993712 -0.000000
  outer loop
    vertex 0.000000 2.600000 42.000000
    vertex -0.578554 2.534813 42.000000
    vertex -0.578554 2.534813 43.000000
  endloop
endfacet
facet normal 0.111964 -0.993712 -0.000000
  outer loop
    vertex 0.000000 2.600000 42.000000
    vertex -0.578554 2.534813 43.000000
    vertex 0.000000 2.600000 43.000000
  endloop
endfacet
facet normal -0.330279 0.943883 0.000000
  outer loop
    vertex -2.670251 11.699135 42.000000
    vertex -5.206605 10.811626 42.000000
    vertex -5.206605 10.811626 43.000000
  endloop
endfacet
facet normal -0.330279 0.943883 0.000000
  outer loop
    vertex -2.670251 11.699135 42.000000
    vertex -5.206605 10.811626 43.000000
    vertex -2.670251 11.699135 43.000000
  endloop
endfacet
facet normal 0.330279 -0.943883 -0.000000
  outer loop
    vertex -0.578554 2.534813 42.000000
    vertex -1.128098 2.342519 42.000000
    vertex -1.128098 2.342519 43.000000
  endloop
endfacet
facet normal 0.330279 -0.943883 -0.000000
  outer loop
    vertex -0.578554 2.534813 42.000000
    vertex -1.128098 2.342519 43.000000
    vertex -0.578554 2.534813 43.000000
  endloop
endfacet
facet normal -0.532032 0.846724 0.000000
  outer loop
    vertex -5.206605 10.811626 42.000000
    vertex -7.481878 9.381978 42.000000
    vertex -7.481878 9.381978 43.000000
  endloop
endfacet
facet normal -0.532032 0.846724 0.000000
  outer loop
    vertex -5.206605 10.811626 42.000000
    vertex -7.481878 9.381978 43.000000
    vertex -5.206605 10.811626 43.000000
  endloop
endfacet
facet normal 0.532032 -0.846724 -0.000000
  outer loop
    vertex -1.128098 2.342519 42.000000
    vertex -1.621073 2.032762 42.000000
    vertex -1.621073 2.032762 43.000000
  endloop
endfacet
facet normal 0.532032 -0.846724 -0.000000
  outer loop
    vertex -1.128098 2.342519 42.000000
    vertex -1.621073 2.032762 43.000000
    vertex -1.128098 2.342519 43.000000
  endloop
endfacet
facet normal -0.707107 0.707107 0.000000
  outer loop
    vertex -7.481878 9.381978 42.000000
    vertex -9.381978 7.481878 42.000000
    vertex -9.381978 7.481878 43.000000
  endloop
endfacet
facet normal -0.707107 0.707107 0.000000
  outer loop
    vertex -7.481878 9.381978 42.000000
    vertex -9.381978 7.481878 43.000000
    vertex -7.481878 9.381978 43.000000
  endloop
endfacet
facet normal 0.707107 -0.707107 -0.000000
  outer loop
    vertex -1.621073 2.032762 42.000000
    vertex -2.032762 1.621073 42.000000
    vertex -2.032762 1.621073 43.000000
  endloop
endfacet
facet normal 0.707107 -0.707107 -0.000000
  outer loop
    vertex -1.621073 2.032762 42.000000
    vertex -2.032762 1.621073 43.000000
    vertex -1.621073 2.032762 43.000000
  endloop
endfacet
facet normal -0.846724 0.532032 0.000000
  outer loop
    vertex -9.381978 7.481878 42.000000
    vertex -10.811626 5.206605 42.000000
    vertex -10.811626 5.206605 43.000000
  endloop
endfacet
facet normal -0.846724 0.532032 0.000000
  outer loop
    vertex -9.381978 7.481878 42.000000
    vertex -10.811626 5.206605 43.000000
    vertex -9.381978 7.481878 43.000000
  endloop
endfacet
facet normal 0.846724 -0.532032 -0.000000
  outer loop
    vertex -2.032762 1.621073 42.000000
    vertex -2.342519 1.128098 42.000000
    vertex -2.342519 1.128098 43.000000
  endloop
endfacet
facet normal 0.846724 -0.532032 -0.000000
  outer loop
    vertex -2.032762 1.621073 42.000000
    vertex -2.342519 1.128098 43.000000
    vertex -2.032762 1.621073 43.000000
  endloop
endfacet
facet normal -0.943883 0.330279 0.000000
  outer loop
    vertex -10.811626 5.206605 42.000000
    vertex -11.699135 2.670251 42.000000
    vertex -11.699135 2.670251 43.000000
  endloop
endfacet
facet normal -0.943883 0.330279 0.000000
  outer loop
    vertex -10.811626 5.206605 42.000000
    vertex -11.699135 2.670251 43.000000
    vertex -10.811626 5.206605 43.000000
  endloop
endfacet
facet normal 0.943883 -0.330279 -0.000000
  outer loop
    vertex -2.342519 1.128098 42.000000
    vertex -2.534813 0.578554 42.000000
    vertex -2.534813 0.578554 43.000000
  endloop
endfacet
facet normal 0.943883 -0.330279 -0.000000
  outer loop
    vertex -2.342519 1.128098 42.000000
    vertex -2.534813 0.578554 43.000000
    vertex -2.342519 1.128098 43.000000
  endloop
endfacet
facet normal -0.993712 0.111964 0.000000
  outer loop
    vertex -11.699135 2.670251 42.000000
    vertex -12.000000 0.000000 42.000000
    vertex -12.000000 0.000000 43.000000
  endloop
endfacet
facet normal -0.993712 0.111964 0.000000
  outer loop
    vertex -11.699135 2.670251 42.000000
    vertex -12.000000 0.000000 43.000000
    vertex -11.699135 2.670251 43.000000
  endloop
endfacet
facet normal 0.993712 -0.111964 -0.000000
  outer loop
    vertex -2.534813 0.578554 42.000000
    vertex -2.600000 0.000000 42.000000
    vertex -2.600000 0.000000 43.000000
  endloop
endfacet
facet normal 0.993712 -0.111964 -0.000000
  outer loop
    vertex -2.534813 0.578554 42.000000
    vertex -2.600000 0.000000 43.000000
    vertex -2.534813 0.578554 43.000000
  endloop
endfacet
facet normal -0.993712 -0.111964 0.000000
  outer loop
    vertex -12.000000 0.000000 42.000000
    vertex -11.699135 -2.670251 42.000000
    vertex -11.699135 -2.670251 43.000000
  endloop
endfacet
facet normal -0.993712 -0.111964 0.000000
  outer loop
    vertex -12.000000 0.000000 42.000000
    vertex -11.699135 -2.670251 43.000000
    vertex -12.000000 0.000000 43.000000
  endloop
endfacet
facet normal 0.993712 0.111964 -0.000000
  outer loop
    vertex -2.600000 0.000000 42.000000
    vertex -2.534813 -0.578554 42.000000
    vertex -2.534813 -0.578554 43.000000
  endloop
endfacet
facet normal 0.993712 0.111964 -0.000000
  outer loop
    vertex -2.600000 0.000000 42.000000
    vertex -2.534813 -0.578554 43.000000
    vertex -2.600000 0.000000 43.000000
  endloop
endfacet
facet normal -0.943883 -0.330279 0.000000
  outer loop
    vertex -11.699135 -2.670251 42.000000
    vertex -10.811626 -5.206605 42.000000
    vertex -10.811626 -5.206605 43.000000
  endloop
endfacet
facet normal -0.943883 -0.330279 0.000000
  outer loop
    vertex -11.699135 -2.670251 42.000000
    vertex -10.811626 -5.206605 43.000000
    vertex -11.699135 -2.670251 43.000000
  endloop
endfacet
facet normal 0.943883 0.330279 -0.000000
  outer loop
    vertex -2.534813 -0.578554 42.000000
    vertex -2.342519 -1.128098 42.000000
    vertex -2.342519 -1.128098 43.000000
  endloop
endfacet
facet normal 0.943883 0.330279 -0.000000
  outer loop
    vertex -2.534813 -0.578554 42.000000
    vertex -2.342519 -1.128098 43.000000
    vertex -2.534813 -0.578554 43.000000
  endloop
endfacet
facet normal -0.846724 -0.532032 0.000000
  outer loop
    vertex -10.811626 -5.206605 42.000000
    vertex -9.381978 -7.481878 42.000000
    vertex -9.381978 -7.481878 43.000000
  endloop
endfacet
facet normal -0.846724 -0.532032 0.000000
  outer loop
    vertex -10.811626 -5.206605 42.000000
    vertex -9.381978 -7.481878 43.000000
    vertex -10.811626 -5.206605 43.000000
  endloop
endfacet
facet normal 0.846724 0.532032 -0.000000
  outer loop
    vertex -2.342519 -1.128098 42.000000
    vertex -2.032762 -1.621073 42.000000
    vertex -2.032762 -1.621073 43.000000
  endloop
endfacet
facet normal 0.846724 0.532032 -0.000000
  outer loop
    vertex -2.342519 -1.128098 42.000000
    vertex -2.032762 -1.621073 43.000000
    vertex -2.342519 -1.128098 43.000000
  endloop
endfacet
facet normal -0.707107 -0.707107 0.000000
  outer loop
    vertex -9.381978 -7.481878 42.000000
    vertex -7.481878 -9.381978 42.000000
    vertex -7.481878 -9.381978 43.000000
  endloop
endfacet
facet normal -0.707107 -0.707107 0.000000
  outer loop
    vertex -9.381978 -7.481878 42.000000
    vertex -7.481878 -9.381978 43.000000
    vertex -9.381978 -7.481878 43.000000
  endloop
endfacet
facet normal 0.707107 0.707107 -0.000000
  outer loop
    vertex -2.032762 -1.621073 42.000000
    vertex -1.621073 -2.032762 42.000000
    vertex -1.621073 -2.032762 43.000000
  endloop
endfacet
facet normal 0.707107 0.707107 -0.000000
  outer loop
    vertex -2.032762 -1.621073 42.000000
    vertex -1.621073 -2.032762 43.000000
    vertex -2.032762 -1.621073 43.000000
  endloop
endfacet
facet normal -0.532032 -0.846724 0.000000
  outer loop
    vertex -7.481878 -9.381978 42.000000
    vertex -5.206605 -10.811626 42.000000
    vertex -5.206605 -10.811626 43.000000
  endloop
endfacet
facet normal -0.532032 -0.846724 0.000000
  outer loop
    vertex -7.481878 -9.381978 42.000000
    vertex -5.206605 -10.811626 43.000000
    vertex -7.481878 -9.381978 43.000000
  endloop
endfacet
facet normal 0.532032 0.846724 -0.000000
  outer loop
    vertex -1.621073 -2.032762 42.000000
    vertex -1.128098 -2.342519 42.000000
    vertex -1.128098 -2.342519 43.000000
  endloop
endfacet
facet normal 0.532032 0.846724 -0.000000
  outer loop
    vertex -1.621073 -2.032762 42.000000
    vertex -1.128098 -2.342519 43.000000
    vertex -1.621073 -2.032762 43.000000
  endloop
endfacet
facet normal -0.330279 -0.943883 0.000000
  outer loop
    vertex -5.206605 -10.811626 42.000000
    vertex -2.670251 -11.699135 42.000000
    vertex -2.670251 -11.699135 43.000000
  endloop
endfacet
facet normal -0.330279 -0.943883 0.000000
  outer loop
    vertex -5.206605 -10.811626 42.000000
    vertex -2.670251 -11.699135 43.000000
    vertex -5.206605 -10.811626 43.000000
  endloop
endfacet
facet normal 0.330279 0.943883 -0.000000
  outer loop
    vertex -1.128098 -2.342519 42.000000
    vertex -0.578554 -2.534813 42.000000
    vertex -0.578554 -2.534813 43.000000
  endloop
endfacet
facet normal 0.330279 0.943883 -0.000000
  outer loop
    vertex -1.128098 -2.342519 42.000000
    vertex -0.578554 -2.534813 43.000000
    vertex -1.128098 -2.342519 43.000000
  endloop
endfacet
facet normal -0.111964 -0.993712 0.000000
  outer loop
    vertex -2.670251 -11.699135 42.000000
    vertex -0.000000 -12.000000 42.000000
    vertex -0.000000 -12.000000 43.000000
  endloop
endfacet
facet normal -0.111964 -0.993712 0.000000
  outer loop
    vertex -2.670251 -11.699135 42.000000
    vertex -0.000000 -12.000000 43.000000
    vertex -2.670251 -11.699135 43.000000
  endloop
endfacet
facet normal 0.111964 0.993712 -0.000000
  outer loop
    vertex -0.578554 -2.534813 42.000000
    vertex -0.000000 -2.600000 42.000000
    vertex -0.000000 -2.600000 43.000000
  endloop
endfacet
facet normal 0.111964 0.993712 -0.000000
  outer loop
    vertex -0.578554 -2.534813 42.000000
    vertex -0.000000 -2.600000 43.000000
    vertex -0.578554 -2.534813 43.000000
  endloop
endfacet
facet normal 0.111964 -0.993712 0.000000
  outer loop
    vertex -0.000000 -12.000000 42.000000
    vertex 2.670251 -11.699135 42.000000
    vertex 2.670251 -11.699135 43.000000
  endloop
endfacet
facet normal 0.111964 -0.993712 0.000000
  outer loop
    vertex -0.000000 -12.000000 42.000000
    vertex 2.670251 -11.699135 43.000000
    vertex -0.000000 -12.000000 43.000000
  endloop
endfacet
facet normal -0.111964 0.993712 -0.000000
  outer loop
    vertex -0.000000 -2.600000 42.000000
    vertex 0.578554 -2.534813 42.000000
    vertex 0.578554 -2.534813 43.000000
  endloop
endfacet
facet normal -0.111964 0.993712 -0.000000
  outer loop
    vertex -0.000000 -2.600000 42.000000
    vertex 0.578554 -2.534813 43.000000
    vertex -0.000000 -2.600000 43.000000
  endloop
endfacet
facet normal 0.330279 -0.943883 0.000000
  outer loop
    vertex 2.670251 -11.699135 42.000000
    vertex 5.206605 -10.811626 42.000000
    vertex 5.206605 -10.811626 43.000000
  endloop
endfacet
facet normal 0.330279 -0.943883 0.000000
  outer loop
    vertex 2.670251 -11.699135 42.000000
    vertex 5.206605 -10.811626 43.000000
    vertex 2.670251 -11.699135 43.000000
  endloop
endfacet
facet normal -0.330279 0.943883 -0.000000
  outer loop
    vertex 0.578554 -2.534813 42.000000
    vertex 1.128098 -2.342519 42.000000
    vertex 1.128098 -2.342519 43.000000
  endloop
endfacet
facet normal -0.330279 0.943883 -0.000000
  outer loop
    vertex 0.578554 -2.534813 42.000000
    vertex 1.128098 -2.342519 43.000000
    vertex 0.578554 -2.534813 43.000000
  endloop
endfacet
facet normal 0.532032 -0.846724 0.000000
  outer loop
    vertex 5.206605 -10.811626 42.000000
    vertex 7.481878 -9.381978 42.000000
    vertex 7.481878 -9.381978 43.000000
  endloop
endfacet
facet normal 0.532032 -0.846724 0.000000
  outer loop
    vertex 5.206605 -10.811626 42.000000
    vertex 7.481878 -9.381978 43.000000
    vertex 5.206605 -10.811626 43.000000
  endloop
endfacet
facet normal -0.532032 0.846724 -0.000000
  outer loop
    vertex 1.128098 -2.342519 42.000000
    vertex 1.621073 -2.032762 42.000000
    vertex 1.621073 -2.032762 43.000000
  endloop
endfacet
facet normal -0.532032 0.846724 -0.000000
  outer loop
    vertex 1.128098 -2.342519 42.000000
    vertex 1.621073 -2.032762 43.000000
    vertex 1.128098 -2.342519 43.000000
  endloop
endfacet
facet normal 0.707107 -0.707107 0.000000
  outer loop
    vertex 7.481878 -9.381978 42.000000
    vertex 9.381978 -7.481878 42.000000
    vertex 9.381978 -7.481878 43.000000
  endloop
endfacet
facet normal 0.707107 -0.707107 0.000000
  outer loop
    vertex 7.481878 -9.381978 42.000000
    vertex 9.381978 -7.481878 43.000000
    vertex 7.481878 -9.381978 43.000000
  endloop
endfacet
facet normal -0.707107 0.707107 -0.000000
  outer loop
    vertex 1.621073 -2.032762 42.000000
    vertex 2.032762 -1.621073 42.000000
    vertex 2.032762 -1.621073 43.000000
  endloop
endfacet
facet normal -0.707107 0.707107 -0.000000
  outer loop
    vertex 1.621073 -2.032762 42.000000
    vertex 2.032762 -1.621073 43.000000
    vertex 1.621073 -2.032762 43.000000
  endloop
endfacet
facet normal 0.846724 -0.532032 0.000000
  outer loop
    vertex 9.381978 -7.481878 42.000000
    vertex 10.811626 -5.206605 42.000000
    vertex 10.811626 -5.206605 43.000000
  endloop
endfacet
facet normal 0.846724 -0.532032 0.000000
  outer loop
    vertex 9.381978 -7.481878 42.000000
    vertex 10.811626 -5.206605 43.000000
    vertex 9.381978 -7.481878 43.000000
  endloop
endfacet
facet normal -0.846724 0.532032 -0.000000
  outer loop
    vertex 2.032762 -1.621073 42.000000
    vertex 2.342519 -1.128098 42.000000
    vertex 2.342519 -1.128098 43.000000
  endloop
endfacet
facet normal -0.846724 0.532032 -0.000000
  outer loop
    vertex 2.032762 -1.621073 42.000000
    vertex 2.342519 -1.128098 43.000000
    vertex 2.032762 -1.621073 43.000000
  endloop
endfacet
facet normal 0.943883 -0.330279 0.000000
  outer loop
    vertex 10.811626 -5.206605 42.000000
    vertex 11.699135 -2.670251 42.000000
    vertex 11.699135 -2.670251 43.000000
  endloop
endfacet
facet normal 0.943883 -0.330279 0.000000
  outer loop
    vertex 10.811626 -5.206605 42.000000
    vertex 11.699135 -2.670251 43.000000
    vertex 10.811626 -5.206605 43.000000
  endloop
endfacet
facet normal -0.943883 0.330279 -0.000000
  outer loop
    vertex 2.342519 -1.128098 42.000000
    vertex 2.534813 -0.578554 42.000000
    vertex 2.534813 -0.578554 43.000000
  endloop
endfacet
facet normal -0.943883 0.330279 -0.000000
  outer loop
    vertex 2.342519 -1.128098 42.000000
    vertex 2.534813 -0.578554 43.000000
    vertex 2.342519 -1.128098 43.000000
  endloop
endfacet
facet normal 0.993712 -0.111964 0.000000
  outer loop
    vertex 11.699135 -2.670251 42.000000
    vertex 12.000000 0.000000 42.000000
    vertex 12.000000 0.000000 43.000000
  endloop
endfacet
facet normal 0.993712 -0.111964 0.000000
  outer loop
    vertex 11.699135 -2.670251 42.000000
    vertex 12.000000 0.000000 43.000000
    vertex 11.699135 -2.670251 43.000000
  endloop
endfacet
facet normal -0.993712 0.111964 -0.000000
  outer loop
    vertex 2.534813 -0.578554 42.000000
    vertex 2.600000 0.000000 42.000000
    vertex 2.600000 0.000000 43.000000
  endloop
endfacet
facet normal -0.993712 0.111964 -0.000000
  outer loop
    vertex 2.534813 -0.578554 42.000000
    vertex 2.600000 0.000000 43.000000
    vertex 2.534813 -0.578554 43.000000
  endloop
endfacet
facet normal 0.993712 0.111964 0.000000
  outer loop
    vertex 12.000000 0.000000 43.000000
    vertex 11.699135 2.670251 43.000000
    vertex 11.699135 2.670251 44.000000
  endloop
endfacet
facet normal 0.993712 0.111964 0.000000
  outer loop
    vertex 12.000000 0.000000 43.000000
    vertex 11.699135 2.670251 44.000000
    vertex 12.000000 0.000000 44.000000
  endloop
endfacet
facet normal -0.993712 -0.111964 -0.000000
  outer loop
    vertex 2.600000 0.000000 43.000000
    vertex 2.534813 0.578554 43.000000
    vertex 2.534813 0.578554 44.000000
  endloop
endfacet
facet normal -0.993712 -0.111964 -0.000000
  outer loop
    vertex 2.600000 0.000000 43.000000
    vertex 2.534813 0.578554 44.000000
    vertex 2.600000 0.000000 44.000000
  endloop
endfacet
facet normal 0.943883 0.330279 0.000000
  outer loop
    vertex 11.699135 2.670251 43.000000
    vertex 10.811626 5.206605 43.000000
    vertex 10.811626 5.206605 44.000000
  endloop
endfacet
facet normal 0.943883 0.330279 0.000000
  outer loop
    vertex 11.699135 2.670251 43.000000
    vertex 10.811626 5.206605 44.000000
    vertex 11.699135 2.670251 44.000000
  endloop
endfacet
facet normal -0.943883 -0.330279 -0.000000
  outer loop
    vertex 2.534813 0.578554 43.000000
    vertex 2.342519 1.128098 43.000000
    vertex 2.342519 1.128098 44.000000
  endloop
endfacet
facet normal -0.943883 -0.330279 -0.000000
  outer loop
    vertex 2.534813 0.578554 43.000000
    vertex 2.342519 1.128098 44.000000
    vertex 2.534813 0.578554 44.000000
  endloop
endfacet
facet normal 0.846724 0.532032 0.000000
  outer loop
    vertex 10.811626 5.206605 43.000000
    vertex 9.381978 7.481878 43.000000
    vertex 9.381978 7.481878 44.000000
  endloop
endfacet
facet normal 0.846724 0.532032 0.000000
  outer loop
    vertex 10.811626 5.206605 43.000000
    vertex 9.381978 7.481878 44.000000
    vertex 10.811626 5.206605 44.000000
  endloop
endfacet
facet normal -0.846724 -0.532032 -0.000000
  outer loop
    vertex 2.342519 1.128098 43.000000
    vertex 2.032762 1.621073 43.000000
    vertex 2.032762 1.621073 44.000000
  endloop
endfacet
facet normal -0.846724 -0.532032 -0.000000
  outer loop
    vertex 2.342519 1.128098 43.000000
    vertex 2.032762 1.621073 44.000000
    vertex 2.342519 1.128098 44.000000
  endloop
endfacet
facet normal 0.707107 0.707107 0.000000
  outer loop
    vertex 9.381978 7.481878 43.000000
    vertex 7.481878 9.381978 43.000000
    vertex 7.481878 9.381978 44.000000
  endloop
endfacet
facet normal 0.707107 0.707107 0.000000
  outer loop
    vertex 9.381978 7.481878 43.000000
    vertex 7.481878 9.381978 44.000000
    vertex 9.381978 7.481878 44.000000
  endloop
endfacet
facet normal -0.707107 -0.707107 -0.000000
  outer loop
    vertex 2.032762 1.621073 43.000000
    vertex 1.621073 2.032762 43.000000
    vertex 1.621073 2.032762 44.000000
  endloop
endfacet
facet normal -0.707107 -0.707107 -0.000000
  outer loop
    vertex 2.032762 1.621073 43.000000
    vertex 1.621073 2.032762 44.000000
    vertex 2.032762 1.621073 44.000000
  endloop
endfacet
facet normal 0.532032 0.846724 0.000000
  outer loop
    vertex 7.481878 9.381978 43.000000
    vertex 5.206605 10.811626 43.000000
    vertex 5.206605 10.811626 44.000000
  endloop
endfacet
facet normal 0.532032 0.846724 0.000000
  outer loop
    vertex 7.481878 9.381978 43.000000
    vertex 5.206605 10.811626 44.000000
    vertex 7.481878 9.381978 44.000000
  endloop
endfacet
facet normal -0.532032 -0.846724 -0.000000
  outer loop
    vertex 1.621073 2.032762 43.000000
    vertex 1.128098 2.342519 43.000000
    vertex 1.128098 2.342519 44.000000
  endloop
endfacet
facet normal -0.532032 -0.846724 -0.000000
  outer loop
    vertex 1.621073 2.032762 43.000000
    vertex 1.128098 2.342519 44.000000
    vertex 1.621073 2.032762 44.000000
  endloop
endfacet
facet normal 0.330279 0.943883 0.000000
  outer loop
    vertex 5.206605 10.811626 43.000000
    vertex 2.670251 11.699135 43.000000
    vertex 2.670251 11.699135 44.000000
  endloop
endfacet
facet normal 0.330279 0.943883 0.000000
  outer loop
    vertex 5.206605 10.811626 43.000000
    vertex 2.670251 11.699135 44.000000
    vertex 5.206605 10.811626 44.000000
  endloop
endfacet
facet normal -0.330279 -0.943883 -0.000000
  outer loop
    vertex 1.128098 2.342519 43.000000
    vertex 0.578554 2.534813 43.000000
    vertex 0.578554 2.534813 44.000000
  endloop
endfacet
facet normal -0.330279 -0.943883 -0.000000
  outer loop
    vertex 1.128098 2.342519 43.000000
    vertex 0.578554 2.534813 44.000000
    vertex 1.128098 2.342519 44.000000
  endloop
endfacet
facet normal 0.111964 0.993712 0.000000
  outer loop
    vertex 2.670251 11.699135 43.000000
    vertex 0.000000 12.000000 43.000000
    vertex 0.000000 12.000000 44.000000
  endloop
endfacet
facet normal 0.111964 0.993712 0.000000
  outer loop
    vertex 2.670251 11.699135 43.000000
    vertex 0.000000 12.000000 44.000000
    vertex 2.670251 11.699135 44.000000
  endloop
endfacet
facet normal -0.111964 -0.993712 -0.000000
  outer loop
    vertex 0.578554 2.534813 43.000000
    vertex 0.000000 2.600000 43.000000
    vertex 0.000000 2.600000 44.000000
  endloop
endfacet
facet normal -0.111964 -0.993712 -0.000000
  outer loop
    vertex 0.578554 2.534813 43.000000
    vertex 0.000000 2.600000 44.000000
    vertex 0.578554 2.534813 44.000000
  endloop
endfacet
facet normal -0.111964 0.993712 0.000000
  outer loop
    vertex 0.000000 12.000000 43.000000
    vertex -2.670251 11.699135 43.000000
    vertex -2.670251 11.699135 44.000000
  endloop
endfacet
facet normal -0.111964 0.993712 0.000000
  outer loop
    vertex 0.000000 12.000000 43.000000
    vertex -2.670251 11.699135 44.000000
    vertex 0.000000 12.000000 44.000000
  endloop
endfacet
facet normal 0.111964 -0.993712 -0.000000
  outer loop
    vertex 0.000000 2.600000 43.000000
    vertex -0.578554 2.534813 43.000000
    vertex -0.578554 2.534813 44.000000
  endloop
endfacet
facet normal 0.111964 -0.993712 -0.000000
  outer loop
    vertex 0.000000 2.600000 43.000000
    vertex -0.578554 2.534813 44.000000
    vertex 0.000000 2.600000 44.000000
  endloop
endfacet
facet normal -0.330279 0.943883 0.000000
  outer loop
    vertex -2.670251 11.699135 43.000000
    vertex -5.206605 10.811626 43.000000
    vertex -5.206605 10.811626 44.000000
  endloop
endfacet
facet normal -0.330279 0.943883 0.000000
  outer loop
    vertex -2.670251 11.699135 43.000000
    vertex -5.206605 10.811626 44.000000
    vertex -2.670251 11.699135 44.000000
  endloop
endfacet
facet normal 0.330279 -0.943883 -0.000000
  outer loop
    vertex -0.578554 2.534813 43.000000
    vertex -1.128098 2.342519 43.000000
    vertex -1.128098 2.342519 44.000000
  endloop
endfacet
facet normal 0.330279 -0.943883 -0.000000
  outer loop
    vertex -0.578554 2.534813 43.000000
    vertex -1.128098 2.342519 44.000000
    vertex -0.578554 2.534813 44.000000
  endloop
endfacet
facet normal -0.532032 0.846724 0.000000
  outer loop
    vertex -5.206605 10.811626 43.000000
    vertex -7.481878 9.381978 43.000000
    vertex -7.481878 9.381978 44.000000
  endloop
endfacet
facet normal -0.532032 0.846724 0.000000
  outer loop
    vertex -5.206605 10.811626 43.000000
    vertex -7.481878 9.381978 44.000000
    vertex -5.206605 10.811626 44.000000
  endloop
endfacet
facet normal 0.532032 -0.846724 -0.000000
  outer loop
    vertex -1.128098 2.342519 43.000000
    vertex -1.621073 2.032762 43.000000
    vertex -1.621073 2.032762 44.000000
  endloop
endfacet
facet normal 0.532032 -0.846724 -0.000000
  outer loop
    vertex -1.128098 2.342519 43.000000
    vertex -1.621073 2.032762 44.000000
    vertex -1.128098 2.342519 44.000000
  endloop
endfacet
facet normal -0.707107 0.707107 0.000000
  outer loop
    vertex -7.481878 9.381978 43.000000
    vertex -9.381978 7.481878 43.000000
    vertex -9.381978 7.481878 44.000000
  endloop
endfacet
facet normal -0.707107 0.707107 0.000000
  outer loop
    vertex -7.481878 9.381978 43.000000
    vertex -9.381978 7.481878 44.000000
    vertex -7.481878 9.381978 44.000000
  endloop
endfacet
facet normal 0.707107 -0.707107 -0.000000
  outer loop
    vertex -1.621073 2.032762 43.000000
    vertex -2.032762 1.621073 43.000000
    vertex -2.032762 1.621073 44.000000
  endloop
endfacet
facet normal 0.707107 -0.707107 -0.000000
  outer loop
    vertex -1.621073 2.032762 43.000000
    vertex -2.032762 1.621073 44.000000
    vertex -1.621073 2.032762 44.000000
  endloop
endfacet
facet normal -0.846724 0.532032 0.000000
  outer loop
    vertex -9.381978 7.481878 43.000000
    vertex -10.811626 5.206605 43.000000
    vertex -10.811626 5.206605 44.000000
  endloop
endfacet
facet normal -0.846724 0.532032 0.000000
  outer loop
    vertex -9.381978 7.481878 43.000000
    vertex -10.811626 5.206605 44.000000
    vertex -9.381978 7.481878 44.000000
  endloop
endfacet
facet normal 0.846724 -0.532032 -0.000000
  outer loop
    vertex -2.032762 1.621073 43.000000
    vertex -2.342519 1.128098 43.000000
    vertex -2.342519 1.128098 44.000000
  endloop
endfacet
facet normal 0.846724 -0.532032 -0.000000
  outer loop
    vertex -2.032762 1.621073 43.000000
    vertex -2.342519 1.128098 44.000000
    vertex -2.032762 1.621073 44.000000
  endloop
endfacet
facet normal -0.943883 0.330279 0.000000
  outer loop
    vertex -10.811626 5.206605 43.000000
    vertex -11.699135 2.670251 43.000000
    vertex -11.699135 2.670251 44.000000
  endloop
endfacet
facet normal -0.943883 0.330279 0.000000
  outer loop
    vertex -10.811626 5.206605 43.000000
    vertex -11.699135 2.670251 44.000000
    vertex -10.811626 5.206605 44.000000
  endloop
endfacet
facet normal 0.943883 -0.330279 -0.000000
  outer loop
    vertex -2.342519 1.128098 43.000000
    vertex -2.534813 0.578554 43.000000
    vertex -2.534813 0.578554 44.000000
  endloop
endfacet
facet normal 0.943883 -0.330279 -0.000000
  outer loop
    vertex -2.342519 1.128098 43.000000
    vertex -2.534813 0.578554 44.000000
    vertex -2.342519 1.128098 44.000000
  endloop
endfacet
facet normal -0.993712 0.111964 0.000000
  outer loop
    vertex -11.699135 2.670251 43.000000
    vertex -12.000000 0.000000 43.000000
    vertex -12.000000 0.000000 44.000000
  endloop
endfacet
facet normal -0.993712 0.111964 0.000000
  outer loop
    vertex -11.699135 2.670251 43.000000
    vertex -12.000000 0.000000 44.000000
    vertex -11.699135 2.670251 44.000000
  endloop
endfacet
facet normal 0.993712 -0.111964 -0.000000
  outer loop
    vertex -2.534813 0.578554 43.000000
    vertex -2.600000 0.000000 43.000000
    vertex -2.600000 0.000000 44.000000
  endloop
endfacet
facet normal 0.993712 -0.111964 -0.000000
  outer loop
    vertex -2.534813 0.578554 43.000000
    vertex -2.600000 0.000000 44.000000
    vertex -2.534813 0.578554 44.000000
  endloop
endfacet
facet normal -0.993712 -0.111964 0.000000
  outer loop
    vertex -12.000000 0.000000 43.000000
    vertex -11.699135 -2.670251 43.000000
    vertex -11.699135 -2.670251 44.000000
  endloop
endfacet
facet normal -0.993712 -0.111964 0.000000
  outer loop
    vertex -12.000000 0.000000 43.000000
    vertex -11.699135 -2.670251 44.000000
    vertex -12.000000 0.000000 44.000000
  endloop
endfacet
facet normal 0.993712 0.111964 -0.000000
  outer loop
    vertex -2.600000 0.000000 43.000000
    vertex -2.534813 -0.578554 43.000000
    vertex -2.534813 -0.578554 44.000000
  endloop
endfacet
facet normal 0.993712 0.111964 -0.000000
  outer loop
    vertex -2.600000 0.000000 43.000000
    vertex -2.534813 -0.578554 44.000000
    vertex -2.600000 0.000000 44.000000
  endloop
endfacet
facet normal -0.943883 -0.330279 0.000000
  outer loop
    vertex -11.699135 -2.670251 43.000000
    vertex -10.811626 -5.206605 43.000000
    vertex -10.811626 -5.206605 44.000000
  endloop
endfacet
facet normal -0.943883 -0.330279 0.000000
  outer loop
    vertex -11.699135 -2.670251 43.000000
    vertex -10.811626 -5.206605 44.000000
    vertex -11.699135 -2.670251 44.000000
  endloop
endfacet
facet normal 0.943883 0.330279 -0.000000
  outer loop
    vertex -2.534813 -0.578554 43.000000
    vertex -2.342519 -1.128098 43.000000
    vertex -2.342519 -1.128098 44.000000
  endloop
endfacet
facet normal 0.943883 0.330279 -0.000000
  outer loop
    vertex -2.534813 -0.578554 43.000000
    vertex -2.342519 -1.128098 44.000000
    vertex -2.534813 -0.578554 44.000000
  endloop
endfacet
facet normal -0.846724 -0.532032 0.000000
  outer loop
    vertex -10.811626 -5.206605 43.000000
    vertex -9.381978 -7.481878 43.000000
    vertex -9.381978 -7.481878 44.000000
  endloop
endfacet
facet normal -0.846724 -0.532032 0.000000
  outer loop
    vertex -10.811626 -5.206605 43.000000
    vertex -9.381978 -7.481878 44.000000
    vertex -10.811626 -5.206605 44.000000
  endloop
endfacet
facet normal 0.846724 0.532032 -0.000000
  outer loop
    vertex -2.342519 -1.128098 43.000000
    vertex -2.032762 -1.621073 43.000000
    vertex -2.032762 -1.621073 44.000000
  endloop
endfacet
facet normal 0.846724 0.532032 -0.000000
  outer loop
    vertex -2.342519 -1.128098 43.000000
    vertex -2.032762 -1.621073 44.000000
    vertex -2.342519 -1.128098 44.000000
  endloop
endfacet
facet normal -0.707107 -0.707107 0.000000
  outer loop
    vertex -9.381978 -7.481878 43.000000
    vertex -7.481878 -9.381978 43.000000
    vertex -7.481878 -9.381978 44.000000
  endloop
endfacet
facet normal -0.707107 -0.707107 0.000000
  outer loop
    vertex -9.381978 -7.481878 43.000000
    vertex -7.481878 -9.381978 44.000000
    vertex -9.381978 -7.481878 44.000000
  endloop
endfacet
facet normal 0.707107 0.707107 -0.000000
  outer loop
    vertex -2.032762 -1.621073 43.000000
    vertex -1.621073 -2.032762 43.000000
    vertex -1.621073 -2.032762 44.000000
  endloop
endfacet
facet normal 0.707107 0.707107 -0.000000
  outer loop
    vertex -2.032762 -1.621073 43.000000
    vertex -1.621073 -2.032762 44.000000
    vertex -2.032762 -1.621073 44.000000
  endloop
endfacet
facet normal -0.532032 -0.846724 0.000000
  outer loop
    vertex -7.481878 -9.381978 43.000000
    vertex -5.206605 -10.811626 43.000000
    vertex -5.206605 -10.811626 44.000000
  endloop
endfacet
facet normal -0.532032 -0.846724 0.000000
  outer loop
    vertex -7.481878 -9.381978 43.000000
    vertex -5.206605 -10.811626 44.000000
    vertex -7.481878 -9.381978 44.000000
  endloop
endfacet
facet normal 0.532032 0.846724 -0.000000
  outer loop
    vertex -1.621073 -2.032762 43.000000
    vertex -1.128098 -2.342519 43.000000
    vertex -1.128098 -2.342519 44.000000
  endloop
endfacet
facet normal 0.532032 0.846724 -0.000000
  outer loop
    vertex -1.621073 -2.032762 43.000000
    vertex -1.128098 -2.342519 44.000000
    vertex -1.621073 -2.032762 44.000000
  endloop
endfacet
facet normal -0.330279 -0.943883 0.000000
  outer loop
    vertex -5.206605 -10.811626 43.000000
    vertex -2.670251 -11.699135 43.000000
    vertex -2.670251 -11.699135 44.000000
  endloop
endfacet
facet normal -0.330279 -0.943883 0.000000
  outer loop
    vertex -5.206605 -10.811626 43.000000
    vertex -2.670251 -11.699135 44.000000
    vertex -5.206605 -10.811626 44.000000
  endloop
endfacet
facet normal 0.330279 0.943883 -0.000000
  outer loop
    vertex -1.128098 -2.342519 43.000000
    vertex -0.578554 -2.534813 43.000000
    vertex -0.578554 -2.534813 44.000000
  endloop
endfacet
facet normal 0.330279 0.943883 -0.000000
  outer loop
    vertex -1.128098 -2.342519 43.000000
    vertex -0.578554 -2.534813 44.000000
    vertex -1.128098 -2.342519 44.000000
  endloop
endfacet
facet normal -0.111964 -0.993712 0.000000
  outer loop
    vertex -2.670251 -11.699135 43.000000
    vertex -0.000000 -12.000000 43.000000
    vertex -0.000000 -12.000000 44.000000
  endloop
endfacet
facet normal -0.111964 -0.993712 0.000000
  outer loop
    vertex -2.670251 -11.699135 43.000000
    vertex -0.000000 -12.000000 44.000000
    vertex -2.670251 -11.699135 44.000000
  endloop
endfacet
facet normal 0.111964 0.993712 -0.000000
  outer loop
    vertex -0.578554 -2.534813 43.000000
    vertex -0.000000 -2.600000 43.000000
    vertex -0.000000 -2.600000 44.000000
  endloop
endfacet
facet normal 0.111964 0.993712 -0.000000
  outer loop
    vertex -0.578554 -2.534813 43.000000
    vertex -0.000000 -2.600000 44.000000
    vertex -0.578554 -2.534813 44.000000
  endloop
endfacet
facet normal 0.111964 -0.993712 0.000000
  outer loop
    vertex -0.000000 -12.000000 43.000000
    vertex 2.670251 -11.699135 43.000000
    vertex 2.670251 -11.699135 44.000000
  endloop
endfacet
facet normal 0.111964 -0.993712 0.000000
  outer loop
    vertex -0.000000 -12.000000 43.000000
    vertex 2.670251 -11.699135 44.000000
    vertex -0.000000 -12.000000 44.000000
  endloop
endfacet
facet normal -0.111964 0.993712 -0.000000
  outer loop
    vertex -0.000000 -2.600000 43.000000
    vertex 0.578554 -2.534813 43.000000
    vertex 0.578554 -2.534813 44.000000
  endloop
endfacet
facet normal -0.111964 0.993712 -0.000000
  outer loop
    vertex -0.000000 -2.600000 43.000000
    vertex 0.578554 -2.534813 44.000000
    vertex -0.000000 -2.600000 44.000000
  endloop
endfacet
facet normal 0.330279 -0.943883 0.000000
  outer loop
    vertex 2.670251 -11.699135 43.000000
    vertex 5.206605 -10.811626 43.000000
    vertex 5.206605 -10.811626 44.000000
  endloop
endfacet
facet normal 0.330279 -0.943883 0.000000
  outer loop
    vertex 2.670251 -11.699135 43.000000
    vertex 5.206605 -10.811626 44.000000
    vertex 2.670251 -11.699135 44.000000
  endloop
endfacet
facet normal -0.330279 0.943883 -0.000000
  outer loop
    vertex 0.578554 -2.534813 43.000000
    vertex 1.128098 -2.342519 43.000000
    vertex 1.128098 -2.342519 44.000000
  endloop
endfacet
facet normal -0.330279 0.943883 -0.000000
  outer loop
    vertex 0.578554 -2.534813 43.000000
    vertex 1.128098 -2.342519 44.000000
    vertex 0.578554 -2.534813 44.000000
  endloop
endfacet
facet normal 0.532032 -0.846724 0.000000
  outer loop
    vertex 5.206605 -10.811626 43.000000
    vertex 7.481878 -9.381978 43.000000
    vertex 7.481878 -9.381978 44.000000
  endloop
endfacet
facet normal 0.532032 -0.846724 0.000000
  outer loop
    vertex 5.206605 -10.811626 43.000000
    vertex 7.481878 -9.381978 44.000000
    vertex 5.206605 -10.811626 44.000000
  endloop
endfacet
facet normal -0.532032 0.846724 -0.000000
  outer loop
    vertex 1.128098 -2.342519 43.000000
    vertex 1.621073 -2.032762 43.000000
    vertex 1.621073 -2.032762 44.000000
  endloop
endfacet
facet normal -0.532032 0.846724 -0.000000
  outer loop
    vertex 1.128098 -2.342519 43.000000
    vertex 1.621073 -2.032762 44.000000
    vertex 1.128098 -2.342519 44.000000
  endloop
endfacet
facet normal 0.707107 -0.707107 0.000000
  outer loop
    vertex 7.481878 -9.381978 43.000000
    vertex 9.381978 -7.481878 43.000000
    vertex 9.381978 -7.481878 44.000000
  endloop
endfacet
facet normal 0.707107 -0.707107 0.000000
  outer loop
    vertex 7.481878 -9.381978 43.000000
    vertex 9.381978 -7.481878 44.000000
    vertex 7.481878 -9.381978 44.000000
  endloop
endfacet
facet normal -0.707107 0.707107 -0.000000
  outer loop
    vertex 1.621073 -2.032762 43.000000
    vertex 2.032762 -1.621073 43.000000
    vertex 2.032762 -1.621073 44.000000
  endloop
endfacet
facet normal -0.707107 0.707107 -0.000000
  outer loop
    vertex 1.621073 -2.032762 43.000000
    vertex 2.032762 -1.621073 44.000000
    vertex 1.621073 -2.032762 44.000000
  endloop
endfacet
facet normal 0.846724 -0.532032 0.000000
  outer loop
    vertex 9.381978 -7.481878 43.000000
    vertex 10.811626 -5.206605 43.000000
    vertex 10.811626 -5.206605 44.000000
  endloop
endfacet
facet normal 0.846724 -0.532032 0.000000
  outer loop
    vertex 9.381978 -7.481878 43.000000
    vertex 10.811626 -5.206605 44.000000
    vertex 9.381978 -7.481878 44.000000
  endloop
endfacet
facet normal -0.846724 0.532032 -0.000000
  outer loop
    vertex 2.032762 -1.621073 43.000000
    vertex 2.342519 -1.128098 43.000000
    vertex 2.342519 -1.128098 44.000000
  endloop
endfacet
facet normal -0.846724 0.532032 -0.000000
  outer loop
    vertex 2.032762 -1.621073 43.000000
    vertex 2.342519 -1.128098 44.000000
    vertex 2.032762 -1.621073 44.000000
  endloop
endfacet
facet normal 0.943883 -0.330279 0.000000
  outer loop
    vertex 10.811626 -5.206605 43.000000
    vertex 11.699135 -2.670251 43.000000
    vertex 11.699135 -2.670251 44.000000
  endloop
endfacet
facet normal 0.943883 -0.330279 0.000000
  outer loop
    vertex 10.811626 -5.206605 43.000000
    vertex 11.699135 -2.670251 44.000000
    vertex 10.811626 -5.206605 44.000000
  endloop
endfacet
facet normal -0.943883 0.330279 -0.000000
  outer loop
    vertex 2.342519 -1.128098 43.000000
    vertex 2.534813 -0.578554 43.000000
    vertex 2.534813 -0.578554 44.000000
  endloop
endfacet
facet normal -0.943883 0.330279 -0.000000
  outer loop
    vertex 2.342519 -1.128098 43.000000
    vertex 2.534813 -0.578554 44.000000
    vertex 2.342519 -1.128098 44.000000
  endloop
endfacet
facet normal 0.993712 -0.111964 0.000000
  outer loop
    vertex 11.699135 -2.670251 43.000000
    vertex 12.000000 0.000000 43.000000
    vertex 12.000000 0.000000 44.000000
  endloop
endfacet
facet normal 0.993712 -0.111964 0.000000
  outer loop
    vertex 11.699135 -2.670251 43.000000
    vertex 12.000000 0.000000 44.000000
    vertex 11.699135 -2.670251 44.000000
  endloop
endfacet
facet normal -0.993712 0.111964 -0.000000
  outer loop
    vertex 2.534813 -0.578554 43.000000
    vertex 2.600000 0.000000 43.000000
    vertex 2.600000 0.000000 44.000000
  endloop
endfacet
facet normal -0.993712 0.111964 -0.000000
  outer loop
    vertex 2.534813 -0.578554 43.000000
    vertex 2.600000 0.000000 44.000000
    vertex 2.534813 -0.578554 44.000000
  endloop
endfacet
facet normal 0.993712 0.111964 0.000000
  outer loop
    vertex 12.000000 0.000000 44.000000
    vertex 11.699135 2.670251 44.000000
    vertex 11.699135 2.670251 45.000000
  endloop
endfacet
facet normal 0.993712 0.111964 0.000000
  outer loop
    vertex 12.000000 0.000000 44.000000
    vertex 11.699135 2.670251 45.000000
    vertex 12.000000 0.000000 45.000000
  endloop
endfacet
facet normal -0.993712 -0.111964 -0.000000
  outer loop
    vertex 2.600000 0.000000 44.000000
    vertex 2.534813 0.578554 44.000000
    vertex 2.534813 0.578554 45.000000
  endloop
endfacet
facet normal -0.993712 -0.111964 -0.000000
  outer loop
    vertex 2.600000 0.000000 44.000000
    vertex 2.534813 0.578554 45.000000
    vertex 2.600000 0.000000 45.000000
  endloop
endfacet
facet normal 0.943883 0.330279 0.000000
  outer loop
    vertex 11.699135 2.670251 44.000000
    vertex 10.811626 5.206605 44.000000
    vertex 10.811626 5.206605 45.000000
  endloop
endfacet
facet normal 0.943883 0.330279 0.000000
  outer loop
    vertex 11.699135 2.670251 44.000000
    vertex 10.811626 5.206605 45.000000
    vertex 11.699135 2.670251 45.000000
  endloop
endfacet
facet normal -0.943883 -0.330279 -0.000000
  outer loop
    vertex 2.534813 0.578554 44.000000
    vertex 2.342519 1.128098 44.000000
    vertex 2.342519 1.128098 45.000000
  endloop
endfacet
facet normal -0.943883 -0.330279 -0.000000
  outer loop
    vertex 2.534813 0.578554 44.000000
    vertex 2.342519 1.128098 45.000000
    vertex 2.534813 0.578554 45.000000
  endloop
endfacet
facet normal 0.846724 0.532032 0.000000
  outer loop
    vertex 10.811626 5.206605 44.000000
    vertex 9.381978 7.481878 44.000000
    vertex 9.381978 7.481878 45.000000
  endloop
endfacet
facet normal 0.846724 0.532032 0.000000
  outer loop
    vertex 10.811626 5.206605 44.000000
    vertex 9.381978 7.481878 45.000000
    vertex 10.811626 5.206605 45.000000
  endloop
endfacet
facet normal -0.846724 -0.532032 -0.000000
  outer loop
    vertex 2.342519 1.128098 44.000000
    vertex 2.032762 1.621073 44.000000
    vertex 2.032762 1.621073 45.000000
  endloop
endfacet
facet normal -0.846724 -0.532032 -0.000000
  outer loop
    vertex 2.342519 1.128098 44.000000
    vertex 2.032762 1.621073 45.000000
    vertex 2.342519 1.128098 45.000000
  endloop
endfacet
facet normal 0.707107 0.707107 0.000000
  outer loop
    vertex 9.381978 7.481878 44.000000
    vertex 7.481878 9.381978 44.000000
    vertex 7.481878 9.381978 45.000000
  endloop
endfacet
facet normal 0.707107 0.707107 0.000000
  outer loop
    vertex 9.381978 7.481878 44.000000
    vertex 7.481878 9.381978 45.000000
    vertex 9.381978 7.481878 45.000000
  endloop
endfacet
facet normal -0.707107 -0.707107 -0.000000
  outer loop
    vertex 2.032762 1.621073 44.000000
    vertex 1.621073 2.032762 44.000000
    vertex 1.621073 2.032762 45.000000
  endloop
endfacet
facet normal -0.707107 -0.707107 -0.000000
  outer loop
    vertex 2.032762 1.621073 44.000000
    vertex 1.621073 2.032762 45.000000
    vertex 2.032762 1.621073 45.000000
  endloop
endfacet
facet normal 0.532032 0.846724 0.000000
  outer loop
    vertex 7.481878 9.381978 44.000000
    vertex 5.206605 10.811626 44.000000
    vertex 5.206605 10.811626 45.000000
  endloop
endfacet
facet normal 0.532032 0.846724 0.000000
  outer loop
    vertex 7.481878 9.381978 44.000000
    vertex 5.206605 10.811626 45.000000
    vertex 7.481878 9.381978 45.000000
  endloop
endfacet
facet normal -0.532032 -0.846724 -0.000000
  outer loop
    vertex 1.621073 2.032762 44.000000
    vertex 1.128098 2.342519 44.000000
    vertex 1.128098 2.342519 45.000000
  endloop
endfacet
facet normal -0.532032 -0.846724 -0.000000
  outer loop
    vertex 1.621073 2.032762 44.000000
    vertex 1.128098 2.342519 45.000000
    vertex 1.621073 2.032762 45.000000
  endloop
endfacet
facet normal 0.330279 0.943883 0.000000
  outer loop
    vertex 5.206605 10.811626 44.000000
    vertex 2.670251 11.699135 44.000000
    vertex 2.670251 11.699135 45.000000
  endloop
endfacet
facet normal 0.330279 0.943883 0.000000
  outer loop
    vertex 5.206605 10.811626 44.000000
    vertex 2.670251 11.699135 45.000000
    vertex 5.206605 10.811626 45.000000
  endloop
endfacet
facet normal -0.330279 -0.943883 -0.000000
  outer loop
    vertex 1.128098 2.342519 44.000000
    vertex 0.578554 2.534813 44.000000
    vertex 0.578554 2.534813 45.000000
  endloop
endfacet
facet normal -0.330279 -0.943883 -0.000000
  outer loop
    vertex 1.128098 2.342519 44.000000
    vertex 0.578554 2.534813 45.000000
    vertex 1.128098 2.342519 45.000000
  endloop
endfacet
facet normal 0.111964 0.993712 0.000000
  outer loop
    vertex 2.670251 11.699135 44.000000
    vertex 0.000000 12.000000 44.000000
    vertex 0.000000 12.000000 45.000000
  endloop
endfacet
facet normal 0.111964 0.993712 0.000000
  outer loop
    vertex 2.670251 11.699135 44.000000
    vertex 0.000000 12.000000 45.000000
    vertex 2.670251 11.699135 45.000000
  endloop
endfacet
facet normal -0.111964 -0.993712 -0.000000
  outer loop
    vertex 0.578554 2.534813 44.000000
    vertex 0.000000 2.600000 44.000000
    vertex 0.000000 2.600000 45.000000
  endloop
endfacet
facet normal -0.111964 -0.993712 -0.000000
  outer loop
    vertex 0.578554 2.534813 44.000000
    vertex 0.000000 2.600000 45.000000
    vertex 0.578554 2.534813 45.000000
  endloop
endfacet
facet normal -0.111964 0.993712 0.000000
  outer loop
    vertex 0.000000 12.000000 44.000000
    vertex -2.670251 11.699135 44.000000
    vertex -2.670251 11.699135 45.000000
  endloop
endfacet
facet normal -0.111964 0.993712 0.000000
  outer loop
    vertex 0.000000 12.000000 44.000000
    vertex -2.670251 11.699135 45.000000
    vertex 0.000000 12.000000 45.000000
  endloop
endfacet
facet normal 0.111964 -0.993712 -0.000000
  outer loop
    vertex 0.000000 2.600000 44.000000
    vertex -0.578554 2.534813 44.000000
    vertex -0.578554 2.534813 45.000000
  endloop
endfacet
facet normal 0.111964 -0.993712 -0.000000
  outer loop
    vertex 0.000000 2.600000 44.000000
    vertex -0.578554 2.534813 45.000000
    vertex 0.000000 2.600000 45.000000
  endloop
endfacet
facet normal -0.330279 0.943883 0.000000
  outer loop
    vertex -2.670251 11.699135 44.000000
    vertex -5.206605 10.811626 44.000000
    vertex -5.206605 10.811626 45.000000
  endloop
endfacet
facet normal -0.330279 0.943883 0.000000
  outer loop
    vertex -2.670251 11.699135 44.000000
    vertex -5.206605 10.811626 45.000000
    vertex -2.670251 11.699135 45.000000
  endloop
endfacet
facet normal 0.330279 -0.943883 -0.000000
  outer loop
    vertex -0.578554 2.534813 44.000000
    vertex -1.128098 2.342519 44.000000
    vertex -1.128098 2.342519 45.000000
  endloop
endfacet
facet normal 0.330279 -0.943883 -0.000000
  outer loop
    vertex -0.578554 2.534813 44.000000
    vertex -1.128098 2.342519 45.000000
    vertex -0.578554 2.534813 45.000000
  endloop
endfacet
facet normal -0.532032 0.846724 0.000000
  outer loop
    vertex -5.206605 10.811626 44.000000
    vertex -7.481878 9.381978 44.000000
    vertex -7.481878 9.381978 45.000000
  endloop
endfacet
facet normal -0.532032 0.846724 0.000000
  outer loop
    vertex -5.206605 10.811626 44.000000
    vertex -7.481878 9.381978 45.000000
    vertex -5.206605 10.811626 45.000000
  endloop
endfacet
facet normal 0.532032 -0.846724 -0.000000
  outer loop
    vertex -1.128098 2.342519 44.000000
    vertex -1.621073 2.032762 44.000000
    vertex -1.621073 2.032762 45.000000
  endloop
endfacet
facet normal 0.532032 -0.846724 -0.000000
  outer loop
    vertex -1.128098 2.342519 44.000000
    vertex -1.621073 2.032762 45.000000
    vertex -1.128098 2.342519 45.000000
  endloop
endfacet
facet normal -0.707107 0.707107 0.000000
  outer loop
    vertex -7.481878 9.381978 44.000000
    vertex -9.381978 7.481878 44.000000
    vertex -9.381978 7.481878 45.000000
  endloop
endfacet
facet normal -0.707107 0.707107 0.000000
  outer loop
    vertex -7.481878 9.381978 44.000000
    vertex -9.381978 7.481878 45.000000
    vertex -7.481878 9.381978 45.000000
  endloop
endfacet
facet normal 0.707107 -0.707107 -0.000000
  outer loop
    vertex -1.621073 2.032762 44.000000
    vertex -2.032762 1.621073 44.000000
    vertex -2.032762 1.621073 45.000000
  endloop
endfacet
facet normal 0.707107 -0.707107 -0.000000
  outer loop
    vertex -1.621073 2.032762 44.000000
    vertex -2.032762 1.621073 45.000000
    vertex -1.621073 2.032762 45.000000
  endloop
endfacet
facet normal -0.846724 0.532032 0.000000
  outer loop
    vertex -9.381978 7.481878 44.000000
    vertex -10.811626 5.206605 44.000000
    vertex -10.811626 5.206605 45.000000
  endloop
endfacet
facet normal -0.846724 0.532032 0.000000
  outer loop
    vertex -9.381978 7.481878 44.000000
    vertex -10.811626 5.206605 45.000000
    vertex -9.381978 7.481878 45.000000
  endloop
endfacet
facet normal 0.846724 -0.532032 -0.000000
  outer loop
    vertex -2.032762 1.621073 44.000000
    vertex -2.342519 1.128098 44.000000
    vertex -2.342519 1.128098 45.000000
  endloop
endfacet
facet normal 0.846724 -0.532032 -0.000000
  outer loop
    vertex -2.032762 1.621073 44.000000
    vertex -2.342519 1.128098 45.000000
    vertex -2.032762 1.621073 45.000000
  endloop
endfacet
facet normal -0.943883 0.330279 0.000000
  outer loop
    vertex -10.811626 5.206605 44.000000
    vertex -11.699135 2.670251 44.000000
    vertex -11.699135 2.670251 45.000000
  endloop
endfacet
facet normal -0.943883 0.330279 0.000000
  outer loop
    vertex -10.811626 5.206605 44.000000
    vertex -11.699135 2.670251 45.000000
    vertex -10.811626 5.206605 45.000000
  endloop
endfacet
facet normal 0.943883 -0.330279 -0.000000
  outer loop
    vertex -2.342519 1.128098 44.000000
    vertex -2.534813 0.578554 44.000000
    vertex -2.534813 0.578554 45.000000
  endloop
endfacet
facet normal 0.943883 -0.330279 -0.000000
  outer loop
    vertex -2.342519 1.128098 44.000000
    vertex -2.534813 0.578554 45.000000
    vertex -2.342519 1.128098 45.000000
  endloop
endfacet
facet normal -0.993712 0.111964 0.000000
  outer loop
    vertex -11.699135 2.670251 44.000000
    vertex -12.000000 0.000000 44.000000
    vertex -12.000000 0.000000 45.000000
  endloop
endfacet
facet normal -0.993712 0.111964 0.000000
  outer loop
    vertex -11.699135 2.670251 44.000000
    vertex -12.000000 0.000000 45.000000
    vertex -11.699135 2.670251 45.000000
  endloop
endfacet
facet normal 0.993712 -0.111964 -0.000000
  outer loop
    vertex -2.534813 0.578554 44.000000
    vertex -2.600000 0.000000 44.000000
    vertex -2.600000 0.000000 45.000000
  endloop
endfacet
facet normal 0.993712 -0.111964 -0.000000
  outer loop
    vertex -2.534813 0.578554 44.000000
    vertex -2.600000 0.000000 45.000000
    vertex -2.534813 0.578554 45.000000
  endloop
endfacet
facet normal -0.993712 -0.111964 0.000000
  outer loop
    vertex -12.000000 0.000000 44.000000
    vertex -11.699135 -2.670251 44.000000
    vertex -11.699135 -2.670251 45.000000
  endloop
endfacet
facet normal -0.993712 -0.111964 0.000000
  outer loop
    vertex -12.000000 0.000000 44.000000
    vertex -11.699135 -2.670251 45.000000
    vertex -12.000000 0.000000 45.000000
  endloop
endfacet
facet normal 0.993712 0.111964 -0.000000
  outer loop
    vertex -2.600000 0.000000 44.000000
    vertex -2.534813 -0.578554 44.000000
    vertex -2.534813 -0.578554 45.000000
  endloop
endfacet
facet normal 0.993712 0.111964 -0.000000
  outer loop
    vertex -2.600000 0.000000 44.000000
    vertex -2.534813 -0.578554 45.000000
    vertex -2.600000 0.000000 45.000000
  endloop
endfacet
facet normal -0.943883 -0.330279 0.000000
  outer loop
    vertex -11.699135 -2.670251 44.000000
    vertex -10.811626 -5.206605 44.000000
    vertex -10.811626 -5.206605 45.000000
  endloop
endfacet
facet normal -0.943883 -0.330279 0.000000
  outer loop
    vertex -11.699135 -2.670251 44.000000
    vertex -10.811626 -5.206605 45.000000
    vertex -11.699135 -2.670251 45.000000
  endloop
endfacet
facet normal 0.943883 0.330279 -0.000000
  outer loop
    vertex -2.534813 -0.578554 44.000000
    vertex -2.342519 -1.128098 44.000000
    vertex -2.342519 -1.128098 45.000000
  endloop
endfacet
facet normal 0.943883 0.330279 -0.000000
  outer loop
    vertex -2.534813 -0.578554 44.000000
    vertex -2.342519 -1.128098 45.000000
    vertex -2.534813 -0.578554 45.000000
  endloop
endfacet
facet normal -0.846724 -0.532032 0.000000
  outer loop
    vertex -10.811626 -5.206605 44.000000
    vertex -9.381978 -7.481878 44.000000
    vertex -9.381978 -7.481878 45.000000
  endloop
endfacet
facet normal -0.846724 -0.532032 0.000000
  outer loop
    vertex -10.811626 -5.206605 44.000000
    vertex -9.381978 -7.481878 45.000000
    vertex -10.811626 -5.206605 45.000000
  endloop
endfacet
facet normal 0.846724 0.532032 -0.000000
  outer loop
    vertex -2.342519 -1.128098 44.000000
    vertex -2.032762 -1.621073 44.000000
    vertex -2.032762 -1.621073 45.000000
  endloop
endfacet
facet normal 0.846724 0.532032 -0.000000
  outer loop
    vertex -2.342519 -1.128098 44.000000
    vertex -2.032762 -1.621073 45.000000
    vertex -2.342519 -1.128098 45.000000
  endloop
endfacet
facet normal -0.707107 -0.707107 0.000000
  outer loop
    vertex -9.381978 -7.481878 44.000000
    vertex -7.481878 -9.381978 44.000000
    vertex -7.481878 -9.381978 45.000000
  endloop
endfacet
facet normal -0.707107 -0.707107 0.000000
  outer loop
    vertex -9.381978 -7.481878 44.000000
    vertex -7.481878 -9.381978 45.000000
    vertex -9.381978 -7.481878 45.000000
  endloop
endfacet
facet normal 0.707107 0.707107 -0.000000
  outer loop
    vertex -2.032762 -1.621073 44.000000
    vertex -1.621073 -2.032762 44.000000
    vertex -1.621073 -2.032762 45.000000
  endloop
endfacet
facet normal 0.707107 0.707107 -0.000000
  outer loop
    vertex -2.032762 -1.621073 44.000000
    vertex -1.621073 -2.032762 45.000000
    vertex -2.032762 -1.621073 45.000000
  endloop
endfacet
facet normal -0.532032 -0.846724 0.000000
  outer loop
    vertex -7.481878 -9.381978 44.000000
    vertex -5.206605 -10.811626 44.000000
    vertex -5.206605 -10.811626 45.000000
  endloop
endfacet
facet normal -0.532032 -0.846724 0.000000
  outer loop
    vertex -7.481878 -9.381978 44.000000
    vertex -5.206605 -10.811626 45.000000
    vertex -7.481878 -9.381978 45.000000
  endloop
endfacet
facet normal 0.532032 0.846724 -0.000000
  outer loop
    vertex -1.621073 -2.032762 44.000000
    vertex -1.128098 -2.342519 44.000000
    vertex -1.128098 -2.342519 45.000000
  endloop
endfacet
facet normal 0.532032 0.846724 -0.000000
  outer loop
    vertex -1.621073 -2.032762 44.000000
    vertex -1.128098 -2.342519 45.000000
    vertex -1.621073 -2.032762 45.000000
  endloop
endfacet
facet normal -0.330279 -0.943883 0.000000
  outer loop
    vertex -5.206605 -10.811626 44.000000
    vertex -2.670251 -11.699135 44.000000
    vertex -2.670251 -11.699135 45.000000
  endloop
endfacet
facet normal -0.330279 -0.943883 0.000000
  outer loop
    vertex -5.206605 -10.811626 44.000000
    vertex -2.670251 -11.699135 45.000000
    vertex -5.206605 -10.811626 45.000000
  endloop
endfacet
facet normal 0.330279 0.943883 -0.000000
  outer loop
    vertex -1.128098 -2.342519 44.000000
    vertex -0.578554 -2.534813 44.000000
    vertex -0.578554 -2.534813 45.000000
  endloop
endfacet
facet normal 0.330279 0.943883 -0.000000
  outer loop
    vertex -1.128098 -2.342519 44.000000
    vertex -0.578554 -2.534813 45.000000
    vertex -1.128098 -2.342519 45.000000
  endloop
endfacet
facet normal -0.111964 -0.993712 0.000000
  outer loop
    vertex -2.670251 -11.699135 44.000000
    vertex -0.000000 -12.000000 44.000000
    vertex -0.000000 -12.000000 45.000000
  endloop
endfacet
facet normal -0.111964 -0.993712 0.000000
  outer loop
    vertex -2.670251 -11.699135 44.000000
    vertex -0.000000 -12.000000 45.000000
    vertex -2.670251 -11.699135 45.000000
  endloop
endfacet
facet normal 0.111964 0.993712 -0.000000
  outer loop
    vertex -0.578554 -2.534813 44.000000
    vertex -0.000000 -2.600000 44.000000
    vertex -0.000000 -2.600000 45.000000
  endloop
endfacet
facet normal 0.111964 0.993712 -0.000000
  outer loop
    vertex -0.578554 -2.534813 44.000000
    vertex -0.000000 -2.600000 45.000000
    vertex -0.578554 -2.534813 45.000000
  endloop
endfacet
facet normal 0.111964 -0.993712 0.000000
  outer loop
    vertex -0.000000 -12.000000 44.000000
    vertex 2.670251 -11.699135 44.000000
    vertex 2.670251 -11.699135 45.000000
  endloop
endfacet
facet normal 0.111964 -0.993712 0.000000
  outer loop
    vertex -0.000000 -12.000000 44.000000
    vertex 2.670251 -11.699135 45.000000
    vertex -0.000000 -12.000000 45.000000
  endloop
endfacet
facet normal -0.111964 0.993712 -0.000000
  outer loop
    vertex -0.000000 -2.600000 44.000000
    vertex 0.578554 -2.534813 44.000000
    vertex 0.578554 -2.534813 45.000000
  endloop
endfacet
facet normal -0.111964 0.993712 -0.000000
  outer loop
    vertex -0.000000 -2.600000 44.000000
    vertex 0.578554 -2.534813 45.000000
    vertex -0.000000 -2.600000 45.000000
  endloop
endfacet
facet normal 0.330279 -0.943883 0.000000
  outer loop
    vertex 2.670251 -11.699135 44.000000
    vertex 5.206605 -10.811626 44.000000
    vertex 5.206605 -10.811626 45.000000
  endloop
endfacet
facet normal 0.330279 -0.943883 0.000000
  outer loop
    vertex 2.670251 -11.699135 44.000000
    vertex 5.206605 -10.811626 45.000000
    vertex 2.670251 -11.699135 45.000000
  endloop
endfacet
facet normal -0.330279 0.943883 -0.000000
  outer loop
    vertex 0.578554 -2.534813 44.000000
    vertex 1.128098 -2.342519 44.000000
    vertex 1.128098 -2.342519 45.000000
  endloop
endfacet
facet normal -0.330279 0.943883 -0.000000
  outer loop
    vertex 0.578554 -2.534813 44.000000
    vertex 1.128098 -2.342519 45.000000
    vertex 0.578554 -2.534813 45.000000
  endloop
endfacet
facet normal 0.532032 -0.846724 0.000000
  outer loop
    vertex 5.206605 -10.811626 44.000000
    vertex 7.481878 -9.381978 44.000000
    vertex 7.481878 -9.381978 45.000000
  endloop
endfacet
facet normal 0.532032 -0.846724 0.000000
  outer loop
    vertex 5.206605 -10.811626 44.000000
    vertex 7.481878 -9.381978 45.000000
    vertex 5.206605 -10.811626 45.000000
  endloop
endfacet
facet normal -0.532032 0.846724 -0.000000
  outer loop
    vertex 1.128098 -2.342519 44.000000
    vertex 1.621073 -2.032762 44.000000
    vertex 1.621073 -2.032762 45.000000
  endloop
endfacet
facet normal -0.532032 0.846724 -0.000000
  outer loop
    vertex 1.128098 -2.342519 44.000000
    vertex 1.621073 -2.032762 45.000000
    vertex 1.128098 -2.342519 45.000000
  endloop
endfacet
facet normal 0.707107 -0.707107 0.000000
  outer loop
    vertex 7.481878 -9.381978 44.000000
    vertex 9.381978 -7.481878 44.000000
    vertex 9.381978 -7.481878 45.000000
  endloop
endfacet
facet normal 0.707107 -0.707107 0.000000
  outer loop
    vertex 7.481878 -9.381978 44.000000
    vertex 9.381978 -7.481878 45.000000
    vertex 7.481878 -9.381978 45.000000
  endloop
endfacet
facet normal -0.707107 0.707107 -0.000000
  outer loop
    vertex 1.621073 -2.032762 44.000000
    vertex 2.032762 -1.621073 44.000000
    vertex 2.032762 -1.621073 45.000000
  endloop
endfacet
facet normal -0.707107 0.707107 -0.000000
  outer loop
    vertex 1.621073 -2.032762 44.000000
    vertex 2.032762 -1.621073 45.000000
    vertex 1.621073 -2.032762 45.000000
  endloop
endfacet
facet normal 0.846724 -0.532032 0.000000
  outer loop
    vertex 9.381978 -7.481878 44.000000
    vertex 10.811626 -5.206605 44.000000
    vertex 10.811626 -5.206605 45.000000
  endloop
endfacet
facet normal 0.846724 -0.532032 0.000000
  outer loop
    vertex 9.381978 -7.481878 44.000000
    vertex 10.811626 -5.206605 45.000000
    vertex 9.381978 -7.481878 45.000000
  endloop
endfacet
facet normal -0.846724 0.532032 -0.000000
  outer loop
    vertex 2.032762 -1.621073 44.000000
    vertex 2.342519 -1.128098 44.000000
    vertex 2.342519 -1.128098 45.000000
  endloop
endfacet
facet normal -0.846724 0.532032 -0.000000
  outer loop
    vertex 2.032762 -1.621073 44.000000
    vertex 2.342519 -1.128098 45.000000
    vertex 2.032762 -1.621073 45.000000
  endloop
endfacet
facet normal 0.943883 -0.330279 0.000000
  outer loop
    vertex 10.811626 -5.206605 44.000000
    vertex 11.699135 -2.670251 44.000000
    vertex 11.699135 -2.670251 45.000000
  endloop
endfacet
facet normal 0.943883 -0.330279 0.000000
  outer loop
    vertex 10.811626 -5.206605 44.000000
    vertex 11.699135 -2.670251 45.000000
    vertex 10.811626 -5.206605 45.000000
  endloop
endfacet
facet normal -0.943883 0.330279 -0.000000
  outer loop
    vertex 2.342519 -1.128098 44.000000
    vertex 2.534813 -0.578554 44.000000
    vertex 2.534813 -0.578554 45.000000
  endloop
endfacet
facet normal -0.943883 0.330279 -0.000000
  outer loop
    vertex 2.342519 -1.128098 44.000000
    vertex 2.534813 -0.578554 45.000000
    vertex 2.342519 -1.128098 45.000000
  endloop
endfacet
facet normal 0.993712 -0.111964 0.000000
  outer loop
    vertex 11.699135 -2.670251 44.000000
    vertex 12.000000 0.000000 44.000000
    vertex 12.000000 0.000000 45.000000
  endloop
endfacet
facet normal 0.993712 -0.111964 0.000000
  outer loop
    vertex 11.699135 -2.670251 44.000000
    vertex 12.000000 0.000000 45.000000
    vertex 11.699135 -2.670251 45.000000
  endloop
endfacet
facet normal -0.993712 0.111964 -0.000000
  outer loop
    vertex 2.534813 -0.578554 44.000000
    vertex 2.600000 0.000000 44.000000
    vertex 2.600000 0.000000 45.000000
  endloop
endfacet
facet normal -0.993712 0.111964 -0.000000
  outer loop
    vertex 2.534813 -0.578554 44.000000
    vertex 2.600000 0.000000 45.000000
    vertex 2.534813 -0.578554 45.000000
  endloop
endfacet
facet normal 0.993712 0.111964 0.000000
  outer loop
    vertex 12.000000 0.000000 45.000000
    vertex 11.699135 2.670251 45.000000
    vertex 11.699135 2.670251 46.000000
  endloop
endfacet
facet normal 0.993712 0.111964 0.000000
  outer loop
    vertex 12.000000 0.000000 45.000000
    vertex 11.699135 2.670251 46.000000
    vertex 12.000000 0.000000 46.000000
  endloop
endfacet
facet normal -0.993712 -0.111964 -0.000000
  outer loop
    vertex 2.600000 0.000000 45.000000
    vertex 2.534813 0.578554 45.000000
    vertex 2.534813 0.578554 46.000000
  endloop
endfacet
facet normal -0.993712 -0.111964 -0.000000
  outer loop
    vertex 2.600000 0.000000 45.000000
    vertex 2.534813 0.578554 46.000000
    vertex 2.600000 0.000000 46.000000
  endloop
endfacet
facet normal 0.943883 0.330279 0.000000
  outer loop
    vertex 11.699135 2.670251 45.000000
    vertex 10.811626 5.206605 45.000000
    vertex 10.811626 5.206605 46.000000
  endloop
endfacet
facet normal 0.943883 0.330279 0.000000
  outer loop
    vertex 11.699135 2.670251 45.000000
    vertex 10.811626 5.206605 46.000000
    vertex 11.699135 2.670251 46.000000
  endloop
endfacet
facet normal -0.943883 -0.330279 -0.000000
  outer loop
    vertex 2.534813 0.578554 45.000000
    vertex 2.342519 1.128098 45.000000
    vertex 2.342519 1.128098 46.000000
  endloop
endfacet
facet normal -0.943883 -0.330279 -0.000000
  outer loop
    vertex 2.534813 0.578554 45.000000
    vertex 2.342519 1.128098 46.000000
    vertex 2.534813 0.578554 46.000000
  endloop
endfacet
facet normal 0.846724 0.532032 0.000000
  outer loop
    vertex 10.811626 5.206605 45.000000
    vertex 9.381978 7.481878 45.000000
    vertex 9.381978 7.481878 46.000000
  endloop
endfacet
facet normal 0.846724 0.532032 0.000000
  outer loop
    vertex 10.811626 5.206605 45.000000
    vertex 9.381978 7.481878 46.000000
    vertex 10.811626 5.206605 46.000000
  endloop
endfacet
facet normal -0.846724 -0.532032 -0.000000
  outer loop
    vertex 2.342519 1.128098 45.000000
    vertex 2.032762 1.621073 45.000000
    vertex 2.032762 1.621073 46.000000
  endloop
endfacet
facet normal -0.846724 -0.532032 -0.000000
  outer loop
    vertex 2.342519 1.128098 45.000000
    vertex 2.032762 1.621073 46.000000
    vertex 2.342519 1.128098 46.000000
  endloop
endfacet
facet normal 0.707107 0.707107 0.000000
  outer loop
    vertex 9.381978 7.481878 45.000000
    vertex 7.481878 9.381978 45.000000
    vertex 7.481878 9.381978 46.000000
  endloop
endfacet
facet normal 0.707107 0.707107 0.000000
  outer loop
    vertex 9.381978 7.481878 45.000000
    vertex 7.481878 9.381978 46.000000
    vertex 9.381978 7.481878 46.000000
  endloop
endfacet
facet normal -0.707107 -0.707107 -0.000000
  outer loop
    vertex 2.032762 1.621073 45.000000
    vertex 1.621073 2.032762 45.000000
    vertex 1.621073 2.032762 46.000000
  endloop
endfacet
facet normal -0.707107 -0.707107 -0.000000
  outer loop
    vertex 2.032762 1.621073 45.000000
    vertex 1.621073 2.032762 46.000000
    vertex 2.032762 1.621073 46.000000
  endloop
endfacet
facet normal 0.532032 0.846724 0.000000
  outer loop
    vertex 7.481878 9.381978 45.000000
    vertex 5.206605 10.811626 45.000000
    vertex 5.206605 10.811626 46.000000
  endloop
endfacet
facet normal 0.532032 0.846724 0.000000
  outer loop
    vertex 7.481878 9.381978 45.000000
    vertex 5.206605 10.811626 46.000000
    vertex 7.481878 9.381978 46.000000
  endloop
endfacet
facet normal -0.532032 -0.846724 -0.000000
  outer loop
    vertex 1.621073 2.032762 45.000000
    vertex 1.128098 2.342519 45.000000
    vertex 1.128098 2.342519 46.000000
  endloop
endfacet
facet normal -0.532032 -0.846724 -0.000000
  outer loop
    vertex 1.621073 2.032762 45.000000
    vertex 1.128098 2.342519 46.000000
    vertex 1.621073 2.032762 46.000000
  endloop
endfacet
facet normal 0.330279 0.943883 0.000000
  outer loop
    vertex 5.206605 10.811626 45.000000
    vertex 2.670251 11.699135 45.000000
    vertex 2.670251 11.699135 46.000000
  endloop
endfacet
facet normal 0.330279 0.943883 0.000000
  outer loop
    vertex 5.206605 10.811626 45.000000
    vertex 2.670251 11.699135 46.000000
    vertex 5.206605 10.811626 46.000000
  endloop
endfacet
facet normal -0.330279 -0.943883 -0.000000
  outer loop
    vertex 1.128098 2.342519 45.000000
    vertex 0.578554 2.534813 45.000000
    vertex 0.578554 2.534813 46.000000
  endloop
endfacet
facet normal -0.330279 -0.943883 -0.000000
  outer loop
    vertex 1.128098 2.342519 45.000000
    vertex 0.578554 2.534813 46.000000
    vertex 1.128098 2.342519 46.000000
  endloop
endfacet
facet normal 0.111964 0.993712 0.000000
  outer loop
    vertex 2.670251 11.699135 45.000000
    vertex 0.000000 12.000000 45.000000
    vertex 0.000000 12.000000 46.000000
  endloop
endfacet
facet normal 0.111964 0.993712 0.000000
  outer loop
    vertex 2.670251 11.699135 45.000000
    vertex 0.000000 12.000000 46.000000
    vertex 2.670251 11.699135 46.000000
  endloop
endfacet
facet normal -0.111964 -0.993712 -0.000000
  outer loop
    vertex 0.578554 2.534813 45.000000
    vertex 0.000000 2.600000 45.000000
    vertex 0.000000 2.600000 46.000000
  endloop
endfacet
facet normal -0.111964 -0.993712 -0.000000
  outer loop
    vertex 0.578554 2.534813 45.000000
    vertex 0.000000 2.600000 46.000000
    vertex 0.578554 2.534813 46.000000
  endloop
endfacet
facet normal -0.111964 0.993712 0.000000
  outer loop
    vertex 0.000000 12.000000 45.000000
    vertex -2.670251 11.699135 45.000000
    vertex -2.670251 11.699135 46.000000
  endloop
endfacet
facet normal -0.111964 0.993712 0.000000
  outer loop
    vertex 0.000000 12.000000 45.000000
    vertex -2.670251 11.699135 46.000000
    vertex 0.000000 12.000000 46.000000
  endloop
endfacet
facet normal 0.111964 -0.993712 -0.000000
  outer loop
    vertex 0.000000 2.600000 45.000000
    vertex -0.578554 2.534813 45.000000
    vertex -0.578554 2.534813 46.000000
  endloop
endfacet
facet normal 0.111964 -0.993712 -0.000000
  outer loop
    vertex 0.000000 2.600000 45.000000
    vertex -0.578554 2.534813 46.000000
    vertex 0.000000 2.600000 46.000000
  endloop
endfacet
facet normal -0.330279 0.943883 0.000000
  outer loop
    vertex -2.670251 11.699135 45.000000
    vertex -5.206605 10.811626 45.000000
    vertex -5.206605 10.811626 46.000000
  endloop
endfacet
facet normal -0.330279 0.943883 0.000000
  outer loop
    vertex -2.670251 11.699135 45.000000
    vertex -5.206605 10.811626 46.000000
    vertex -2.670251 11.699135 46.000000
  endloop
endfacet
facet normal 0.330279 -0.943883 -0.000000
  outer loop
    vertex -0.578554 2.534813 45.000000
    vertex -1.128098 2.342519 45.000000
    vertex -1.128098 2.342519 46.000000
  endloop
endfacet
facet normal 0.330279 -0.943883 -0.000000
  outer loop
    vertex -0.578554 2.534813 45.000000
    vertex -1.128098 2.342519 46.000000
    vertex -0.578554 2.534813 46.000000
  endloop
endfacet
facet normal -0.532032 0.846724 0.000000
  outer loop
    vertex -5.206605 10.811626 45.000000
    vertex -7.481878 9.381978 45.000000
    vertex -7.481878 9.381978 46.000000
  endloop
endfacet
facet normal -0.532032 0.846724 0.000000
  outer loop
    vertex -5.206605 10.811626 45.000000
    vertex -7.481878 9.381978 46.000000
    vertex -5.206605 10.811626 46.000000
  endloop
endfacet
facet normal 0.532032 -0.846724 -0.000000
  outer loop
    vertex -1.128098 2.342519 45.000000
    vertex -1.621073 2.032762 45.000000
    vertex -1.621073 2.032762 46.000000
  endloop
endfacet
facet normal 0.532032 -0.846724 -0.000000
  outer loop
    vertex -1.128098 2.342519 45.000000
    vertex -1.621073 2.032762 46.000000
    vertex -1.128098 2.342519 46.000000
  endloop
endfacet
facet normal -0.707107 0.707107 0.000000
  outer loop
    vertex -7.481878 9.381978 45.000000
    vertex -9.381978 7.481878 45.000000
    vertex -9.381978 7.481878 46.000000
  endloop
endfacet
facet normal -0.707107 0.707107 0.000000
  outer loop
    vertex -7.481878 9.381978 45.000000
    vertex -9.381978 7.481878 46.000000
    vertex -7.481878 9.381978 46.000000
  endloop
endfacet
facet normal 0.707107 -0.707107 -0.000000
  outer loop
    vertex -1.621073 2.032762 45.000000
    vertex -2.032762 1.621073 45.000000
    vertex -2.032762 1.621073 46.000000
  endloop
endfacet
facet normal 0.707107 -0.707107 -0.000000
  outer loop
    vertex -1.621073 2.032762 45.000000
    vertex -2.032762 1.621073 46.000000
    vertex -1.621073 2.032762 46.000000
  endloop
endfacet
facet normal -0.846724 0.532032 0.000000
  outer loop
    vertex -9.381978 7.481878 45.000000
    vertex -10.811626 5.206605 45.000000
    vertex -10.811626 5.206605 46.000000
  endloop
endfacet
facet normal -0.846724 0.532032 0.000000
  outer loop
    vertex -9.381978 7.481878 45.000000
    vertex -10.811626 5.206605 46.000000
    vertex -9.381978 7.481878 46.000000
  endloop
endfacet
facet normal 0.846724 -0.532032 -0.000000
  outer loop
    vertex -2.032762 1.621073 45.000000
    vertex -2.342519 1.128098 45.000000
    vertex -2.342519 1.128098 46.000000
  endloop
endfacet
facet normal 0.846724 -0.532032 -0.000000
  outer loop
    vertex -2.032762 1.621073 45.000000
    vertex -2.342519 1.128098 46.000000
    vertex -2.032762 1.621073 46.000000
  endloop
endfacet
facet normal -0.943883 0.330279 0.000000
  outer loop
    vertex -10.811626 5.206605 45.000000
    vertex -11.699135 2.670251 45.000000
    vertex -11.699135 2.670251 46.000000
  endloop
endfacet
facet normal -0.943883 0.330279 0.000000
  outer loop
    vertex -10.811626 5.206605 45.000000
    vertex -11.699135 2.670251 46.000000
    vertex -10.811626 5.206605 46.000000
  endloop
endfacet
facet normal 0.943883 -0.330279 -0.000000
  outer loop
    vertex -2.342519 1.128098 45.000000
    vertex -2.534813 0.578554 45.000000
    vertex -2.534813 0.578554 46.000000
  endloop
endfacet
facet normal 0.943883 -0.330279 -0.000000
  outer loop
    vertex -2.342519 1.128098 45.000000
    vertex -2.534813 0.578554 46.000000
    vertex -2.342519 1.128098 46.000000
  endloop
endfacet
facet normal -0.993712 0.111964 0.000000
  outer loop
    vertex -11.699135 2.670251 45.000000
    vertex -12.000000 0.000000 45.000000
    vertex -12.000000 0.000000 46.000000
  endloop
endfacet
facet normal -0.993712 0.111964 0.000000
  outer loop
    vertex -11.699135 2.670251 45.000000
    vertex -12.000000 0.000000 46.000000
    vertex -11.699135 2.670251 46.000000
  endloop
endfacet
facet normal 0.993712 -0.111964 -0.000000
  outer loop
    vertex -2.534813 0.578554 45.000000
    vertex -2.600000 0.000000 45.000000
    vertex -2.600000 0.000000 46.000000
  endloop
endfacet
facet normal 0.993712 -0.111964 -0.000000
  outer loop
    vertex -2.534813 0.578554 45.000000
    vertex -2.600000 0.000000 46.000000
    vertex -2.534813 0.578554 46.000000
  endloop
endfacet
facet normal -0.993712 -0.111964 0.000000
  outer loop
    vertex -12.000000 0.000000 45.000000
    vertex -11.699135 -2.670251 45.000000
    vertex -11.699135 -2.670251 46.000000
  endloop
endfacet
facet normal -0.993712 -0.111964 0.000000
  outer loop
    vertex -12.000000 0.000000 45.000000
    vertex -11.699135 -2.670251 46.000000
    vertex -12.000000 0.000000 46.000000
  endloop
endfacet
facet normal 0.993712 0.111964 -0.000000
  outer loop
    vertex -2.600000 0.000000 45.000000
    vertex -2.534813 -0.578554 45.000000
    vertex -2.534813 -0.578554 46.000000
  endloop
endfacet
facet normal 0.993712 0.111964 -0.000000
  outer loop
    vertex -2.600000 0.000000 45.000000
    vertex -2.534813 -0.578554 46.000000
    vertex -2.600000 0.000000 46.000000
  endloop
endfacet
facet normal -0.943883 -0.330279 0.000000
  outer loop
    vertex -11.699135 -2.670251 45.000000
    vertex -10.811626 -5.206605 45.000000
    vertex -10.811626 -5.206605 46.000000
  endloop
endfacet
facet normal -0.943883 -0.330279 0.000000
  outer loop
    vertex -11.699135 -2.670251 45.000000
    vertex -10.811626 -5.206605 46.000000
    vertex -11.699135 -2.670251 46.000000
  endloop
endfacet
facet normal 0.943883 0.330279 -0.000000
  outer loop
    vertex -2.534813 -0.578554 45.000000
    vertex -2.342519 -1.128098 45.000000
    vertex -2.342519 -1.128098 46.000000
  endloop
endfacet
facet normal 0.943883 0.330279 -0.000000
  outer loop
    vertex -2.534813 -0.578554 45.000000
    vertex -2.342519 -1.128098 46.000000
    vertex -2.534813 -0.578554 46.000000
  endloop
endfacet
facet normal -0.846724 -0.532032 0.000000
  outer loop
    vertex -10.811626 -5.206605 45.000000
    vertex -9.381978 -7.481878 45.000000
    vertex -9.381978 -7.481878 46.000000
  endloop
endfacet
facet normal -0.846724 -0.532032 0.000000
  outer loop
    vertex -10.811626 -5.206605 45.000000
    vertex -9.381978 -7.481878 46.000000
    vertex -10.811626 -5.206605 46.000000
  endloop
endfacet
facet normal 0.846724 0.532032 -0.000000
  outer loop
    vertex -2.342519 -1.128098 45.000000
    vertex -2.032762 -1.621073 45.000000
    vertex -2.032762 -1.621073 46.000000
  endloop
endfacet
facet normal 0.846724 0.532032 -0.000000
  outer loop
    vertex -2.342519 -1.128098 45.000000
    vertex -2.032762 -1.621073 46.000000
    vertex -2.342519 -1.128098 46.000000
  endloop
endfacet
facet normal -0.707107 -0.707107 0.000000
  outer loop
    vertex -9.381978 -7.481878 45.000000
    vertex -7.481878 -9.381978 45.000000
    vertex -7.481878 -9.381978 46.000000
  endloop
endfacet
facet normal -0.707107 -0.707107 0.000000
  outer loop
    vertex -9.381978 -7.481878 45.000000
    vertex -7.481878 -9.381978 46.000000
    vertex -9.381978 -7.481878 46.000000
  endloop
endfacet
facet normal 0.707107 0.707107 -0.000000
  outer loop
    vertex -2.032762 -1.621073 45.000000
    vertex -1.621073 -2.032762 45.000000
    vertex -1.621073 -2.032762 46.000000
  endloop
endfacet
facet normal 0.707107 0.707107 -0.000000
  outer loop
    vertex -2.032762 -1.621073 45.000000
    vertex -1.621073 -2.032762 46.000000
    vertex -2.032762 -1.621073 46.000000
  endloop
endfacet
facet normal -0.532032 -0.846724 0.000000
  outer loop
    vertex -7.481878 -9.381978 45.000000
    vertex -5.206605 -10.811626 45.000000
    vertex -5.206605 -10.811626 46.000000
  endloop
endfacet
facet normal -0.532032 -0.846724 0.000000
  outer loop
    vertex -7.481878 -9.381978 45.000000
    vertex -5.206605 -10.811626 46.000000
    vertex -7.481878 -9.381978 46.000000
  endloop
endfacet
facet normal 0.532032 0.846724 -0.000000
  outer loop
    vertex -1.621073 -2.032762 45.000000
    vertex -1.128098 -2.342519 45.000000
    vertex -1.128098 -2.342519 46.000000
  endloop
endfacet
facet normal 0.532032 0.846724 -0.000000
  outer loop
    vertex -1.621073 -2.032762 45.000000
    vertex -1.128098 -2.342519 46.000000
    vertex -1.621073 -2.032762 46.000000
  endloop
endfacet
facet normal -0.330279 -0.943883 0.000000
  outer loop
    vertex -5.206605 -10.811626 45.000000
    vertex -2.670251 -11.699135 45.000000
    vertex -2.670251 -11.699135 46.000000
  endloop
endfacet
facet normal -0.330279 -0.943883 0.000000
  outer loop
    vertex -5.206605 -10.811626 45.000000
    vertex -2.670251 -11.699135 46.000000
    vertex -5.206605 -10.811626 46.000000
  endloop
endfacet
facet normal 0.330279 0.943883 -0.000000
  outer loop
    vertex -1.128098 -2.342519 45.000000
    vertex -0.578554 -2.534813 45.000000
    vertex -0.578554 -2.534813 46.000000
  endloop
endfacet
facet normal 0.330279 0.943883 -0.000000
  outer loop
    vertex -1.128098 -2.342519 45.000000
    vertex -0.578554 -2.534813 46.000000
    vertex -1.128098 -2.342519 46.000000
  endloop
endfacet
facet normal -0.111964 -0.993712 0.000000
  outer loop
    vertex -2.670251 -11.699135 45.000000
    vertex -0.000000 -12.000000 45.000000
    vertex -0.000000 -12.000000 46.000000
  endloop
endfacet
facet normal -0.111964 -0.993712 0.000000
  outer loop
    vertex -2.670251 -11.699135 45.000000
    vertex -0.000000 -12.000000 46.000000
    vertex -2.670251 -11.699135 46.000000
  endloop
endfacet
facet normal 0.111964 0.993712 -0.000000
  outer loop
    vertex -0.578554 -2.534813 45.000000
    vertex -0.000000 -2.600000 45.000000
    vertex -0.000000 -2.600000 46.000000
  endloop
endfacet
facet normal 0.111964 0.993712 -0.000000
  outer loop
    vertex -0.578554 -2.534813 45.000000
    vertex -0.000000 -2.600000 46.000000
    vertex -0.578554 -2.534813 46.000000
  endloop
endfacet
facet normal 0.111964 -0.993712 0.000000
  outer loop
    vertex -0.000000 -12.000000 45.000000
    vertex 2.670251 -11.699135 45.000000
    vertex 2.670251 -11.699135 46.000000
  endloop
endfacet
facet normal 0.111964 -0.993712 0.000000
  outer loop
    vertex -0.000000 -12.000000 45.000000
    vertex 2.670251 -11.699135 46.000000
    vertex -0.000000 -12.000000 46.000000
  endloop
endfacet
facet normal -0.111964 0.993712 -0.000000
  outer loop
    vertex -0.000000 -2.600000 45.000000
    vertex 0.578554 -2.534813 45.000000
    vertex 0.578554 -2.534813 46.000000
  endloop
endfacet
facet normal -0.111964 0.993712 -0.000000
  outer loop
    vertex -0.000000 -2.600000 45.000000
    vertex 0.578554 -2.534813 46.000000
    vertex -0.000000 -2.600000 46.000000
  endloop
endfacet
facet normal 0.330279 -0.943883 0.000000
  outer loop
    vertex 2.670251 -11.699135 45.000000
    vertex 5.206605 -10.811626 45.000000
    vertex 5.206605 -10.811626 46.000000
  endloop
endfacet
facet normal 0.330279 -0.943883 0.000000
  outer loop
    vertex 2.670251 -11.699135 45.000000
    vertex 5.206605 -10.811626 46.000000
    vertex 2.670251 -11.699135 46.000000
  endloop
endfacet
facet normal -0.330279 0.943883 -0.000000
  outer loop
    vertex 0.578554 -2.534813 45.000000
    vertex 1.128098 -2.342519 45.000000
    vertex 1.128098 -2.342519 46.000000
  endloop
endfacet
facet normal -0.330279 0.943883 -0.000000
  outer loop
    vertex 0.578554 -2.534813 45.000000
    vertex 1.128098 -2.342519 46.000000
    vertex 0.578554 -2.534813 46.000000
  endloop
endfacet
facet normal 0.532032 -0.846724 0.000000
  outer loop
    vertex 5.206605 -10.811626 45.000000
    vertex 7.481878 -9.381978 45.000000
    vertex 7.481878 -9.381978 46.000000
  endloop
endfacet
facet normal 0.532032 -0.846724 0.000000
  outer loop
    vertex 5.206605 -10.811626 45.000000
    vertex 7.481878 -9.381978 46.000000
    vertex 5.206605 -10.811626 46.000000
  endloop
endfacet
facet normal -0.532032 0.846724 -0.000000
  outer loop
    vertex 1.128098 -2.342519 45.000000
    vertex 1.621073 -2.032762 45.000000
    vertex 1.621073 -2.032762 46.000000
  endloop
endfacet
facet normal -0.532032 0.846724 -0.000000
  outer loop
    vertex 1.128098 -2.342519 45.000000
    vertex 1.621073 -2.032762 46.000000
    vertex 1.128098 -2.342519 46.000000
  endloop
endfacet
facet normal 0.707107 -0.707107 0.000000
  outer loop
    vertex 7.481878 -9.381978 45.000000
    vertex 9.381978 -7.481878 45.000000
    vertex 9.381978 -7.481878 46.000000
  endloop
endfacet
facet normal 0.707107 -0.707107 0.000000
  outer loop
    vertex 7.481878 -9.381978 45.000000
    vertex 9.381978 -7.481878 46.000000
    vertex 7.481878 -9.381978 46.000000
  endloop
endfacet
facet normal -0.707107 0.707107 -0.000000
  outer loop
    vertex 1.621073 -2.032762 45.000000
    vertex 2.032762 -1.621073 45.000000
    vertex 2.032762 -1.621073 46.000000
  endloop
endfacet
facet normal -0.707107 0.707107 -0.000000
  outer loop
    vertex 1.621073 -2.032762 45.000000
    vertex 2.032762 -1.621073 46.000000
    vertex 1.621073 -2.032762 46.000000
  endloop
endfacet
facet normal 0.846724 -0.532032 0.000000
  outer loop
    vertex 9.381978 -7.481878 45.000000
    vertex 10.811626 -5.206605 45.000000
    vertex 10.811626 -5.206605 46.000000
  endloop
endfacet
facet normal 0.846724 -0.532032 0.000000
  outer loop
    vertex 9.381978 -7.481878 45.000000
    vertex 10.811626 -5.206605 46.000000
    vertex 9.381978 -7.481878 46.000000
  endloop
endfacet
facet normal -0.846724 0.532032 -0.000000
  outer loop
    vertex 2.032762 -1.621073 45.000000
    vertex 2.342519 -1.128098 45.000000
    vertex 2.342519 -1.128098 46.000000
  endloop
endfacet
facet normal -0.846724 0.532032 -0.000000
  outer loop
    vertex 2.032762 -1.621073 45.000000
    vertex 2.342519 -1.128098 46.000000
    vertex 2.032762 -1.621073 46.000000
  endloop
endfacet
facet normal 0.943883 -0.330279 0.000000
  outer loop
    vertex 10.811626 -5.206605 45.000000
    vertex 11.699135 -2.670251 45.000000
    vertex 11.699135 -2.670251 46.000000
  endloop
endfacet
facet normal 0.943883 -0.330279 0.000000
  outer loop
    vertex 10.811626 -5.206605 45.000000
    vertex 11.699135 -2.670251 46.000000
    vertex 10.811626 -5.206605 46.000000
  endloop
endfacet
facet normal -0.943883 0.330279 -0.000000
  outer loop
    vertex 2.342519 -1.128098 45.000000
    vertex 2.534813 -0.578554 45.000000
    vertex 2.534813 -0.578554 46.000000
  endloop
endfacet
facet normal -0.943883 0.330279 -0.000000
  outer loop
    vertex 2.342519 -1.128098 45.000000
    vertex 2.534813 -0.578554 46.000000
    vertex 2.342519 -1.128098 46.000000
  endloop
endfacet
facet normal 0.993712 -0.111964 0.000000
  outer loop
    vertex 11.699135 -2.670251 45.000000
    vertex 12.000000 0.000000 45.000000
    vertex 12.000000 0.000000 46.000000
  endloop
endfacet
facet normal 0.993712 -0.111964 0.000000
  outer loop
    vertex 11.699135 -2.670251 45.000000
    vertex 12.000000 0.000000 46.000000
    vertex 11.699135 -2.670251 46.000000
  endloop
endfacet
facet normal -0.993712 0.111964 -0.000000
  outer loop
    vertex 2.534813 -0.578554 45.000000
    vertex 2.600000 0.000000 45.000000
    vertex 2.600000 0.000000 46.000000
  endloop
endfacet
facet normal -0.993712 0.111964 -0.000000
  outer loop
    vertex 2.534813 -0.578554 45.000000
    vertex 2.600000 0.000000 46.000000
    vertex 2.534813 -0.578554 46.000000
  endloop
endfacet
facet normal 0.993712 0.111964 0.000000
  outer loop
    vertex 12.000000 0.000000 46.000000
    vertex 11.699135 2.670251 46.000000
    vertex 11.699135 2.670251 47.000000
  endloop
endfacet
facet normal 0.993712 0.111964 0.000000
  outer loop
    vertex 12.000000 0.000000 46.000000
    vertex 11.699135 2.670251 47.000000
    vertex 12.000000 0.000000 47.000000
  endloop
endfacet
facet normal -0.993712 -0.111964 -0.000000
  outer loop
    vertex 2.600000 0.000000 46.000000
    vertex 2.534813 0.578554 46.000000
    vertex 2.534813 0.578554 47.000000
  endloop
endfacet
facet normal -0.993712 -0.111964 -0.000000
  outer loop
    vertex 2.600000 0.000000 46.000000
    vertex 2.534813 0.578554 47.000000
    vertex 2.600000 0.000000 47.000000
  endloop
endfacet
facet normal 0.943883 0.330279 0.000000
  outer loop
    vertex 11.699135 2.670251 46.000000
    vertex 10.811626 5.206605 46.000000
    vertex 10.811626 5.206605 47.000000
  endloop
endfacet
facet normal 0.943883 0.330279 0.000000
  outer loop
    vertex 11.699135 2.670251 46.000000
    vertex 10.811626 5.206605 47.000000
    vertex 11.699135 2.670251 47.000000
  endloop
endfacet
facet normal -0.943883 -0.330279 -0.000000
  outer loop
    vertex 2.534813 0.578554 46.000000
    vertex 2.342519 1.128098 46.000000
    vertex 2.342519 1.128098 47.000000
  endloop
endfacet
facet normal -0.943883 -0.330279 -0.000000
  outer loop
    vertex 2.534813 0.578554 46.000000
    vertex 2.342519 1.128098 47.000000
    vertex 2.534813 0.578554 47.000000
  endloop
endfacet
facet normal 0.846724 0.532032 0.000000
  outer loop
    vertex 10.811626 5.206605 46.000000
    vertex 9.381978 7.481878 46.000000
    vertex 9.381978 7.481878 47.000000
  endloop
endfacet
facet normal 0.846724 0.532032 0.000000
  outer loop
    vertex 10.811626 5.206605 46.000000
    vertex 9.381978 7.481878 47.000000
    vertex 10.811626 5.206605 47.000000
  endloop
endfacet
facet normal -0.846724 -0.532032 -0.000000
  outer loop
    vertex 2.342519 1.128098 46.000000
    vertex 2.032762 1.621073 46.000000
    vertex 2.032762 1.621073 47.000000
  endloop
endfacet
facet normal -0.846724 -0.532032 -0.000000
  outer loop
    vertex 2.342519 1.128098 46.000000
    vertex 2.032762 1.621073 47.000000
    vertex 2.342519 1.128098 47.000000
  endloop
endfacet
facet normal 0.707107 0.707107 0.000000
  outer loop
    vertex 9.381978 7.481878 46.000000
    vertex 7.481878 9.381978 46.000000
    vertex 7.481878 9.381978 47.000000
  endloop
endfacet
facet normal 0.707107 0.707107 0.000000
  outer loop
    vertex 9.381978 7.481878 46.000000
    vertex 7.481878 9.381978 47.000000
    vertex 9.381978 7.481878 47.000000
  endloop
endfacet
facet normal -0.707107 -0.707107 -0.000000
  outer loop
    vertex 2.032762 1.621073 46.000000
    vertex 1.621073 2.032762 46.000000
    vertex 1.621073 2.032762 47.000000
  endloop
endfacet
facet normal -0.707107 -0.707107 -0.000000
  outer loop
    vertex 2.032762 1.621073 46.000000
    vertex 1.621073 2.032762 47.000000
    vertex 2.032762 1.621073 47.000000
  endloop
endfacet
facet normal 0.532032 0.846724 0.000000
  outer loop
    vertex 7.481878 9.381978 46.000000
    vertex 5.206605 10.811626 46.000000
    vertex 5.206605 10.811626 47.000000
  endloop
endfacet
facet normal 0.532032 0.846724 0.000000
  outer loop
    vertex 7.481878 9.381978 46.000000
    vertex 5.206605 10.811626 47.000000
    vertex 7.481878 9.381978 47.000000
  endloop
endfacet
facet normal -0.532032 -0.846724 -0.000000
  outer loop
    vertex 1.621073 2.032762 46.000000
    vertex 1.128098 2.342519 46.000000
    vertex 1.128098 2.342519 47.000000
  endloop
endfacet
facet normal -0.532032 -0.846724 -0.000000
  outer loop
    vertex 1.621073 2.032762 46.000000
    vertex 1.128098 2.342519 47.000000
    vertex 1.621073 2.032762 47.000000
  endloop
endfacet
facet normal 0.330279 0.943883 0.000000
  outer loop
    vertex 5.206605 10.811626 46.000000
    vertex 2.670251 11.699135 46.000000
    vertex 2.670251 11.699135 47.000000
  endloop
endfacet
facet normal 0.330279 0.943883 0.000000
  outer loop
    vertex 5.206605 10.811626 46.000000
    vertex 2.670251 11.699135 47.000000
    vertex 5.206605 10.811626 47.000000
  endloop
endfacet
facet normal -0.330279 -0.943883 -0.000000
  outer loop
    vertex 1.128098 2.342519 46.000000
    vertex 0.578554 2.534813 46.000000
    vertex 0.578554 2.534813 47.000000
  endloop
endfacet
facet normal -0.330279 -0.943883 -0.000000
  outer loop
    vertex 1.128098 2.342519 46.000000
    vertex 0.578554 2.534813 47.000000
    vertex 1.128098 2.342519 47.000000
  endloop
endfacet
facet normal 0.111964 0.993712 0.000000
  outer loop
    vertex 2.670251 11.699135 46.000000
    vertex 0.000000 12.000000 46.000000
    vertex 0.000000 12.000000 47.000000
  endloop
endfacet
facet normal 0.111964 0.993712 0.000000
  outer loop
    vertex 2.670251 11.699135 46.000000
    vertex 0.000000 12.000000 47.000000
    vertex 2.670251 11.699135 47.000000
  endloop
endfacet
facet normal -0.111964 -0.993712 -0.000000
  outer loop
    vertex 0.578554 2.534813 46.000000
    vertex 0.000000 2.600000 46.000000
    vertex 0.000000 2.600000 47.000000
  endloop
endfacet
facet normal -0.111964 -0.993712 -0.000000
  outer loop
    vertex 0.578554 2.534813 46.000000
    vertex 0.000000 2.600000 47.000000
    vertex 0.578554 2.534813 47.000000
  endloop
endfacet
facet normal -0.111964 0.993712 0.000000
  outer loop
    vertex 0.000000 12.000000 46.000000
    vertex -2.670251 11.699135 46.000000
    vertex -2.670251 11.699135 47.000000
  endloop
endfacet
facet normal -0.111964 0.993712 0.000000
  outer loop
    vertex 0.000000 12.000000 46.000000
    vertex -2.670251 11.699135 47.000000
    vertex 0.000000 12.000000 47.000000
  endloop
endfacet
facet normal 0.111964 -0.993712 -0.000000
  outer loop
    vertex 0.000000 2.600000 46.000000
    vertex -0.578554 2.534813 46.000000
    vertex -0.578554 2.534813 47.000000
  endloop
endfacet
facet normal 0.111964 -0.993712 -0.000000
  outer loop
    vertex 0.000000 2.600000 46.000000
    vertex -0.578554 2.534813 47.000000
    vertex 0.000000 2.600000 47.000000
  endloop
endfacet
facet normal -0.330279 0.943883 0.000000
  outer loop
    vertex -2.670251 11.699135 46.000000
    vertex -5.206605 10.811626 46.000000
    vertex -5.206605 10.811626 47.000000
  endloop
endfacet
facet normal -0.330279 0.943883 0.000000
  outer loop
    vertex -2.670251 11.699135 46.000000
    vertex -5.206605 10.811626 47.000000
    vertex -2.670251 11.699135 47.000000
  endloop
endfacet
facet normal 0.330279 -0.943883 -0.000000
  outer loop
    vertex -0.578554 2.534813 46.000000
    vertex -1.128098 2.342519 46.000000
    vertex -1.128098 2.342519 47.000000
  endloop
endfacet
facet normal 0.330279 -0.943883 -0.000000
  outer loop
    vertex -0.578554 2.534813 46.000000
    vertex -1.128098 2.342519 47.000000
    vertex -0.578554 2.534813 47.000000
  endloop
endfacet
facet normal -0.532032 0.846724 0.000000
  outer loop
    vertex -5.206605 10.811626 46.000000
    vertex -7.481878 9.381978 46.000000
    vertex -7.481878 9.381978 47.000000
  endloop
endfacet
facet normal -0.532032 0.846724 0.000000
  outer loop
    vertex -5.206605 10.811626 46.000000
    vertex -7.481878 9.381978 47.000000
    vertex -5.206605 10.811626 47.000000
  endloop
endfacet
facet normal 0.532032 -0.846724 -0.000000
  outer loop
    vertex -1.128098 2.342519 46.000000
    vertex -1.621073 2.032762 46.000000
    vertex -1.621073 2.032762 47.000000
  endloop
endfacet
facet normal 0.532032 -0.846724 -0.000000
  outer loop
    vertex -1.128098 2.342519 46.000000
    vertex -1.621073 2.032762 47.000000
    vertex -1.128098 2.342519 47.000000
  endloop
endfacet
facet normal -0.707107 0.707107 0.000000
  outer loop
    vertex -7.481878 9.381978 46.000000
    vertex -9.381978 7.481878 46.000000
    vertex -9.381978 7.481878 47.000000
  endloop
endfacet
facet normal -0.707107 0.707107 0.000000
  outer loop
    vertex -7.481878 9.381978 46.000000
    vertex -9.381978 7.481878 47.000000
    vertex -7.481878 9.381978 47.000000
  endloop
endfacet
facet normal 0.707107 -0.707107 -0.000000
  outer loop
    vertex -1.621073 2.032762 46.000000
    vertex -2.032762 1.621073 46.000000
    vertex -2.032762 1.621073 47.000000
  endloop
endfacet
facet normal 0.707107 -0.707107 -0.000000
  outer loop
    vertex -1.621073 2.032762 46.000000
    vertex -2.032762 1.621073 47.000000
    vertex -1.621073 2.032762 47.000000
  endloop
endfacet
facet normal -0.846724 0.532032 0.000000
  outer loop
    vertex -9.381978 7.481878 46.000000
    vertex -10.811626 5.206605 46.000000
    vertex -10.811626 5.206605 47.000000
  endloop
endfacet
facet normal -0.846724 0.532032 0.000000
  outer loop
    vertex -9.381978 7.481878 46.000000
    vertex -10.811626 5.206605 47.000000
    vertex -9.381978 7.481878 47.000000
  endloop
endfacet
facet normal 0.846724 -0.532032 -0.000000
  outer loop
    vertex -2.032762 1.621073 46.000000
    vertex -2.342519 1.128098 46.000000
    vertex -2.342519 1.128098 47.000000
  endloop
endfacet
facet normal 0.846724 -0.532032 -0.000000
  outer loop
    vertex -2.032762 1.621073 46.000000
    vertex -2.342519 1.128098 47.000000
    vertex -2.032762 1.621073 47.000000
  endloop
endfacet
facet normal -0.943883 0.330279 0.000000
  outer loop
    vertex -10.811626 5.206605 46.000000
    vertex -11.699135 2.670251 46.000000
    vertex -11.699135 2.670251 47.000000
  endloop
endfacet
facet normal -0.943883 0.330279 0.000000
  outer loop
    vertex -10.811626 5.206605 46.000000
    vertex -11.699135 2.670251 47.000000
    vertex -10.811626 5.206605 47.000000
  endloop
endfacet
facet normal 0.943883 -0.330279 -0.000000
  outer loop
    vertex -2.342519 1.128098 46.000000
    vertex -2.534813 0.578554 46.000000
    vertex -2.534813 0.578554 47.000000
  endloop
endfacet
facet normal 0.943883 -0.330279 -0.000000
  outer loop
    vertex -2.342519 1.128098 46.000000
    vertex -2.534813 0.578554 47.000000
    vertex -2.342519 1.128098 47.000000
  endloop
endfacet
facet normal -0.993712 0.111964 0.000000
  outer loop
    vertex -11.699135 2.670251 46.000000
    vertex -12.000000 0.000000 46.000000
    vertex -12.000000 0.000000 47.000000
  endloop
endfacet
facet normal -0.993712 0.111964 0.000000
  outer loop
    vertex -11.699135 2.670251 46.000000
    vertex -12.000000 0.000000 47.000000
    vertex -11.699135 2.670251 47.000000
  endloop
endfacet
facet normal 0.993712 -0.111964 -0.000000
  outer loop
    vertex -2.534813 0.578554 46.000000
    vertex -2.600000 0.000000 46.000000
    vertex -2.600000 0.000000 47.000000
  endloop
endfacet
facet normal 0.993712 -0.111964 -0.000000
  outer loop
    vertex -2.534813 0.578554 46.000000
    vertex -2.600000 0.000000 47.000000
    vertex -2.534813 0.578554 47.000000
  endloop
endfacet
facet normal -0.993712 -0.111964 0.000000
  outer loop
    vertex -12.000000 0.000000 46.000000
    vertex -11.699135 -2.670251 46.000000
    vertex -11.699135 -2.670251 47.000000
  endloop
endfacet
facet normal -0.993712 -0.111964 0.000000
  outer loop
    vertex -12.000000 0.000000 46.000000
    vertex -11.699135 -2.670251 47.000000
    vertex -12.000000 0.000000 47.000000
  endloop
endfacet
facet normal 0.993712 0.111964 -0.000000
  outer loop
    vertex -2.600000 0.000000 46.000000
    vertex -2.534813 -0.578554 46.000000
    vertex -2.534813 -0.578554 47.000000
  endloop
endfacet
facet normal 0.993712 0.111964 -0.000000
  outer loop
    vertex -2.600000 0.000000 46.000000
    vertex -2.534813 -0.578554 47.000000
    vertex -2.600000 0.000000 47.000000
  endloop
endfacet
facet normal -0.943883 -0.330279 0.000000
  outer loop
    vertex -11.699135 -2.670251 46.000000
    vertex -10.811626 -5.206605 46.000000
    vertex -10.811626 -5.206605 47.000000
  endloop
endfacet
facet normal -0.943883 -0.330279 0.000000
  outer loop
    vertex -11.699135 -2.670251 46.000000
    vertex -10.811626 -5.206605 47.000000
    vertex -11.699135 -2.670251 47.000000
  endloop
endfacet
facet normal 0.943883 0.330279 -0.000000
  outer loop
    vertex -2.534813 -0.578554 46.000000
    vertex -2.342519 -1.128098 46.000000
    vertex -2.342519 -1.128098 47.000000
  endloop
endfacet
facet normal 0.943883 0.330279 -0.000000
  outer loop
    vertex -2.534813 -0.578554 46.000000
    vertex -2.342519 -1.128098 47.000000
    vertex -2.534813 -0.578554 47.000000
  endloop
endfacet
facet normal -0.846724 -0.532032 0.000000
  outer loop
    vertex -10.811626 -5.206605 46.000000
    vertex -9.381978 -7.481878 46.000000
    vertex -9.381978 -7.481878 47.000000
  endloop
endfacet
facet normal -0.846724 -0.532032 0.000000
  outer loop
    vertex -10.811626 -5.206605 46.000000
    vertex -9.381978 -7.481878 47.000000
    vertex -10.811626 -5.206605 47.000000
  endloop
endfacet
facet normal 0.846724 0.532032 -0.000000
  outer loop
    vertex -2.342519 -1.128098 46.000000
    vertex -2.032762 -1.621073 46.000000
    vertex -2.032762 -1.621073 47.000000
  endloop
endfacet
facet normal 0.846724 0.532032 -0.000000
  outer loop
    vertex -2.342519 -1.128098 46.000000
    vertex -2.032762 -1.621073 47.000000
    vertex -2.342519 -1.128098 47.000000
  endloop
endfacet
facet normal -0.707107 -0.707107 0.000000
  outer loop
    vertex -9.381978 -7.481878 46.000000
    vertex -7.481878 -9.381978 46.000000
    vertex -7.481878 -9.381978 47.000000
  endloop
endfacet
facet normal -0.707107 -0.707107 0.000000
  outer loop
    vertex -9.381978 -7.481878 46.000000
    vertex -7.481878 -9.381978 47.000000
    vertex -9.381978 -7.481878 47.000000
  endloop
endfacet
facet normal 0.707107 0.707107 -0.000000
  outer loop
    vertex -2.032762 -1.621073 46.000000
    vertex -1.621073 -2.032762 46.000000
    vertex -1.621073 -2.032762 47.000000
  endloop
endfacet
facet normal 0.707107 0.707107 -0.000000
  outer loop
    vertex -2.032762 -1.621073 46.000000
    vertex -1.621073 -2.032762 47.000000
    vertex -2.032762 -1.621073 47.000000
  endloop
endfacet
facet normal -0.532032 -0.846724 0.000000
  outer loop
    vertex -7.481878 -9.381978 46.000000
    vertex -5.206605 -10.811626 46.000000
    vertex -5.206605 -10.811626 47.000000
  endloop
endfacet
facet normal -0.532032 -0.846724 0.000000
  outer loop
    vertex -7.481878 -9.381978 46.000000
    vertex -5.206605 -10.811626 47.000000
    vertex -7.481878 -9.381978 47.000000
  endloop
endfacet
facet normal 0.532032 0.846724 -0.000000
  outer loop
    vertex -1.621073 -2.032762 46.000000
    vertex -1.128098 -2.342519 46.000000
    vertex -1.128098 -2.342519 47.000000
  endloop
endfacet
facet normal 0.532032 0.846724 -0.000000
  outer loop
    vertex -1.621073 -2.032762 46.000000
    vertex -1.128098 -2.342519 47.000000
    vertex -1.621073 -2.032762 47.000000
  endloop
endfacet
facet normal -0.330279 -0.943883 0.000000
  outer loop
    vertex -5.206605 -10.811626 46.000000
    vertex -2.670251 -11.699135 46.000000
    vertex -2.670251 -11.699135 47.000000
  endloop
endfacet
facet normal -0.330279 -0.943883 0.000000
  outer loop
    vertex -5.206605 -10.811626 46.000000
    vertex -2.670251 -11.699135 47.000000
    vertex -5.206605 -10.811626 47.000000
  endloop
endfacet
facet normal 0.330279 0.943883 -0.000000
  outer loop
    vertex -1.128098 -2.342519 46.000000
    vertex -0.578554 -2.534813 46.000000
    vertex -0.578554 -2.534813 47.000000
  endloop
endfacet
facet normal 0.330279 0.943883 -0.000000
  outer loop
    vertex -1.128098 -2.342519 46.000000
    vertex -0.578554 -2.534813 47.000000
    vertex -1.128098 -2.342519 47.000000
  endloop
endfacet
facet normal -0.111964 -0.993712 0.000000
  outer loop
    vertex -2.670251 -11.699135 46.000000
    vertex -0.000000 -12.000000 46.000000
    vertex -0.000000 -12.000000 47.000000
  endloop
endfacet
facet normal -0.111964 -0.993712 0.000000
  outer loop
    vertex -2.670251 -11.699135 46.000000
    vertex -0.000000 -12.000000 47.000000
    vertex -2.670251 -11.699135 47.000000
  endloop
endfacet
facet normal 0.111964 0.993712 -0.000000
  outer loop
    vertex -0.578554 -2.534813 46.000000
    vertex -0.000000 -2.600000 46.000000
    vertex -0.000000 -2.600000 47.000000
  endloop
endfacet
facet normal 0.111964 0.993712 -0.000000
  outer loop
    vertex -0.578554 -2.534813 46.000000
    vertex -0.000000 -2.600000 47.000000
    vertex -0.578554 -2.534813 47.000000
  endloop
endfacet
facet normal 0.111964 -0.993712 0.000000
  outer loop
    vertex -0.000000 -12.000000 46.000000
    vertex 2.670251 -11.699135 46.000000
    vertex 2.670251 -11.699135 47.000000
  endloop
endfacet
facet normal 0.111964 -0.993712 0.000000
  outer loop
    vertex -0.000000 -12.000000 46.000000
    vertex 2.670251 -11.699135 47.000000
    vertex -0.000000 -12.000000 47.000000
  endloop
endfacet
facet normal -0.111964 0.993712 -0.000000
  outer loop
    vertex -0.000000 -2.600000 46.000000
    vertex 0.578554 -2.534813 46.000000
    vertex 0.578554 -2.534813 47.000000
  endloop
endfacet
facet normal -0.111964 0.993712 -0.000000
  outer loop
    vertex -0.000000 -2.600000 46.000000
    vertex 0.578554 -2.534813 47.000000
    vertex -0.000000 -2.600000 47.000000
  endloop
endfacet
facet normal 0.330279 -0.943883 0.000000
  outer loop
    vertex 2.670251 -11.699135 46.000000
    vertex 5.206605 -10.811626 46.000000
    vertex 5.206605 -10.811626 47.000000
  endloop
endfacet
facet normal 0.330279 -0.943883 0.000000
  outer loop
    vertex 2.670251 -11.699135 46.000000
    vertex 5.206605 -10.811626 47.000000
    vertex 2.670251 -11.699135 47.000000
  endloop
endfacet
facet normal -0.330279 0.943883 -0.000000
  outer loop
    vertex 0.578554 -2.534813 46.000000
    vertex 1.128098 -2.342519 46.000000
    vertex 1.128098 -2.342519 47.000000
  endloop
endfacet
facet normal -0.330279 0.943883 -0.000000
  outer loop
    vertex 0.578554 -2.534813 46.000000
    vertex 1.128098 -2.342519 47.000000
    vertex 0.578554 -2.534813 47.000000
  endloop
endfacet
facet normal 0.532032 -0.846724 0.000000
  outer loop
    vertex 5.206605 -10.811626 46.000000
    vertex 7.481878 -9.381978 46.000000
    vertex 7.481878 -9.381978 47.000000
  endloop
endfacet
facet normal 0.532032 -0.846724 0.000000
  outer loop
    vertex 5.206605 -10.811626 46.000000
    vertex 7.481878 -9.381978 47.000000
    vertex 5.206605 -10.811626 47.000000
  endloop
endfacet
facet normal -0.532032 0.846724 -0.000000
  outer loop
    vertex 1.128098 -2.342519 46.000000
    vertex 1.621073 -2.032762 46.000000
    vertex 1.621073 -2.032762 47.000000
  endloop
endfacet
facet normal -0.532032 0.846724 -0.000000
  outer loop
    vertex 1.128098 -2.342519 46.000000
    vertex 1.621073 -2.032762 47.000000
    vertex 1.128098 -2.342519 47.000000
  endloop
endfacet
facet normal 0.707107 -0.707107 0.000000
  outer loop
    vertex 7.481878 -9.381978 46.000000
    vertex 9.381978 -7.481878 46.000000
    vertex 9.381978 -7.481878 47.000000
  endloop
endfacet
facet normal 0.707107 -0.707107 0.000000
  outer loop
    vertex 7.481878 -9.381978 46.000000
    vertex 9.381978 -7.481878 47.000000
    vertex 7.481878 -9.381978 47.000000
  endloop
endfacet
facet normal -0.707107 0.707107 -0.000000
  outer loop
    vertex 1.621073 -2.032762 46.000000
    vertex 2.032762 -1.621073 46.000000
    vertex 2.032762 -1.621073 47.000000
  endloop
endfacet
facet normal -0.707107 0.707107 -0.000000
  outer loop
    vertex 1.621073 -2.032762 46.000000
    vertex 2.032762 -1.621073 47.000000
    vertex 1.621073 -2.032762 47.000000
  endloop
endfacet
facet normal 0.846724 -0.532032 0.000000
  outer loop
    vertex 9.381978 -7.481878 46.000000
    vertex 10.811626 -5.206605 46.000000
    vertex 10.811626 -5.206605 47.000000
  endloop
endfacet
facet normal 0.846724 -0.532032 0.000000
  outer loop
    vertex 9.381978 -7.481878 46.000000
    vertex 10.811626 -5.206605 47.000000
    vertex 9.381978 -7.481878 47.000000
  endloop
endfacet
facet normal -0.846724 0.532032 -0.000000
  outer loop
    vertex 2.032762 -1.621073 46.000000
    vertex 2.342519 -1.128098 46.000000
    vertex 2.342519 -1.128098 47.000000
  endloop
endfacet
facet normal -0.846724 0.532032 -0.000000
  outer loop
    vertex 2.032762 -1.621073 46.000000
    vertex 2.342519 -1.128098 47.000000
    vertex 2.032762 -1.621073 47.000000
  endloop
endfacet
facet normal 0.943883 -0.330279 0.000000
  outer loop
    vertex 10.811626 -5.206605 46.000000
    vertex 11.699135 -2.670251 46.000000
    vertex 11.699135 -2.670251 47.000000
  endloop
endfacet
facet normal 0.943883 -0.330279 0.000000
  outer loop
    vertex 10.811626 -5.206605 46.000000
    vertex 11.699135 -2.670251 47.000000
    vertex 10.811626 -5.206605 47.000000
  endloop
endfacet
facet normal -0.943883 0.330279 -0.000000
  outer loop
    vertex 2.342519 -1.128098 46.000000
    vertex 2.534813 -0.578554 46.000000
    vertex 2.534813 -0.578554 47.000000
  endloop
endfacet
facet normal -0.943883 0.330279 -0.000000
  outer loop
    vertex 2.342519 -1.128098 46.000000
    vertex 2.534813 -0.578554 47.000000
    vertex 2.342519 -1.128098 47.000000
  endloop
endfacet
facet normal 0.993712 -0.111964 0.000000
  outer loop
    vertex 11.699135 -2.670251 46.000000
    vertex 12.000000 0.000000 46.000000
    vertex 12.000000 0.000000 47.000000
  endloop
endfacet
facet normal 0.993712 -0.111964 0.000000
  outer loop
    vertex 11.699135 -2.670251 46.000000
    vertex 12.000000 0.000000 47.000000
    vertex 11.699135 -2.670251 47.000000
  endloop
endfacet
facet normal -0.993712 0.111964 -0.000000
  outer loop
    vertex 2.534813 -0.578554 46.000000
    vertex 2.600000 0.000000 46.000000
    vertex 2.600000 0.000000 47.000000
  endloop
endfacet
facet normal -0.993712 0.111964 -0.000000
  outer loop
    vertex 2.534813 -0.578554 46.000000
    vertex 2.600000 0.000000 47.000000
    vertex 2.534813 -0.578554 47.000000
  endloop
endfacet
facet normal 0.993712 0.111964 0.000000
  outer loop
    vertex 12.000000 0.000000 47.000000
    vertex 11.699135 2.670251 47.000000
    vertex 11.699135 2.670251 48.000000
  endloop
endfacet
facet normal 0.993712 0.111964 0.000000
  outer loop
    vertex 12.000000 0.000000 47.000000
    vertex 11.699135 2.670251 48.000000
    vertex 12.000000 0.000000 48.000000
  endloop
endfacet
facet normal -0.993712 -0.111964 -0.000000
  outer loop
    vertex 2.600000 0.000000 47.000000
    vertex 2.534813 0.578554 47.000000
    vertex 2.534813 0.578554 48.000000
  endloop
endfacet
facet normal -0.993712 -0.111964 -0.000000
  outer loop
    vertex 2.600000 0.000000 47.000000
    vertex 2.534813 0.578554 48.000000
    vertex 2.600000 0.000000 48.000000
  endloop
endfacet
facet normal 0.943883 0.330279 0.000000
  outer loop
    vertex 11.699135 2.670251 47.000000
    vertex 10.811626 5.206605 47.000000
    vertex 10.811626 5.206605 48.000000
  endloop
endfacet
facet normal 0.943883 0.330279 0.000000
  outer loop
    vertex 11.699135 2.670251 47.000000
    vertex 10.811626 5.206605 48.000000
    vertex 11.699135 2.670251 48.000000
  endloop
endfacet
facet normal -0.943883 -0.330279 -0.000000
  outer loop
    vertex 2.534813 0.578554 47.000000
    vertex 2.342519 1.128098 47.000000
    vertex 2.342519 1.128098 48.000000
  endloop
endfacet
facet normal -0.943883 -0.330279 -0.000000
  outer loop
    vertex 2.534813 0.578554 47.000000
    vertex 2.342519 1.128098 48.000000
    vertex 2.534813 0.578554 48.000000
  endloop
endfacet
facet normal 0.846724 0.532032 0.000000
  outer loop
    vertex 10.811626 5.206605 47.000000
    vertex 9.381978 7.481878 47.000000
    vertex 9.381978 7.481878 48.000000
  endloop
endfacet
facet normal 0.846724 0.532032 0.000000
  outer loop
    vertex 10.811626 5.206605 47.000000
    vertex 9.381978 7.481878 48.000000
    vertex 10.811626 5.206605 48.000000
  endloop
endfacet
facet normal -0.846724 -0.532032 -0.000000
  outer loop
    vertex 2.342519 1.128098 47.000000
    vertex 2.032762 1.621073 47.000000
    vertex 2.032762 1.621073 48.000000
  endloop
endfacet
facet normal -0.846724 -0.532032 -0.000000
  outer loop
    vertex 2.342519 1.128098 47.000000
    vertex 2.032762 1.621073 48.000000
    vertex 2.342519 1.128098 48.000000
  endloop
endfacet
facet normal 0.707107 0.707107 0.000000
  outer loop
    vertex 9.381978 7.481878 47.000000
    vertex 7.481878 9.381978 47.000000
    vertex 7.481878 9.381978 48.000000
  endloop
endfacet
facet normal 0.707107 0.707107 0.000000
  outer loop
    vertex 9.381978 7.481878 47.000000
    vertex 7.481878 9.381978 48.000000
    vertex 9.381978 7.481878 48.000000
  endloop
endfacet
facet normal -0.707107 -0.707107 -0.000000
  outer loop
    vertex 2.032762 1.621073 47.000000
    vertex 1.621073 2.032762 47.000000
    vertex 1.621073 2.032762 48.000000
  endloop
endfacet
facet normal -0.707107 -0.707107 -0.000000
  outer loop
    vertex 2.032762 1.621073 47.000000
    vertex 1.621073 2.032762 48.000000
    vertex 2.032762 1.621073 48.000000
  endloop
endfacet
facet normal 0.532032 0.846724 0.000000
  outer loop
    vertex 7.481878 9.381978 47.000000
    vertex 5.206605 10.811626 47.000000
    vertex 5.206605 10.811626 48.000000
  endloop
endfacet
facet normal 0.532032 0.846724 0.000000
  outer loop
    vertex 7.481878 9.381978 47.000000
    vertex 5.206605 10.811626 48.000000
    vertex 7.481878 9.381978 48.000000
  endloop
endfacet
facet normal -0.532032 -0.846724 -0.000000
  outer loop
    vertex 1.621073 2.032762 47.000000
    vertex 1.128098 2.342519 47.000000
    vertex 1.128098 2.342519 48.000000
  endloop
endfacet
facet normal -0.532032 -0.846724 -0.000000
  outer loop
    vertex 1.621073 2.032762 47.000000
    vertex 1.128098 2.342519 48.000000
    vertex 1.621073 2.032762 48.000000
  endloop
endfacet
facet normal 0.330279 0.943883 0.000000
  outer loop
    vertex 5.206605 10.811626 47.000000
    vertex 2.670251 11.699135 47.000000
    vertex 2.670251 11.699135 48.000000
  endloop
endfacet
facet normal 0.330279 0.943883 0.000000
  outer loop
    vertex 5.206605 10.811626 47.000000
    vertex 2.670251 11.699135 48.000000
    vertex 5.206605 10.811626 48.000000
  endloop
endfacet
facet normal -0.330279 -0.943883 -0.000000
  outer loop
    vertex 1.128098 2.342519 47.000000
    vertex 0.578554 2.534813 47.000000
    vertex 0.578554 2.534813 48.000000
  endloop
endfacet
facet normal -0.330279 -0.943883 -0.000000
  outer loop
    vertex 1.128098 2.342519 47.000000
    vertex 0.578554 2.534813 48.000000
    vertex 1.128098 2.342519 48.000000
  endloop
endfacet
facet normal 0.111964 0.993712 0.000000
  outer loop
    vertex 2.670251 11.699135 47.000000
    vertex 0.000000 12.000000 47.000000
    vertex 0.000000 12.000000 48.000000
  endloop
endfacet
facet normal 0.111964 0.993712 0.000000
  outer loop
    vertex 2.670251 11.699135 47.000000
    vertex 0.000000 12.000000 48.000000
    vertex 2.670251 11.699135 48.000000
  endloop
endfacet
facet normal -0.111964 -0.993712 -0.000000
  outer loop
    vertex 0.578554 2.534813 47.000000
    vertex 0.000000 2.600000 47.000000
    vertex 0.000000 2.600000 48.000000
  endloop
endfacet
facet normal -0.111964 -0.993712 -0.000000
  outer loop
    vertex 0.578554 2.534813 47.000000
    vertex 0.000000 2.600000 48.000000
    vertex 0.578554 2.534813 48.000000
  endloop
endfacet
facet normal -0.111964 0.993712 0.000000
  outer loop
    vertex 0.000000 12.000000 47.000000
    vertex -2.670251 11.699135 47.000000
    vertex -2.670251 11.699135 48.000000
  endloop
endfacet
facet normal -0.111964 0.993712 0.000000
  outer loop
    vertex 0.000000 12.000000 47.000000
    vertex -2.670251 11.699135 48.000000
    vertex 0.000000 12.000000 48.000000
  endloop
endfacet
facet normal 0.111964 -0.993712 -0.000000
  outer loop
    vertex 0.000000 2.600000 47.000000
    vertex -0.578554 2.534813 47.000000
    vertex -0.578554 2.534813 48.000000
  endloop
endfacet
facet normal 0.111964 -0.993712 -0.000000
  outer loop
    vertex 0.000000 2.600000 47.000000
    vertex -0.578554 2.534813 48.000000
    vertex 0.000000 2.600000 48.000000
  endloop
endfacet
facet normal -0.330279 0.943883 0.000000
  outer loop
    vertex -2.670251 11.699135 47.000000
    vertex -5.206605 10.811626 47.000000
    vertex -5.206605 10.811626 48.000000
  endloop
endfacet
facet normal -0.330279 0.943883 0.000000
  outer loop
    vertex -2.670251 11.699135 47.000000
    vertex -5.206605 10.811626 48.000000
    vertex -2.670251 11.699135 48.000000
  endloop
endfacet
facet normal 0.330279 -0.943883 -0.000000
  outer loop
    vertex -0.578554 2.534813 47.000000
    vertex -1.128098 2.342519 47.000000
    vertex -1.128098 2.342519 48.000000
  endloop
endfacet
facet normal 0.330279 -0.943883 -0.000000
  outer loop
    vertex -0.578554 2.534813 47.000000
    vertex -1.128098 2.342519 48.000000
    vertex -0.578554 2.534813 48.000000
  endloop
endfacet
facet normal -0.532032 0.846724 0.000000
  outer loop
    vertex -5.206605 10.811626 47.000000
    vertex -7.481878 9.381978 47.000000
    vertex -7.481878 9.381978 48.000000
  endloop
endfacet
facet normal -0.532032 0.846724 0.000000
  outer loop
    vertex -5.206605 10.811626 47.000000
    vertex -7.481878 9.381978 48.000000
    vertex -5.206605 10.811626 48.000000
  endloop
endfacet
facet normal 0.532032 -0.846724 -0.000000
  outer loop
    vertex -1.128098 2.342519 47.000000
    vertex -1.621073 2.032762 47.000000
    vertex -1.621073 2.032762 48.000000
  endloop
endfacet
facet normal 0.532032 -0.846724 -0.000000
  outer loop
    vertex -1.128098 2.342519 47.000000
    vertex -1.621073 2.032762 48.000000
    vertex -1.128098 2.342519 48.000000
  endloop
endfacet
facet normal -0.707107 0.707107 0.000000
  outer loop
    vertex -7.481878 9.381978 47.000000
    vertex -9.381978 7.481878 47.000000
    vertex -9.381978 7.481878 48.000000
  endloop
endfacet
facet normal -0.707107 0.707107 0.000000
  outer loop
    vertex -7.481878 9.381978 47.000000
    vertex -9.381978 7.481878 48.000000
    vertex -7.481878 9.381978 48.000000
  endloop
endfacet
facet normal 0.707107 -0.707107 -0.000000
  outer loop
    vertex -1.621073 2.032762 47.000000
    vertex -2.032762 1.621073 47.000000
    vertex -2.032762 1.621073 48.000000
  endloop
endfacet
facet normal 0.707107 -0.707107 -0.000000
  outer loop
    vertex -1.621073 2.032762 47.000000
    vertex -2.032762 1.621073 48.000000
    vertex -1.621073 2.032762 48.000000
  endloop
endfacet
facet normal -0.846724 0.532032 0.000000
  outer loop
    vertex -9.381978 7.481878 47.000000
    vertex -10.811626 5.206605 47.000000
    vertex -10.811626 5.206605 48.000000
  endloop
endfacet
facet normal -0.846724 0.532032 0.000000
  outer loop
    vertex -9.381978 7.481878 47.000000
    vertex -10.811626 5.206605 48.000000
    vertex -9.381978 7.481878 48.000000
  endloop
endfacet
facet normal 0.846724 -0.532032 -0.000000
  outer loop
    vertex -2.032762 1.621073 47.000000
    vertex -2.342519 1.128098 47.000000
    vertex -2.342519 1.128098 48.000000
  endloop
endfacet
facet normal 0.846724 -0.532032 -0.000000
  outer loop
    vertex -2.032762 1.621073 47.000000
    vertex -2.342519 1.128098 48.000000
    vertex -2.032762 1.621073 48.000000
  endloop
endfacet
facet normal -0.943883 0.330279 0.000000
  outer loop
    vertex -10.811626 5.206605 47.000000
    vertex -11.699135 2.670251 47.000000
    vertex -11.699135 2.670251 48.000000
  endloop
endfacet
facet normal -0.943883 0.330279 0.000000
  outer loop
    vertex -10.811626 5.206605 47.000000
    vertex -11.699135 2.670251 48.000000
    vertex -10.811626 5.206605 48.000000
  endloop
endfacet
facet normal 0.943883 -0.330279 -0.000000
  outer loop
    vertex -2.342519 1.128098 47.000000
    vertex -2.534813 0.578554 47.000000
    vertex -2.534813 0.578554 48.000000
  endloop
endfacet
facet normal 0.943883 -0.330279 -0.000000
  outer loop
    vertex -2.342519 1.128098 47.000000
    vertex -2.534813 0.578554 48.000000
    vertex -2.342519 1.128098 48.000000
  endloop
endfacet
facet normal -0.993712 0.111964 0.000000
  outer loop
    vertex -11.699135 2.670251 47.000000
    vertex -12.000000 0.000000 47.000000
    vertex -12.000000 0.000000 48.000000
  endloop
endfacet
facet normal -0.993712 0.111964 0.000000
  outer loop
    vertex -11.699135 2.670251 47.000000
    vertex -12.000000 0.000000 48.000000
    vertex -11.699135 2.670251 48.000000
  endloop
endfacet
facet normal 0.993712 -0.111964 -0.000000
  outer loop
    vertex -2.534813 0.578554 47.000000
    vertex -2.600000 0.000000 47.000000
    vertex -2.600000 0.000000 48.000000
  endloop
endfacet
facet normal 0.993712 -0.111964 -0.000000
  outer loop
    vertex -2.534813 0.578554 47.000000
    vertex -2.600000 0.000000 48.000000
    vertex -2.534813 0.578554 48.000000
  endloop
endfacet
facet normal -0.993712 -0.111964 0.000000
  outer loop
    vertex -12.000000 0.000000 47.000000
    vertex -11.699135 -2.670251 47.000000
    vertex -11.699135 -2.670251 48.000000
  endloop
endfacet
facet normal -0.993712 -0.111964 0.000000
  outer loop
    vertex -12.000000 0.000000 47.000000
    vertex -11.699135 -2.670251 48.000000
    vertex -12.000000 0.000000 48.000000
  endloop
endfacet
facet normal 0.993712 0.111964 -0.000000
  outer loop
    vertex -2.600000 0.000000 47.000000
    vertex -2.534813 -0.578554 47.000000
    vertex -2.534813 -0.578554 48.000000
  endloop
endfacet
facet normal 0.993712 0.111964 -0.000000
  outer loop
    vertex -2.600000 0.000000 47.000000
    vertex -2.534813 -0.578554 48.000000
    vertex -2.600000 0.000000 48.000000
  endloop
endfacet
facet normal -0.943883 -0.330279 0.000000
  outer loop
    vertex -11.699135 -2.670251 47.000000
    vertex -10.811626 -5.206605 47.000000
    vertex -10.811626 -5.206605 48.000000
  endloop
endfacet
facet normal -0.943883 -0.330279 0.000000
  outer loop
    vertex -11.699135 -2.670251 47.000000
    vertex -10.811626 -5.206605 48.000000
    vertex -11.699135 -2.670251 48.000000
  endloop
endfacet
facet normal 0.943883 0.330279 -0.000000
  outer loop
    vertex -2.534813 -0.578554 47.000000
    vertex -2.342519 -1.128098 47.000000
    vertex -2.342519 -1.128098 48.000000
  endloop
endfacet
facet normal 0.943883 0.330279 -0.000000
  outer loop
    vertex -2.534813 -0.578554 47.000000
    vertex -2.342519 -1.128098 48.000000
    vertex -2.534813 -0.578554 48.000000
  endloop
endfacet
facet normal -0.846724 -0.532032 0.000000
  outer loop
    vertex -10.811626 -5.206605 47.000000
    vertex -9.381978 -7.481878 47.000000
    vertex -9.381978 -7.481878 48.000000
  endloop
endfacet
facet normal -0.846724 -0.532032 0.000000
  outer loop
    vertex -10.811626 -5.206605 47.000000
    vertex -9.381978 -7.481878 48.000000
    vertex -10.811626 -5.206605 48.000000
  endloop
endfacet
facet normal 0.846724 0.532032 -0.000000
  outer loop
    vertex -2.342519 -1.128098 47.000000
    vertex -2.032762 -1.621073 47.000000
    vertex -2.032762 -1.621073 48.000000
  endloop
endfacet
facet normal 0.846724 0.532032 -0.000000
  outer loop
    vertex -2.342519 -1.128098 47.000000
    vertex -2.032762 -1.621073 48.000000
    vertex -2.342519 -1.128098 48.000000
  endloop
endfacet
facet normal -0.707107 -0.707107 0.000000
  outer loop
    vertex -9.381978 -7.481878 47.000000
    vertex -7.481878 -9.381978 47.000000
    vertex -7.481878 -9.381978 48.000000
  endloop
endfacet
facet normal -0.707107 -0.707107 0.000000
  outer loop
    vertex -9.381978 -7.481878 47.000000
    vertex -7.481878 -9.381978 48.000000
    vertex -9.381978 -7.481878 48.000000
  endloop
endfacet
facet normal 0.707107 0.707107 -0.000000
  outer loop
    vertex -2.032762 -1.621073 47.000000
    vertex -1.621073 -2.032762 47.000000
    vertex -1.621073 -2.032762 48.000000
  endloop
endfacet
facet normal 0.707107 0.707107 -0.000000
  outer loop
    vertex -2.032762 -1.621073 47.000000
    vertex -1.621073 -2.032762 48.000000
    vertex -2.032762 -1.621073 48.000000
  endloop
endfacet
facet normal -0.532032 -0.846724 0.000000
  outer loop
    vertex -7.481878 -9.381978 47.000000
    vertex -5.206605 -10.811626 47.000000
    vertex -5.206605 -10.811626 48.000000
  endloop
endfacet
facet normal -0.532032 -0.846724 0.000000
  outer loop
    vertex -7.481878 -9.381978 47.000000
    vertex -5.206605 -10.811626 48.000000
    vertex -7.481878 -9.381978 48.000000
  endloop
endfacet
facet normal 0.532032 0.846724 -0.000000
  outer loop
    vertex -1.621073 -2.032762 47.000000
    vertex -1.128098 -2.342519 47.000000
    vertex -1.128098 -2.342519 48.000000
  endloop
endfacet
facet normal 0.532032 0.846724 -0.000000
  outer loop
    vertex -1.621073 -2.032762 47.000000
    vertex -1.128098 -2.342519 48.000000
    vertex -1.621073 -2.032762 48.000000
  endloop
endfacet
facet normal -0.330279 -0.943883 0.000000
  outer loop
    vertex -5.206605 -10.811626 47.000000
    vertex -2.670251 -11.699135 47.000000
    vertex -2.670251 -11.699135 48.000000
  endloop
endfacet
facet normal -0.330279 -0.943883 0.000000
  outer loop
    vertex -5.206605 -10.811626 47.000000
    vertex -2.670251 -11.699135 48.000000
    vertex -5.206605 -10.811626 48.000000
  endloop
endfacet
facet normal 0.330279 0.943883 -0.000000
  outer loop
    vertex -1.128098 -2.342519 47.000000
    vertex -0.578554 -2.534813 47.000000
    vertex -0.578554 -2.534813 48.000000
  endloop
endfacet
facet normal 0.330279 0.943883 -0.000000
  outer loop
    vertex -1.128098 -2.342519 47.000000
    vertex -0.578554 -2.534813 48.000000
    vertex -1.128098 -2.342519 48.000000
  endloop
endfacet
facet normal -0.111964 -0.993712 0.000000
  outer loop
    vertex -2.670251 -11.699135 47.000000
    vertex -0.000000 -12.000000 47.000000
    vertex -0.000000 -12.000000 48.000000
  endloop
endfacet
facet normal -0.111964 -0.993712 0.000000
  outer loop
    vertex -2.670251 -11.699135 47.000000
    vertex -0.000000 -12.000000 48.000000
    vertex -2.670251 -11.699135 48.000000
  endloop
endfacet
facet normal 0.111964 0.993712 -0.000000
  outer loop
    vertex -0.578554 -2.534813 47.000000
    vertex -0.000000 -2.600000 47.000000
    vertex -0.000000 -2.600000 48.000000
  endloop
endfacet
facet normal 0.111964 0.993712 -0.000000
  outer loop
    vertex -0.578554 -2.534813 47.000000
    vertex -0.000000 -2.600000 48.000000
    vertex -0.578554 -2.534813 48.000000
  endloop
endfacet
facet normal 0.111964 -0.993712 0.000000
  outer loop
    vertex -0.000000 -12.000000 47.000000
    vertex 2.670251 -11.699135 47.000000
    vertex 2.670251 -11.699135 48.000000
  endloop
endfacet
facet normal 0.111964 -0.993712 0.000000
  outer loop
    vertex -0.000000 -12.000000 47.000000
    vertex 2.670251 -11.699135 48.000000
    vertex -0.000000 -12.000000 48.000000
  endloop
endfacet
facet normal -0.111964 0.993712 -0.000000
  outer loop
    vertex -0.000000 -2.600000 47.000000
    vertex 0.578554 -2.534813 47.000000
    vertex 0.578554 -2.534813 48.000000
  endloop
endfacet
facet normal -0.111964 0.993712 -0.000000
  outer loop
    vertex -0.000000 -2.600000 47.000000
    vertex 0.578554 -2.534813 48.000000
    vertex -0.000000 -2.600000 48.000000
  endloop
endfacet
facet normal 0.330279 -0.943883 0.000000
  outer loop
    vertex 2.670251 -11.699135 47.000000
    vertex 5.206605 -10.811626 47.000000
    vertex 5.206605 -10.811626 48.000000
  endloop
endfacet
facet normal 0.330279 -0.943883 0.000000
  outer loop
    vertex 2.670251 -11.699135 47.000000
    vertex 5.206605 -10.811626 48.000000
    vertex 2.670251 -11.699135 48.000000
  endloop
endfacet
facet normal -0.330279 0.943883 -0.000000
  outer loop
    vertex 0.578554 -2.534813 47.000000
    vertex 1.128098 -2.342519 47.000000
    vertex 1.128098 -2.342519 48.000000
  endloop
endfacet
facet normal -0.330279 0.943883 -0.000000
  outer loop
    vertex 0.578554 -2.534813 47.000000
    vertex 1.128098 -2.342519 48.000000
    vertex 0.578554 -2.534813 48.000000
  endloop
endfacet
facet normal 0.532032 -0.846724 0.000000
  outer loop
    vertex 5.206605 -10.811626 47.000000
    vertex 7.481878 -9.381978 47.000000
    vertex 7.481878 -9.381978 48.000000
  endloop
endfacet
facet normal 0.532032 -0.846724 0.000000
  outer loop
    vertex 5.206605 -10.811626 47.000000
    vertex 7.481878 -9.381978 48.000000
    vertex 5.206605 -10.811626 48.000000
  endloop
endfacet
facet normal -0.532032 0.846724 -0.000000
  outer loop
    vertex 1.128098 -2.342519 47.000000
    vertex 1.621073 -2.032762 47.000000
    vertex 1.621073 -2.032762 48.000000
  endloop
endfacet
facet normal -0.532032 0.846724 -0.000000
  outer loop
    vertex 1.128098 -2.342519 47.000000
    vertex 1.621073 -2.032762 48.000000
    vertex 1.128098 -2.342519 48.000000
  endloop
endfacet
facet normal 0.707107 -0.707107 0.000000
  outer loop
    vertex 7.481878 -9.381978 47.000000
    vertex 9.381978 -7.481878 47.000000
    vertex 9.381978 -7.481878 48.000000
  endloop
endfacet
facet normal 0.707107 -0.707107 0.000000
  outer loop
    vertex 7.481878 -9.381978 47.000000
    vertex 9.381978 -7.481878 48.000000
    vertex 7.481878 -9.381978 48.000000
  endloop
endfacet
facet normal -0.707107 0.707107 -0.000000
  outer loop
    vertex 1.621073 -2.032762 47.000000
    vertex 2.032762 -1.621073 47.000000
    vertex 2.032762 -1.621073 48.000000
  endloop
endfacet
facet normal -0.707107 0.707107 -0.000000
  outer loop
    vertex 1.621073 -2.032762 47.000000
    vertex 2.032762 -1.621073 48.000000
    vertex 1.621073 -2.032762 48.000000
  endloop
endfacet
facet normal 0.846724 -0.532032 0.000000
  outer loop
    vertex 9.381978 -7.481878 47.000000
    vertex 10.811626 -5.206605 47.000000
    vertex 10.811626 -5.206605 48.000000
  endloop
endfacet
facet normal 0.846724 -0.532032 0.000000
  outer loop
    vertex 9.381978 -7.481878 47.000000
    vertex 10.811626 -5.206605 48.000000
    vertex 9.381978 -7.481878 48.000000
  endloop
endfacet
facet normal -0.846724 0.532032 -0.000000
  outer loop
    vertex 2.032762 -1.621073 47.000000
    vertex 2.342519 -1.128098 47.000000
    vertex 2.342519 -1.128098 48.000000
  endloop
endfacet
facet normal -0.846724 0.532032 -0.000000
  outer loop
    vertex 2.032762 -1.621073 47.000000
    vertex 2.342519 -1.128098 48.000000
    vertex 2.032762 -1.621073 48.000000
  endloop
endfacet
facet normal 0.943883 -0.330279 0.000000
  outer loop
    vertex 10.811626 -5.206605 47.000000
    vertex 11.699135 -2.670251 47.000000
    vertex 11.699135 -2.670251 48.000000
  endloop
endfacet
facet normal 0.943883 -0.330279 0.000000
  outer loop
    vertex 10.811626 -5.206605 47.000000
    vertex 11.699135 -2.670251 48.000000
    vertex 10.811626 -5.206605 48.000000
  endloop
endfacet
facet normal -0.943883 0.330279 -0.000000
  outer loop
    vertex 2.342519 -1.128098 47.000000
    vertex 2.534813 -0.578554 47.000000
    vertex 2.534813 -0.578554 48.000000
  endloop
endfacet
facet normal -0.943883 0.330279 -0.000000
  outer loop
    vertex 2.342519 -1.128098 47.000000
    vertex 2.534813 -0.578554 48.000000
    vertex 2.342519 -1.128098 48.000000
  endloop
endfacet
facet normal 0.993712 -0.111964 0.000000
  outer loop
    vertex 11.699135 -2.670251 47.000000
    vertex 12.000000 0.000000 47.000000
    vertex 12.000000 0.000000 48.000000
  endloop
endfacet
facet normal 0.993712 -0.111964 0.000000
  outer loop
    vertex 11.699135 -2.670251 47.000000
    vertex 12.000000 0.000000 48.000000
    vertex 11.699135 -2.670251 48.000000
  endloop
endfacet
facet normal -0.993712 0.111964 -0.000000
  outer loop
    vertex 2.534813 -0.578554 47.000000
    vertex 2.600000 0.000000 47.000000
    vertex 2.600000 0.000000 48.000000
  endloop
endfacet
facet normal -0.993712 0.111964 -0.000000
  outer loop
    vertex 2.534813 -0.578554 47.000000
    vertex 2.600000 0.000000 48.000000
    vertex 2.534813 -0.578554 48.000000
  endloop
endfacet
facet normal 0.993712 0.111964 0.000000
  outer loop
    vertex 12.000000 0.000000 48.000000
    vertex 11.699135 2.670251 48.000000
    vertex 11.699135 2.670251 49.000000
  endloop
endfacet
facet normal 0.993712 0.111964 0.000000
  outer loop
    vertex 12.000000 0.000000 48.000000
    vertex 11.699135 2.670251 49.000000
    vertex 12.000000 0.000000 49.000000
  endloop
endfacet
facet normal -0.993712 -0.111964 -0.000000
  outer loop
    vertex 2.600000 0.000000 48.000000
    vertex 2.534813 0.578554 48.000000
    vertex 2.534813 0.578554 49.000000
  endloop
endfacet
facet normal -0.993712 -0.111964 -0.000000
  outer loop
    vertex 2.600000 0.000000 48.000000
    vertex 2.534813 0.578554 49.000000
    vertex 2.600000 0.000000 49.000000
  endloop
endfacet
facet normal 0.943883 0.330279 0.000000
  outer loop
    vertex 11.699135 2.670251 48.000000
    vertex 10.811626 5.206605 48.000000
    vertex 10.811626 5.206605 49.000000
  endloop
endfacet
facet normal 0.943883 0.330279 0.000000
  outer loop
    vertex 11.699135 2.670251 48.000000
    vertex 10.811626 5.206605 49.000000
    vertex 11.699135 2.670251 49.000000
  endloop
endfacet
facet normal -0.943883 -0.330279 -0.000000
  outer loop
    vertex 2.534813 0.578554 48.000000
    vertex 2.342519 1.128098 48.000000
    vertex 2.342519 1.128098 49.000000
  endloop
endfacet
facet normal -0.943883 -0.330279 -0.000000
  outer loop
    vertex 2.534813 0.578554 48.000000
    vertex 2.342519 1.128098 49.000000
    vertex 2.534813 0.578554 49.000000
  endloop
endfacet
facet normal 0.846724 0.532032 0.000000
  outer loop
    vertex 10.811626 5.206605 48.000000
    vertex 9.381978 7.481878 48.000000
    vertex 9.381978 7.481878 49.000000
  endloop
endfacet
facet normal 0.846724 0.532032 0.000000
  outer loop
    vertex 10.811626 5.206605 48.000000
    vertex 9.381978 7.481878 49.000000
    vertex 10.811626 5.206605 49.000000
  endloop
endfacet
facet normal -0.846724 -0.532032 -0.000000
  outer loop
    vertex 2.342519 1.128098 48.000000
    vertex 2.032762 1.621073 48.000000
    vertex 2.032762 1.621073 49.000000
  endloop
endfacet
facet normal -0.846724 -0.532032 -0.000000
  outer loop
    vertex 2.342519 1.128098 48.000000
    vertex 2.032762 1.621073 49.000000
    vertex 2.342519 1.128098 49.000000
  endloop
endfacet
facet normal 0.707107 0.707107 0.000000
  outer loop
    vertex 9.381978 7.481878 48.000000
    vertex 7.481878 9.381978 48.000000
    vertex 7.481878 9.381978 49.000000
  endloop
endfacet
facet normal 0.707107 0.707107 0.000000
  outer loop
    vertex 9.381978 7.481878 48.000000
    vertex 7.481878 9.381978 49.000000
    vertex 9.381978 7.481878 49.000000
  endloop
endfacet
facet normal -0.707107 -0.707107 -0.000000
  outer loop
    vertex 2.032762 1.621073 48.000000
    vertex 1.621073 2.032762 48.000000
    vertex 1.621073 2.032762 49.000000
  endloop
endfacet
facet normal -0.707107 -0.707107 -0.000000
  outer loop
    vertex 2.032762 1.621073 48.000000
    vertex 1.621073 2.032762 49.000000
    vertex 2.032762 1.621073 49.000000
  endloop
endfacet
facet normal 0.532032 0.846724 0.000000
  outer loop
    vertex 7.481878 9.381978 48.000000
    vertex 5.206605 10.811626 48.000000
    vertex 5.206605 10.811626 49.000000
  endloop
endfacet
facet normal 0.532032 0.846724 0.000000
  outer loop
    vertex 7.481878 9.381978 48.000000
    vertex 5.206605 10.811626 49.000000
    vertex 7.481878 9.381978 49.000000
  endloop
endfacet
facet normal -0.532032 -0.846724 -0.000000
  outer loop
    vertex 1.621073 2.032762 48.000000
    vertex 1.128098 2.342519 48.000000
    vertex 1.128098 2.342519 49.000000
  endloop
endfacet
facet normal -0.532032 -0.846724 -0.000000
  outer loop
    vertex 1.621073 2.032762 48.000000
    vertex 1.128098 2.342519 49.000000
    vertex 1.621073 2.032762 49.000000
  endloop
endfacet
facet normal 0.330279 0.943883 0.000000
  outer loop
    vertex 5.206605 10.811626 48.000000
    vertex 2.670251 11.699135 48.000000
    vertex 2.670251 11.699135 49.000000
  endloop
endfacet
facet normal 0.330279 0.943883 0.000000
  outer loop
    vertex 5.206605 10.811626 48.000000
    vertex 2.670251 11.699135 49.000000
    vertex 5.206605 10.811626 49.000000
  endloop
endfacet
facet normal -0.330279 -0.943883 -0.000000
  outer loop
    vertex 1.128098 2.342519 48.000000
    vertex 0.578554 2.534813 48.000000
    vertex 0.578554 2.534813 49.000000
  endloop
endfacet
facet normal -0.330279 -0.943883 -0.000000
  outer loop
    vertex 1.128098 2.342519 48.000000
    vertex 0.578554 2.534813 49.000000
    vertex 1.128098 2.342519 49.000000
  endloop
endfacet
facet normal 0.111964 0.993712 0.000000
  outer loop
    vertex 2.670251 11.699135 48.000000
    vertex 0.000000 12.000000 48.000000
    vertex 0.000000 12.000000 49.000000
  endloop
endfacet
facet normal 0.111964 0.993712 0.000000
  outer loop
    vertex 2.670251 11.699135 48.000000
    vertex 0.000000 12.000000 49.000000
    vertex 2.670251 11.699135 49.000000
  endloop
endfacet
facet normal -0.111964 -0.993712 -0.000000
  outer loop
    vertex 0.578554 2.534813 48.000000
    vertex 0.000000 2.600000 48.000000
    vertex 0.000000 2.600000 49.000000
  endloop
endfacet
facet normal -0.111964 -0.993712 -0.000000
  outer loop
    vertex 0.578554 2.534813 48.000000
    vertex 0.000000 2.600000 49.000000
    vertex 0.578554 2.534813 49.000000
  endloop
endfacet
facet normal -0.111964 0.993712 0.000000
  outer loop
    vertex 0.000000 12.000000 48.000000
    vertex -2.670251 11.699135 48.000000
    vertex -2.670251 11.699135 49.000000
  endloop
endfacet
facet normal -0.111964 0.993712 0.000000
  outer loop
    vertex 0.000000 12.000000 48.000000
    vertex -2.670251 11.699135 49.000000
    vertex 0.000000 12.000000 49.000000
  endloop
endfacet
facet normal 0.111964 -0.993712 -0.000000
  outer loop
    vertex 0.000000 2.600000 48.000000
    vertex -0.578554 2.534813 48.000000
    vertex -0.578554 2.534813 49.000000
  endloop
endfacet
facet normal 0.111964 -0.993712 -0.000000
  outer loop
    vertex 0.000000 2.600000 48.000000
    vertex -0.578554 2.534813 49.000000
    vertex 0.000000 2.600000 49.000000
  endloop
endfacet
facet normal -0.330279 0.943883 0.000000
  outer loop
    vertex -2.670251 11.699135 48.000000
    vertex -5.206605 10.811626 48.000000
    vertex -5.206605 10.811626 49.000000
  endloop
endfacet
facet normal -0.330279 0.943883 0.000000
  outer loop
    vertex -2.670251 11.699135 48.000000
    vertex -5.206605 10.811626 49.000000
    vertex -2.670251 11.699135 49.000000
  endloop
endfacet
facet normal 0.330279 -0.943883 -0.000000
  outer loop
    vertex -0.578554 2.534813 48.000000
    vertex -1.128098 2.342519 48.000000
    vertex -1.128098 2.342519 49.000000
  endloop
endfacet
facet normal 0.330279 -0.943883 -0.000000
  outer loop
    vertex -0.578554 2.534813 48.000000
    vertex -1.128098 2.342519 49.000000
    vertex -0.578554 2.534813 49.000000
  endloop
endfacet
facet normal -0.532032 0.846724 0.000000
  outer loop
    vertex -5.206605 10.811626 48.000000
    vertex -7.481878 9.381978 48.000000
    vertex -7.481878 9.381978 49.000000
  endloop
endfacet
facet normal -0.532032 0.846724 0.000000
  outer loop
    vertex -5.206605 10.811626 48.000000
    vertex -7.481878 9.381978 49.000000
    vertex -5.206605 10.811626 49.000000
  endloop
endfacet
facet normal 0.532032 -0.846724 -0.000000
  outer loop
    vertex -1.128098 2.342519 48.000000
    vertex -1.621073 2.032762 48.000000
    vertex -1.621073 2.032762 49.000000
  endloop
endfacet
facet normal 0.532032 -0.846724 -0.000000
  outer loop
    vertex -1.128098 2.342519 48.000000
    vertex -1.621073 2.032762 49.000000
    vertex -1.128098 2.342519 49.000000
  endloop
endfacet
facet normal -0.707107 0.707107 0.000000
  outer loop
    vertex -7.481878 9.381978 48.000000
    vertex -9.381978 7.481878 48.000000
    vertex -9.381978 7.481878 49.000000
  endloop
endfacet
facet normal -0.707107 0.707107 0.000000
  outer loop
    vertex -7.481878 9.381978 48.000000
    vertex -9.381978 7.481878 49.000000
    vertex -7.481878 9.381978 49.000000
  endloop
endfacet
facet normal 0.707107 -0.707107 -0.000000
  outer loop
    vertex -1.621073 2.032762 48.000000
    vertex -2.032762 1.621073 48.000000
    vertex -2.032762 1.621073 49.000000
  endloop
endfacet
facet normal 0.707107 -0.707107 -0.000000
  outer loop
    vertex -1.621073 2.032762 48.000000
    vertex -2.032762 1.621073 49.000000
    vertex -1.621073 2.032762 49.000000
  endloop
endfacet
facet normal -0.846724 0.532032 0.000000
  outer loop
    vertex -9.381978 7.481878 48.000000
    vertex -10.811626 5.206605 48.000000
    vertex -10.811626 5.206605 49.000000
  endloop
endfacet
facet normal -0.846724 0.532032 0.000000
  outer loop
    vertex -9.381978 7.481878 48.000000
    vertex -10.811626 5.206605 49.000000
    vertex -9.381978 7.481878 49.000000
  endloop
endfacet
facet normal 0.846724 -0.532032 -0.000000
  outer loop
    vertex -2.032762 1.621073 48.000000
    vertex -2.342519 1.128098 48.000000
    vertex -2.342519 1.128098 49.000000
  endloop
endfacet
facet normal 0.846724 -0.532032 -0.000000
  outer loop
    vertex -2.032762 1.621073 48.000000
    vertex -2.342519 1.128098 49.000000
    vertex -2.032762 1.621073 49.000000
  endloop
endfacet
facet normal -0.943883 0.330279 0.000000
  outer loop
    vertex -10.811626 5.206605 48.000000
    vertex -11.699135 2.670251 48.000000
    vertex -11.699135 2.670251 49.000000
  endloop
endfacet
facet normal -0.943883 0.330279 0.000000
  outer loop
    vertex -10.811626 5.206605 48.000000
    vertex -11.699135 2.670251 49.000000
    vertex -10.811626 5.206605 49.000000
  endloop
endfacet
facet normal 0.943883 -0.330279 -0.000000
  outer loop
    vertex -2.342519 1.128098 48.000000
    vertex -2.534813 0.578554 48.000000
    vertex -2.534813 0.578554 49.000000
  endloop
endfacet
facet normal 0.943883 -0.330279 -0.000000
  outer loop
    vertex -2.342519 1.128098 48.000000
    vertex -2.534813 0.578554 49.000000
    vertex -2.342519 1.128098 49.000000
  endloop
endfacet
facet normal -0.993712 0.111964 0.000000
  outer loop
    vertex -11.699135 2.670251 48.000000
    vertex -12.000000 0.000000 48.000000
    vertex -12.000000 0.000000 49.000000
  endloop
endfacet
facet normal -0.993712 0.111964 0.000000
  outer loop
    vertex -11.699135 2.670251 48.000000
    vertex -12.000000 0.000000 49.000000
    vertex -11.699135 2.670251 49.000000
  endloop
endfacet
facet normal 0.993712 -0.111964 -0.000000
  outer loop
    vertex -2.534813 0.578554 48.000000
    vertex -2.600000 0.000000 48.000000
    vertex -2.600000 0.000000 49.000000
  endloop
endfacet
facet normal 0.993712 -0.111964 -0.000000
  outer loop
    vertex -2.534813 0.578554 48.000000
    vertex -2.600000 0.000000 49.000000
    vertex -2.534813 0.578554 49.000000
  endloop
endfacet
facet normal -0.993712 -0.111964 0.000000
  outer loop
    vertex -12.000000 0.000000 48.000000
    vertex -11.699135 -2.670251 48.000000
    vertex -11.699135 -2.670251 49.000000
  endloop
endfacet
facet normal -0.993712 -0.111964 0.000000
  outer loop
    vertex -12.000000 0.000000 48.000000
    vertex -11.699135 -2.670251 49.000000
    vertex -12.000000 0.000000 49.000000
  endloop
endfacet
facet normal 0.993712 0.111964 -0.000000
  outer loop
    vertex -2.600000 0.000000 48.000000
    vertex -2.534813 -0.578554 48.000000
    vertex -2.534813 -0.578554 49.000000
  endloop
endfacet
facet normal 0.993712 0.111964 -0.000000
  outer loop
    vertex -2.600000 0.000000 48.000000
    vertex -2.534813 -0.578554 49.000000
    vertex -2.600000 0.000000 49.000000
  endloop
endfacet
facet normal -0.943883 -0.330279 0.000000
  outer loop
    vertex -11.699135 -2.670251 48.000000
    vertex -10.811626 -5.206605 48.000000
    vertex -10.811626 -5.206605 49.000000
  endloop
endfacet
facet normal -0.943883 -0.330279 0.000000
  outer loop
    vertex -11.699135 -2.670251 48.000000
    vertex -10.811626 -5.206605 49.000000
    vertex -11.699135 -2.670251 49.000000
  endloop
endfacet
facet normal 0.943883 0.330279 -0.000000
  outer loop
    vertex -2.534813 -0.578554 48.000000
    vertex -2.342519 -1.128098 48.000000
    vertex -2.342519 -1.128098 49.000000
  endloop
endfacet
facet normal 0.943883 0.330279 -0.000000
  outer loop
    vertex -2.534813 -0.578554 48.000000
    vertex -2.342519 -1.128098 49.000000
    vertex -2.534813 -0.578554 49.000000
  endloop
endfacet
facet normal -0.846724 -0.532032 0.000000
  outer loop
    vertex -10.811626 -5.206605 48.000000
    vertex -9.381978 -7.481878 48.000000
    vertex -9.381978 -7.481878 49.000000
  endloop
endfacet
facet normal -0.846724 -0.532032 0.000000
  outer loop
    vertex -10.811626 -5.206605 48.000000
    vertex -9.381978 -7.481878 49.000000
    vertex -10.811626 -5.206605 49.000000
  endloop
endfacet
facet normal 0.846724 0.532032 -0.000000
  outer loop
    vertex -2.342519 -1.128098 48.000000
    vertex -2.032762 -1.621073 48.000000
    vertex -2.032762 -1.621073 49.000000
  endloop
endfacet
facet normal 0.846724 0.532032 -0.000000
  outer loop
    vertex -2.342519 -1.128098 48.000000
    vertex -2.032762 -1.621073 49.000000
    vertex -2.342519 -1.128098 49.000000
  endloop
endfacet
facet normal -0.707107 -0.707107 0.000000
  outer loop
    vertex -9.381978 -7.481878 48.000000
    vertex -7.481878 -9.381978 48.000000
    vertex -7.481878 -9.381978 49.000000
  endloop
endfacet
facet normal -0.707107 -0.707107 0.000000
  outer loop
    vertex -9.381978 -7.481878 48.000000
    vertex -7.481878 -9.381978 49.000000
    vertex -9.381978 -7.481878 49.000000
  endloop
endfacet
facet normal 0.707107 0.707107 -0.000000
  outer loop
    vertex -2.032762 -1.621073 48.000000
    vertex -1.621073 -2.032762 48.000000
    vertex -1.621073 -2.032762 49.000000
  endloop
endfacet
facet normal 0.707107 0.707107 -0.000000
  outer loop
    vertex -2.032762 -1.621073 48.000000
    vertex -1.621073 -2.032762 49.000000
    vertex -2.032762 -1.621073 49.000000
  endloop
endfacet
facet normal -0.532032 -0.846724 0.000000
  outer loop
    vertex -7.481878 -9.381978 48.000000
    vertex -5.206605 -10.811626 48.000000
    vertex -5.206605 -10.811626 49.000000
  endloop
endfacet
facet normal -0.532032 -0.846724 0.000000
  outer loop
    vertex -7.481878 -9.381978 48.000000
    vertex -5.206605 -10.811626 49.000000
    vertex -7.481878 -9.381978 49.000000
  endloop
endfacet
facet normal 0.532032 0.846724 -0.000000
  outer loop
    vertex -1.621073 -2.032762 48.000000
    vertex -1.128098 -2.342519 48.000000
    vertex -1.128098 -2.342519 49.000000
  endloop
endfacet
facet normal 0.532032 0.846724 -0.000000
  outer loop
    vertex -1.621073 -2.032762 48.000000
    vertex -1.128098 -2.342519 49.000000
    vertex -1.621073 -2.032762 49.000000
  endloop
endfacet
facet normal -0.330279 -0.943883 0.000000
  outer loop
    vertex -5.206605 -10.811626 48.000000
    vertex -2.670251 -11.699135 48.000000
    vertex -2.670251 -11.699135 49.000000
  endloop
endfacet
facet normal -0.330279 -0.943883 0.000000
  outer loop
    vertex -5.206605 -10.811626 48.000000
    vertex -2.670251 -11.699135 49.000000
    vertex -5.206605 -10.811626 49.000000
  endloop
endfacet
facet normal 0.330279 0.943883 -0.000000
  outer loop
    vertex -1.128098 -2.342519 48.000000
    vertex -0.578554 -2.534813 48.000000
    vertex -0.578554 -2.534813 49.000000
  endloop
endfacet
facet normal 0.330279 0.943883 -0.000000
  outer loop
    vertex -1.128098 -2.342519 48.000000
    vertex -0.578554 -2.534813 49.000000
    vertex -1.128098 -2.342519 49.000000
  endloop
endfacet
facet normal -0.111964 -0.993712 0.000000
  outer loop
    vertex -2.670251 -11.699135 48.000000
    vertex -0.000000 -12.000000 48.000000
    vertex -0.000000 -12.000000 49.000000
  endloop
endfacet
facet normal -0.111964 -0.993712 0.000000
  outer loop
    vertex -2.670251 -11.699135 48.000000
    vertex -0.000000 -12.000000 49.000000
    vertex -2.670251 -11.699135 49.000000
  endloop
endfacet
facet normal 0.111964 0.993712 -0.000000
  outer loop
    vertex -0.578554 -2.534813 48.000000
    vertex -0.000000 -2.600000 48.000000
    vertex -0.000000 -2.600000 49.000000
  endloop
endfacet
facet normal 0.111964 0.993712 -0.000000
  outer loop
    vertex -0.578554 -2.534813 48.000000
    vertex -0.000000 -2.600000 49.000000
    vertex -0.578554 -2.534813 49.000000
  endloop
endfacet
facet normal 0.111964 -0.993712 0.000000
  outer loop
    vertex -0.000000 -12.000000 48.000000
    vertex 2.670251 -11.699135 48.000000
    vertex 2.670251 -11.699135 49.000000
  endloop
endfacet
facet normal 0.111964 -0.993712 0.000000
  outer loop
    vertex -0.000000 -12.000000 48.000000
    vertex 2.670251 -11.699135 49.000000
    vertex -0.000000 -12.000000 49.000000
  endloop
endfacet
facet normal -0.111964 0.993712 -0.000000
  outer loop
    vertex -0.000000 -2.600000 48.000000
    vertex 0.578554 -2.534813 48.000000
    vertex 0.578554 -2.534813 49.000000
  endloop
endfacet
facet normal -0.111964 0.993712 -0.000000
  outer loop
    vertex -0.000000 -2.600000 48.000000
    vertex 0.578554 -2.534813 49.000000
    vertex -0.000000 -2.600000 49.000000
  endloop
endfacet
facet normal 0.330279 -0.943883 0.000000
  outer loop
    vertex 2.670251 -11.699135 48.000000
    vertex 5.206605 -10.811626 48.000000
    vertex 5.206605 -10.811626 49.000000
  endloop
endfacet
facet normal 0.330279 -0.943883 0.000000
  outer loop
    vertex 2.670251 -11.699135 48.000000
    vertex 5.206605 -10.811626 49.000000
    vertex 2.670251 -11.699135 49.000000
  endloop
endfacet
facet normal -0.330279 0.943883 -0.000000
  outer loop
    vertex 0.578554 -2.534813 48.000000
    vertex 1.128098 -2.342519 48.000000
    vertex 1.128098 -2.342519 49.000000
  endloop
endfacet
facet normal -0.330279 0.943883 -0.000000
  outer loop
    vertex 0.578554 -2.534813 48.000000
    vertex 1.128098 -2.342519 49.000000
    vertex 0.578554 -2.534813 49.000000
  endloop
endfacet
facet normal 0.532032 -0.846724 0.000000
  outer loop
    vertex 5.206605 -10.811626 48.000000
    vertex 7.481878 -9.381978 48.000000
    vertex 7.481878 -9.381978 49.000000
  endloop
endfacet
facet normal 0.532032 -0.846724 0.000000
  outer loop
    vertex 5.206605 -10.811626 48.000000
    vertex 7.481878 -9.381978 49.000000
    vertex 5.206605 -10.811626 49.000000
  endloop
endfacet
facet normal -0.532032 0.846724 -0.000000
  outer loop
    vertex 1.128098 -2.342519 48.000000
    vertex 1.621073 -2.032762 48.000000
    vertex 1.621073 -2.032762 49.000000
  endloop
endfacet
facet normal -0.532032 0.846724 -0.000000
  outer loop
    vertex 1.128098 -2.342519 48.000000
    vertex 1.621073 -2.032762 49.000000
    vertex 1.128098 -2.342519 49.000000
  endloop
endfacet
facet normal 0.707107 -0.707107 0.000000
  outer loop
    vertex 7.481878 -9.381978 48.000000
    vertex 9.381978 -7.481878 48.000000
    vertex 9.381978 -7.481878 49.000000
  endloop
endfacet
facet normal 0.707107 -0.707107 0.000000
  outer loop
    vertex 7.481878 -9.381978 48.000000
    vertex 9.381978 -7.481878 49.000000
    vertex 7.481878 -9.381978 49.000000
  endloop
endfacet
facet normal -0.707107 0.707107 -0.000000
  outer loop
    vertex 1.621073 -2.032762 48.000000
    vertex 2.032762 -1.621073 48.000000
    vertex 2.032762 -1.621073 49.000000
  endloop
endfacet
facet normal -0.707107 0.707107 -0.000000
  outer loop
    vertex 1.621073 -2.032762 48.000000
    vertex 2.032762 -1.621073 49.000000
    vertex 1.621073 -2.032762 49.000000
  endloop
endfacet
facet normal 0.846724 -0.532032 0.000000
  outer loop
    vertex 9.381978 -7.481878 48.000000
    vertex 10.811626 -5.206605 48.000000
    vertex 10.811626 -5.206605 49.000000
  endloop
endfacet
facet normal 0.846724 -0.532032 0.000000
  outer loop
    vertex 9.381978 -7.481878 48.000000
    vertex 10.811626 -5.206605 49.000000
    vertex 9.381978 -7.481878 49.000000
  endloop
endfacet
facet normal -0.846724 0.532032 -0.000000
  outer loop
    vertex 2.032762 -1.621073 48.000000
    vertex 2.342519 -1.128098 48.000000
    vertex 2.342519 -1.128098 49.000000
  endloop
endfacet
facet normal -0.846724 0.532032 -0.000000
  outer loop
    vertex 2.032762 -1.621073 48.000000
    vertex 2.342519 -1.128098 49.000000
    vertex 2.032762 -1.621073 49.000000
  endloop
endfacet
facet normal 0.943883 -0.330279 0.000000
  outer loop
    vertex 10.811626 -5.206605 48.000000
    vertex 11.699135 -2.670251 48.000000
    vertex 11.699135 -2.670251 49.000000
  endloop
endfacet
facet normal 0.943883 -0.330279 0.000000
  outer loop
    vertex 10.811626 -5.206605 48.000000
    vertex 11.699135 -2.670251 49.000000
    vertex 10.811626 -5.206605 49.000000
  endloop
endfacet
facet normal -0.943883 0.330279 -0.000000
  outer loop
    vertex 2.342519 -1.128098 48.000000
    vertex 2.534813 -0.578554 48.000000
    vertex 2.534813 -0.578554 49.000000
  endloop
endfacet
facet normal -0.943883 0.330279 -0.000000
  outer loop
    vertex 2.342519 -1.128098 48.000000
    vertex 2.534813 -0.578554 49.000000
    vertex 2.342519 -1.128098 49.000000
  endloop
endfacet
facet normal 0.993712 -0.111964 0.000000
  outer loop
    vertex 11.699135 -2.670251 48.000000
    vertex 12.000000 0.000000 48.000000
    vertex 12.000000 0.000000 49.000000
  endloop
endfacet
facet normal 0.993712 -0.111964 0.000000
  outer loop
    vertex 11.699135 -2.670251 48.000000
    vertex 12.000000 0.000000 49.000000
    vertex 11.699135 -2.670251 49.000000
  endloop
endfacet
facet normal -0.993712 0.111964 -0.000000
  outer loop
    vertex 2.534813 -0.578554 48.000000
    vertex 2.600000 0.000000 48.000000
    vertex 2.600000 0.000000 49.000000
  endloop
endfacet
facet normal -0.993712 0.111964 -0.000000
  outer loop
    vertex 2.534813 -0.578554 48.000000
    vertex 2.600000 0.000000 49.000000
    vertex 2.534813 -0.578554 49.000000
  endloop
endfacet
facet normal 0.993712 0.111964 0.000000
  outer loop
    vertex 12.000000 0.000000 49.000000
    vertex 11.699135 2.670251 49.000000
    vertex 11.699135 2.670251 50.000000
  endloop
endfacet
facet normal 0.993712 0.111964 0.000000
  outer loop
    vertex 12.000000 0.000000 49.000000
    vertex 11.699135 2.670251 50.000000
    vertex 12.000000 0.000000 50.000000
  endloop
endfacet
facet normal -0.993712 -0.111964 -0.000000
  outer loop
    vertex 2.600000 0.000000 49.000000
    vertex 2.534813 0.578554 49.000000
    vertex 2.534813 0.578554 50.000000
  endloop
endfacet
facet normal -0.993712 -0.111964 -0.000000
  outer loop
    vertex 2.600000 0.000000 49.000000
    vertex 2.534813 0.578554 50.000000
    vertex 2.600000 0.000000 50.000000
  endloop
endfacet
facet normal 0.943883 0.330279 0.000000
  outer loop
    vertex 11.699135 2.670251 49.000000
    vertex 10.811626 5.206605 49.000000
    vertex 10.811626 5.206605 50.000000
  endloop
endfacet
facet normal 0.943883 0.330279 0.000000
  outer loop
    vertex 11.699135 2.670251 49.000000
    vertex 10.811626 5.206605 50.000000
    vertex 11.699135 2.670251 50.000000
  endloop
endfacet
facet normal -0.943883 -0.330279 -0.000000
  outer loop
    vertex 2.534813 0.578554 49.000000
    vertex 2.342519 1.128098 49.000000
    vertex 2.342519 1.128098 50.000000
  endloop
endfacet
facet normal -0.943883 -0.330279 -0.000000
  outer loop
    vertex 2.534813 0.578554 49.000000
    vertex 2.342519 1.128098 50.000000
    vertex 2.534813 0.578554 50.000000
  endloop
endfacet
facet normal 0.846724 0.532032 0.000000
  outer loop
    vertex 10.811626 5.206605 49.000000
    vertex 9.381978 7.481878 49.000000
    vertex 9.381978 7.481878 50.000000
  endloop
endfacet
facet normal 0.846724 0.532032 0.000000
  outer loop
    vertex 10.811626 5.206605 49.000000
    vertex 9.381978 7.481878 50.000000
    vertex 10.811626 5.206605 50.000000
  endloop
endfacet
facet normal -0.846724 -0.532032 -0.000000
  outer loop
    vertex 2.342519 1.128098 49.000000
    vertex 2.032762 1.621073 49.000000
    vertex 2.032762 1.621073 50.000000
  endloop
endfacet
facet normal -0.846724 -0.532032 -0.000000
  outer loop
    vertex 2.342519 1.128098 49.000000
    vertex 2.032762 1.621073 50.000000
    vertex 2.342519 1.128098 50.000000
  endloop
endfacet
facet normal 0.707107 0.707107 0.000000
  outer loop
    vertex 9.381978 7.481878 49.000000
    vertex 7.481878 9.381978 49.000000
    vertex 7.481878 9.381978 50.000000
  endloop
endfacet
facet normal 0.707107 0.707107 0.000000
  outer loop
    vertex 9.381978 7.481878 49.000000
    vertex 7.481878 9.381978 50.000000
    vertex 9.381978 7.481878 50.000000
  endloop
endfacet
facet normal -0.707107 -0.707107 -0.000000
  outer loop
    vertex 2.032762 1.621073 49.000000
    vertex 1.621073 2.032762 49.000000
    vertex 1.621073 2.032762 50.000000
  endloop
endfacet
facet normal -0.707107 -0.707107 -0.000000
  outer loop
    vertex 2.032762 1.621073 49.000000
    vertex 1.621073 2.032762 50.000000
    vertex 2.032762 1.621073 50.000000
  endloop
endfacet
facet normal 0.532032 0.846724 0.000000
  outer loop
    vertex 7.481878 9.381978 49.000000
    vertex 5.206605 10.811626 49.000000
    vertex 5.206605 10.811626 50.000000
  endloop
endfacet
facet normal 0.532032 0.846724 0.000000
  outer loop
    vertex 7.481878 9.381978 49.000000
    vertex 5.206605 10.811626 50.000000
    vertex 7.481878 9.381978 50.000000
  endloop
endfacet
facet normal -0.532032 -0.846724 -0.000000
  outer loop
    vertex 1.621073 2.032762 49.000000
    vertex 1.128098 2.342519 49.000000
    vertex 1.128098 2.342519 50.000000
  endloop
endfacet
facet normal -0.532032 -0.846724 -0.000000
  outer loop
    vertex 1.621073 2.032762 49.000000
    vertex 1.128098 2.342519 50.000000
    vertex 1.621073 2.032762 50.000000
  endloop
endfacet
facet normal 0.330279 0.943883 0.000000
  outer loop
    vertex 5.206605 10.811626 49.000000
    vertex 2.670251 11.699135 49.000000
    vertex 2.670251 11.699135 50.000000
  endloop
endfacet
facet normal 0.330279 0.943883 0.000000
  outer loop
    vertex 5.206605 10.811626 49.000000
    vertex 2.670251 11.699135 50.000000
    vertex 5.206605 10.811626 50.000000
  endloop
endfacet
facet normal -0.330279 -0.943883 -0.000000
  outer loop
    vertex 1.128098 2.342519 49.000000
    vertex 0.578554 2.534813 49.000000
    vertex 0.578554 2.534813 50.000000
  endloop
endfacet
facet normal -0.330279 -0.943883 -0.000000
  outer loop
    vertex 1.128098 2.342519 49.000000
    vertex 0.578554 2.534813 50.000000
    vertex 1.128098 2.342519 50.000000
  endloop
endfacet
facet normal 0.111964 0.993712 0.000000
  outer loop
    vertex 2.670251 11.699135 49.000000
    vertex 0.000000 12.000000 49.000000
    vertex 0.000000 12.000000 50.000000
  endloop
endfacet
facet normal 0.111964 0.993712 0.000000
  outer loop
    vertex 2.670251 11.699135 49.000000
    vertex 0.000000 12.000000 50.000000
    vertex 2.670251 11.699135 50.000000
  endloop
endfacet
facet normal -0.111964 -0.993712 -0.000000
  outer loop
    vertex 0.578554 2.534813 49.000000
    vertex 0.000000 2.600000 49.000000
    vertex 0.000000 2.600000 50.000000
  endloop
endfacet
facet normal -0.111964 -0.993712 -0.000000
  outer loop
    vertex 0.578554 2.534813 49.000000
    vertex 0.000000 2.600000 50.000000
    vertex 0.578554 2.534813 50.000000
  endloop
endfacet
facet normal -0.111964 0.993712 0.000000
  outer loop
    vertex 0.000000 12.000000 49.000000
    vertex -2.670251 11.699135 49.000000
    vertex -2.670251 11.699135 50.000000
  endloop
endfacet
facet normal -0.111964 0.993712 0.000000
  outer loop
    vertex 0.000000 12.000000 49.000000
    vertex -2.670251 11.699135 50.000000
    vertex 0.000000 12.000000 50.000000
  endloop
endfacet
facet normal 0.111964 -0.993712 -0.000000
  outer loop
    vertex 0.000000 2.600000 49.000000
    vertex -0.578554 2.534813 49.000000
    vertex -0.578554 2.534813 50.000000
  endloop
endfacet
facet normal 0.111964 -0.993712 -0.000000
  outer loop
    vertex 0.000000 2.600000 49.000000
    vertex -0.578554 2.534813 50.000000
    vertex 0.000000 2.600000 50.000000
  endloop
endfacet
facet normal -0.330279 0.943883 0.000000
  outer loop
    vertex -2.670251 11.699135 49.000000
    vertex -5.206605 10.811626 49.000000
    vertex -5.206605 10.811626 50.000000
  endloop
endfacet
facet normal -0.330279 0.943883 0.000000
  outer loop
    vertex -2.670251 11.699135 49.000000
    vertex -5.206605 10.811626 50.000000
    vertex -2.670251 11.699135 50.000000
  endloop
endfacet
facet normal 0.330279 -0.943883 -0.000000
  outer loop
    vertex -0.578554 2.534813 49.000000
    vertex -1.128098 2.342519 49.000000
    vertex -1.128098 2.342519 50.000000
  endloop
endfacet
facet normal 0.330279 -0.943883 -0.000000
  outer loop
    vertex -0.578554 2.534813 49.000000
    vertex -1.128098 2.342519 50.000000
    vertex -0.578554 2.534813 50.000000
  endloop
endfacet
facet normal -0.532032 0.846724 0.000000
  outer loop
    vertex -5.206605 10.811626 49.000000
    vertex -7.481878 9.381978 49.000000
    vertex -7.481878 9.381978 50.000000
  endloop
endfacet
facet normal -0.532032 0.846724 0.000000
  outer loop
    vertex -5.206605 10.811626 49.000000
    vertex -7.481878 9.381978 50.000000
    vertex -5.206605 10.811626 50.000000
  endloop
endfacet
facet normal 0.532032 -0.846724 -0.000000
  outer loop
    vertex -1.128098 2.342519 49.000000
    vertex -1.621073 2.032762 49.000000
    vertex -1.621073 2.032762 50.000000
  endloop
endfacet
facet normal 0.532032 -0.846724 -0.000000
  outer loop
    vertex -1.128098 2.342519 49.000000
    vertex -1.621073 2.032762 50.000000
    vertex -1.128098 2.342519 50.000000
  endloop
endfacet
facet normal -0.707107 0.707107 0.000000
  outer loop
    vertex -7.481878 9.381978 49.000000
    vertex -9.381978 7.481878 49.000000
    vertex -9.381978 7.481878 50.000000
  endloop
endfacet
facet normal -0.707107 0.707107 0.000000
  outer loop
    vertex -7.481878 9.381978 49.000000
    vertex -9.381978 7.481878 50.000000
    vertex -7.481878 9.381978 50.000000
  endloop
endfacet
facet normal 0.707107 -0.707107 -0.000000
  outer loop
    vertex -1.621073 2.032762 49.000000
    vertex -2.032762 1.621073 49.000000
    vertex -2.032762 1.621073 50.000000
  endloop
endfacet
facet normal 0.707107 -0.707107 -0.000000
  outer loop
    vertex -1.621073 2.032762 49.000000
    vertex -2.032762 1.621073 50.000000
    vertex -1.621073 2.032762 50.000000
  endloop
endfacet
facet normal -0.846724 0.532032 0.000000
  outer loop
    vertex -9.381978 7.481878 49.000000
    vertex -10.811626 5.206605 49.000000
    vertex -10.811626 5.206605 50.000000
  endloop
endfacet
facet normal -0.846724 0.532032 0.000000
  outer loop
    vertex -9.381978 7.481878 49.000000
    vertex -10.811626 5.206605 50.000000
    vertex -9.381978 7.481878 50.000000
  endloop
endfacet
facet normal 0.846724 -0.532032 -0.000000
  outer loop
    vertex -2.032762 1.621073 49.000000
    vertex -2.342519 1.128098 49.000000
    vertex -2.342519 1.128098 50.000000
  endloop
endfacet
facet normal 0.846724 -0.532032 -0.000000
  outer loop
    vertex -2.032762 1.621073 49.000000
    vertex -2.342519 1.128098 50.000000
    vertex -2.032762 1.621073 50.000000
  endloop
endfacet
facet normal -0.943883 0.330279 0.000000
  outer loop
    vertex -10.811626 5.206605 49.000000
    vertex -11.699135 2.670251 49.000000
    vertex -11.699135 2.670251 50.000000
  endloop
endfacet
facet normal -0.943883 0.330279 0.000000
  outer loop
    vertex -10.811626 5.206605 49.000000
    vertex -11.699135 2.670251 50.000000
    vertex -10.811626 5.206605 50.000000
  endloop
endfacet
facet normal 0.943883 -0.330279 -0.000000
  outer loop
    vertex -2.342519 1.128098 49.000000
    vertex -2.534813 0.578554 49.000000
    vertex -2.534813 0.578554 50.000000
  endloop
endfacet
facet normal 0.943883 -0.330279 -0.000000
  outer loop
    vertex -2.342519 1.128098 49.000000
    vertex -2.534813 0.578554 50.000000
    vertex -2.342519 1.128098 50.000000
  endloop
endfacet
facet normal -0.993712 0.111964 0.000000
  outer loop
    vertex -11.699135 2.670251 49.000000
    vertex -12.000000 0.000000 49.000000
    vertex -12.000000 0.000000 50.000000
  endloop
endfacet
facet normal -0.993712 0.111964 0.000000
  outer loop
    vertex -11.699135 2.670251 49.000000
    vertex -12.000000 0.000000 50.000000
    vertex -11.699135 2.670251 50.000000
  endloop
endfacet
facet normal 0.993712 -0.111964 -0.000000
  outer loop
    vertex -2.534813 0.578554 49.000000
    vertex -2.600000 0.000000 49.000000
    vertex -2.600000 0.000000 50.000000
  endloop
endfacet
facet normal 0.993712 -0.111964 -0.000000
  outer loop
    vertex -2.534813 0.578554 49.000000
    vertex -2.600000 0.000000 50.000000
    vertex -2.534813 0.578554 50.000000
  endloop
endfacet
facet normal -0.993712 -0.111964 0.000000
  outer loop
    vertex -12.000000 0.000000 49.000000
    vertex -11.699135 -2.670251 49.000000
    vertex -11.699135 -2.670251 50.000000
  endloop
endfacet
facet normal -0.993712 -0.111964 0.000000
  outer loop
    vertex -12.000000 0.000000 49.000000
    vertex -11.699135 -2.670251 50.000000
    vertex -12.000000 0.000000 50.000000
  endloop
endfacet
facet normal 0.993712 0.111964 -0.000000
  outer loop
    vertex -2.600000 0.000000 49.000000
    vertex -2.534813 -0.578554 49.000000
    vertex -2.534813 -0.578554 50.000000
  endloop
endfacet
facet normal 0.993712 0.111964 -0.000000
  outer loop
    vertex -2.600000 0.000000 49.000000
    vertex -2.534813 -0.578554 50.000000
    vertex -2.600000 0.000000 50.000000
  endloop
endfacet
facet normal -0.943883 -0.330279 0.000000
  outer loop
    vertex -11.699135 -2.670251 49.000000
    vertex -10.811626 -5.206605 49.000000
    vertex -10.811626 -5.206605 50.000000
  endloop
endfacet
facet normal -0.943883 -0.330279 0.000000
  outer loop
    vertex -11.699135 -2.670251 49.000000
    vertex -10.811626 -5.206605 50.000000
    vertex -11.699135 -2.670251 50.000000
  endloop
endfacet
facet normal 0.943883 0.330279 -0.000000
  outer loop
    vertex -2.534813 -0.578554 49.000000
    vertex -2.342519 -1.128098 49.000000
    vertex -2.342519 -1.128098 50.000000
  endloop
endfacet
facet normal 0.943883 0.330279 -0.000000
  outer loop
    vertex -2.534813 -0.578554 49.000000
    vertex -2.342519 -1.128098 50.000000
    vertex -2.534813 -0.578554 50.000000
  endloop
endfacet
facet normal -0.846724 -0.532032 0.000000
  outer loop
    vertex -10.811626 -5.206605 49.000000
    vertex -9.381978 -7.481878 49.000000
    vertex -9.381978 -7.481878 50.000000
  endloop
endfacet
facet normal -0.846724 -0.532032 0.000000
  outer loop
    vertex -10.811626 -5.206605 49.000000
    vertex -9.381978 -7.481878 50.000000
    vertex -10.811626 -5.206605 50.000000
  endloop
endfacet
facet normal 0.846724 0.532032 -0.000000
  outer loop
    vertex -2.342519 -1.128098 49.000000
    vertex -2.032762 -1.621073 49.000000
    vertex -2.032762 -1.621073 50.000000
  endloop
endfacet
facet normal 0.846724 0.532032 -0.000000
  outer loop
    vertex -2.342519 -1.128098 49.000000
    vertex -2.032762 -1.621073 50.000000
    vertex -2.342519 -1.128098 50.000000
  endloop
endfacet
facet normal -0.707107 -0.707107 0.000000
  outer loop
    vertex -9.381978 -7.481878 49.000000
    vertex -7.481878 -9.381978 49.000000
    vertex -7.481878 -9.381978 50.000000
  endloop
endfacet
facet normal -0.707107 -0.707107 0.000000
  outer loop
    vertex -9.381978 -7.481878 49.000000
    vertex -7.481878 -9.381978 50.000000
    vertex -9.381978 -7.481878 50.000000
  endloop
endfacet
facet normal 0.707107 0.707107 -0.000000
  outer loop
    vertex -2.032762 -1.621073 49.000000
    vertex -1.621073 -2.032762 49.000000
    vertex -1.621073 -2.032762 50.000000
  endloop
endfacet
facet normal 0.707107 0.707107 -0.000000
  outer loop
    vertex -2.032762 -1.621073 49.000000
    vertex -1.621073 -2.032762 50.000000
    vertex -2.032762 -1.621073 50.000000
  endloop
endfacet
facet normal -0.532032 -0.846724 0.000000
  outer loop
    vertex -7.481878 -9.381978 49.000000
    vertex -5.206605 -10.811626 49.000000
    vertex -5.206605 -10.811626 50.000000
  endloop
endfacet
facet normal -0.532032 -0.846724 0.000000
  outer loop
    vertex -7.481878 -9.381978 49.000000
    vertex -5.206605 -10.811626 50.000000
    vertex -7.481878 -9.381978 50.000000
  endloop
endfacet
facet normal 0.532032 0.846724 -0.000000
  outer loop
    vertex -1.621073 -2.032762 49.000000
    vertex -1.128098 -2.342519 49.000000
    vertex -1.128098 -2.342519 50.000000
  endloop
endfacet
facet normal 0.532032 0.846724 -0.000000
  outer loop
    vertex -1.621073 -2.032762 49.000000
    vertex -1.128098 -2.342519 50.000000
    vertex -1.621073 -2.032762 50.000000
  endloop
endfacet
facet normal -0.330279 -0.943883 0.000000
  outer loop
    vertex -5.206605 -10.811626 49.000000
    vertex -2.670251 -11.699135 49.000000
    vertex -2.670251 -11.699135 50.000000
  endloop
endfacet
facet normal -0.330279 -0.943883 0.000000
  outer loop
    vertex -5.206605 -10.811626 49.000000
    vertex -2.670251 -11.699135 50.000000
    vertex -5.206605 -10.811626 50.000000
  endloop
endfacet
facet normal 0.330279 0.943883 -0.000000
  outer loop
    vertex -1.128098 -2.342519 49.000000
    vertex -0.578554 -2.534813 49.000000
    vertex -0.578554 -2.534813 50.000000
  endloop
endfacet
facet normal 0.330279 0.943883 -0.000000
  outer loop
    vertex -1.128098 -2.342519 49.000000
    vertex -0.578554 -2.534813 50.000000
    vertex -1.128098 -2.342519 50.000000
  endloop
endfacet
facet normal -0.111964 -0.993712 0.000000
  outer loop
    vertex -2.670251 -11.699135 49.000000
    vertex -0.000000 -12.000000 49.000000
    vertex -0.000000 -12.000000 50.000000
  endloop
endfacet
facet normal -0.111964 -0.993712 0.000000
  outer loop
    vertex -2.670251 -11.699135 49.000000
    vertex -0.000000 -12.000000 50.000000
    vertex -2.670251 -11.699135 50.000000
  endloop
endfacet
facet normal 0.111964 0.993712 -0.000000
  outer loop
    vertex -0.578554 -2.534813 49.000000
    vertex -0.000000 -2.600000 49.000000
    vertex -0.000000 -2.600000 50.000000
  endloop
endfacet
facet normal 0.111964 0.993712 -0.000000
  outer loop
    vertex -0.578554 -2.534813 49.000000
    vertex -0.000000 -2.600000 50.000000
    vertex -0.578554 -2.534813 50.000000
  endloop
endfacet
facet normal 0.111964 -0.993712 0.000000
  outer loop
    vertex -0.000000 -12.000000 49.000000
    vertex 2.670251 -11.699135 49.000000
    vertex 2.670251 -11.699135 50.000000
  endloop
endfacet
facet normal 0.111964 -0.993712 0.000000
  outer loop
    vertex -0.000000 -12.000000 49.000000
    vertex 2.670251 -11.699135 50.000000
    vertex -0.000000 -12.000000 50.000000
  endloop
endfacet
facet normal -0.111964 0.993712 -0.000000
  outer loop
    vertex -0.000000 -2.600000 49.000000
    vertex 0.578554 -2.534813 49.000000
    vertex 0.578554 -2.534813 50.000000
  endloop
endfacet
facet normal -0.111964 0.993712 -0.000000
  outer loop
    vertex -0.000000 -2.600000 49.000000
    vertex 0.578554 -2.534813 50.000000
    vertex -0.000000 -2.600000 50.000000
  endloop
endfacet
facet normal 0.330279 -0.943883 0.000000
  outer loop
    vertex 2.670251 -11.699135 49.000000
    vertex 5.206605 -10.811626 49.000000
    vertex 5.206605 -10.811626 50.000000
  endloop
endfacet
facet normal 0.330279 -0.943883 0.000000
  outer loop
    vertex 2.670251 -11.699135 49.000000
    vertex 5.206605 -10.811626 50.000000
    vertex 2.670251 -11.699135 50.000000
  endloop
endfacet
facet normal -0.330279 0.943883 -0.000000
  outer loop
    vertex 0.578554 -2.534813 49.000000
    vertex 1.128098 -2.342519 49.000000
    vertex 1.128098 -2.342519 50.000000
  endloop
endfacet
facet normal -0.330279 0.943883 -0.000000
  outer loop
    vertex 0.578554 -2.534813 49.000000
    vertex 1.128098 -2.342519 50.000000
    vertex 0.578554 -2.534813 50.000000
  endloop
endfacet
facet normal 0.532032 -0.846724 0.000000
  outer loop
    vertex 5.206605 -10.811626 49.000000
    vertex 7.481878 -9.381978 49.000000
    vertex 7.481878 -9.381978 50.000000
  endloop
endfacet
facet normal 0.532032 -0.846724 0.000000
  outer loop
    vertex 5.206605 -10.811626 49.000000
    vertex 7.481878 -9.381978 50.000000
    vertex 5.206605 -10.811626 50.000000
  endloop
endfacet
facet normal -0.532032 0.846724 -0.000000
  outer loop
    vertex 1.128098 -2.342519 49.000000
    vertex 1.621073 -2.032762 49.000000
    vertex 1.621073 -2.032762 50.000000
  endloop
endfacet
facet normal -0.532032 0.846724 -0.000000
  outer loop
    vertex 1.128098 -2.342519 49.000000
    vertex 1.621073 -2.032762 50.000000
    vertex 1.128098 -2.342519 50.000000
  endloop
endfacet
facet normal 0.707107 -0.707107 0.000000
  outer loop
    vertex 7.481878 -9.381978 49.000000
    vertex 9.381978 -7.481878 49.000000
    vertex 9.381978 -7.481878 50.000000
  endloop
endfacet
facet normal 0.707107 -0.707107 0.000000
  outer loop
    vertex 7.481878 -9.381978 49.000000
    vertex 9.381978 -7.481878 50.000000
    vertex 7.481878 -9.381978 50.000000
  endloop
endfacet
facet normal -0.707107 0.707107 -0.000000
  outer loop
    vertex 1.621073 -2.032762 49.000000
    vertex 2.032762 -1.621073 49.000000
    vertex 2.032762 -1.621073 50.000000
  endloop
endfacet
facet normal -0.707107 0.707107 -0.000000
  outer loop
    vertex 1.621073 -2.032762 49.000000
    vertex 2.032762 -1.621073 50.000000
    vertex 1.621073 -2.032762 50.000000
  endloop
endfacet
facet normal 0.846724 -0.532032 0.000000
  outer loop
    vertex 9.381978 -7.481878 49.000000
    vertex 10.811626 -5.206605 49.000000
    vertex 10.811626 -5.206605 50.000000
  endloop
endfacet
facet normal 0.846724 -0.532032 0.000000
  outer loop
    vertex 9.381978 -7.481878 49.000000
    vertex 10.811626 -5.206605 50.000000
    vertex 9.381978 -7.481878 50.000000
  endloop
endfacet
facet normal -0.846724 0.532032 -0.000000
  outer loop
    vertex 2.032762 -1.621073 49.000000
    vertex 2.342519 -1.128098 49.000000
    vertex 2.342519 -1.128098 50.000000
  endloop
endfacet
facet normal -0.846724 0.532032 -0.000000
  outer loop
    vertex 2.032762 -1.621073 49.000000
    vertex 2.342519 -1.128098 50.000000
    vertex 2.032762 -1.621073 50.000000
  endloop
endfacet
facet normal 0.943883 -0.330279 0.000000
  outer loop
    vertex 10.811626 -5.206605 49.000000
    vertex 11.699135 -2.670251 49.000000
    vertex 11.699135 -2.670251 50.000000
  endloop
endfacet
facet normal 0.943883 -0.330279 0.000000
  outer loop
    vertex 10.811626 -5.206605 49.000000
    vertex 11.699135 -2.670251 50.000000
    vertex 10.811626 -5.206605 50.000000
  endloop
endfacet
facet normal -0.943883 0.330279 -0.000000
  outer loop
    vertex 2.342519 -1.128098 49.000000
    vertex 2.534813 -0.578554 49.000000
    vertex 2.534813 -0.578554 50.000000
  endloop
endfacet
facet normal -0.943883 0.330279 -0.000000
  outer loop
    vertex 2.342519 -1.128098 49.000000
    vertex 2.534813 -0.578554 50.000000
    vertex 2.342519 -1.128098 50.000000
  endloop
endfacet
facet normal 0.993712 -0.111964 0.000000
  outer loop
    vertex 11.699135 -2.670251 49.000000
    vertex 12.000000 0.000000 49.000000
    vertex 12.000000 0.000000 50.000000
  endloop
endfacet
facet normal 0.993712 -0.111964 0.000000
  outer loop
    vertex 11.699135 -2.670251 49.000000
    vertex 12.000000 0.000000 50.000000
    vertex 11.699135 -2.670251 50.000000
  endloop
endfacet
facet normal -0.993712 0.111964 -0.000000
  outer loop
    vertex 2.534813 -0.578554 49.000000
    vertex 2.600000 0.000000 49.000000
    vertex 2.600000 0.000000 50.000000
  endloop
endfacet
facet normal -0.993712 0.111964 -0.000000
  outer loop
    vertex 2.534813 -0.578554 49.000000
    vertex 2.600000 0.000000 50.000000
    vertex 2.534813 -0.578554 50.000000
  endloop
endfacet
facet normal 0.993712 0.111964 0.000000
  outer loop
    vertex 12.000000 0.000000 50.000000
    vertex 11.699135 2.670251 50.000000
    vertex 11.699135 2.670251 51.000000
  endloop
endfacet
facet normal 0.993712 0.111964 0.000000
  outer loop
    vertex 12.000000 0.000000 50.000000
    vertex 11.699135 2.670251 51.000000
    vertex 12.000000 0.000000 51.000000
  endloop
endfacet
facet normal -0.993712 -0.111964 -0.000000
  outer loop
    vertex 2.600000 0.000000 50.000000
    vertex 2.534813 0.578554 50.000000
    vertex 2.534813 0.578554 51.000000
  endloop
endfacet
facet normal -0.993712 -0.111964 -0.000000
  outer loop
    vertex 2.600000 0.000000 50.000000
    vertex 2.534813 0.578554 51.000000
    vertex 2.600000 0.000000 51.000000
  endloop
endfacet
facet normal 0.943883 0.330279 0.000000
  outer loop
    vertex 11.699135 2.670251 50.000000
    vertex 10.811626 5.206605 50.000000
    vertex 10.811626 5.206605 51.000000
  endloop
endfacet
facet normal 0.943883 0.330279 0.000000
  outer loop
    vertex 11.699135 2.670251 50.000000
    vertex 10.811626 5.206605 51.000000
    vertex 11.699135 2.670251 51.000000
  endloop
endfacet
facet normal -0.943883 -0.330279 -0.000000
  outer loop
    vertex 2.534813 0.578554 50.000000
    vertex 2.342519 1.128098 50.000000
    vertex 2.342519 1.128098 51.000000
  endloop
endfacet
facet normal -0.943883 -0.330279 -0.000000
  outer loop
    vertex 2.534813 0.578554 50.000000
    vertex 2.342519 1.128098 51.000000
    vertex 2.534813 0.578554 51.000000
  endloop
endfacet
facet normal 0.846724 0.532032 0.000000
  outer loop
    vertex 10.811626 5.206605 50.000000
    vertex 9.381978 7.481878 50.000000
    vertex 9.381978 7.481878 51.000000
  endloop
endfacet
facet normal 0.846724 0.532032 0.000000
  outer loop
    vertex 10.811626 5.206605 50.000000
    vertex 9.381978 7.481878 51.000000
    vertex 10.811626 5.206605 51.000000
  endloop
endfacet
facet normal -0.846724 -0.532032 -0.000000
  outer loop
    vertex 2.342519 1.128098 50.000000
    vertex 2.032762 1.621073 50.000000
    vertex 2.032762 1.621073 51.000000
  endloop
endfacet
facet normal -0.846724 -0.532032 -0.000000
  outer loop
    vertex 2.342519 1.128098 50.000000
    vertex 2.032762 1.621073 51.000000
    vertex 2.342519 1.128098 51.000000
  endloop
endfacet
facet normal 0.707107 0.707107 0.000000
  outer loop
    vertex 9.381978 7.481878 50.000000
    vertex 7.481878 9.381978 50.000000
    vertex 7.481878 9.381978 51.000000
  endloop
endfacet
facet normal 0.707107 0.707107 0.000000
  outer loop
    vertex 9.381978 7.481878 50.000000
    vertex 7.481878 9.381978 51.000000
    vertex 9.381978 7.481878 51.000000
  endloop
endfacet
facet normal -0.707107 -0.707107 -0.000000
  outer loop
    vertex 2.032762 1.621073 50.000000
    vertex 1.621073 2.032762 50.000000
    vertex 1.621073 2.032762 51.000000
  endloop
endfacet
facet normal -0.707107 -0.707107 -0.000000
  outer loop
    vertex 2.032762 1.621073 50.000000
    vertex 1.621073 2.032762 51.000000
    vertex 2.032762 1.621073 51.000000
  endloop
endfacet
facet normal 0.532032 0.846724 0.000000
  outer loop
    vertex 7.481878 9.381978 50.000000
    vertex 5.206605 10.811626 50.000000
    vertex 5.206605 10.811626 51.000000
  endloop
endfacet
facet normal 0.532032 0.846724 0.000000
  outer loop
    vertex 7.481878 9.381978 50.000000
    vertex 5.206605 10.811626 51.000000
    vertex 7.481878 9.381978 51.000000
  endloop
endfacet
facet normal -0.532032 -0.846724 -0.000000
  outer loop
    vertex 1.621073 2.032762 50.000000
    vertex 1.128098 2.342519 50.000000
    vertex 1.128098 2.342519 51.000000
  endloop
endfacet
facet normal -0.532032 -0.846724 -0.000000
  outer loop
    vertex 1.621073 2.032762 50.000000
    vertex 1.128098 2.342519 51.000000
    vertex 1.621073 2.032762 51.000000
  endloop
endfacet
facet normal 0.330279 0.943883 0.000000
  outer loop
    vertex 5.206605 10.811626 50.000000
    vertex 2.670251 11.699135 50.000000
    vertex 2.670251 11.699135 51.000000
  endloop
endfacet
facet normal 0.330279 0.943883 0.000000
  outer loop
    vertex 5.206605 10.811626 50.000000
    vertex 2.670251 11.699135 51.000000
    vertex 5.206605 10.811626 51.000000
  endloop
endfacet
facet normal -0.330279 -0.943883 -0.000000
  outer loop
    vertex 1.128098 2.342519 50.000000
    vertex 0.578554 2.534813 50.000000
    vertex 0.578554 2.534813 51.000000
  endloop
endfacet
facet normal -0.330279 -0.943883 -0.000000
  outer loop
    vertex 1.128098 2.342519 50.000000
    vertex 0.578554 2.534813 51.000000
    vertex 1.128098 2.342519 51.000000
  endloop
endfacet
facet normal 0.111964 0.993712 0.000000
  outer loop
    vertex 2.670251 11.699135 50.000000
    vertex 0.000000 12.000000 50.000000
    vertex 0.000000 12.000000 51.000000
  endloop
endfacet
facet normal 0.111964 0.993712 0.000000
  outer loop
    vertex 2.670251 11.699135 50.000000
    vertex 0.000000 12.000000 51.000000
    vertex 2.670251 11.699135 51.000000
  endloop
endfacet
facet normal -0.111964 -0.993712 -0.000000
  outer loop
    vertex 0.578554 2.534813 50.000000
    vertex 0.000000 2.600000 50.000000
    vertex 0.000000 2.600000 51.000000
  endloop
endfacet
facet normal -0.111964 -0.993712 -0.000000
  outer loop
    vertex 0.578554 2.534813 50.000000
    vertex 0.000000 2.600000 51.000000
    vertex 0.578554 2.534813 51.000000
  endloop
endfacet
facet normal -0.111964 0.993712 0.000000
  outer loop
    vertex 0.000000 12.000000 50.000000
    vertex -2.670251 11.699135 50.000000
    vertex -2.670251 11.699135 51.000000
  endloop
endfacet
facet normal -0.111964 0.993712 0.000000
  outer loop
    vertex 0.000000 12.000000 50.000000
    vertex -2.670251 11.699135 51.000000
    vertex 0.000000 12.000000 51.000000
  endloop
endfacet
facet normal 0.111964 -0.993712 -0.000000
  outer loop
    vertex 0.000000 2.600000 50.000000
    vertex -0.578554 2.534813 50.000000
    vertex -0.578554 2.534813 51.000000
  endloop
endfacet
facet normal 0.111964 -0.993712 -0.000000
  outer loop
    vertex 0.000000 2.600000 50.000000
    vertex -0.578554 2.534813 51.000000
    vertex 0.000000 2.600000 51.000000
  endloop
endfacet
facet normal -0.330279 0.943883 0.000000
  outer loop
    vertex -2.670251 11.699135 50.000000
    vertex -5.206605 10.811626 50.000000
    vertex -5.206605 10.811626 51.000000
  endloop
endfacet
facet normal -0.330279 0.943883 0.000000
  outer loop
    vertex -2.670251 11.699135 50.000000
    vertex -5.206605 10.811626 51.000000
    vertex -2.670251 11.699135 51.000000
  endloop
endfacet
facet normal 0.330279 -0.943883 -0.000000
  outer loop
    vertex -0.578554 2.534813 50.000000
    vertex -1.128098 2.342519 50.000000
    vertex -1.128098 2.342519 51.000000
  endloop
endfacet
facet normal 0.330279 -0.943883 -0.000000
  outer loop
    vertex -0.578554 2.534813 50.000000
    vertex -1.128098 2.342519 51.000000
    vertex -0.578554 2.534813 51.000000
  endloop
endfacet
facet normal -0.532032 0.846724 0.000000
  outer loop
    vertex -5.206605 10.811626 50.000000
    vertex -7.481878 9.381978 50.000000
    vertex -7.481878 9.381978 51.000000
  endloop
endfacet
facet normal -0.532032 0.846724 0.000000
  outer loop
    vertex -5.206605 10.811626 50.000000
    vertex -7.481878 9.381978 51.000000
    vertex -5.206605 10.811626 51.000000
  endloop
endfacet
facet normal 0.532032 -0.846724 -0.000000
  outer loop
    vertex -1.128098 2.342519 50.000000
    vertex -1.621073 2.032762 50.000000
    vertex -1.621073 2.032762 51.000000
  endloop
endfacet
facet normal 0.532032 -0.846724 -0.000000
  outer loop
    vertex -1.128098 2.342519 50.000000
    vertex -1.621073 2.032762 51.000000
    vertex -1.128098 2.342519 51.000000
  endloop
endfacet
facet normal -0.707107 0.707107 0.000000
  outer loop
    vertex -7.481878 9.381978 50.000000
    vertex -9.381978 7.481878 50.000000
    vertex -9.381978 7.481878 51.000000
  endloop
endfacet
facet normal -0.707107 0.707107 0.000000
  outer loop
    vertex -7.481878 9.381978 50.000000
    vertex -9.381978 7.481878 51.000000
    vertex -7.481878 9.381978 51.000000
  endloop
endfacet
facet normal 0.707107 -0.707107 -0.000000
  outer loop
    vertex -1.621073 2.032762 50.000000
    vertex -2.032762 1.621073 50.000000
    vertex -2.032762 1.621073 51.000000
  endloop
endfacet
facet normal 0.707107 -0.707107 -0.000000
  outer loop
    vertex -1.621073 2.032762 50.000000
    vertex -2.032762 1.621073 51.000000
    vertex -1.621073 2.032762 51.000000
  endloop
endfacet
facet normal -0.846724 0.532032 0.000000
  outer loop
    vertex -9.381978 7.481878 50.000000
    vertex -10.811626 5.206605 50.000000
    vertex -10.811626 5.206605 51.000000
  endloop
endfacet
facet normal -0.846724 0.532032 0.000000
  outer loop
    vertex -9.381978 7.481878 50.000000
    vertex -10.811626 5.206605 51.000000
    vertex -9.381978 7.481878 51.000000
  endloop
endfacet
facet normal 0.846724 -0.532032 -0.000000
  outer loop
    vertex -2.032762 1.621073 50.000000
    vertex -2.342519 1.128098 50.000000
    vertex -2.342519 1.128098 51.000000
  endloop
endfacet
facet normal 0.846724 -0.532032 -0.000000
  outer loop
    vertex -2.032762 1.621073 50.000000
    vertex -2.342519 1.128098 51.000000
    vertex -2.032762 1.621073 51.000000
  endloop
endfacet
facet normal -0.943883 0.330279 0.000000
  outer loop
    vertex -10.811626 5.206605 50.000000
    vertex -11.699135 2.670251 50.000000
    vertex -11.699135 2.670251 51.000000
  endloop
endfacet
facet normal -0.943883 0.330279 0.000000
  outer loop
    vertex -10.811626 5.206605 50.000000
    vertex -11.699135 2.670251 51.000000
    vertex -10.811626 5.206605 51.000000
  endloop
endfacet
facet normal 0.943883 -0.330279 -0.000000
  outer loop
    vertex -2.342519 1.128098 50.000000
    vertex -2.534813 0.578554 50.000000
    vertex -2.534813 0.578554 51.000000
  endloop
endfacet
facet normal 0.943883 -0.330279 -0.000000
  outer loop
    vertex -2.342519 1.128098 50.000000
    vertex -2.534813 0.578554 51.000000
    vertex -2.342519 1.128098 51.000000
  endloop
endfacet
facet normal -0.993712 0.111964 0.000000
  outer loop
    vertex -11.699135 2.670251 50.000000
    vertex -12.000000 0.000000 50.000000
    vertex -12.000000 0.000000 51.000000
  endloop
endfacet
facet normal -0.993712 0.111964 0.000000
  outer loop
    vertex -11.699135 2.670251 50.000000
    vertex -12.000000 0.000000 51.000000
    vertex -11.699135 2.670251 51.000000
  endloop
endfacet
facet normal 0.993712 -0.111964 -0.000000
  outer loop
    vertex -2.534813 0.578554 50.000000
    vertex -2.600000 0.000000 50.000000
    vertex -2.600000 0.000000 51.000000
  endloop
endfacet
facet normal 0.993712 -0.111964 -0.000000
  outer loop
    vertex -2.534813 0.578554 50.000000
    vertex -2.600000 0.000000 51.000000
    vertex -2.534813 0.578554 51.000000
  endloop
endfacet
facet normal -0.993712 -0.111964 0.000000
  outer loop
    vertex -12.000000 0.000000 50.000000
    vertex -11.699135 -2.670251 50.000000
    vertex -11.699135 -2.670251 51.000000
  endloop
endfacet
facet normal -0.993712 -0.111964 0.000000
  outer loop
    vertex -12.000000 0.000000 50.000000
    vertex -11.699135 -2.670251 51.000000
    vertex -12.000000 0.000000 51.000000
  endloop
endfacet
facet normal 0.993712 0.111964 -0.000000
  outer loop
    vertex -2.600000 0.000000 50.000000
    vertex -2.534813 -0.578554 50.000000
    vertex -2.534813 -0.578554 51.000000
  endloop
endfacet
facet normal 0.993712 0.111964 -0.000000
  outer loop
    vertex -2.600000 0.000000 50.000000
    vertex -2.534813 -0.578554 51.000000
    vertex -2.600000 0.000000 51.000000
  endloop
endfacet
facet normal -0.943883 -0.330279 0.000000
  outer loop
    vertex -11.699135 -2.670251 50.000000
    vertex -10.811626 -5.206605 50.000000
    vertex -10.811626 -5.206605 51.000000
  endloop
endfacet
facet normal -0.943883 -0.330279 0.000000
  outer loop
    vertex -11.699135 -2.670251 50.000000
    vertex -10.811626 -5.206605 51.000000
    vertex -11.699135 -2.670251 51.000000
  endloop
endfacet
facet normal 0.943883 0.330279 -0.000000
  outer loop
    vertex -2.534813 -0.578554 50.000000
    vertex -2.342519 -1.128098 50.000000
    vertex -2.342519 -1.128098 51.000000
  endloop
endfacet
facet normal 0.943883 0.330279 -0.000000
  outer loop
    vertex -2.534813 -0.578554 50.000000
    vertex -2.342519 -1.128098 51.000000
    vertex -2.534813 -0.578554 51.000000
  endloop
endfacet
facet normal -0.846724 -0.532032 0.000000
  outer loop
    vertex -10.811626 -5.206605 50.000000
    vertex -9.381978 -7.481878 50.000000
    vertex -9.381978 -7.481878 51.000000
  endloop
endfacet
facet normal -0.846724 -0.532032 0.000000
  outer loop
    vertex -10.811626 -5.206605 50.000000
    vertex -9.381978 -7.481878 51.000000
    vertex -10.811626 -5.206605 51.000000
  endloop
endfacet
facet normal 0.846724 0.532032 -0.000000
  outer loop
    vertex -2.342519 -1.128098 50.000000
    vertex -2.032762 -1.621073 50.000000
    vertex -2.032762 -1.621073 51.000000
  endloop
endfacet
facet normal 0.846724 0.532032 -0.000000
  outer loop
    vertex -2.342519 -1.128098 50.000000
    vertex -2.032762 -1.621073 51.000000
    vertex -2.342519 -1.128098 51.000000
  endloop
endfacet
facet normal -0.707107 -0.707107 0.000000
  outer loop
    vertex -9.381978 -7.481878 50.000000
    vertex -7.481878 -9.381978 50.000000
    vertex -7.481878 -9.381978 51.000000
  endloop
endfacet
facet normal -0.707107 -0.707107 0.000000
  outer loop
    vertex -9.381978 -7.481878 50.000000
    vertex -7.481878 -9.381978 51.000000
    vertex -9.381978 -7.481878 51.000000
  endloop
endfacet
facet normal 0.707107 0.707107 -0.000000
  outer loop
    vertex -2.032762 -1.621073 50.000000
    vertex -1.621073 -2.032762 50.000000
    vertex -1.621073 -2.032762 51.000000
  endloop
endfacet
facet normal 0.707107 0.707107 -0.000000
  outer loop
    vertex -2.032762 -1.621073 50.000000
    vertex -1.621073 -2.032762 51.000000
    vertex -2.032762 -1.621073 51.000000
  endloop
endfacet
facet normal -0.532032 -0.846724 0.000000
  outer loop
    vertex -7.481878 -9.381978 50.000000
    vertex -5.206605 -10.811626 50.000000
    vertex -5.206605 -10.811626 51.000000
  endloop
endfacet
facet normal -0.532032 -0.846724 0.000000
  outer loop
    vertex -7.481878 -9.381978 50.000000
    vertex -5.206605 -10.811626 51.000000
    vertex -7.481878 -9.381978 51.000000
  endloop
endfacet
facet normal 0.532032 0.846724 -0.000000
  outer loop
    vertex -1.621073 -2.032762 50.000000
    vertex -1.128098 -2.342519 50.000000
    vertex -1.128098 -2.342519 51.000000
  endloop
endfacet
facet normal 0.532032 0.846724 -0.000000
  outer loop
    vertex -1.621073 -2.032762 50.000000
    vertex -1.128098 -2.342519 51.000000
    vertex -1.621073 -2.032762 51.000000
  endloop
endfacet
facet normal -0.330279 -0.943883 0.000000
  outer loop
    vertex -5.206605 -10.811626 50.000000
    vertex -2.670251 -11.699135 50.000000
    vertex -2.670251 -11.699135 51.000000
  endloop
endfacet
facet normal -0.330279 -0.943883 0.000000
  outer loop
    vertex -5.206605 -10.811626 50.000000
    vertex -2.670251 -11.699135 51.000000
    vertex -5.206605 -10.811626 51.000000
  endloop
endfacet
facet normal 0.330279 0.943883 -0.000000
  outer loop
    vertex -1.128098 -2.342519 50.000000
    vertex -0.578554 -2.534813 50.000000
    vertex -0.578554 -2.534813 51.000000
  endloop
endfacet
facet normal 0.330279 0.943883 -0.000000
  outer loop
    vertex -1.128098 -2.342519 50.000000
    vertex -0.578554 -2.534813 51.000000
    vertex -1.128098 -2.342519 51.000000
  endloop
endfacet
facet normal -0.111964 -0.993712 0.000000
  outer loop
    vertex -2.670251 -11.699135 50.000000
    vertex -0.000000 -12.000000 50.000000
    vertex -0.000000 -12.000000 51.000000
  endloop
endfacet
facet normal -0.111964 -0.993712 0.000000
  outer loop
    vertex -2.670251 -11.699135 50.000000
    vertex -0.000000 -12.000000 51.000000
    vertex -2.670251 -11.699135 51.000000
  endloop
endfacet
facet normal 0.111964 0.993712 -0.000000
  outer loop
    vertex -0.578554 -2.534813 50.000000
    vertex -0.000000 -2.600000 50.000000
    vertex -0.000000 -2.600000 51.000000
  endloop
endfacet
facet normal 0.111964 0.993712 -0.000000
  outer loop
    vertex -0.578554 -2.534813 50.000000
    vertex -0.000000 -2.600000 51.000000
    vertex -0.578554 -2.534813 51.000000
  endloop
endfacet
facet normal 0.111964 -0.993712 0.000000
  outer loop
    vertex -0.000000 -12.000000 50.000000
    vertex 2.670251 -11.699135 50.000000
    vertex 2.670251 -11.699135 51.000000
  endloop
endfacet
facet normal 0.111964 -0.993712 0.000000
  outer loop
    vertex -0.000000 -12.000000 50.000000
    vertex 2.670251 -11.699135 51.000000
    vertex -0.000000 -12.000000 51.000000
  endloop
endfacet
facet normal -0.111964 0.993712 -0.000000
  outer loop
    vertex -0.000000 -2.600000 50.000000
    vertex 0.578554 -2.534813 50.000000
    vertex 0.578554 -2.534813 51.000000
  endloop
endfacet
facet normal -0.111964 0.993712 -0.000000
  outer loop
    vertex -0.000000 -2.600000 50.000000
    vertex 0.578554 -2.534813 51.000000
    vertex -0.000000 -2.600000 51.000000
  endloop
endfacet
facet normal 0.330279 -0.943883 0.000000
  outer loop
    vertex 2.670251 -11.699135 50.000000
    vertex 5.206605 -10.811626 50.000000
    vertex 5.206605 -10.811626 51.000000
  endloop
endfacet
facet normal 0.330279 -0.943883 0.000000
  outer loop
    vertex 2.670251 -11.699135 50.000000
    vertex 5.206605 -10.811626 51.000000
    vertex 2.670251 -11.699135 51.000000
  endloop
endfacet
facet normal -0.330279 0.943883 -0.000000
  outer loop
    vertex 0.578554 -2.534813 50.000000
    vertex 1.128098 -2.342519 50.000000
    vertex 1.128098 -2.342519 51.000000
  endloop
endfacet
facet normal -0.330279 0.943883 -0.000000
  outer loop
    vertex 0.578554 -2.534813 50.000000
    vertex 1.128098 -2.342519 51.000000
    vertex 0.578554 -2.534813 51.000000
  endloop
endfacet
facet normal 0.532032 -0.846724 0.000000
  outer loop
    vertex 5.206605 -10.811626 50.000000
    vertex 7.481878 -9.381978 50.000000
    vertex 7.481878 -9.381978 51.000000
  endloop
endfacet
facet normal 0.532032 -0.846724 0.000000
  outer loop
    vertex 5.206605 -10.811626 50.000000
    vertex 7.481878 -9.381978 51.000000
    vertex 5.206605 -10.811626 51.000000
  endloop
endfacet
facet normal -0.532032 0.846724 -0.000000
  outer loop
    vertex 1.128098 -2.342519 50.000000
    vertex 1.621073 -2.032762 50.000000
    vertex 1.621073 -2.032762 51.000000
  endloop
endfacet
facet normal -0.532032 0.846724 -0.000000
  outer loop
    vertex 1.128098 -2.342519 50.000000
    vertex 1.621073 -2.032762 51.000000
    vertex 1.128098 -2.342519 51.000000
  endloop
endfacet
facet normal 0.707107 -0.707107 0.000000
  outer loop
    vertex 7.481878 -9.381978 50.000000
    vertex 9.381978 -7.481878 50.000000
    vertex 9.381978 -7.481878 51.000000
  endloop
endfacet
facet normal 0.707107 -0.707107 0.000000
  outer loop
    vertex 7.481878 -9.381978 50.000000
    vertex 9.381978 -7.481878 51.000000
    vertex 7.481878 -9.381978 51.000000
  endloop
endfacet
facet normal -0.707107 0.707107 -0.000000
  outer loop
    vertex 1.621073 -2.032762 50.000000
    vertex 2.032762 -1.621073 50.000000
    vertex 2.032762 -1.621073 51.000000
  endloop
endfacet
facet normal -0.707107 0.707107 -0.000000
  outer loop
    vertex 1.621073 -2.032762 50.000000
    vertex 2.032762 -1.621073 51.000000
    vertex 1.621073 -2.032762 51.000000
  endloop
endfacet
facet normal 0.846724 -0.532032 0.000000
  outer loop
    vertex 9.381978 -7.481878 50.000000
    vertex 10.811626 -5.206605 50.000000
    vertex 10.811626 -5.206605 51.000000
  endloop
endfacet
facet normal 0.846724 -0.532032 0.000000
  outer loop
    vertex 9.381978 -7.481878 50.000000
    vertex 10.811626 -5.206605 51.000000
    vertex 9.381978 -7.481878 51.000000
  endloop
endfacet
facet normal -0.846724 0.532032 -0.000000
  outer loop
    vertex 2.032762 -1.621073 50.000000
    vertex 2.342519 -1.128098 50.000000
    vertex 2.342519 -1.128098 51.000000
  endloop
endfacet
facet normal -0.846724 0.532032 -0.000000
  outer loop
    vertex 2.032762 -1.621073 50.000000
    vertex 2.342519 -1.128098 51.000000
    vertex 2.032762 -1.621073 51.000000
  endloop
endfacet
facet normal 0.943883 -0.330279 0.000000
  outer loop
    vertex 10.811626 -5.206605 50.000000
    vertex 11.699135 -2.670251 50.000000
    vertex 11.699135 -2.670251 51.000000
  endloop
endfacet
facet normal 0.943883 -0.330279 0.000000
  outer loop
    vertex 10.811626 -5.206605 50.000000
    vertex 11.699135 -2.670251 51.000000
    vertex 10.811626 -5.206605 51.000000
  endloop
endfacet
facet normal -0.943883 0.330279 -0.000000
  outer loop
    vertex 2.342519 -1.128098 50.000000
    vertex 2.534813 -0.578554 50.000000
    vertex 2.534813 -0.578554 51.000000
  endloop
endfacet
facet normal -0.943883 0.330279 -0.000000
  outer loop
    vertex 2.342519 -1.128098 50.000000
    vertex 2.534813 -0.578554 51.000000
    vertex 2.342519 -1.128098 51.000000
  endloop
endfacet
facet normal 0.993712 -0.111964 0.000000
  outer loop
    vertex 11.699135 -2.670251 50.000000
    vertex 12.000000 0.000000 50.000000
    vertex 12.000000 0.000000 51.000000
  endloop
endfacet
facet normal 0.993712 -0.111964 0.000000
  outer loop
    vertex 11.699135 -2.670251 50.000000
    vertex 12.000000 0.000000 51.000000
    vertex 11.699135 -2.670251 51.000000
  endloop
endfacet
facet normal -0.993712 0.111964 -0.000000
  outer loop
    vertex 2.534813 -0.578554 50.000000
    vertex 2.600000 0.000000 50.000000
    vertex 2.600000 0.000000 51.000000
  endloop
endfacet
facet normal -0.993712 0.111964 -0.000000
  outer loop
    vertex 2.534813 -0.578554 50.000000
    vertex 2.600000 0.000000 51.000000
    vertex 2.534813 -0.578554 51.000000
  endloop
endfacet
facet normal 0.993712 0.111964 0.000000
  outer loop
    vertex 12.000000 0.000000 51.000000
    vertex 11.699135 2.670251 51.000000
    vertex 11.699135 2.670251 52.000000
  endloop
endfacet
facet normal 0.993712 0.111964 0.000000
  outer loop
    vertex 12.000000 0.000000 51.000000
    vertex 11.699135 2.670251 52.000000
    vertex 12.000000 0.000000 52.000000
  endloop
endfacet
facet normal -0.993712 -0.111964 -0.000000
  outer loop
    vertex 2.600000 0.000000 51.000000
    vertex 2.534813 0.578554 51.000000
    vertex 2.534813 0.578554 52.000000
  endloop
endfacet
facet normal -0.993712 -0.111964 -0.000000
  outer loop
    vertex 2.600000 0.000000 51.000000
    vertex 2.534813 0.578554 52.000000
    vertex 2.600000 0.000000 52.000000
  endloop
endfacet
facet normal 0.943883 0.330279 0.000000
  outer loop
    vertex 11.699135 2.670251 51.000000
    vertex 10.811626 5.206605 51.000000
    vertex 10.811626 5.206605 52.000000
  endloop
endfacet
facet normal 0.943883 0.330279 0.000000
  outer loop
    vertex 11.699135 2.670251 51.000000
    vertex 10.811626 5.206605 52.000000
    vertex 11.699135 2.670251 52.000000
  endloop
endfacet
facet normal -0.943883 -0.330279 -0.000000
  outer loop
    vertex 2.534813 0.578554 51.000000
    vertex 2.342519 1.128098 51.000000
    vertex 2.342519 1.128098 52.000000
  endloop
endfacet
facet normal -0.943883 -0.330279 -0.000000
  outer loop
    vertex 2.534813 0.578554 51.000000
    vertex 2.342519 1.128098 52.000000
    vertex 2.534813 0.578554 52.000000
  endloop
endfacet
facet normal 0.846724 0.532032 0.000000
  outer loop
    vertex 10.811626 5.206605 51.000000
    vertex 9.381978 7.481878 51.000000
    vertex 9.381978 7.481878 52.000000
  endloop
endfacet
facet normal 0.846724 0.532032 0.000000
  outer loop
    vertex 10.811626 5.206605 51.000000
    vertex 9.381978 7.481878 52.000000
    vertex 10.811626 5.206605 52.000000
  endloop
endfacet
facet normal -0.846724 -0.532032 -0.000000
  outer loop
    vertex 2.342519 1.128098 51.000000
    vertex 2.032762 1.621073 51.000000
    vertex 2.032762 1.621073 52.000000
  endloop
endfacet
facet normal -0.846724 -0.532032 -0.000000
  outer loop
    vertex 2.342519 1.128098 51.000000
    vertex 2.032762 1.621073 52.000000
    vertex 2.342519 1.128098 52.000000
  endloop
endfacet
facet normal 0.707107 0.707107 0.000000
  outer loop
    vertex 9.381978 7.481878 51.000000
    vertex 7.481878 9.381978 51.000000
    vertex 7.481878 9.381978 52.000000
  endloop
endfacet
facet normal 0.707107 0.707107 0.000000
  outer loop
    vertex 9.381978 7.481878 51.000000
    vertex 7.481878 9.381978 52.000000
    vertex 9.381978 7.481878 52.000000
  endloop
endfacet
facet normal -0.707107 -0.707107 -0.000000
  outer loop
    vertex 2.032762 1.621073 51.000000
    vertex 1.621073 2.032762 51.000000
    vertex 1.621073 2.032762 52.000000
  endloop
endfacet
facet normal -0.707107 -0.707107 -0.000000
  outer loop
    vertex 2.032762 1.621073 51.000000
    vertex 1.621073 2.032762 52.000000
    vertex 2.032762 1.621073 52.000000
  endloop
endfacet
facet normal 0.532032 0.846724 0.000000
  outer loop
    vertex 7.481878 9.381978 51.000000
    vertex 5.206605 10.811626 51.000000
    vertex 5.206605 10.811626 52.000000
  endloop
endfacet
facet normal 0.532032 0.846724 0.000000
  outer loop
    vertex 7.481878 9.381978 51.000000
    vertex 5.206605 10.811626 52.000000
    vertex 7.481878 9.381978 52.000000
  endloop
endfacet
facet normal -0.532032 -0.846724 -0.000000
  outer loop
    vertex 1.621073 2.032762 51.000000
    vertex 1.128098 2.342519 51.000000
    vertex 1.128098 2.342519 52.000000
  endloop
endfacet
facet normal -0.532032 -0.846724 -0.000000
  outer loop
    vertex 1.621073 2.032762 51.000000
    vertex 1.128098 2.342519 52.000000
    vertex 1.621073 2.032762 52.000000
  endloop
endfacet
facet normal 0.330279 0.943883 0.000000
  outer loop
    vertex 5.206605 10.811626 51.000000
    vertex 2.670251 11.699135 51.000000
    vertex 2.670251 11.699135 52.000000
  endloop
endfacet
facet normal 0.330279 0.943883 0.000000
  outer loop
    vertex 5.206605 10.811626 51.000000
    vertex 2.670251 11.699135 52.000000
    vertex 5.206605 10.811626 52.000000
  endloop
endfacet
facet normal -0.330279 -0.943883 -0.000000
  outer loop
    vertex 1.128098 2.342519 51.000000
    vertex 0.578554 2.534813 51.000000
    vertex 0.578554 2.534813 52.000000
  endloop
endfacet
facet normal -0.330279 -0.943883 -0.000000
  outer loop
    vertex 1.128098 2.342519 51.000000
    vertex 0.578554 2.534813 52.000000
    vertex 1.128098 2.342519 52.000000
  endloop
endfacet
facet normal 0.111964 0.993712 0.000000
  outer loop
    vertex 2.670251 11.699135 51.000000
    vertex 0.000000 12.000000 51.000000
    vertex 0.000000 12.000000 52.000000
  endloop
endfacet
facet normal 0.111964 0.993712 0.000000
  outer loop
    vertex 2.670251 11.699135 51.000000
    vertex 0.000000 12.000000 52.000000
    vertex 2.670251 11.699135 52.000000
  endloop
endfacet
facet normal -0.111964 -0.993712 -0.000000
  outer loop
    vertex 0.578554 2.534813 51.000000
    vertex 0.000000 2.600000 51.000000
    vertex 0.000000 2.600000 52.000000
  endloop
endfacet
facet normal -0.111964 -0.993712 -0.000000
  outer loop
    vertex 0.578554 2.534813 51.000000
    vertex 0.000000 2.600000 52.000000
    vertex 0.578554 2.534813 52.000000
  endloop
endfacet
facet normal -0.111964 0.993712 0.000000
  outer loop
    vertex 0.000000 12.000000 51.000000
    vertex -2.670251 11.699135 51.000000
    vertex -2.670251 11.699135 52.000000
  endloop
endfacet
facet normal -0.111964 0.993712 0.000000
  outer loop
    vertex 0.000000 12.000000 51.000000
    vertex -2.670251 11.699135 52.000000
    vertex 0.000000 12.000000 52.000000
  endloop
endfacet
facet normal 0.111964 -0.993712 -0.000000
  outer loop
    vertex 0.000000 2.600000 51.000000
    vertex -0.578554 2.534813 51.000000
    vertex -0.578554 2.534813 52.000000
  endloop
endfacet
facet normal 0.111964 -0.993712 -0.000000
  outer loop
    vertex 0.000000 2.600000 51.000000
    vertex -0.578554 2.534813 52.000000
    vertex 0.000000 2.600000 52.000000
  endloop
endfacet
facet normal -0.330279 0.943883 0.000000
  outer loop
    vertex -2.670251 11.699135 51.000000
    vertex -5.206605 10.811626 51.000000
    vertex -5.206605 10.811626 52.000000
  endloop
endfacet
facet normal -0.330279 0.943883 0.000000
  outer loop
    vertex -2.670251 11.699135 51.000000
    vertex -5.206605 10.811626 52.000000
    vertex -2.670251 11.699135 52.000000
  endloop
endfacet
facet normal 0.330279 -0.943883 -0.000000
  outer loop
    vertex -0.578554 2.534813 51.000000
    vertex -1.128098 2.342519 51.000000
    vertex -1.128098 2.342519 52.000000
  endloop
endfacet
facet normal 0.330279 -0.943883 -0.000000
  outer loop
    vertex -0.578554 2.534813 51.000000
    vertex -1.128098 2.342519 52.000000
    vertex -0.578554 2.534813 52.000000
  endloop
endfacet
facet normal -0.532032 0.846724 0.000000
  outer loop
    vertex -5.206605 10.811626 51.000000
    vertex -7.481878 9.381978 51.000000
    vertex -7.481878 9.381978 52.000000
  endloop
endfacet
facet normal -0.532032 0.846724 0.000000
  outer loop
    vertex -5.206605 10.811626 51.000000
    vertex -7.481878 9.381978 52.000000
    vertex -5.206605 10.811626 52.000000
  endloop
endfacet
facet normal 0.532032 -0.846724 -0.000000
  outer loop
    vertex -1.128098 2.342519 51.000000
    vertex -1.621073 2.032762 51.000000
    vertex -1.621073 2.032762 52.000000
  endloop
endfacet
facet normal 0.532032 -0.846724 -0.000000
  outer loop
    vertex -1.128098 2.342519 51.000000
    vertex -1.621073 2.032762 52.000000
    vertex -1.128098 2.342519 52.000000
  endloop
endfacet
facet normal -0.707107 0.707107 0.000000
  outer loop
    vertex -7.481878 9.381978 51.000000
    vertex -9.381978 7.481878 51.000000
    vertex -9.381978 7.481878 52.000000
  endloop
endfacet
facet normal -0.707107 0.707107 0.000000
  outer loop
    vertex -7.481878 9.381978 51.000000
    vertex -9.381978 7.481878 52.000000
    vertex -7.481878 9.381978 52.000000
  endloop
endfacet
facet normal 0.707107 -0.707107 -0.000000
  outer loop
    vertex -1.621073 2.032762 51.000000
    vertex -2.032762 1.621073 51.000000
    vertex -2.032762 1.621073 52.000000
  endloop
endfacet
facet normal 0.707107 -0.707107 -0.000000
  outer loop
    vertex -1.621073 2.032762 51.000000
    vertex -2.032762 1.621073 52.000000
    vertex -1.621073 2.032762 52.000000
  endloop
endfacet
facet normal -0.846724 0.532032 0.000000
  outer loop
    vertex -9.381978 7.481878 51.000000
    vertex -10.811626 5.206605 51.000000
    vertex -10.811626 5.206605 52.000000
  endloop
endfacet
facet normal -0.846724 0.532032 0.000000
  outer loop
    vertex -9.381978 7.481878 51.000000
    vertex -10.811626 5.206605 52.000000
    vertex -9.381978 7.481878 52.000000
  endloop
endfacet
facet normal 0.846724 -0.532032 -0.000000
  outer loop
    vertex -2.032762 1.621073 51.000000
    vertex -2.342519 1.128098 51.000000
    vertex -2.342519 1.128098 52.000000
  endloop
endfacet
facet normal 0.846724 -0.532032 -0.000000
  outer loop
    vertex -2.032762 1.621073 51.000000
    vertex -2.342519 1.128098 52.000000
    vertex -2.032762 1.621073 52.000000
  endloop
endfacet
facet normal -0.943883 0.330279 0.000000
  outer loop
    vertex -10.811626 5.206605 51.000000
    vertex -11.699135 2.670251 51.000000
    vertex -11.699135 2.670251 52.000000
  endloop
endfacet
facet normal -0.943883 0.330279 0.000000
  outer loop
    vertex -10.811626 5.206605 51.000000
    vertex -11.699135 2.670251 52.000000
    vertex -10.811626 5.206605 52.000000
  endloop
endfacet
facet normal 0.943883 -0.330279 -0.000000
  outer loop
    vertex -2.342519 1.128098 51.000000
    vertex -2.534813 0.578554 51.000000
    vertex -2.534813 0.578554 52.000000
  endloop
endfacet
facet normal 0.943883 -0.330279 -0.000000
  outer loop
    vertex -2.342519 1.128098 51.000000
    vertex -2.534813 0.578554 52.000000
    vertex -2.342519 1.128098 52.000000
  endloop
endfacet
facet normal -0.993712 0.111964 0.000000
  outer loop
    vertex -11.699135 2.670251 51.000000
    vertex -12.000000 0.000000 51.000000
    vertex -12.000000 0.000000 52.000000
  endloop
endfacet
facet normal -0.993712 0.111964 0.000000
  outer loop
    vertex -11.699135 2.670251 51.000000
    vertex -12.000000 0.000000 52.000000
    vertex -11.699135 2.670251 52.000000
  endloop
endfacet
facet normal 0.993712 -0.111964 -0.000000
  outer loop
    vertex -2.534813 0.578554 51.000000
    vertex -2.600000 0.000000 51.000000
    vertex -2.600000 0.000000 52.000000
  endloop
endfacet
facet normal 0.993712 -0.111964 -0.000000
  outer loop
    vertex -2.534813 0.578554 51.000000
    vertex -2.600000 0.000000 52.000000
    vertex -2.534813 0.578554 52.000000
  endloop
endfacet
facet normal -0.993712 -0.111964 0.000000
  outer loop
    vertex -12.000000 0.000000 51.000000
    vertex -11.699135 -2.670251 51.000000
    vertex -11.699135 -2.670251 52.000000
  endloop
endfacet
facet normal -0.993712 -0.111964 0.000000
  outer loop
    vertex -12.000000 0.000000 51.000000
    vertex -11.699135 -2.670251 52.000000
    vertex -12.000000 0.000000 52.000000
  endloop
endfacet
facet normal 0.993712 0.111964 -0.000000
  outer loop
    vertex -2.600000 0.000000 51.000000
    vertex -2.534813 -0.578554 51.000000
    vertex -2.534813 -0.578554 52.000000
  endloop
endfacet
facet normal 0.993712 0.111964 -0.000000
  outer loop
    vertex -2.600000 0.000000 51.000000
    vertex -2.534813 -0.578554 52.000000
    vertex -2.600000 0.000000 52.000000
  endloop
endfacet
facet normal -0.943883 -0.330279 0.000000
  outer loop
    vertex -11.699135 -2.670251 51.000000
    vertex -10.811626 -5.206605 51.000000
    vertex -10.811626 -5.206605 52.000000
  endloop
endfacet
facet normal -0.943883 -0.330279 0.000000
  outer loop
    vertex -11.699135 -2.670251 51.000000
    vertex -10.811626 -5.206605 52.000000
    vertex -11.699135 -2.670251 52.000000
  endloop
endfacet
facet normal 0.943883 0.330279 -0.000000
  outer loop
    vertex -2.534813 -0.578554 51.000000
    vertex -2.342519 -1.128098 51.000000
    vertex -2.342519 -1.128098 52.000000
  endloop
endfacet
facet normal 0.943883 0.330279 -0.000000
  outer loop
    vertex -2.534813 -0.578554 51.000000
    vertex -2.342519 -1.128098 52.000000
    vertex -2.534813 -0.578554 52.000000
  endloop
endfacet
facet normal -0.846724 -0.532032 0.000000
  outer loop
    vertex -10.811626 -5.206605 51.000000
    vertex -9.381978 -7.481878 51.000000
    vertex -9.381978 -7.481878 52.000000
  endloop
endfacet
facet normal -0.846724 -0.532032 0.000000
  outer loop
    vertex -10.811626 -5.206605 51.000000
    vertex -9.381978 -7.481878 52.000000
    vertex -10.811626 -5.206605 52.000000
  endloop
endfacet
facet normal 0.846724 0.532032 -0.000000
  outer loop
    vertex -2.342519 -1.128098 51.000000
    vertex -2.032762 -1.621073 51.000000
    vertex -2.032762 -1.621073 52.000000
  endloop
endfacet
facet normal 0.846724 0.532032 -0.000000
  outer loop
    vertex -2.342519 -1.128098 51.000000
    vertex -2.032762 -1.621073 52.000000
    vertex -2.342519 -1.128098 52.000000
  endloop
endfacet
facet normal -0.707107 -0.707107 0.000000
  outer loop
    vertex -9.381978 -7.481878 51.000000
    vertex -7.481878 -9.381978 51.000000
    vertex -7.481878 -9.381978 52.000000
  endloop
endfacet
facet normal -0.707107 -0.707107 0.000000
  outer loop
    vertex -9.381978 -7.481878 51.000000
    vertex -7.481878 -9.381978 52.000000
    vertex -9.381978 -7.481878 52.000000
  endloop
endfacet
facet normal 0.707107 0.707107 -0.000000
  outer loop
    vertex -2.032762 -1.621073 51.000000
    vertex -1.621073 -2.032762 51.000000
    vertex -1.621073 -2.032762 52.000000
  endloop
endfacet
facet normal 0.707107 0.707107 -0.000000
  outer loop
    vertex -2.032762 -1.621073 51.000000
    vertex -1.621073 -2.032762 52.000000
    vertex -2.032762 -1.621073 52.000000
  endloop
endfacet
facet normal -0.532032 -0.846724 0.000000
  outer loop
    vertex -7.481878 -9.381978 51.000000
    vertex -5.206605 -10.811626 51.000000
    vertex -5.206605 -10.811626 52.000000
  endloop
endfacet
facet normal -0.532032 -0.846724 0.000000
  outer loop
    vertex -7.481878 -9.381978 51.000000
    vertex -5.206605 -10.811626 52.000000
    vertex -7.481878 -9.381978 52.000000
  endloop
endfacet
facet normal 0.532032 0.846724 -0.000000
  outer loop
    vertex -1.621073 -2.032762 51.000000
    vertex -1.128098 -2.342519 51.000000
    vertex -1.128098 -2.342519 52.000000
  endloop
endfacet
facet normal 0.532032 0.846724 -0.000000
  outer loop
    vertex -1.621073 -2.032762 51.000000
    vertex -1.128098 -2.342519 52.000000
    vertex -1.621073 -2.032762 52.000000
  endloop
endfacet
facet normal -0.330279 -0.943883 0.000000
  outer loop
    vertex -5.206605 -10.811626 51.000000
    vertex -2.670251 -11.699135 51.000000
    vertex -2.670251 -11.699135 52.000000
  endloop
endfacet
facet normal -0.330279 -0.943883 0.000000
  outer loop
    vertex -5.206605 -10.811626 51.000000
    vertex -2.670251 -11.699135 52.000000
    vertex -5.206605 -10.811626 52.000000
  endloop
endfacet
facet normal 0.330279 0.943883 -0.000000
  outer loop
    vertex -1.128098 -2.342519 51.000000
    vertex -0.578554 -2.534813 51.000000
    vertex -0.578554 -2.534813 52.000000
  endloop
endfacet
facet normal 0.330279 0.943883 -0.000000
  outer loop
    vertex -1.128098 -2.342519 51.000000
    vertex -0.578554 -2.534813 52.000000
    vertex -1.128098 -2.342519 52.000000
  endloop
endfacet
facet normal -0.111964 -0.993712 0.000000
  outer loop
    vertex -2.670251 -11.699135 51.000000
    vertex -0.000000 -12.000000 51.000000
    vertex -0.000000 -12.000000 52.000000
  endloop
endfacet
facet normal -0.111964 -0.993712 0.000000
  outer loop
    vertex -2.670251 -11.699135 51.000000
    vertex -0.000000 -12.000000 52.000000
    vertex -2.670251 -11.699135 52.000000
  endloop
endfacet
facet normal 0.111964 0.993712 -0.000000
  outer loop
    vertex -0.578554 -2.534813 51.000000
    vertex -0.000000 -2.600000 51.000000
    vertex -0.000000 -2.600000 52.000000
  endloop
endfacet
facet normal 0.111964 0.993712 -0.000000
  outer loop
    vertex -0.578554 -2.534813 51.000000
    vertex -0.000000 -2.600000 52.000000
    vertex -0.578554 -2.534813 52.000000
  endloop
endfacet
facet normal 0.111964 -0.993712 0.000000
  outer loop
    vertex -0.000000 -12.000000 51.000000
    vertex 2.670251 -11.699135 51.000000
    vertex 2.670251 -11.699135 52.000000
  endloop
endfacet
facet normal 0.111964 -0.993712 0.000000
  outer loop
    vertex -0.000000 -12.000000 51.000000
    vertex 2.670251 -11.699135 52.000000
    vertex -0.000000 -12.000000 52.000000
  endloop
endfacet
facet normal -0.111964 0.993712 -0.000000
  outer loop
    vertex -0.000000 -2.600000 51.000000
    vertex 0.578554 -2.534813 51.000000
    vertex 0.578554 -2.534813 52.000000
  endloop
endfacet
facet normal -0.111964 0.993712 -0.000000
  outer loop
    vertex -0.000000 -2.600000 51.000000
    vertex 0.578554 -2.534813 52.000000
    vertex -0.000000 -2.600000 52.000000
  endloop
endfacet
facet normal 0.330279 -0.943883 0.000000
  outer loop
    vertex 2.670251 -11.699135 51.000000
    vertex 5.206605 -10.811626 51.000000
    vertex 5.206605 -10.811626 52.000000
  endloop
endfacet
facet normal 0.330279 -0.943883 0.000000
  outer loop
    vertex 2.670251 -11.699135 51.000000
    vertex 5.206605 -10.811626 52.000000
    vertex 2.670251 -11.699135 52.000000
  endloop
endfacet
facet normal -0.330279 0.943883 -0.000000
  outer loop
    vertex 0.578554 -2.534813 51.000000
    vertex 1.128098 -2.342519 51.000000
    vertex 1.128098 -2.342519 52.000000
  endloop
endfacet
facet normal -0.330279 0.943883 -0.000000
  outer loop
    vertex 0.578554 -2.534813 51.000000
    vertex 1.128098 -2.342519 52.000000
    vertex 0.578554 -2.534813 52.000000
  endloop
endfacet
facet normal 0.532032 -0.846724 0.000000
  outer loop
    vertex 5.206605 -10.811626 51.000000
    vertex 7.481878 -9.381978 51.000000
    vertex 7.481878 -9.381978 52.000000
  endloop
endfacet
facet normal 0.532032 -0.846724 0.000000
  outer loop
    vertex 5.206605 -10.811626 51.000000
    vertex 7.481878 -9.381978 52.000000
    vertex 5.206605 -10.811626 52.000000
  endloop
endfacet
facet normal -0.532032 0.846724 -0.000000
  outer loop
    vertex 1.128098 -2.342519 51.000000
    vertex 1.621073 -2.032762 51.000000
    vertex 1.621073 -2.032762 52.000000
  endloop
endfacet
facet normal -0.532032 0.846724 -0.000000
  outer loop
    vertex 1.128098 -2.342519 51.000000
    vertex 1.621073 -2.032762 52.000000
    vertex 1.128098 -2.342519 52.000000
  endloop
endfacet
facet normal 0.707107 -0.707107 0.000000
  outer loop
    vertex 7.481878 -9.381978 51.000000
    vertex 9.381978 -7.481878 51.000000
    vertex 9.381978 -7.481878 52.000000
  endloop
endfacet
facet normal 0.707107 -0.707107 0.000000
  outer loop
    vertex 7.481878 -9.381978 51.000000
    vertex 9.381978 -7.481878 52.000000
    vertex 7.481878 -9.381978 52.000000
  endloop
endfacet
facet normal -0.707107 0.707107 -0.000000
  outer loop
    vertex 1.621073 -2.032762 51.000000
    vertex 2.032762 -1.621073 51.000000
    vertex 2.032762 -1.621073 52.000000
  endloop
endfacet
facet normal -0.707107 0.707107 -0.000000
  outer loop
    vertex 1.621073 -2.032762 51.000000
    vertex 2.032762 -1.621073 52.000000
    vertex 1.621073 -2.032762 52.000000
  endloop
endfacet
facet normal 0.846724 -0.532032 0.000000
  outer loop
    vertex 9.381978 -7.481878 51.000000
    vertex 10.811626 -5.206605 51.000000
    vertex 10.811626 -5.206605 52.000000
  endloop
endfacet
facet normal 0.846724 -0.532032 0.000000
  outer loop
    vertex 9.381978 -7.481878 51.000000
    vertex 10.811626 -5.206605 52.000000
    vertex 9.381978 -7.481878 52.000000
  endloop
endfacet
facet normal -0.846724 0.532032 -0.000000
  outer loop
    vertex 2.032762 -1.621073 51.000000
    vertex 2.342519 -1.128098 51.000000
    vertex 2.342519 -1.128098 52.000000
  endloop
endfacet
facet normal -0.846724 0.532032 -0.000000
  outer loop
    vertex 2.032762 -1.621073 51.000000
    vertex 2.342519 -1.128098 52.000000
    vertex 2.032762 -1.621073 52.000000
  endloop
endfacet
facet normal 0.943883 -0.330279 0.000000
  outer loop
    vertex 10.811626 -5.206605 51.000000
    vertex 11.699135 -2.670251 51.000000
    vertex 11.699135 -2.670251 52.000000
  endloop
endfacet
facet normal 0.943883 -0.330279 0.000000
  outer loop
    vertex 10.811626 -5.206605 51.000000
    vertex 11.699135 -2.670251 52.000000
    vertex 10.811626 -5.206605 52.000000
  endloop
endfacet
facet normal -0.943883 0.330279 -0.000000
  outer loop
    vertex 2.342519 -1.128098 51.000000
    vertex 2.534813 -0.578554 51.000000
    vertex 2.534813 -0.578554 52.000000
  endloop
endfacet
facet normal -0.943883 0.330279 -0.000000
  outer loop
    vertex 2.342519 -1.128098 51.000000
    vertex 2.534813 -0.578554 52.000000
    vertex 2.342519 -1.128098 52.000000
  endloop
endfacet
facet normal 0.993712 -0.111964 0.000000
  outer loop
    vertex 11.699135 -2.670251 51.000000
    vertex 12.000000 0.000000 51.000000
    vertex 12.000000 0.000000 52.000000
  endloop
endfacet
facet normal 0.993712 -0.111964 0.000000
  outer loop
    vertex 11.699135 -2.670251 51.000000
    vertex 12.000000 0.000000 52.000000
    vertex 11.699135 -2.670251 52.000000
  endloop
endfacet
facet normal -0.993712 0.111964 -0.000000
  outer loop
    vertex 2.534813 -0.578554 51.000000
    vertex 2.600000 0.000000 51.000000
    vertex 2.600000 0.000000 52.000000
  endloop
endfacet
facet normal -0.993712 0.111964 -0.000000
  outer loop
    vertex 2.534813 -0.578554 51.000000
    vertex 2.600000 0.000000 52.000000
    vertex 2.534813 -0.578554 52.000000
  endloop
endfacet
facet normal 0.993712 0.111964 0.000000
  outer loop
    vertex 12.000000 0.000000 52.000000
    vertex 11.699135 2.670251 52.000000
    vertex 11.699135 2.670251 53.000000
  endloop
endfacet
facet normal 0.993712 0.111964 0.000000
  outer loop
    vertex 12.000000 0.000000 52.000000
    vertex 11.699135 2.670251 53.000000
    vertex 12.000000 0.000000 53.000000
  endloop
endfacet
facet normal -0.993712 -0.111964 -0.000000
  outer loop
    vertex 2.600000 0.000000 52.000000
    vertex 2.534813 0.578554 52.000000
    vertex 2.534813 0.578554 53.000000
  endloop
endfacet
facet normal -0.993712 -0.111964 -0.000000
  outer loop
    vertex 2.600000 0.000000 52.000000
    vertex 2.534813 0.578554 53.000000
    vertex 2.600000 0.000000 53.000000
  endloop
endfacet
facet normal 0.943883 0.330279 0.000000
  outer loop
    vertex 11.699135 2.670251 52.000000
    vertex 10.811626 5.206605 52.000000
    vertex 10.811626 5.206605 53.000000
  endloop
endfacet
facet normal 0.943883 0.330279 0.000000
  outer loop
    vertex 11.699135 2.670251 52.000000
    vertex 10.811626 5.206605 53.000000
    vertex 11.699135 2.670251 53.000000
  endloop
endfacet
facet normal -0.943883 -0.330279 -0.000000
  outer loop
    vertex 2.534813 0.578554 52.000000
    vertex 2.342519 1.128098 52.000000
    vertex 2.342519 1.128098 53.000000
  endloop
endfacet
facet normal -0.943883 -0.330279 -0.000000
  outer loop
    vertex 2.534813 0.578554 52.000000
    vertex 2.342519 1.128098 53.000000
    vertex 2.534813 0.578554 53.000000
  endloop
endfacet
facet normal 0.846724 0.532032 0.000000
  outer loop
    vertex 10.811626 5.206605 52.000000
    vertex 9.381978 7.481878 52.000000
    vertex 9.381978 7.481878 53.000000
  endloop
endfacet
facet normal 0.846724 0.532032 0.000000
  outer loop
    vertex 10.811626 5.206605 52.000000
    vertex 9.381978 7.481878 53.000000
    vertex 10.811626 5.206605 53.000000
  endloop
endfacet
facet normal -0.846724 -0.532032 -0.000000
  outer loop
    vertex 2.342519 1.128098 52.000000
    vertex 2.032762 1.621073 52.000000
    vertex 2.032762 1.621073 53.000000
  endloop
endfacet
facet normal -0.846724 -0.532032 -0.000000
  outer loop
    vertex 2.342519 1.128098 52.000000
    vertex 2.032762 1.621073 53.000000
    vertex 2.342519 1.128098 53.000000
  endloop
endfacet
facet normal 0.707107 0.707107 0.000000
  outer loop
    vertex 9.381978 7.481878 52.000000
    vertex 7.481878 9.381978 52.000000
    vertex 7.481878 9.381978 53.000000
  endloop
endfacet
facet normal 0.707107 0.707107 0.000000
  outer loop
    vertex 9.381978 7.481878 52.000000
    vertex 7.481878 9.381978 53.000000
    vertex 9.381978 7.481878 53.000000
  endloop
endfacet
facet normal -0.707107 -0.707107 -0.000000
  outer loop
    vertex 2.032762 1.621073 52.000000
    vertex 1.621073 2.032762 52.000000
    vertex 1.621073 2.032762 53.000000
  endloop
endfacet
facet normal -0.707107 -0.707107 -0.000000
  outer loop
    vertex 2.032762 1.621073 52.000000
    vertex 1.621073 2.032762 53.000000
    vertex 2.032762 1.621073 53.000000
  endloop
endfacet
facet normal 0.532032 0.846724 0.000000
  outer loop
    vertex 7.481878 9.381978 52.000000
    vertex 5.206605 10.811626 52.000000
    vertex 5.206605 10.811626 53.000000
  endloop
endfacet
facet normal 0.532032 0.846724 0.000000
  outer loop
    vertex 7.481878 9.381978 52.000000
    vertex 5.206605 10.811626 53.000000
    vertex 7.481878 9.381978 53.000000
  endloop
endfacet
facet normal -0.532032 -0.846724 -0.000000
  outer loop
    vertex 1.621073 2.032762 52.000000
    vertex 1.128098 2.342519 52.000000
    vertex 1.128098 2.342519 53.000000
  endloop
endfacet
facet normal -0.532032 -0.846724 -0.000000
  outer loop
    vertex 1.621073 2.032762 52.000000
    vertex 1.128098 2.342519 53.000000
    vertex 1.621073 2.032762 53.000000
  endloop
endfacet
facet normal 0.330279 0.943883 0.000000
  outer loop
    vertex 5.206605 10.811626 52.000000
    vertex 2.670251 11.699135 52.000000
    vertex 2.670251 11.699135 53.000000
  endloop
endfacet
facet normal 0.330279 0.943883 0.000000
  outer loop
    vertex 5.206605 10.811626 52.000000
    vertex 2.670251 11.699135 53.000000
    vertex 5.206605 10.811626 53.000000
  endloop
endfacet
facet normal -0.330279 -0.943883 -0.000000
  outer loop
    vertex 1.128098 2.342519 52.000000
    vertex 0.578554 2.534813 52.000000
    vertex 0.578554 2.534813 53.000000
  endloop
endfacet
facet normal -0.330279 -0.943883 -0.000000
  outer loop
    vertex 1.128098 2.342519 52.000000
    vertex 0.578554 2.534813 53.000000
    vertex 1.128098 2.342519 53.000000
  endloop
endfacet
facet normal 0.111964 0.993712 0.000000
  outer loop
    vertex 2.670251 11.699135 52.000000
    vertex 0.000000 12.000000 52.000000
    vertex 0.000000 12.000000 53.000000
  endloop
endfacet
facet normal 0.111964 0.993712 0.000000
  outer loop
    vertex 2.670251 11.699135 52.000000
    vertex 0.000000 12.000000 53.000000
    vertex 2.670251 11.699135 53.000000
  endloop
endfacet
facet normal -0.111964 -0.993712 -0.000000
  outer loop
    vertex 0.578554 2.534813 52.000000
    vertex 0.000000 2.600000 52.000000
    vertex 0.000000 2.600000 53.000000
  endloop
endfacet
facet normal -0.111964 -0.993712 -0.000000
  outer loop
    vertex 0.578554 2.534813 52.000000
    vertex 0.000000 2.600000 53.000000
    vertex 0.578554 2.534813 53.000000
  endloop
endfacet
facet normal -0.111964 0.993712 0.000000
  outer loop
    vertex 0.000000 12.000000 52.000000
    vertex -2.670251 11.699135 52.000000
    vertex -2.670251 11.699135 53.000000
  endloop
endfacet
facet normal -0.111964 0.993712 0.000000
  outer loop
    vertex 0.000000 12.000000 52.000000
    vertex -2.670251 11.699135 53.000000
    vertex 0.000000 12.000000 53.000000
  endloop
endfacet
facet normal 0.111964 -0.993712 -0.000000
  outer loop
    vertex 0.000000 2.600000 52.000000
    vertex -0.578554 2.534813 52.000000
    vertex -0.578554 2.534813 53.000000
  endloop
endfacet
facet normal 0.111964 -0.993712 -0.000000
  outer loop
    vertex 0.000000 2.600000 52.000000
    vertex -0.578554 2.534813 53.000000
    vertex 0.000000 2.600000 53.000000
  endloop
endfacet
facet normal -0.330279 0.943883 0.000000
  outer loop
    vertex -2.670251 11.699135 52.000000
    vertex -5.206605 10.811626 52.000000
    vertex -5.206605 10.811626 53.000000
  endloop
endfacet
facet normal -0.330279 0.943883 0.000000
  outer loop
    vertex -2.670251 11.699135 52.000000
    vertex -5.206605 10.811626 53.000000
    vertex -2.670251 11.699135 53.000000
  endloop
endfacet
facet normal 0.330279 -0.943883 -0.000000
  outer loop
    vertex -0.578554 2.534813 52.000000
    vertex -1.128098 2.342519 52.000000
    vertex -1.128098 2.342519 53.000000
  endloop
endfacet
facet normal 0.330279 -0.943883 -0.000000
  outer loop
    vertex -0.578554 2.534813 52.000000
    vertex -1.128098 2.342519 53.000000
    vertex -0.578554 2.534813 53.000000
  endloop
endfacet
facet normal -0.532032 0.846724 0.000000
  outer loop
    vertex -5.206605 10.811626 52.000000
    vertex -7.481878 9.381978 52.000000
    vertex -7.481878 9.381978 53.000000
  endloop
endfacet
facet normal -0.532032 0.846724 0.000000
  outer loop
    vertex -5.206605 10.811626 52.000000
    vertex -7.481878 9.381978 53.000000
    vertex -5.206605 10.811626 53.000000
  endloop
endfacet
facet normal 0.532032 -0.846724 -0.000000
  outer loop
    vertex -1.128098 2.342519 52.000000
    vertex -1.621073 2.032762 52.000000
    vertex -1.621073 2.032762 53.000000
  endloop
endfacet
facet normal 0.532032 -0.846724 -0.000000
  outer loop
    vertex -1.128098 2.342519 52.000000
    vertex -1.621073 2.032762 53.000000
    vertex -1.128098 2.342519 53.000000
  endloop
endfacet
facet normal -0.707107 0.707107 0.000000
  outer loop
    vertex -7.481878 9.381978 52.000000
    vertex -9.381978 7.481878 52.000000
    vertex -9.381978 7.481878 53.000000
  endloop
endfacet
facet normal -0.707107 0.707107 0.000000
  outer loop
    vertex -7.481878 9.381978 52.000000
    vertex -9.381978 7.481878 53.000000
    vertex -7.481878 9.381978 53.000000
  endloop
endfacet
facet normal 0.707107 -0.707107 -0.000000
  outer loop
    vertex -1.621073 2.032762 52.000000
    vertex -2.032762 1.621073 52.000000
    vertex -2.032762 1.621073 53.000000
  endloop
endfacet
facet normal 0.707107 -0.707107 -0.000000
  outer loop
    vertex -1.621073 2.032762 52.000000
    vertex -2.032762 1.621073 53.000000
    vertex -1.621073 2.032762 53.000000
  endloop
endfacet
facet normal -0.846724 0.532032 0.000000
  outer loop
    vertex -9.381978 7.481878 52.000000
    vertex -10.811626 5.206605 52.000000
    vertex -10.811626 5.206605 53.000000
  endloop
endfacet
facet normal -0.846724 0.532032 0.000000
  outer loop
    vertex -9.381978 7.481878 52.000000
    vertex -10.811626 5.206605 53.000000
    vertex -9.381978 7.481878 53.000000
  endloop
endfacet
facet normal 0.846724 -0.532032 -0.000000
  outer loop
    vertex -2.032762 1.621073 52.000000
    vertex -2.342519 1.128098 52.000000
    vertex -2.342519 1.128098 53.000000
  endloop
endfacet
facet normal 0.846724 -0.532032 -0.000000
  outer loop
    vertex -2.032762 1.621073 52.000000
    vertex -2.342519 1.128098 53.000000
    vertex -2.032762 1.621073 53.000000
  endloop
endfacet
facet normal -0.943883 0.330279 0.000000
  outer loop
    vertex -10.811626 5.206605 52.000000
    vertex -11.699135 2.670251 52.000000
    vertex -11.699135 2.670251 53.000000
  endloop
endfacet
facet normal -0.943883 0.330279 0.000000
  outer loop
    vertex -10.811626 5.206605 52.000000
    vertex -11.699135 2.670251 53.000000
    vertex -10.811626 5.206605 53.000000
  endloop
endfacet
facet normal 0.943883 -0.330279 -0.000000
  outer loop
    vertex -2.342519 1.128098 52.000000
    vertex -2.534813 0.578554 52.000000
    vertex -2.534813 0.578554 53.000000
  endloop
endfacet
facet normal 0.943883 -0.330279 -0.000000
  outer loop
    vertex -2.342519 1.128098 52.000000
    vertex -2.534813 0.578554 53.000000
    vertex -2.342519 1.128098 53.000000
  endloop
endfacet
facet normal -0.993712 0.111964 0.000000
  outer loop
    vertex -11.699135 2.670251 52.000000
    vertex -12.000000 0.000000 52.000000
    vertex -12.000000 0.000000 53.000000
  endloop
endfacet
facet normal -0.993712 0.111964 0.000000
  outer loop
    vertex -11.699135 2.670251 52.000000
    vertex -12.000000 0.000000 53.000000
    vertex -11.699135 2.670251 53.000000
  endloop
endfacet
facet normal 0.993712 -0.111964 -0.000000
  outer loop
    vertex -2.534813 0.578554 52.000000
    vertex -2.600000 0.000000 52.000000
    vertex -2.600000 0.000000 53.000000
  endloop
endfacet
facet normal 0.993712 -0.111964 -0.000000
  outer loop
    vertex -2.534813 0.578554 52.000000
    vertex -2.600000 0.000000 53.000000
    vertex -2.534813 0.578554 53.000000
  endloop
endfacet
facet normal -0.993712 -0.111964 0.000000
  outer loop
    vertex -12.000000 0.000000 52.000000
    vertex -11.699135 -2.670251 52.000000
    vertex -11.699135 -2.670251 53.000000
  endloop
endfacet
facet normal -0.993712 -0.111964 0.000000
  outer loop
    vertex -12.000000 0.000000 52.000000
    vertex -11.699135 -2.670251 53.000000
    vertex -12.000000 0.000000 53.000000
  endloop
endfacet
facet normal 0.993712 0.111964 -0.000000
  outer loop
    vertex -2.600000 0.000000 52.000000
    vertex -2.534813 -0.578554 52.000000
    vertex -2.534813 -0.578554 53.000000
  endloop
endfacet
facet normal 0.993712 0.111964 -0.000000
  outer loop
    vertex -2.600000 0.000000 52.000000
    vertex -2.534813 -0.578554 53.000000
    vertex -2.600000 0.000000 53.000000
  endloop
endfacet
facet normal -0.943883 -0.330279 0.000000
  outer loop
    vertex -11.699135 -2.670251 52.000000
    vertex -10.811626 -5.206605 52.000000
    vertex -10.811626 -5.206605 53.000000
  endloop
endfacet
facet normal -0.943883 -0.330279 0.000000
  outer loop
    vertex -11.699135 -2.670251 52.000000
    vertex -10.811626 -5.206605 53.000000
    vertex -11.699135 -2.670251 53.000000
  endloop
endfacet
facet normal 0.943883 0.330279 -0.000000
  outer loop
    vertex -2.534813 -0.578554 52.000000
    vertex -2.342519 -1.128098 52.000000
    vertex -2.342519 -1.128098 53.000000
  endloop
endfacet
facet normal 0.943883 0.330279 -0.000000
  outer loop
    vertex -2.534813 -0.578554 52.000000
    vertex -2.342519 -1.128098 53.000000
    vertex -2.534813 -0.578554 53.000000
  endloop
endfacet
facet normal -0.846724 -0.532032 0.000000
  outer loop
    vertex -10.811626 -5.206605 52.000000
    vertex -9.381978 -7.481878 52.000000
    vertex -9.381978 -7.481878 53.000000
  endloop
endfacet
facet normal -0.846724 -0.532032 0.000000
  outer loop
    vertex -10.811626 -5.206605 52.000000
    vertex -9.381978 -7.481878 53.000000
    vertex -10.811626 -5.206605 53.000000
  endloop
endfacet
facet normal 0.846724 0.532032 -0.000000
  outer loop
    vertex -2.342519 -1.128098 52.000000
    vertex -2.032762 -1.621073 52.000000
    vertex -2.032762 -1.621073 53.000000
  endloop
endfacet
facet normal 0.846724 0.532032 -0.000000
  outer loop
    vertex -2.342519 -1.128098 52.000000
    vertex -2.032762 -1.621073 53.000000
    vertex -2.342519 -1.128098 53.000000
  endloop
endfacet
facet normal -0.707107 -0.707107 0.000000
  outer loop
    vertex -9.381978 -7.481878 52.000000
    vertex -7.481878 -9.381978 52.000000
    vertex -7.481878 -9.381978 53.000000
  endloop
endfacet
facet normal -0.707107 -0.707107 0.000000
  outer loop
    vertex -9.381978 -7.481878 52.000000
    vertex -7.481878 -9.381978 53.000000
    vertex -9.381978 -7.481878 53.000000
  endloop
endfacet
facet normal 0.707107 0.707107 -0.000000
  outer loop
    vertex -2.032762 -1.621073 52.000000
    vertex -1.621073 -2.032762 52.000000
    vertex -1.621073 -2.032762 53.000000
  endloop
endfacet
facet normal 0.707107 0.707107 -0.000000
  outer loop
    vertex -2.032762 -1.621073 52.000000
    vertex -1.621073 -2.032762 53.000000
    vertex -2.032762 -1.621073 53.000000
  endloop
endfacet
facet normal -0.532032 -0.846724 0.000000
  outer loop
    vertex -7.481878 -9.381978 52.000000
    vertex -5.206605 -10.811626 52.000000
    vertex -5.206605 -10.811626 53.000000
  endloop
endfacet
facet normal -0.532032 -0.846724 0.000000
  outer loop
    vertex -7.481878 -9.381978 52.000000
    vertex -5.206605 -10.811626 53.000000
    vertex -7.481878 -9.381978 53.000000
  endloop
endfacet
facet normal 0.532032 0.846724 -0.000000
  outer loop
    vertex -1.621073 -2.032762 52.000000
    vertex -1.128098 -2.342519 52.000000
    vertex -1.128098 -2.342519 53.000000
  endloop
endfacet
facet normal 0.532032 0.846724 -0.000000
  outer loop
    vertex -1.621073 -2.032762 52.000000
    vertex -1.128098 -2.342519 53.000000
    vertex -1.621073 -2.032762 53.000000
  endloop
endfacet
facet normal -0.330279 -0.943883 0.000000
  outer loop
    vertex -5.206605 -10.811626 52.000000
    vertex -2.670251 -11.699135 52.000000
    vertex -2.670251 -11.699135 53.000000
  endloop
endfacet
facet normal -0.330279 -0.943883 0.000000
  outer loop
    vertex -5.206605 -10.811626 52.000000
    vertex -2.670251 -11.699135 53.000000
    vertex -5.206605 -10.811626 53.000000
  endloop
endfacet
facet normal 0.330279 0.943883 -0.000000
  outer loop
    vertex -1.128098 -2.342519 52.000000
    vertex -0.578554 -2.534813 52.000000
    vertex -0.578554 -2.534813 53.000000
  endloop
endfacet
facet normal 0.330279 0.943883 -0.000000
  outer loop
    vertex -1.128098 -2.342519 52.000000
    vertex -0.578554 -2.534813 53.000000
    vertex -1.128098 -2.342519 53.000000
  endloop
endfacet
facet normal -0.111964 -0.993712 0.000000
  outer loop
    vertex -2.670251 -11.699135 52.000000
    vertex -0.000000 -12.000000 52.000000
    vertex -0.000000 -12.000000 53.000000
  endloop
endfacet
facet normal -0.111964 -0.993712 0.000000
  outer loop
    vertex -2.670251 -11.699135 52.000000
    vertex -0.000000 -12.000000 53.000000
    vertex -2.670251 -11.699135 53.000000
  endloop
endfacet
facet normal 0.111964 0.993712 -0.000000
  outer loop
    vertex -0.578554 -2.534813 52.000000
    vertex -0.000000 -2.600000 52.000000
    vertex -0.000000 -2.600000 53.000000
  endloop
endfacet
facet normal 0.111964 0.993712 -0.000000
  outer loop
    vertex -0.578554 -2.534813 52.000000
    vertex -0.000000 -2.600000 53.000000
    vertex -0.578554 -2.534813 53.000000
  endloop
endfacet
facet normal 0.111964 -0.993712 0.000000
  outer loop
    vertex -0.000000 -12.000000 52.000000
    vertex 2.670251 -11.699135 52.000000
    vertex 2.670251 -11.699135 53.000000
  endloop
endfacet
facet normal 0.111964 -0.993712 0.000000
  outer loop
    vertex -0.000000 -12.000000 52.000000
    vertex 2.670251 -11.699135 53.000000
    vertex -0.000000 -12.000000 53.000000
  endloop
endfacet
facet normal -0.111964 0.993712 -0.000000
  outer loop
    vertex -0.000000 -2.600000 52.000000
    vertex 0.578554 -2.534813 52.000000
    vertex 0.578554 -2.534813 53.000000
  endloop
endfacet
facet normal -0.111964 0.993712 -0.000000
  outer loop
    vertex -0.000000 -2.600000 52.000000
    vertex 0.578554 -2.534813 53.000000
    vertex -0.000000 -2.600000 53.000000
  endloop
endfacet
facet normal 0.330279 -0.943883 0.000000
  outer loop
    vertex 2.670251 -11.699135 52.000000
    vertex 5.206605 -10.811626 52.000000
    vertex 5.206605 -10.811626 53.000000
  endloop
endfacet
facet normal 0.330279 -0.943883 0.000000
  outer loop
    vertex 2.670251 -11.699135 52.000000
    vertex 5.206605 -10.811626 53.000000
    vertex 2.670251 -11.699135 53.000000
  endloop
endfacet
facet normal -0.330279 0.943883 -0.000000
  outer loop
    vertex 0.578554 -2.534813 52.000000
    vertex 1.128098 -2.342519 52.000000
    vertex 1.128098 -2.342519 53.000000
  endloop
endfacet
facet normal -0.330279 0.943883 -0.000000
  outer loop
    vertex 0.578554 -2.534813 52.000000
    vertex 1.128098 -2.342519 53.000000
    vertex 0.578554 -2.534813 53.000000
  endloop
endfacet
facet normal 0.532032 -0.846724 0.000000
  outer loop
    vertex 5.206605 -10.811626 52.000000
    vertex 7.481878 -9.381978 52.000000
    vertex 7.481878 -9.381978 53.000000
  endloop
endfacet
facet normal 0.532032 -0.846724 0.000000
  outer loop
    vertex 5.206605 -10.811626 52.000000
    vertex 7.481878 -9.381978 53.000000
    vertex 5.206605 -10.811626 53.000000
  endloop
endfacet
facet normal -0.532032 0.846724 -0.000000
  outer loop
    vertex 1.128098 -2.342519 52.000000
    vertex 1.621073 -2.032762 52.000000
    vertex 1.621073 -2.032762 53.000000
  endloop
endfacet
facet normal -0.532032 0.846724 -0.000000
  outer loop
    vertex 1.128098 -2.342519 52.000000
    vertex 1.621073 -2.032762 53.000000
    vertex 1.128098 -2.342519 53.000000
  endloop
endfacet
facet normal 0.707107 -0.707107 0.000000
  outer loop
    vertex 7.481878 -9.381978 52.000000
    vertex 9.381978 -7.481878 52.000000
    vertex 9.381978 -7.481878 53.000000
  endloop
endfacet
facet normal 0.707107 -0.707107 0.000000
  outer loop
    vertex 7.481878 -9.381978 52.000000
    vertex 9.381978 -7.481878 53.000000
    vertex 7.481878 -9.381978 53.000000
  endloop
endfacet
facet normal -0.707107 0.707107 -0.000000
  outer loop
    vertex 1.621073 -2.032762 52.000000
    vertex 2.032762 -1.621073 52.000000
    vertex 2.032762 -1.621073 53.000000
  endloop
endfacet
facet normal -0.707107 0.707107 -0.000000
  outer loop
    vertex 1.621073 -2.032762 52.000000
    vertex 2.032762 -1.621073 53.000000
    vertex 1.621073 -2.032762 53.000000
  endloop
endfacet
facet normal 0.846724 -0.532032 0.000000
  outer loop
    vertex 9.381978 -7.481878 52.000000
    vertex 10.811626 -5.206605 52.000000
    vertex 10.811626 -5.206605 53.000000
  endloop
endfacet
facet normal 0.846724 -0.532032 0.000000
  outer loop
    vertex 9.381978 -7.481878 52.000000
    vertex 10.811626 -5.206605 53.000000
    vertex 9.381978 -7.481878 53.000000
  endloop
endfacet
facet normal -0.846724 0.532032 -0.000000
  outer loop
    vertex 2.032762 -1.621073 52.000000
    vertex 2.342519 -1.128098 52.000000
    vertex 2.342519 -1.128098 53.000000
  endloop
endfacet
facet normal -0.846724 0.532032 -0.000000
  outer loop
    vertex 2.032762 -1.621073 52.000000
    vertex 2.342519 -1.128098 53.000000
    vertex 2.032762 -1.621073 53.000000
  endloop
endfacet
facet normal 0.943883 -0.330279 0.000000
  outer loop
    vertex 10.811626 -5.206605 52.000000
    vertex 11.699135 -2.670251 52.000000
    vertex 11.699135 -2.670251 53.000000
  endloop
endfacet
facet normal 0.943883 -0.330279 0.000000
  outer loop
    vertex 10.811626 -5.206605 52.000000
    vertex 11.699135 -2.670251 53.000000
    vertex 10.811626 -5.206605 53.000000
  endloop
endfacet
facet normal -0.943883 0.330279 -0.000000
  outer loop
    vertex 2.342519 -1.128098 52.000000
    vertex 2.534813 -0.578554 52.000000
    vertex 2.534813 -0.578554 53.000000
  endloop
endfacet
facet normal -0.943883 0.330279 -0.000000
  outer loop
    vertex 2.342519 -1.128098 52.000000
    vertex 2.534813 -0.578554 53.000000
    vertex 2.342519 -1.128098 53.000000
  endloop
endfacet
facet normal 0.993712 -0.111964 0.000000
  outer loop
    vertex 11.699135 -2.670251 52.000000
    vertex 12.000000 0.000000 52.000000
    vertex 12.000000 0.000000 53.000000
  endloop
endfacet
facet normal 0.993712 -0.111964 0.000000
  outer loop
    vertex 11.699135 -2.670251 52.000000
    vertex 12.000000 0.000000 53.000000
    vertex 11.699135 -2.670251 53.000000
  endloop
endfacet
facet normal -0.993712 0.111964 -0.000000
  outer loop
    vertex 2.534813 -0.578554 52.000000
    vertex 2.600000 0.000000 52.000000
    vertex 2.600000 0.000000 53.000000
  endloop
endfacet
facet normal -0.993712 0.111964 -0.000000
  outer loop
    vertex 2.534813 -0.578554 52.000000
    vertex 2.600000 0.000000 53.000000
    vertex 2.534813 -0.578554 53.000000
  endloop
endfacet
facet normal 0.993712 0.111964 0.000000
  outer loop
    vertex 12.000000 0.000000 53.000000
    vertex 11.699135 2.670251 53.000000
    vertex 11.699135 2.670251 54.000000
  endloop
endfacet
facet normal 0.993712 0.111964 0.000000
  outer loop
    vertex 12.000000 0.000000 53.000000
    vertex 11.699135 2.670251 54.000000
    vertex 12.000000 0.000000 54.000000
  endloop
endfacet
facet normal -0.993712 -0.111964 -0.000000
  outer loop
    vertex 2.600000 0.000000 53.000000
    vertex 2.534813 0.578554 53.000000
    vertex 2.534813 0.578554 54.000000
  endloop
endfacet
facet normal -0.993712 -0.111964 -0.000000
  outer loop
    vertex 2.600000 0.000000 53.000000
    vertex 2.534813 0.578554 54.000000
    vertex 2.600000 0.000000 54.000000
  endloop
endfacet
facet normal 0.943883 0.330279 0.000000
  outer loop
    vertex 11.699135 2.670251 53.000000
    vertex 10.811626 5.206605 53.000000
    vertex 10.811626 5.206605 54.000000
  endloop
endfacet
facet normal 0.943883 0.330279 0.000000
  outer loop
    vertex 11.699135 2.670251 53.000000
    vertex 10.811626 5.206605 54.000000
    vertex 11.699135 2.670251 54.000000
  endloop
endfacet
facet normal -0.943883 -0.330279 -0.000000
  outer loop
    vertex 2.534813 0.578554 53.000000
    vertex 2.342519 1.128098 53.000000
    vertex 2.342519 1.128098 54.000000
  endloop
endfacet
facet normal -0.943883 -0.330279 -0.000000
  outer loop
    vertex 2.534813 0.578554 53.000000
    vertex 2.342519 1.128098 54.000000
    vertex 2.534813 0.578554 54.000000
  endloop
endfacet
facet normal 0.846724 0.532032 0.000000
  outer loop
    vertex 10.811626 5.206605 53.000000
    vertex 9.381978 7.481878 53.000000
    vertex 9.381978 7.481878 54.000000
  endloop
endfacet
facet normal 0.846724 0.532032 0.000000
  outer loop
    vertex 10.811626 5.206605 53.000000
    vertex 9.381978 7.481878 54.000000
    vertex 10.811626 5.206605 54.000000
  endloop
endfacet
facet normal -0.846724 -0.532032 -0.000000
  outer loop
    vertex 2.342519 1.128098 53.000000
    vertex 2.032762 1.621073 53.000000
    vertex 2.032762 1.621073 54.000000
  endloop
endfacet
facet normal -0.846724 -0.532032 -0.000000
  outer loop
    vertex 2.342519 1.128098 53.000000
    vertex 2.032762 1.621073 54.000000
    vertex 2.342519 1.128098 54.000000
  endloop
endfacet
facet normal 0.707107 0.707107 0.000000
  outer loop
    vertex 9.381978 7.481878 53.000000
    vertex 7.481878 9.381978 53.000000
    vertex 7.481878 9.381978 54.000000
  endloop
endfacet
facet normal 0.707107 0.707107 0.000000
  outer loop
    vertex 9.381978 7.481878 53.000000
    vertex 7.481878 9.381978 54.000000
    vertex 9.381978 7.481878 54.000000
  endloop
endfacet
facet normal -0.707107 -0.707107 -0.000000
  outer loop
    vertex 2.032762 1.621073 53.000000
    vertex 1.621073 2.032762 53.000000
    vertex 1.621073 2.032762 54.000000
  endloop
endfacet
facet normal -0.707107 -0.707107 -0.000000
  outer loop
    vertex 2.032762 1.621073 53.000000
    vertex 1.621073 2.032762 54.000000
    vertex 2.032762 1.621073 54.000000
  endloop
endfacet
facet normal 0.532032 0.846724 0.000000
  outer loop
    vertex 7.481878 9.381978 53.000000
    vertex 5.206605 10.811626 53.000000
    vertex 5.206605 10.811626 54.000000
  endloop
endfacet
facet normal 0.532032 0.846724 0.000000
  outer loop
    vertex 7.481878 9.381978 53.000000
    vertex 5.206605 10.811626 54.000000
    vertex 7.481878 9.381978 54.000000
  endloop
endfacet
facet normal -0.532032 -0.846724 -0.000000
  outer loop
    vertex 1.621073 2.032762 53.000000
    vertex 1.128098 2.342519 53.000000
    vertex 1.128098 2.342519 54.000000
  endloop
endfacet
facet normal -0.532032 -0.846724 -0.000000
  outer loop
    vertex 1.621073 2.032762 53.000000
    vertex 1.128098 2.342519 54.000000
    vertex 1.621073 2.032762 54.000000
  endloop
endfacet
facet normal 0.330279 0.943883 0.000000
  outer loop
    vertex 5.206605 10.811626 53.000000
    vertex 2.670251 11.699135 53.000000
    vertex 2.670251 11.699135 54.000000
  endloop
endfacet
facet normal 0.330279 0.943883 0.000000
  outer loop
    vertex 5.206605 10.811626 53.000000
    vertex 2.670251 11.699135 54.000000
    vertex 5.206605 10.811626 54.000000
  endloop
endfacet
facet normal -0.330279 -0.943883 -0.000000
  outer loop
    vertex 1.128098 2.342519 53.000000
    vertex 0.578554 2.534813 53.000000
    vertex 0.578554 2.534813 54.000000
  endloop
endfacet
facet normal -0.330279 -0.943883 -0.000000
  outer loop
    vertex 1.128098 2.342519 53.000000
    vertex 0.578554 2.534813 54.000000
    vertex 1.128098 2.342519 54.000000
  endloop
endfacet
facet normal 0.111964 0.993712 0.000000
  outer loop
    vertex 2.670251 11.699135 53.000000
    vertex 0.000000 12.000000 53.000000
    vertex 0.000000 12.000000 54.000000
  endloop
endfacet
facet normal 0.111964 0.993712 0.000000
  outer loop
    vertex 2.670251 11.699135 53.000000
    vertex 0.000000 12.000000 54.000000
    vertex 2.670251 11.699135 54.000000
  endloop
endfacet
facet normal -0.111964 -0.993712 -0.000000
  outer loop
    vertex 0.578554 2.534813 53.000000
    vertex 0.000000 2.600000 53.000000
    vertex 0.000000 2.600000 54.000000
  endloop
endfacet
facet normal -0.111964 -0.993712 -0.000000
  outer loop
    vertex 0.578554 2.534813 53.000000
    vertex 0.000000 2.600000 54.000000
    vertex 0.578554 2.534813 54.000000
  endloop
endfacet
facet normal -0.111964 0.993712 0.000000
  outer loop
    vertex 0.000000 12.000000 53.000000
    vertex -2.670251 11.699135 53.000000
    vertex -2.670251 11.699135 54.000000
  endloop
endfacet
facet normal -0.111964 0.993712 0.000000
  outer loop
    vertex 0.000000 12.000000 53.000000
    vertex -2.670251 11.699135 54.000000
    vertex 0.000000 12.000000 54.000000
  endloop
endfacet
facet normal 0.111964 -0.993712 -0.000000
  outer loop
    vertex 0.000000 2.600000 53.000000
    vertex -0.578554 2.534813 53.000000
    vertex -0.578554 2.534813 54.000000
  endloop
endfacet
facet normal 0.111964 -0.993712 -0.000000
  outer loop
    vertex 0.000000 2.600000 53.000000
    vertex -0.578554 2.534813 54.000000
    vertex 0.000000 2.600000 54.000000
  endloop
endfacet
facet normal -0.330279 0.943883 0.000000
  outer loop
    vertex -2.670251 11.699135 53.000000
    vertex -5.206605 10.811626 53.000000
    vertex -5.206605 10.811626 54.000000
  endloop
endfacet
facet normal -0.330279 0.943883 0.000000
  outer loop
    vertex -2.670251 11.699135 53.000000
    vertex -5.206605 10.811626 54.000000
    vertex -2.670251 11.699135 54.000000
  endloop
endfacet
facet normal 0.330279 -0.943883 -0.000000
  outer loop
    vertex -0.578554 2.534813 53.000000
    vertex -1.128098 2.342519 53.000000
    vertex -1.128098 2.342519 54.000000
  endloop
endfacet
facet normal 0.330279 -0.943883 -0.000000
  outer loop
    vertex -0.578554 2.534813 53.000000
    vertex -1.128098 2.342519 54.000000
    vertex -0.578554 2.534813 54.000000
  endloop
endfacet
facet normal -0.532032 0.846724 0.000000
  outer loop
    vertex -5.206605 10.811626 53.000000
    vertex -7.481878 9.381978 53.000000
    vertex -7.481878 9.381978 54.000000
  endloop
endfacet
facet normal -0.532032 0.846724 0.000000
  outer loop
    vertex -5.206605 10.811626 53.000000
    vertex -7.481878 9.381978 54.000000
    vertex -5.206605 10.811626 54.000000
  endloop
endfacet
facet normal 0.532032 -0.846724 -0.000000
  outer loop
    vertex -1.128098 2.342519 53.000000
    vertex -1.621073 2.032762 53.000000
    vertex -1.621073 2.032762 54.000000
  endloop
endfacet
facet normal 0.532032 -0.846724 -0.000000
  outer loop
    vertex -1.128098 2.342519 53.000000
    vertex -1.621073 2.032762 54.000000
    vertex -1.128098 2.342519 54.000000
  endloop
endfacet
facet normal -0.707107 0.707107 0.000000
  outer loop
    vertex -7.481878 9.381978 53.000000
    vertex -9.381978 7.481878 53.000000
    vertex -9.381978 7.481878 54.000000
  endloop
endfacet
facet normal -0.707107 0.707107 0.000000
  outer loop
    vertex -7.481878 9.381978 53.000000
    vertex -9.381978 7.481878 54.000000
    vertex -7.481878 9.381978 54.000000
  endloop
endfacet
facet normal 0.707107 -0.707107 -0.000000
  outer loop
    vertex -1.621073 2.032762 53.000000
    vertex -2.032762 1.621073 53.000000
    vertex -2.032762 1.621073 54.000000
  endloop
endfacet
facet normal 0.707107 -0.707107 -0.000000
  outer loop
    vertex -1.621073 2.032762 53.000000
    vertex -2.032762 1.621073 54.000000
    vertex -1.621073 2.032762 54.000000
  endloop
endfacet
facet normal -0.846724 0.532032 0.000000
  outer loop
    vertex -9.381978 7.481878 53.000000
    vertex -10.811626 5.206605 53.000000
    vertex -10.811626 5.206605 54.000000
  endloop
endfacet
facet normal -0.846724 0.532032 0.000000
  outer loop
    vertex -9.381978 7.481878 53.000000
    vertex -10.811626 5.206605 54.000000
    vertex -9.381978 7.481878 54.000000
  endloop
endfacet
facet normal 0.846724 -0.532032 -0.000000
  outer loop
    vertex -2.032762 1.621073 53.000000
    vertex -2.342519 1.128098 53.000000
    vertex -2.342519 1.128098 54.000000
  endloop
endfacet
facet normal 0.846724 -0.532032 -0.000000
  outer loop
    vertex -2.032762 1.621073 53.000000
    vertex -2.342519 1.128098 54.000000
    vertex -2.032762 1.621073 54.000000
  endloop
endfacet
facet normal -0.943883 0.330279 0.000000
  outer loop
    vertex -10.811626 5.206605 53.000000
    vertex -11.699135 2.670251 53.000000
    vertex -11.699135 2.670251 54.000000
  endloop
endfacet
facet normal -0.943883 0.330279 0.000000
  outer loop
    vertex -10.811626 5.206605 53.000000
    vertex -11.699135 2.670251 54.000000
    vertex -10.811626 5.206605 54.000000
  endloop
endfacet
facet normal 0.943883 -0.330279 -0.000000
  outer loop
    vertex -2.342519 1.128098 53.000000
    vertex -2.534813 0.578554 53.000000
    vertex -2.534813 0.578554 54.000000
  endloop
endfacet
facet normal 0.943883 -0.330279 -0.000000
  outer loop
    vertex -2.342519 1.128098 53.000000
    vertex -2.534813 0.578554 54.000000
    vertex -2.342519 1.128098 54.000000
  endloop
endfacet
facet normal -0.993712 0.111964 0.000000
  outer loop
    vertex -11.699135 2.670251 53.000000
    vertex -12.000000 0.000000 53.000000
    vertex -12.000000 0.000000 54.000000
  endloop
endfacet
facet normal -0.993712 0.111964 0.000000
  outer loop
    vertex -11.699135 2.670251 53.000000
    vertex -12.000000 0.000000 54.000000
    vertex -11.699135 2.670251 54.000000
  endloop
endfacet
facet normal 0.993712 -0.111964 -0.000000
  outer loop
    vertex -2.534813 0.578554 53.000000
    vertex -2.600000 0.000000 53.000000
    vertex -2.600000 0.000000 54.000000
  endloop
endfacet
facet normal 0.993712 -0.111964 -0.000000
  outer loop
    vertex -2.534813 0.578554 53.000000
    vertex -2.600000 0.000000 54.000000
    vertex -2.534813 0.578554 54.000000
  endloop
endfacet
facet normal -0.993712 -0.111964 0.000000
  outer loop
    vertex -12.000000 0.000000 53.000000
    vertex -11.699135 -2.670251 53.000000
    vertex -11.699135 -2.670251 54.000000
  endloop
endfacet
facet normal -0.993712 -0.111964 0.000000
  outer loop
    vertex -12.000000 0.000000 53.000000
    vertex -11.699135 -2.670251 54.000000
    vertex -12.000000 0.000000 54.000000
  endloop
endfacet
facet normal 0.993712 0.111964 -0.000000
  outer loop
    vertex -2.600000 0.000000 53.000000
    vertex -2.534813 -0.578554 53.000000
    vertex -2.534813 -0.578554 54.000000
  endloop
endfacet
facet normal 0.993712 0.111964 -0.000000
  outer loop
    vertex -2.600000 0.000000 53.000000
    vertex -2.534813 -0.578554 54.000000
    vertex -2.600000 0.000000 54.000000
  endloop
endfacet
facet normal -0.943883 -0.330279 0.000000
  outer loop
    vertex -11.699135 -2.670251 53.000000
    vertex -10.811626 -5.206605 53.000000
    vertex -10.811626 -5.206605 54.000000
  endloop
endfacet
facet normal -0.943883 -0.330279 0.000000
  outer loop
    vertex -11.699135 -2.670251 53.000000
    vertex -10.811626 -5.206605 54.000000
    vertex -11.699135 -2.670251 54.000000
  endloop
endfacet
facet normal 0.943883 0.330279 -0.000000
  outer loop
    vertex -2.534813 -0.578554 53.000000
    vertex -2.342519 -1.128098 53.000000
    vertex -2.342519 -1.128098 54.000000
  endloop
endfacet
facet normal 0.943883 0.330279 -0.000000
  outer loop
    vertex -2.534813 -0.578554 53.000000
    vertex -2.342519 -1.128098 54.000000
    vertex -2.534813 -0.578554 54.000000
  endloop
endfacet
facet normal -0.846724 -0.532032 0.000000
  outer loop
    vertex -10.811626 -5.206605 53.000000
    vertex -9.381978 -7.481878 53.000000
    vertex -9.381978 -7.481878 54.000000
  endloop
endfacet
facet normal -0.846724 -0.532032 0.000000
  outer loop
    vertex -10.811626 -5.206605 53.000000
    vertex -9.381978 -7.481878 54.000000
    vertex -10.811626 -5.206605 54.000000
  endloop
endfacet
facet normal 0.846724 0.532032 -0.000000
  outer loop
    vertex -2.342519 -1.128098 53.000000
    vertex -2.032762 -1.621073 53.000000
    vertex -2.032762 -1.621073 54.000000
  endloop
endfacet
facet normal 0.846724 0.532032 -0.000000
  outer loop
    vertex -2.342519 -1.128098 53.000000
    vertex -2.032762 -1.621073 54.000000
    vertex -2.342519 -1.128098 54.000000
  endloop
endfacet
facet normal -0.707107 -0.707107 0.000000
  outer loop
    vertex -9.381978 -7.481878 53.000000
    vertex -7.481878 -9.381978 53.000000
    vertex -7.481878 -9.381978 54.000000
  endloop
endfacet
facet normal -0.707107 -0.707107 0.000000
  outer loop
    vertex -9.381978 -7.481878 53.000000
    vertex -7.481878 -9.381978 54.000000
    vertex -9.381978 -7.481878 54.000000
  endloop
endfacet
facet normal 0.707107 0.707107 -0.000000
  outer loop
    vertex -2.032762 -1.621073 53.000000
    vertex -1.621073 -2.032762 53.000000
    vertex -1.621073 -2.032762 54.000000
  endloop
endfacet
facet normal 0.707107 0.707107 -0.000000
  outer loop
    vertex -2.032762 -1.621073 53.000000
    vertex -1.621073 -2.032762 54.000000
    vertex -2.032762 -1.621073 54.000000
  endloop
endfacet
facet normal -0.532032 -0.846724 0.000000
  outer loop
    vertex -7.481878 -9.381978 53.000000
    vertex -5.206605 -10.811626 53.000000
    vertex -5.206605 -10.811626 54.000000
  endloop
endfacet
facet normal -0.532032 -0.846724 0.000000
  outer loop
    vertex -7.481878 -9.381978 53.000000
    vertex -5.206605 -10.811626 54.000000
    vertex -7.481878 -9.381978 54.000000
  endloop
endfacet
facet normal 0.532032 0.846724 -0.000000
  outer loop
    vertex -1.621073 -2.032762 53.000000
    vertex -1.128098 -2.342519 53.000000
    vertex -1.128098 -2.342519 54.000000
  endloop
endfacet
facet normal 0.532032 0.846724 -0.000000
  outer loop
    vertex -1.621073 -2.032762 53.000000
    vertex -1.128098 -2.342519 54.000000
    vertex -1.621073 -2.032762 54.000000
  endloop
endfacet
facet normal -0.330279 -0.943883 0.000000
  outer loop
    vertex -5.206605 -10.811626 53.000000
    vertex -2.670251 -11.699135 53.000000
    vertex -2.670251 -11.699135 54.000000
  endloop
endfacet
facet normal -0.330279 -0.943883 0.000000
  outer loop
    vertex -5.206605 -10.811626 53.000000
    vertex -2.670251 -11.699135 54.000000
    vertex -5.206605 -10.811626 54.000000
  endloop
endfacet
facet normal 0.330279 0.943883 -0.000000
  outer loop
    vertex -1.128098 -2.342519 53.000000
    vertex -0.578554 -2.534813 53.000000
    vertex -0.578554 -2.534813 54.000000
  endloop
endfacet
facet normal 0.330279 0.943883 -0.000000
  outer loop
    vertex -1.128098 -2.342519 53.000000
    vertex -0.578554 -2.534813 54.000000
    vertex -1.128098 -2.342519 54.000000
  endloop
endfacet
facet normal -0.111964 -0.993712 0.000000
  outer loop
    vertex -2.670251 -11.699135 53.000000
    vertex -0.000000 -12.000000 53.000000
    vertex -0.000000 -12.000000 54.000000
  endloop
endfacet
facet normal -0.111964 -0.993712 0.000000
  outer loop
    vertex -2.670251 -11.699135 53.000000
    vertex -0.000000 -12.000000 54.000000
    vertex -2.670251 -11.699135 54.000000
  endloop
endfacet
facet normal 0.111964 0.993712 -0.000000
  outer loop
    vertex -0.578554 -2.534813 53.000000
    vertex -0.000000 -2.600000 53.000000
    vertex -0.000000 -2.600000 54.000000
  endloop
endfacet
facet normal 0.111964 0.993712 -0.000000
  outer loop
    vertex -0.578554 -2.534813 53.000000
    vertex -0.000000 -2.600000 54.000000
    vertex -0.578554 -2.534813 54.000000
  endloop
endfacet
facet normal 0.111964 -0.993712 0.000000
  outer loop
    vertex -0.000000 -12.000000 53.000000
    vertex 2.670251 -11.699135 53.000000
    vertex 2.670251 -11.699135 54.000000
  endloop
endfacet
facet normal 0.111964 -0.993712 0.000000
  outer loop
    vertex -0.000000 -12.000000 53.000000
    vertex 2.670251 -11.699135 54.000000
    vertex -0.000000 -12.000000 54.000000
  endloop
endfacet
facet normal -0.111964 0.993712 -0.000000
  outer loop
    vertex -0.000000 -2.600000 53.000000
    vertex 0.578554 -2.534813 53.000000
    vertex 0.578554 -2.534813 54.000000
  endloop
endfacet
facet normal -0.111964 0.993712 -0.000000
  outer loop
    vertex -0.000000 -2.600000 53.000000
    vertex 0.578554 -2.534813 54.000000
    vertex -0.000000 -2.600000 54.000000
  endloop
endfacet
facet normal 0.330279 -0.943883 0.000000
  outer loop
    vertex 2.670251 -11.699135 53.000000
    vertex 5.206605 -10.811626 53.000000
    vertex 5.206605 -10.811626 54.000000
  endloop
endfacet
facet normal 0.330279 -0.943883 0.000000
  outer loop
    vertex 2.670251 -11.699135 53.000000
    vertex 5.206605 -10.811626 54.000000
    vertex 2.670251 -11.699135 54.000000
  endloop
endfacet
facet normal -0.330279 0.943883 -0.000000
  outer loop
    vertex 0.578554 -2.534813 53.000000
    vertex 1.128098 -2.342519 53.000000
    vertex 1.128098 -2.342519 54.000000
  endloop
endfacet
facet normal -0.330279 0.943883 -0.000000
  outer loop
    vertex 0.578554 -2.534813 53.000000
    vertex 1.128098 -2.342519 54.000000
    vertex 0.578554 -2.534813 54.000000
  endloop
endfacet
facet normal 0.532032 -0.846724 0.000000
  outer loop
    vertex 5.206605 -10.811626 53.000000
    vertex 7.481878 -9.381978 53.000000
    vertex 7.481878 -9.381978 54.000000
  endloop
endfacet
facet normal 0.532032 -0.846724 0.000000
  outer loop
    vertex 5.206605 -10.811626 53.000000
    vertex 7.481878 -9.381978 54.000000
    vertex 5.206605 -10.811626 54.000000
  endloop
endfacet
facet normal -0.532032 0.846724 -0.000000
  outer loop
    vertex 1.128098 -2.342519 53.000000
    vertex 1.621073 -2.032762 53.000000
    vertex 1.621073 -2.032762 54.000000
  endloop
endfacet
facet normal -0.532032 0.846724 -0.000000
  outer loop
    vertex 1.128098 -2.342519 53.000000
    vertex 1.621073 -2.032762 54.000000
    vertex 1.128098 -2.342519 54.000000
  endloop
endfacet
facet normal 0.707107 -0.707107 0.000000
  outer loop
    vertex 7.481878 -9.381978 53.000000
    vertex 9.381978 -7.481878 53.000000
    vertex 9.381978 -7.481878 54.000000
  endloop
endfacet
facet normal 0.707107 -0.707107 0.000000
  outer loop
    vertex 7.481878 -9.381978 53.000000
    vertex 9.381978 -7.481878 54.000000
    vertex 7.481878 -9.381978 54.000000
  endloop
endfacet
facet normal -0.707107 0.707107 -0.000000
  outer loop
    vertex 1.621073 -2.032762 53.000000
    vertex 2.032762 -1.621073 53.000000
    vertex 2.032762 -1.621073 54.000000
  endloop
endfacet
facet normal -0.707107 0.707107 -0.000000
  outer loop
    vertex 1.621073 -2.032762 53.000000
    vertex 2.032762 -1.621073 54.000000
    vertex 1.621073 -2.032762 54.000000
  endloop
endfacet
facet normal 0.846724 -0.532032 0.000000
  outer loop
    vertex 9.381978 -7.481878 53.000000
    vertex 10.811626 -5.206605 53.000000
    vertex 10.811626 -5.206605 54.000000
  endloop
endfacet
facet normal 0.846724 -0.532032 0.000000
  outer loop
    vertex 9.381978 -7.481878 53.000000
    vertex 10.811626 -5.206605 54.000000
    vertex 9.381978 -7.481878 54.000000
  endloop
endfacet
facet normal -0.846724 0.532032 -0.000000
  outer loop
    vertex 2.032762 -1.621073 53.000000
    vertex 2.342519 -1.128098 53.000000
    vertex 2.342519 -1.128098 54.000000
  endloop
endfacet
facet normal -0.846724 0.532032 -0.000000
  outer loop
    vertex 2.032762 -1.621073 53.000000
    vertex 2.342519 -1.128098 54.000000
    vertex 2.032762 -1.621073 54.000000
  endloop
endfacet
facet normal 0.943883 -0.330279 0.000000
  outer loop
    vertex 10.811626 -5.206605 53.000000
    vertex 11.699135 -2.670251 53.000000
    vertex 11.699135 -2.670251 54.000000
  endloop
endfacet
facet normal 0.943883 -0.330279 0.000000
  outer loop
    vertex 10.811626 -5.206605 53.000000
    vertex 11.699135 -2.670251 54.000000
    vertex 10.811626 -5.206605 54.000000
  endloop
endfacet
facet normal -0.943883 0.330279 -0.000000
  outer loop
    vertex 2.342519 -1.128098 53.000000
    vertex 2.534813 -0.578554 53.000000
    vertex 2.534813 -0.578554 54.000000
  endloop
endfacet
facet normal -0.943883 0.330279 -0.000000
  outer loop
    vertex 2.342519 -1.128098 53.000000
    vertex 2.534813 -0.578554 54.000000
    vertex 2.342519 -1.128098 54.000000
  endloop
endfacet
facet normal 0.993712 -0.111964 0.000000
  outer loop
    vertex 11.699135 -2.670251 53.000000
    vertex 12.000000 0.000000 53.000000
    vertex 12.000000 0.000000 54.000000
  endloop
endfacet
facet normal 0.993712 -0.111964 0.000000
  outer loop
    vertex 11.699135 -2.670251 53.000000
    vertex 12.000000 0.000000 54.000000
    vertex 11.699135 -2.670251 54.000000
  endloop
endfacet
facet normal -0.993712 0.111964 -0.000000
  outer loop
    vertex 2.534813 -0.578554 53.000000
    vertex 2.600000 0.000000 53.000000
    vertex 2.600000 0.000000 54.000000
  endloop
endfacet
facet normal -0.993712 0.111964 -0.000000
  outer loop
    vertex 2.534813 -0.578554 53.000000
    vertex 2.600000 0.000000 54.000000
    vertex 2.534813 -0.578554 54.000000
  endloop
endfacet
facet normal 0.993712 0.111964 0.000000
  outer loop
    vertex 12.000000 0.000000 54.000000
    vertex 11.699135 2.670251 54.000000
    vertex 11.699135 2.670251 55.000000
  endloop
endfacet
facet normal 0.993712 0.111964 0.000000
  outer loop
    vertex 12.000000 0.000000 54.000000
    vertex 11.699135 2.670251 55.000000
    vertex 12.000000 0.000000 55.000000
  endloop
endfacet
facet normal -0.993712 -0.111964 -0.000000
  outer loop
    vertex 2.600000 0.000000 54.000000
    vertex 2.534813 0.578554 54.000000
    vertex 2.534813 0.578554 55.000000
  endloop
endfacet
facet normal -0.993712 -0.111964 -0.000000
  outer loop
    vertex 2.600000 0.000000 54.000000
    vertex 2.534813 0.578554 55.000000
    vertex 2.600000 0.000000 55.000000
  endloop
endfacet
facet normal 0.943883 0.330279 0.000000
  outer loop
    vertex 11.699135 2.670251 54.000000
    vertex 10.811626 5.206605 54.000000
    vertex 10.811626 5.206605 55.000000
  endloop
endfacet
facet normal 0.943883 0.330279 0.000000
  outer loop
    vertex 11.699135 2.670251 54.000000
    vertex 10.811626 5.206605 55.000000
    vertex 11.699135 2.670251 55.000000
  endloop
endfacet
facet normal -0.943883 -0.330279 -0.000000
  outer loop
    vertex 2.534813 0.578554 54.000000
    vertex 2.342519 1.128098 54.000000
    vertex 2.342519 1.128098 55.000000
  endloop
endfacet
facet normal -0.943883 -0.330279 -0.000000
  outer loop
    vertex 2.534813 0.578554 54.000000
    vertex 2.342519 1.128098 55.000000
    vertex 2.534813 0.578554 55.000000
  endloop
endfacet
facet normal 0.846724 0.532032 0.000000
  outer loop
    vertex 10.811626 5.206605 54.000000
    vertex 9.381978 7.481878 54.000000
    vertex 9.381978 7.481878 55.000000
  endloop
endfacet
facet normal 0.846724 0.532032 0.000000
  outer loop
    vertex 10.811626 5.206605 54.000000
    vertex 9.381978 7.481878 55.000000
    vertex 10.811626 5.206605 55.000000
  endloop
endfacet
facet normal -0.846724 -0.532032 -0.000000
  outer loop
    vertex 2.342519 1.128098 54.000000
    vertex 2.032762 1.621073 54.000000
    vertex 2.032762 1.621073 55.000000
  endloop
endfacet
facet normal -0.846724 -0.532032 -0.000000
  outer loop
    vertex 2.342519 1.128098 54.000000
    vertex 2.032762 1.621073 55.000000
    vertex 2.342519 1.128098 55.000000
  endloop
endfacet
facet normal 0.707107 0.707107 0.000000
  outer loop
    vertex 9.381978 7.481878 54.000000
    vertex 7.481878 9.381978 54.000000
    vertex 7.481878 9.381978 55.000000
  endloop
endfacet
facet normal 0.707107 0.707107 0.000000
  outer loop
    vertex 9.381978 7.481878 54.000000
    vertex 7.481878 9.381978 55.000000
    vertex 9.381978 7.481878 55.000000
  endloop
endfacet
facet normal -0.707107 -0.707107 -0.000000
  outer loop
    vertex 2.032762 1.621073 54.000000
    vertex 1.621073 2.032762 54.000000
    vertex 1.621073 2.032762 55.000000
  endloop
endfacet
facet normal -0.707107 -0.707107 -0.000000
  outer loop
    vertex 2.032762 1.621073 54.000000
    vertex 1.621073 2.032762 55.000000
    vertex 2.032762 1.621073 55.000000
  endloop
endfacet
facet normal 0.532032 0.846724 0.000000
  outer loop
    vertex 7.481878 9.381978 54.000000
    vertex 5.206605 10.811626 54.000000
    vertex 5.206605 10.811626 55.000000
  endloop
endfacet
facet normal 0.532032 0.846724 0.000000
  outer loop
    vertex 7.481878 9.381978 54.000000
    vertex 5.206605 10.811626 55.000000
    vertex 7.481878 9.381978 55.000000
  endloop
endfacet
facet normal -0.532032 -0.846724 -0.000000
  outer loop
    vertex 1.621073 2.032762 54.000000
    vertex 1.128098 2.342519 54.000000
    vertex 1.128098 2.342519 55.000000
  endloop
endfacet
facet normal -0.532032 -0.846724 -0.000000
  outer loop
    vertex 1.621073 2.032762 54.000000
    vertex 1.128098 2.342519 55.000000
    vertex 1.621073 2.032762 55.000000
  endloop
endfacet
facet normal 0.330279 0.943883 0.000000
  outer loop
    vertex 5.206605 10.811626 54.000000
    vertex 2.670251 11.699135 54.000000
    vertex 2.670251 11.699135 55.000000
  endloop
endfacet
facet normal 0.330279 0.943883 0.000000
  outer loop
    vertex 5.206605 10.811626 54.000000
    vertex 2.670251 11.699135 55.000000
    vertex 5.206605 10.811626 55.000000
  endloop
endfacet
facet normal -0.330279 -0.943883 -0.000000
  outer loop
    vertex 1.128098 2.342519 54.000000
    vertex 0.578554 2.534813 54.000000
    vertex 0.578554 2.534813 55.000000
  endloop
endfacet
facet normal -0.330279 -0.943883 -0.000000
  outer loop
    vertex 1.128098 2.342519 54.000000
    vertex 0.578554 2.534813 55.000000
    vertex 1.128098 2.342519 55.000000
  endloop
endfacet
facet normal 0.111964 0.993712 0.000000
  outer loop
    vertex 2.670251 11.699135 54.000000
    vertex 0.000000 12.000000 54.000000
    vertex 0.000000 12.000000 55.000000
  endloop
endfacet
facet normal 0.111964 0.993712 0.000000
  outer loop
    vertex 2.670251 11.699135 54.000000
    vertex 0.000000 12.000000 55.000000
    vertex 2.670251 11.699135 55.000000
  endloop
endfacet
facet normal -0.111964 -0.993712 -0.000000
  outer loop
    vertex 0.578554 2.534813 54.000000
    vertex 0.000000 2.600000 54.000000
    vertex 0.000000 2.600000 55.000000
  endloop
endfacet
facet normal -0.111964 -0.993712 -0.000000
  outer loop
    vertex 0.578554 2.534813 54.000000
    vertex 0.000000 2.600000 55.000000
    vertex 0.578554 2.534813 55.000000
  endloop
endfacet
facet normal -0.111964 0.993712 0.000000
  outer loop
    vertex 0.000000 12.000000 54.000000
    vertex -2.670251 11.699135 54.000000
    vertex -2.670251 11.699135 55.000000
  endloop
endfacet
facet normal -0.111964 0.993712 0.000000
  outer loop
    vertex 0.000000 12.000000 54.000000
    vertex -2.670251 11.699135 55.000000
    vertex 0.000000 12.000000 55.000000
  endloop
endfacet
facet normal 0.111964 -0.993712 -0.000000
  outer loop
    vertex 0.000000 2.600000 54.000000
    vertex -0.578554 2.534813 54.000000
    vertex -0.578554 2.534813 55.000000
  endloop
endfacet
facet normal 0.111964 -0.993712 -0.000000
  outer loop
    vertex 0.000000 2.600000 54.000000
    vertex -0.578554 2.534813 55.000000
    vertex 0.000000 2.600000 55.000000
  endloop
endfacet
facet normal -0.330279 0.943883 0.000000
  outer loop
    vertex -2.670251 11.699135 54.000000
    vertex -5.206605 10.811626 54.000000
    vertex -5.206605 10.811626 55.000000
  endloop
endfacet
facet normal -0.330279 0.943883 0.000000
  outer loop
    vertex -2.670251 11.699135 54.000000
    vertex -5.206605 10.811626 55.000000
    vertex -2.670251 11.699135 55.000000
  endloop
endfacet
facet normal 0.330279 -0.943883 -0.000000
  outer loop
    vertex -0.578554 2.534813 54.000000
    vertex -1.128098 2.342519 54.000000
    vertex -1.128098 2.342519 55.000000
  endloop
endfacet
facet normal 0.330279 -0.943883 -0.000000
  outer loop
    vertex -0.578554 2.534813 54.000000
    vertex -1.128098 2.342519 55.000000
    vertex -0.578554 2.534813 55.000000
  endloop
endfacet
facet normal -0.532032 0.846724 0.000000
  outer loop
    vertex -5.206605 10.811626 54.000000
    vertex -7.481878 9.381978 54.000000
    vertex -7.481878 9.381978 55.000000
  endloop
endfacet
facet normal -0.532032 0.846724 0.000000
  outer loop
    vertex -5.206605 10.811626 54.000000
    vertex -7.481878 9.381978 55.000000
    vertex -5.206605 10.811626 55.000000
  endloop
endfacet
facet normal 0.532032 -0.846724 -0.000000
  outer loop
    vertex -1.128098 2.342519 54.000000
    vertex -1.621073 2.032762 54.000000
    vertex -1.621073 2.032762 55.000000
  endloop
endfacet
facet normal 0.532032 -0.846724 -0.000000
  outer loop
    vertex -1.128098 2.342519 54.000000
    vertex -1.621073 2.032762 55.000000
    vertex -1.128098 2.342519 55.000000
  endloop
endfacet
facet normal -0.707107 0.707107 0.000000
  outer loop
    vertex -7.481878 9.381978 54.000000
    vertex -9.381978 7.481878 54.000000
    vertex -9.381978 7.481878 55.000000
  endloop
endfacet
facet normal -0.707107 0.707107 0.000000
  outer loop
    vertex -7.481878 9.381978 54.000000
    vertex -9.381978 7.481878 55.000000
    vertex -7.481878 9.381978 55.000000
  endloop
endfacet
facet normal 0.707107 -0.707107 -0.000000
  outer loop
    vertex -1.621073 2.032762 54.000000
    vertex -2.032762 1.621073 54.000000
    vertex -2.032762 1.621073 55.000000
  endloop
endfacet
facet normal 0.707107 -0.707107 -0.000000
  outer loop
    vertex -1.621073 2.032762 54.000000
    vertex -2.032762 1.621073 55.000000
    vertex -1.621073 2.032762 55.000000
  endloop
endfacet
facet normal -0.846724 0.532032 0.000000
  outer loop
    vertex -9.381978 7.481878 54.000000
    vertex -10.811626 5.206605 54.000000
    vertex -10.811626 5.206605 55.000000
  endloop
endfacet
facet normal -0.846724 0.532032 0.000000
  outer loop
    vertex -9.381978 7.481878 54.000000
    vertex -10.811626 5.206605 55.000000
    vertex -9.381978 7.481878 55.000000
  endloop
endfacet
facet normal 0.846724 -0.532032 -0.000000
  outer loop
    vertex -2.032762 1.621073 54.000000
    vertex -2.342519 1.128098 54.000000
    vertex -2.342519 1.128098 55.000000
  endloop
endfacet
facet normal 0.846724 -0.532032 -0.000000
  outer loop
    vertex -2.032762 1.621073 54.000000
    vertex -2.342519 1.128098 55.000000
    vertex -2.032762 1.621073 55.000000
  endloop
endfacet
facet normal -0.943883 0.330279 0.000000
  outer loop
    vertex -10.811626 5.206605 54.000000
    vertex -11.699135 2.670251 54.000000
    vertex -11.699135 2.670251 55.000000
  endloop
endfacet
facet normal -0.943883 0.330279 0.000000
  outer loop
    vertex -10.811626 5.206605 54.000000
    vertex -11.699135 2.670251 55.000000
    vertex -10.811626 5.206605 55.000000
  endloop
endfacet
facet normal 0.943883 -0.330279 -0.000000
  outer loop
    vertex -2.342519 1.128098 54.000000
    vertex -2.534813 0.578554 54.000000
    vertex -2.534813 0.578554 55.000000
  endloop
endfacet
facet normal 0.943883 -0.330279 -0.000000
  outer loop
    vertex -2.342519 1.128098 54.000000
    vertex -2.534813 0.578554 55.000000
    vertex -2.342519 1.128098 55.000000
  endloop
endfacet
facet normal -0.993712 0.111964 0.000000
  outer loop
    vertex -11.699135 2.670251 54.000000
    vertex -12.000000 0.000000 54.000000
    vertex -12.000000 0.000000 55.000000
  endloop
endfacet
facet normal -0.993712 0.111964 0.000000
  outer loop
    vertex -11.699135 2.670251 54.000000
    vertex -12.000000 0.000000 55.000000
    vertex -11.699135 2.670251 55.000000
  endloop
endfacet
facet normal 0.993712 -0.111964 -0.000000
  outer loop
    vertex -2.534813 0.578554 54.000000
    vertex -2.600000 0.000000 54.000000
    vertex -2.600000 0.000000 55.000000
  endloop
endfacet
facet normal 0.993712 -0.111964 -0.000000
  outer loop
    vertex -2.534813 0.578554 54.000000
    vertex -2.600000 0.000000 55.000000
    vertex -2.534813 0.578554 55.000000
  endloop
endfacet
facet normal -0.993712 -0.111964 0.000000
  outer loop
    vertex -12.000000 0.000000 54.000000
    vertex -11.699135 -2.670251 54.000000
    vertex -11.699135 -2.670251 55.000000
  endloop
endfacet
facet normal -0.993712 -0.111964 0.000000
  outer loop
    vertex -12.000000 0.000000 54.000000
    vertex -11.699135 -2.670251 55.000000
    vertex -12.000000 0.000000 55.000000
  endloop
endfacet
facet normal 0.993712 0.111964 -0.000000
  outer loop
    vertex -2.600000 0.000000 54.000000
    vertex -2.534813 -0.578554 54.000000
    vertex -2.534813 -0.578554 55.000000
  endloop
endfacet
facet normal 0.993712 0.111964 -0.000000
  outer loop
    vertex -2.600000 0.000000 54.000000
    vertex -2.534813 -0.578554 55.000000
    vertex -2.600000 0.000000 55.000000
  endloop
endfacet
facet normal -0.943883 -0.330279 0.000000
  outer loop
    vertex -11.699135 -2.670251 54.000000
    vertex -10.811626 -5.206605 54.000000
    vertex -10.811626 -5.206605 55.000000
  endloop
endfacet
facet normal -0.943883 -0.330279 0.000000
  outer loop
    vertex -11.699135 -2.670251 54.000000
    vertex -10.811626 -5.206605 55.000000
    vertex -11.699135 -2.670251 55.000000
  endloop
endfacet
facet normal 0.943883 0.330279 -0.000000
  outer loop
    vertex -2.534813 -0.578554 54.000000
    vertex -2.342519 -1.128098 54.000000
    vertex -2.342519 -1.128098 55.000000
  endloop
endfacet
facet normal 0.943883 0.330279 -0.000000
  outer loop
    vertex -2.534813 -0.578554 54.000000
    vertex -2.342519 -1.128098 55.000000
    vertex -2.534813 -0.578554 55.000000
  endloop
endfacet
facet normal -0.846724 -0.532032 0.000000
  outer loop
    vertex -10.811626 -5.206605 54.000000
    vertex -9.381978 -7.481878 54.000000
    vertex -9.381978 -7.481878 55.000000
  endloop
endfacet
facet normal -0.846724 -0.532032 0.000000
  outer loop
    vertex -10.811626 -5.206605 54.000000
    vertex -9.381978 -7.481878 55.000000
    vertex -10.811626 -5.206605 55.000000
  endloop
endfacet
facet normal 0.846724 0.532032 -0.000000
  outer loop
    vertex -2.342519 -1.128098 54.000000
    vertex -2.032762 -1.621073 54.000000
    vertex -2.032762 -1.621073 55.000000
  endloop
endfacet
facet normal 0.846724 0.532032 -0.000000
  outer loop
    vertex -2.342519 -1.128098 54.000000
    vertex -2.032762 -1.621073 55.000000
    vertex -2.342519 -1.128098 55.000000
  endloop
endfacet
facet normal -0.707107 -0.707107 0.000000
  outer loop
    vertex -9.381978 -7.481878 54.000000
    vertex -7.481878 -9.381978 54.000000
    vertex -7.481878 -9.381978 55.000000
  endloop
endfacet
facet normal -0.707107 -0.707107 0.000000
  outer loop
    vertex -9.381978 -7.481878 54.000000
    vertex -7.481878 -9.381978 55.000000
    vertex -9.381978 -7.481878 55.000000
  endloop
endfacet
facet normal 0.707107 0.707107 -0.000000
  outer loop
    vertex -2.032762 -1.621073 54.000000
    vertex -1.621073 -2.032762 54.000000
    vertex -1.621073 -2.032762 55.000000
  endloop
endfacet
facet normal 0.707107 0.707107 -0.000000
  outer loop
    vertex -2.032762 -1.621073 54.000000
    vertex -1.621073 -2.032762 55.000000
    vertex -2.032762 -1.621073 55.000000
  endloop
endfacet
facet normal -0.532032 -0.846724 0.000000
  outer loop
    vertex -7.481878 -9.381978 54.000000
    vertex -5.206605 -10.811626 54.000000
    vertex -5.206605 -10.811626 55.000000
  endloop
endfacet
facet normal -0.532032 -0.846724 0.000000
  outer loop
    vertex -7.481878 -9.381978 54.000000
    vertex -5.206605 -10.811626 55.000000
    vertex -7.481878 -9.381978 55.000000
  endloop
endfacet
facet normal 0.532032 0.846724 -0.000000
  outer loop
    vertex -1.621073 -2.032762 54.000000
    vertex -1.128098 -2.342519 54.000000
    vertex -1.128098 -2.342519 55.000000
  endloop
endfacet
facet normal 0.532032 0.846724 -0.000000
  outer loop
    vertex -1.621073 -2.032762 54.000000
    vertex -1.128098 -2.342519 55.000000
    vertex -1.621073 -2.032762 55.000000
  endloop
endfacet
facet normal -0.330279 -0.943883 0.000000
  outer loop
    vertex -5.206605 -10.811626 54.000000
    vertex -2.670251 -11.699135 54.000000
    vertex -2.670251 -11.699135 55.000000
  endloop
endfacet
facet normal -0.330279 -0.943883 0.000000
  outer loop
    vertex -5.206605 -10.811626 54.000000
    vertex -2.670251 -11.699135 55.000000
    vertex -5.206605 -10.811626 55.000000
  endloop
endfacet
facet normal 0.330279 0.943883 -0.000000
  outer loop
    vertex -1.128098 -2.342519 54.000000
    vertex -0.578554 -2.534813 54.000000
    vertex -0.578554 -2.534813 55.000000
  endloop
endfacet
facet normal 0.330279 0.943883 -0.000000
  outer loop
    vertex -1.128098 -2.342519 54.000000
    vertex -0.578554 -2.534813 55.000000
    vertex -1.128098 -2.342519 55.000000
  endloop
endfacet
facet normal -0.111964 -0.993712 0.000000
  outer loop
    vertex -2.670251 -11.699135 54.000000
    vertex -0.000000 -12.000000 54.000000
    vertex -0.000000 -12.000000 55.000000
  endloop
endfacet
facet normal -0.111964 -0.993712 0.000000
  outer loop
    vertex -2.670251 -11.699135 54.000000
    vertex -0.000000 -12.000000 55.000000
    vertex -2.670251 -11.699135 55.000000
  endloop
endfacet
facet normal 0.111964 0.993712 -0.000000
  outer loop
    vertex -0.578554 -2.534813 54.000000
    vertex -0.000000 -2.600000 54.000000
    vertex -0.000000 -2.600000 55.000000
  endloop
endfacet
facet normal 0.111964 0.993712 -0.000000
  outer loop
    vertex -0.578554 -2.534813 54.000000
    vertex -0.000000 -2.600000 55.000000
    vertex -0.578554 -2.534813 55.000000
  endloop
endfacet
facet normal 0.111964 -0.993712 0.000000
  outer loop
    vertex -0.000000 -12.000000 54.000000
    vertex 2.670251 -11.699135 54.000000
    vertex 2.670251 -11.699135 55.000000
  endloop
endfacet
facet normal 0.111964 -0.993712 0.000000
  outer loop
    vertex -0.000000 -12.000000 54.000000
    vertex 2.670251 -11.699135 55.000000
    vertex -0.000000 -12.000000 55.000000
  endloop
endfacet
facet normal -0.111964 0.993712 -0.000000
  outer loop
    vertex -0.000000 -2.600000 54.000000
    vertex 0.578554 -2.534813 54.000000
    vertex 0.578554 -2.534813 55.000000
  endloop
endfacet
facet normal -0.111964 0.993712 -0.000000
  outer loop
    vertex -0.000000 -2.600000 54.000000
    vertex 0.578554 -2.534813 55.000000
    vertex -0.000000 -2.600000 55.000000
  endloop
endfacet
facet normal 0.330279 -0.943883 0.000000
  outer loop
    vertex 2.670251 -11.699135 54.000000
    vertex 5.206605 -10.811626 54.000000
    vertex 5.206605 -10.811626 55.000000
  endloop
endfacet
facet normal 0.330279 -0.943883 0.000000
  outer loop
    vertex 2.670251 -11.699135 54.000000
    vertex 5.206605 -10.811626 55.000000
    vertex 2.670251 -11.699135 55.000000
  endloop
endfacet
facet normal -0.330279 0.943883 -0.000000
  outer loop
    vertex 0.578554 -2.534813 54.000000
    vertex 1.128098 -2.342519 54.000000
    vertex 1.128098 -2.342519 55.000000
  endloop
endfacet
facet normal -0.330279 0.943883 -0.000000
  outer loop
    vertex 0.578554 -2.534813 54.000000
    vertex 1.128098 -2.342519 55.000000
    vertex 0.578554 -2.534813 55.000000
  endloop
endfacet
facet normal 0.532032 -0.846724 0.000000
  outer loop
    vertex 5.206605 -10.811626 54.000000
    vertex 7.481878 -9.381978 54.000000
    vertex 7.481878 -9.381978 55.000000
  endloop
endfacet
facet normal 0.532032 -0.846724 0.000000
  outer loop
    vertex 5.206605 -10.811626 54.000000
    vertex 7.481878 -9.381978 55.000000
    vertex 5.206605 -10.811626 55.000000
  endloop
endfacet
facet normal -0.532032 0.846724 -0.000000
  outer loop
    vertex 1.128098 -2.342519 54.000000
    vertex 1.621073 -2.032762 54.000000
    vertex 1.621073 -2.032762 55.000000
  endloop
endfacet
facet normal -0.532032 0.846724 -0.000000
  outer loop
    vertex 1.128098 -2.342519 54.000000
    vertex 1.621073 -2.032762 55.000000
    vertex 1.128098 -2.342519 55.000000
  endloop
endfacet
facet normal 0.707107 -0.707107 0.000000
  outer loop
    vertex 7.481878 -9.381978 54.000000
    vertex 9.381978 -7.481878 54.000000
    vertex 9.381978 -7.481878 55.000000
  endloop
endfacet
facet normal 0.707107 -0.707107 0.000000
  outer loop
    vertex 7.481878 -9.381978 54.000000
    vertex 9.381978 -7.481878 55.000000
    vertex 7.481878 -9.381978 55.000000
  endloop
endfacet
facet normal -0.707107 0.707107 -0.000000
  outer loop
    vertex 1.621073 -2.032762 54.000000
    vertex 2.032762 -1.621073 54.000000
    vertex 2.032762 -1.621073 55.000000
  endloop
endfacet
facet normal -0.707107 0.707107 -0.000000
  outer loop
    vertex 1.621073 -2.032762 54.000000
    vertex 2.032762 -1.621073 55.000000
    vertex 1.621073 -2.032762 55.000000
  endloop
endfacet
facet normal 0.846724 -0.532032 0.000000
  outer loop
    vertex 9.381978 -7.481878 54.000000
    vertex 10.811626 -5.206605 54.000000
    vertex 10.811626 -5.206605 55.000000
  endloop
endfacet
facet normal 0.846724 -0.532032 0.000000
  outer loop
    vertex 9.381978 -7.481878 54.000000
    vertex 10.811626 -5.206605 55.000000
    vertex 9.381978 -7.481878 55.000000
  endloop
endfacet
facet normal -0.846724 0.532032 -0.000000
  outer loop
    vertex 2.032762 -1.621073 54.000000
    vertex 2.342519 -1.128098 54.000000
    vertex 2.342519 -1.128098 55.000000
  endloop
endfacet
facet normal -0.846724 0.532032 -0.000000
  outer loop
    vertex 2.032762 -1.621073 54.000000
    vertex 2.342519 -1.128098 55.000000
    vertex 2.032762 -1.621073 55.000000
  endloop
endfacet
facet normal 0.943883 -0.330279 0.000000
  outer loop
    vertex 10.811626 -5.206605 54.000000
    vertex 11.699135 -2.670251 54.000000
    vertex 11.699135 -2.670251 55.000000
  endloop
endfacet
facet normal 0.943883 -0.330279 0.000000
  outer loop
    vertex 10.811626 -5.206605 54.000000
    vertex 11.699135 -2.670251 55.000000
    vertex 10.811626 -5.206605 55.000000
  endloop
endfacet
facet normal -0.943883 0.330279 -0.000000
  outer loop
    vertex 2.342519 -1.128098 54.000000
    vertex 2.534813 -0.578554 54.000000
    vertex 2.534813 -0.578554 55.000000
  endloop
endfacet
facet normal -0.943883 0.330279 -0.000000
  outer loop
    vertex 2.342519 -1.128098 54.000000
    vertex 2.534813 -0.578554 55.000000
    vertex 2.342519 -1.128098 55.000000
  endloop
endfacet
facet normal 0.993712 -0.111964 0.000000
  outer loop
    vertex 11.699135 -2.670251 54.000000
    vertex 12.000000 0.000000 54.000000
    vertex 12.000000 0.000000 55.000000
  endloop
endfacet
facet normal 0.993712 -0.111964 0.000000
  outer loop
    vertex 11.699135 -2.670251 54.000000
    vertex 12.000000 0.000000 55.000000
    vertex 11.699135 -2.670251 55.000000
  endloop
endfacet
facet normal -0.993712 0.111964 -0.000000
  outer loop
    vertex 2.534813 -0.578554 54.000000
    vertex 2.600000 0.000000 54.000000
    vertex 2.600000 0.000000 55.000000
  endloop
endfacet
facet normal -0.993712 0.111964 -0.000000
  outer loop
    vertex 2.534813 -0.578554 54.000000
    vertex 2.600000 0.000000 55.000000
    vertex 2.534813 -0.578554 55.000000
  endloop
endfacet
facet normal 0.993712 0.111964 0.000000
  outer loop
    vertex 12.000000 0.000000 55.000000
    vertex 11.699135 2.670251 55.000000
    vertex 11.699135 2.670251 56.000000
  endloop
endfacet
facet normal 0.993712 0.111964 0.000000
  outer loop
    vertex 12.000000 0.000000 55.000000
    vertex 11.699135 2.670251 56.000000
    vertex 12.000000 0.000000 56.000000
  endloop
endfacet
facet normal -0.993712 -0.111964 -0.000000
  outer loop
    vertex 2.600000 0.000000 55.000000
    vertex 2.534813 0.578554 55.000000
    vertex 2.534813 0.578554 56.000000
  endloop
endfacet
facet normal -0.993712 -0.111964 -0.000000
  outer loop
    vertex 2.600000 0.000000 55.000000
    vertex 2.534813 0.578554 56.000000
    vertex 2.600000 0.000000 56.000000
  endloop
endfacet
facet normal 0.943883 0.330279 0.000000
  outer loop
    vertex 11.699135 2.670251 55.000000
    vertex 10.811626 5.206605 55.000000
    vertex 10.811626 5.206605 56.000000
  endloop
endfacet
facet normal 0.943883 0.330279 0.000000
  outer loop
    vertex 11.699135 2.670251 55.000000
    vertex 10.811626 5.206605 56.000000
    vertex 11.699135 2.670251 56.000000
  endloop
endfacet
facet normal -0.943883 -0.330279 -0.000000
  outer loop
    vertex 2.534813 0.578554 55.000000
    vertex 2.342519 1.128098 55.000000
    vertex 2.342519 1.128098 56.000000
  endloop
endfacet
facet normal -0.943883 -0.330279 -0.000000
  outer loop
    vertex 2.534813 0.578554 55.000000
    vertex 2.342519 1.128098 56.000000
    vertex 2.534813 0.578554 56.000000
  endloop
endfacet
facet normal 0.846724 0.532032 0.000000
  outer loop
    vertex 10.811626 5.206605 55.000000
    vertex 9.381978 7.481878 55.000000
    vertex 9.381978 7.481878 56.000000
  endloop
endfacet
facet normal 0.846724 0.532032 0.000000
  outer loop
    vertex 10.811626 5.206605 55.000000
    vertex 9.381978 7.481878 56.000000
    vertex 10.811626 5.206605 56.000000
  endloop
endfacet
facet normal -0.846724 -0.532032 -0.000000
  outer loop
    vertex 2.342519 1.128098 55.000000
    vertex 2.032762 1.621073 55.000000
    vertex 2.032762 1.621073 56.000000
  endloop
endfacet
facet normal -0.846724 -0.532032 -0.000000
  outer loop
    vertex 2.342519 1.128098 55.000000
    vertex 2.032762 1.621073 56.000000
    vertex 2.342519 1.128098 56.000000
  endloop
endfacet
facet normal 0.707107 0.707107 0.000000
  outer loop
    vertex 9.381978 7.481878 55.000000
    vertex 7.481878 9.381978 55.000000
    vertex 7.481878 9.381978 56.000000
  endloop
endfacet
facet normal 0.707107 0.707107 0.000000
  outer loop
    vertex 9.381978 7.481878 55.000000
    vertex 7.481878 9.381978 56.000000
    vertex 9.381978 7.481878 56.000000
  endloop
endfacet
facet normal -0.707107 -0.707107 -0.000000
  outer loop
    vertex 2.032762 1.621073 55.000000
    vertex 1.621073 2.032762 55.000000
    vertex 1.621073 2.032762 56.000000
  endloop
endfacet
facet normal -0.707107 -0.707107 -0.000000
  outer loop
    vertex 2.032762 1.621073 55.000000
    vertex 1.621073 2.032762 56.000000
    vertex 2.032762 1.621073 56.000000
  endloop
endfacet
facet normal 0.532032 0.846724 0.000000
  outer loop
    vertex 7.481878 9.381978 55.000000
    vertex 5.206605 10.811626 55.000000
    vertex 5.206605 10.811626 56.000000
  endloop
endfacet
facet normal 0.532032 0.846724 0.000000
  outer loop
    vertex 7.481878 9.381978 55.000000
    vertex 5.206605 10.811626 56.000000
    vertex 7.481878 9.381978 56.000000
  endloop
endfacet
facet normal -0.532032 -0.846724 -0.000000
  outer loop
    vertex 1.621073 2.032762 55.000000
    vertex 1.128098 2.342519 55.000000
    vertex 1.128098 2.342519 56.000000
  endloop
endfacet
facet normal -0.532032 -0.846724 -0.000000
  outer loop
    vertex 1.621073 2.032762 55.000000
    vertex 1.128098 2.342519 56.000000
    vertex 1.621073 2.032762 56.000000
  endloop
endfacet
facet normal 0.330279 0.943883 0.000000
  outer loop
    vertex 5.206605 10.811626 55.000000
    vertex 2.670251 11.699135 55.000000
    vertex 2.670251 11.699135 56.000000
  endloop
endfacet
facet normal 0.330279 0.943883 0.000000
  outer loop
    vertex 5.206605 10.811626 55.000000
    vertex 2.670251 11.699135 56.000000
    vertex 5.206605 10.811626 56.000000
  endloop
endfacet
facet normal -0.330279 -0.943883 -0.000000
  outer loop
    vertex 1.128098 2.342519 55.000000
    vertex 0.578554 2.534813 55.000000
    vertex 0.578554 2.534813 56.000000
  endloop
endfacet
facet normal -0.330279 -0.943883 -0.000000
  outer loop
    vertex 1.128098 2.342519 55.000000
    vertex 0.578554 2.534813 56.000000
    vertex 1.128098 2.342519 56.000000
  endloop
endfacet
facet normal 0.111964 0.993712 0.000000
  outer loop
    vertex 2.670251 11.699135 55.000000
    vertex 0.000000 12.000000 55.000000
    vertex 0.000000 12.000000 56.000000
  endloop
endfacet
facet normal 0.111964 0.993712 0.000000
  outer loop
    vertex 2.670251 11.699135 55.000000
    vertex 0.000000 12.000000 56.000000
    vertex 2.670251 11.699135 56.000000
  endloop
endfacet
facet normal -0.111964 -0.993712 -0.000000
  outer loop
    vertex 0.578554 2.534813 55.000000
    vertex 0.000000 2.600000 55.000000
    vertex 0.000000 2.600000 56.000000
  endloop
endfacet
facet normal -0.111964 -0.993712 -0.000000
  outer loop
    vertex 0.578554 2.534813 55.000000
    vertex 0.000000 2.600000 56.000000
    vertex 0.578554 2.534813 56.000000
  endloop
endfacet
facet normal -0.111964 0.993712 0.000000
  outer loop
    vertex 0.000000 12.000000 55.000000
    vertex -2.670251 11.699135 55.000000
    vertex -2.670251 11.699135 56.000000
  endloop
endfacet
facet normal -0.111964 0.993712 0.000000
  outer loop
    vertex 0.000000 12.000000 55.000000
    vertex -2.670251 11.699135 56.000000
    vertex 0.000000 12.000000 56.000000
  endloop
endfacet
facet normal 0.111964 -0.993712 -0.000000
  outer loop
    vertex 0.000000 2.600000 55.000000
    vertex -0.578554 2.534813 55.000000
    vertex -0.578554 2.534813 56.000000
  endloop
endfacet
facet normal 0.111964 -0.993712 -0.000000
  outer loop
    vertex 0.000000 2.600000 55.000000
    vertex -0.578554 2.534813 56.000000
    vertex 0.000000 2.600000 56.000000
  endloop
endfacet
facet normal -0.330279 0.943883 0.000000
  outer loop
    vertex -2.670251 11.699135 55.000000
    vertex -5.206605 10.811626 55.000000
    vertex -5.206605 10.811626 56.000000
  endloop
endfacet
facet normal -0.330279 0.943883 0.000000
  outer loop
    vertex -2.670251 11.699135 55.000000
    vertex -5.206605 10.811626 56.000000
    vertex -2.670251 11.699135 56.000000
  endloop
endfacet
facet normal 0.330279 -0.943883 -0.000000
  outer loop
    vertex -0.578554 2.534813 55.000000
    vertex -1.128098 2.342519 55.000000
    vertex -1.128098 2.342519 56.000000
  endloop
endfacet
facet normal 0.330279 -0.943883 -0.000000
  outer loop
    vertex -0.578554 2.534813 55.000000
    vertex -1.128098 2.342519 56.000000
    vertex -0.578554 2.534813 56.000000
  endloop
endfacet
facet normal -0.532032 0.846724 0.000000
  outer loop
    vertex -5.206605 10.811626 55.000000
    vertex -7.481878 9.381978 55.000000
    vertex -7.481878 9.381978 56.000000
  endloop
endfacet
facet normal -0.532032 0.846724 0.000000
  outer loop
    vertex -5.206605 10.811626 55.000000
    vertex -7.481878 9.381978 56.000000
    vertex -5.206605 10.811626 56.000000
  endloop
endfacet
facet normal 0.532032 -0.846724 -0.000000
  outer loop
    vertex -1.128098 2.342519 55.000000
    vertex -1.621073 2.032762 55.000000
    vertex -1.621073 2.032762 56.000000
  endloop
endfacet
facet normal 0.532032 -0.846724 -0.000000
  outer loop
    vertex -1.128098 2.342519 55.000000
    vertex -1.621073 2.032762 56.000000
    vertex -1.128098 2.342519 56.000000
  endloop
endfacet
facet normal -0.707107 0.707107 0.000000
  outer loop
    vertex -7.481878 9.381978 55.000000
    vertex -9.381978 7.481878 55.000000
    vertex -9.381978 7.481878 56.000000
  endloop
endfacet
facet normal -0.707107 0.707107 0.000000
  outer loop
    vertex -7.481878 9.381978 55.000000
    vertex -9.381978 7.481878 56.000000
    vertex -7.481878 9.381978 56.000000
  endloop
endfacet
facet normal 0.707107 -0.707107 -0.000000
  outer loop
    vertex -1.621073 2.032762 55.000000
    vertex -2.032762 1.621073 55.000000
    vertex -2.032762 1.621073 56.000000
  endloop
endfacet
facet normal 0.707107 -0.707107 -0.000000
  outer loop
    vertex -1.621073 2.032762 55.000000
    vertex -2.032762 1.621073 56.000000
    vertex -1.621073 2.032762 56.000000
  endloop
endfacet
facet normal -0.846724 0.532032 0.000000
  outer loop
    vertex -9.381978 7.481878 55.000000
    vertex -10.811626 5.206605 55.000000
    vertex -10.811626 5.206605 56.000000
  endloop
endfacet
facet normal -0.846724 0.532032 0.000000
  outer loop
    vertex -9.381978 7.481878 55.000000
    vertex -10.811626 5.206605 56.000000
    vertex -9.381978 7.481878 56.000000
  endloop
endfacet
facet normal 0.846724 -0.532032 -0.000000
  outer loop
    vertex -2.032762 1.621073 55.000000
    vertex -2.342519 1.128098 55.000000
    vertex -2.342519 1.128098 56.000000
  endloop
endfacet
facet normal 0.846724 -0.532032 -0.000000
  outer loop
    vertex -2.032762 1.621073 55.000000
    vertex -2.342519 1.128098 56.000000
    vertex -2.032762 1.621073 56.000000
  endloop
endfacet
facet normal -0.943883 0.330279 0.000000
  outer loop
    vertex -10.811626 5.206605 55.000000
    vertex -11.699135 2.670251 55.000000
    vertex -11.699135 2.670251 56.000000
  endloop
endfacet
facet normal -0.943883 0.330279 0.000000
  outer loop
    vertex -10.811626 5.206605 55.000000
    vertex -11.699135 2.670251 56.000000
    vertex -10.811626 5.206605 56.000000
  endloop
endfacet
facet normal 0.943883 -0.330279 -0.000000
  outer loop
    vertex -2.342519 1.128098 55.000000
    vertex -2.534813 0.578554 55.000000
    vertex -2.534813 0.578554 56.000000
  endloop
endfacet
facet normal 0.943883 -0.330279 -0.000000
  outer loop
    vertex -2.342519 1.128098 55.000000
    vertex -2.534813 0.578554 56.000000
    vertex -2.342519 1.128098 56.000000
  endloop
endfacet
facet normal -0.993712 0.111964 0.000000
  outer loop
    vertex -11.699135 2.670251 55.000000
    vertex -12.000000 0.000000 55.000000
    vertex -12.000000 0.000000 56.000000
  endloop
endfacet
facet normal -0.993712 0.111964 0.000000
  outer loop
    vertex -11.699135 2.670251 55.000000
    vertex -12.000000 0.000000 56.000000
    vertex -11.699135 2.670251 56.000000
  endloop
endfacet
facet normal 0.993712 -0.111964 -0.000000
  outer loop
    vertex -2.534813 0.578554 55.000000
    vertex -2.600000 0.000000 55.000000
    vertex -2.600000 0.000000 56.000000
  endloop
endfacet
facet normal 0.993712 -0.111964 -0.000000
  outer loop
    vertex -2.534813 0.578554 55.000000
    vertex -2.600000 0.000000 56.000000
    vertex -2.534813 0.578554 56.000000
  endloop
endfacet
facet normal -0.993712 -0.111964 0.000000
  outer loop
    vertex -12.000000 0.000000 55.000000
    vertex -11.699135 -2.670251 55.000000
    vertex -11.699135 -2.670251 56.000000
  endloop
endfacet
facet normal -0.993712 -0.111964 0.000000
  outer loop
    vertex -12.000000 0.000000 55.000000
    vertex -11.699135 -2.670251 56.000000
    vertex -12.000000 0.000000 56.000000
  endloop
endfacet
facet normal 0.993712 0.111964 -0.000000
  outer loop
    vertex -2.600000 0.000000 55.000000
    vertex -2.534813 -0.578554 55.000000
    vertex -2.534813 -0.578554 56.000000
  endloop
endfacet
facet normal 0.993712 0.111964 -0.000000
  outer loop
    vertex -2.600000 0.000000 55.000000
    vertex -2.534813 -0.578554 56.000000
    vertex -2.600000 0.000000 56.000000
  endloop
endfacet
facet normal -0.943883 -0.330279 0.000000
  outer loop
    vertex -11.699135 -2.670251 55.000000
    vertex -10.811626 -5.206605 55.000000
    vertex -10.811626 -5.206605 56.000000
  endloop
endfacet
facet normal -0.943883 -0.330279 0.000000
  outer loop
    vertex -11.699135 -2.670251 55.000000
    vertex -10.811626 -5.206605 56.000000
    vertex -11.699135 -2.670251 56.000000
  endloop
endfacet
facet normal 0.943883 0.330279 -0.000000
  outer loop
    vertex -2.534813 -0.578554 55.000000
    vertex -2.342519 -1.128098 55.000000
    vertex -2.342519 -1.128098 56.000000
  endloop
endfacet
facet normal 0.943883 0.330279 -0.000000
  outer loop
    vertex -2.534813 -0.578554 55.000000
    vertex -2.342519 -1.128098 56.000000
    vertex -2.534813 -0.578554 56.000000
  endloop
endfacet
facet normal -0.846724 -0.532032 0.000000
  outer loop
    vertex -10.811626 -5.206605 55.000000
    vertex -9.381978 -7.481878 55.000000
    vertex -9.381978 -7.481878 56.000000
  endloop
endfacet
facet normal -0.846724 -0.532032 0.000000
  outer loop
    vertex -10.811626 -5.206605 55.000000
    vertex -9.381978 -7.481878 56.000000
    vertex -10.811626 -5.206605 56.000000
  endloop
endfacet
facet normal 0.846724 0.532032 -0.000000
  outer loop
    vertex -2.342519 -1.128098 55.000000
    vertex -2.032762 -1.621073 55.000000
    vertex -2.032762 -1.621073 56.000000
  endloop
endfacet
facet normal 0.846724 0.532032 -0.000000
  outer loop
    vertex -2.342519 -1.128098 55.000000
    vertex -2.032762 -1.621073 56.000000
    vertex -2.342519 -1.128098 56.000000
  endloop
endfacet
facet normal -0.707107 -0.707107 0.000000
  outer loop
    vertex -9.381978 -7.481878 55.000000
    vertex -7.481878 -9.381978 55.000000
    vertex -7.481878 -9.381978 56.000000
  endloop
endfacet
facet normal -0.707107 -0.707107 0.000000
  outer loop
    vertex -9.381978 -7.481878 55.000000
    vertex -7.481878 -9.381978 56.000000
    vertex -9.381978 -7.481878 56.000000
  endloop
endfacet
facet normal 0.707107 0.707107 -0.000000
  outer loop
    vertex -2.032762 -1.621073 55.000000
    vertex -1.621073 -2.032762 55.000000
    vertex -1.621073 -2.032762 56.000000
  endloop
endfacet
facet normal 0.707107 0.707107 -0.000000
  outer loop
    vertex -2.032762 -1.621073 55.000000
    vertex -1.621073 -2.032762 56.000000
    vertex -2.032762 -1.621073 56.000000
  endloop
endfacet
facet normal -0.532032 -0.846724 0.000000
  outer loop
    vertex -7.481878 -9.381978 55.000000
    vertex -5.206605 -10.811626 55.000000
    vertex -5.206605 -10.811626 56.000000
  endloop
endfacet
facet normal -0.532032 -0.846724 0.000000
  outer loop
    vertex -7.481878 -9.381978 55.000000
    vertex -5.206605 -10.811626 56.000000
    vertex -7.481878 -9.381978 56.000000
  endloop
endfacet
facet normal 0.532032 0.846724 -0.000000
  outer loop
    vertex -1.621073 -2.032762 55.000000
    vertex -1.128098 -2.342519 55.000000
    vertex -1.128098 -2.342519 56.000000
  endloop
endfacet
facet normal 0.532032 0.846724 -0.000000
  outer loop
    vertex -1.621073 -2.032762 55.000000
    vertex -1.128098 -2.342519 56.000000
    vertex -1.621073 -2.032762 56.000000
  endloop
endfacet
facet normal -0.330279 -0.943883 0.000000
  outer loop
    vertex -5.206605 -10.811626 55.000000
    vertex -2.670251 -11.699135 55.000000
    vertex -2.670251 -11.699135 56.000000
  endloop
endfacet
facet normal -0.330279 -0.943883 0.000000
  outer loop
    vertex -5.206605 -10.811626 55.000000
    vertex -2.670251 -11.699135 56.000000
    vertex -5.206605 -10.811626 56.000000
  endloop
endfacet
facet normal 0.330279 0.943883 -0.000000
  outer loop
    vertex -1.128098 -2.342519 55.000000
    vertex -0.578554 -2.534813 55.000000
    vertex -0.578554 -2.534813 56.000000
  endloop
endfacet
facet normal 0.330279 0.943883 -0.000000
  outer loop
    vertex -1.128098 -2.342519 55.000000
    vertex -0.578554 -2.534813 56.000000
    vertex -1.128098 -2.342519 56.000000
  endloop
endfacet
facet normal -0.111964 -0.993712 0.000000
  outer loop
    vertex -2.670251 -11.699135 55.000000
    vertex -0.000000 -12.000000 55.000000
    vertex -0.000000 -12.000000 56.000000
  endloop
endfacet
facet normal -0.111964 -0.993712 0.000000
  outer loop
    vertex -2.670251 -11.699135 55.000000
    vertex -0.000000 -12.000000 56.000000
    vertex -2.670251 -11.699135 56.000000
  endloop
endfacet
facet normal 0.111964 0.993712 -0.000000
  outer loop
    vertex -0.578554 -2.534813 55.000000
    vertex -0.000000 -2.600000 55.000000
    vertex -0.000000 -2.600000 56.000000
  endloop
endfacet
facet normal 0.111964 0.993712 -0.000000
  outer loop
    vertex -0.578554 -2.534813 55.000000
    vertex -0.000000 -2.600000 56.000000
    vertex -0.578554 -2.534813 56.000000
  endloop
endfacet
facet normal 0.111964 -0.993712 0.000000
  outer loop
    vertex -0.000000 -12.000000 55.000000
    vertex 2.670251 -11.699135 55.000000
    vertex 2.670251 -11.699135 56.000000
  endloop
endfacet
facet normal 0.111964 -0.993712 0.000000
  outer loop
    vertex -0.000000 -12.000000 55.000000
    vertex 2.670251 -11.699135 56.000000
    vertex -0.000000 -12.000000 56.000000
  endloop
endfacet
facet normal -0.111964 0.993712 -0.000000
  outer loop
    vertex -0.000000 -2.600000 55.000000
    vertex 0.578554 -2.534813 55.000000
    vertex 0.578554 -2.534813 56.000000
  endloop
endfacet
facet normal -0.111964 0.993712 -0.000000
  outer loop
    vertex -0.000000 -2.600000 55.000000
    vertex 0.578554 -2.534813 56.000000
    vertex -0.000000 -2.600000 56.000000
  endloop
endfacet
facet normal 0.330279 -0.943883 0.000000
  outer loop
    vertex 2.670251 -11.699135 55.000000
    vertex 5.206605 -10.811626 55.000000
    vertex 5.206605 -10.811626 56.000000
  endloop
endfacet
facet normal 0.330279 -0.943883 0.000000
  outer loop
    vertex 2.670251 -11.699135 55.000000
    vertex 5.206605 -10.811626 56.000000
    vertex 2.670251 -11.699135 56.000000
  endloop
endfacet
facet normal -0.330279 0.943883 -0.000000
  outer loop
    vertex 0.578554 -2.534813 55.000000
    vertex 1.128098 -2.342519 55.000000
    vertex 1.128098 -2.342519 56.000000
  endloop
endfacet
facet normal -0.330279 0.943883 -0.000000
  outer loop
    vertex 0.578554 -2.534813 55.000000
    vertex 1.128098 -2.342519 56.000000
    vertex 0.578554 -2.534813 56.000000
  endloop
endfacet
facet normal 0.532032 -0.846724 0.000000
  outer loop
    vertex 5.206605 -10.811626 55.000000
    vertex 7.481878 -9.381978 55.000000
    vertex 7.481878 -9.381978 56.000000
  endloop
endfacet
facet normal 0.532032 -0.846724 0.000000
  outer loop
    vertex 5.206605 -10.811626 55.000000
    vertex 7.481878 -9.381978 56.000000
    vertex 5.206605 -10.811626 56.000000
  endloop
endfacet
facet normal -0.532032 0.846724 -0.000000
  outer loop
    vertex 1.128098 -2.342519 55.000000
    vertex 1.621073 -2.032762 55.000000
    vertex 1.621073 -2.032762 56.000000
  endloop
endfacet
facet normal -0.532032 0.846724 -0.000000
  outer loop
    vertex 1.128098 -2.342519 55.000000
    vertex 1.621073 -2.032762 56.000000
    vertex 1.128098 -2.342519 56.000000
  endloop
endfacet
facet normal 0.707107 -0.707107 0.000000
  outer loop
    vertex 7.481878 -9.381978 55.000000
    vertex 9.381978 -7.481878 55.000000
    vertex 9.381978 -7.481878 56.000000
  endloop
endfacet
facet normal 0.707107 -0.707107 0.000000
  outer loop
    vertex 7.481878 -9.381978 55.000000
    vertex 9.381978 -7.481878 56.000000
    vertex 7.481878 -9.381978 56.000000
  endloop
endfacet
facet normal -0.707107 0.707107 -0.000000
  outer loop
    vertex 1.621073 -2.032762 55.000000
    vertex 2.032762 -1.621073 55.000000
    vertex 2.032762 -1.621073 56.000000
  endloop
endfacet
facet normal -0.707107 0.707107 -0.000000
  outer loop
    vertex 1.621073 -2.032762 55.000000
    vertex 2.032762 -1.621073 56.000000
    vertex 1.621073 -2.032762 56.000000
  endloop
endfacet
facet normal 0.846724 -0.532032 0.000000
  outer loop
    vertex 9.381978 -7.481878 55.000000
    vertex 10.811626 -5.206605 55.000000
    vertex 10.811626 -5.206605 56.000000
  endloop
endfacet
facet normal 0.846724 -0.532032 0.000000
  outer loop
    vertex 9.381978 -7.481878 55.000000
    vertex 10.811626 -5.206605 56.000000
    vertex 9.381978 -7.481878 56.000000
  endloop
endfacet
facet normal -0.846724 0.532032 -0.000000
  outer loop
    vertex 2.032762 -1.621073 55.000000
    vertex 2.342519 -1.128098 55.000000
    vertex 2.342519 -1.128098 56.000000
  endloop
endfacet
facet normal -0.846724 0.532032 -0.000000
  outer loop
    vertex 2.032762 -1.621073 55.000000
    vertex 2.342519 -1.128098 56.000000
    vertex 2.032762 -1.621073 56.000000
  endloop
endfacet
facet normal 0.943883 -0.330279 0.000000
  outer loop
    vertex 10.811626 -5.206605 55.000000
    vertex 11.699135 -2.670251 55.000000
    vertex 11.699135 -2.670251 56.000000
  endloop
endfacet
facet normal 0.943883 -0.330279 0.000000
  outer loop
    vertex 10.811626 -5.206605 55.000000
    vertex 11.699135 -2.670251 56.000000
    vertex 10.811626 -5.206605 56.000000
  endloop
endfacet
facet normal -0.943883 0.330279 -0.000000
  outer loop
    vertex 2.342519 -1.128098 55.000000
    vertex 2.534813 -0.578554 55.000000
    vertex 2.534813 -0.578554 56.000000
  endloop
endfacet
facet normal -0.943883 0.330279 -0.000000
  outer loop
    vertex 2.342519 -1.128098 55.000000
    vertex 2.534813 -0.578554 56.000000
    vertex 2.342519 -1.128098 56.000000
  endloop
endfacet
facet normal 0.993712 -0.111964 0.000000
  outer loop
    vertex 11.699135 -2.670251 55.000000
    vertex 12.000000 0.000000 55.000000
    vertex 12.000000 0.000000 56.000000
  endloop
endfacet
facet normal 0.993712 -0.111964 0.000000
  outer loop
    vertex 11.699135 -2.670251 55.000000
    vertex 12.000000 0.000000 56.000000
    vertex 11.699135 -2.670251 56.000000
  endloop
endfacet
facet normal -0.993712 0.111964 -0.000000
  outer loop
    vertex 2.534813 -0.578554 55.000000
    vertex 2.600000 0.000000 55.000000
    vertex 2.600000 0.000000 56.000000
  endloop
endfacet
facet normal -0.993712 0.111964 -0.000000
  outer loop
    vertex 2.534813 -0.578554 55.000000
    vertex 2.600000 0.000000 56.000000
    vertex 2.534813 -0.578554 56.000000
  endloop
endfacet
facet normal -1.000000 0.000000 0.000000
  outer loop
    vertex 5.000000 -4.000000 56.000000
    vertex 5.000000 -4.000000 66.000000
    vertex 5.000000 4.000000 66.000000
  endloop
endfacet
facet normal -1.000000 0.000000 0.000000
  outer loop
    vertex 5.000000 -4.000000 56.000000
    vertex 5.000000 4.000000 66.000000
    vertex 5.000000 4.000000 56.000000
  endloop
endfacet
facet normal 1.000000 0.000000 0.000000
  outer loop
    vertex 13.000000 -4.000000 56.000000
    vertex 13.000000 4.000000 56.000000
    vertex 13.000000 4.000000 66.000000
  endloop
endfacet
facet normal 1.000000 0.000000 0.000000
  outer loop
    vertex 13.000000 -4.000000 56.000000
    vertex 13.000000 4.000000 66.000000
    vertex 13.000000 -4.000000 66.000000
  endloop
endfacet
facet normal 0.000000 -1.000000 0.000000
  outer loop
    vertex 5.000000 -4.000000 56.000000
    vertex 13.000000 -4.000000 56.000000
    vertex 13.000000 -4.000000 66.000000
  endloop
endfacet
facet normal 0.000000 -1.000000 0.000000
  outer loop
    vertex 5.000000 -4.000000 56.000000
    vertex 13.000000 -4.000000 66.000000
    vertex 5.000000 -4.000000 66.000000
  endloop
endfacet
facet normal 0.000000 1.000000 0.000000
  outer loop
    vertex 5.000000 4.000000 56.000000
    vertex 5.000000 4.000000 66.000000
    vertex 13.000000 4.000000 66.000000
  endloop
endfacet
facet normal 0.000000 1.000000 0.000000
  outer loop
    vertex 5.000000 4.000000 56.000000
    vertex 13.000000 4.000000 66.000000
    vertex 13.000000 4.000000 56.000000
  endloop
endfacet
facet normal 0.000000 0.000000 1.000000
  outer loop
    vertex 5.000000 -4.000000 66.000000
    vertex 13.000000 -4.000000 66.000000
    vertex 13.000000 4.000000 66.000000
  endloop
endfacet
facet normal 0.000000 0.000000 1.000000
  outer loop
    vertex 5.000000 -4.000000 66.000000
    vertex 13.000000 4.000000 66.000000
    vertex 5.000000 4.000000 66.000000
  endloop
endfacet
facet normal 0.000000 0.000000 -1.000000
  outer loop
    vertex 5.000000 -4.000000 56.000000
    vertex 5.000000 4.000000 56.000000
    vertex 13.000000 4.000000 56.000000
  endloop
endfacet
facet normal 0.000000 0.000000 -1.000000
  outer loop
    vertex 5.000000 -4.000000 56.000000
    vertex 13.000000 4.000000 56.000000
    vertex 13.000000 -4.000000 56.000000
  endloop
endfacet
endsolid generator_coupling
