solid seavolt
facet normal -0.8175849832 -0.5758079499 0
  outer loop
    vertex -79.82108307 -53.3347435 -18
    vertex -77.10792542 -57.18713379 -18
    vertex -79.82108307 -53.3347435 0
  endloop
endfacet
facet normal -0.8448534243 -0.5349978424 0
  outer loop
    vertex -82.34194946 -49.35386276 -18
    vertex -79.82108307 -53.3347435 -18
    vertex -82.34194946 -49.35386276 0
  endloop
endfacet
facet normal -0.6531734098 -0.7572083575 -0
  outer loop
    vertex -60.90175629 -74.20900726 -18
    vertex -64.4696579 -71.13130951 0
    vertex -64.4696579 -71.13130951 -18
  endloop
endfacet
facet normal -0.6152313666 -0.7883466024 0
  outer loop
    vertex -60.90175629 -74.20900726 -18
    vertex -57.18713379 -77.10792542 -18
    vertex -60.90175629 -74.20900726 0
  endloop
endfacet
facet normal -0.5758079499 -0.8175849832 -0
  outer loop
    vertex -53.3347435 -79.82108307 -18
    vertex -57.18713379 -77.10792542 0
    vertex -57.18713379 -77.10792542 -18
  endloop
endfacet
facet normal -0.7572083575 -0.6531734098 0
  outer loop
    vertex -74.20900726 -60.90175629 -18
    vertex -71.13130951 -64.4696579 -18
    vertex -74.20900726 -60.90175629 0
  endloop
endfacet
facet normal -0.6895411886 -0.72424647 0
  outer loop
    vertex -67.88224792 -67.88224792 -18
    vertex -64.4696579 -71.13130951 -18
    vertex -67.88224792 -67.88224792 0
  endloop
endfacet
facet normal -0.72424647 -0.6895411886 0
  outer loop
    vertex -71.13130951 -64.4696579 -18
    vertex -67.88224792 -67.88224792 -18
    vertex -71.13130951 -64.4696579 0
  endloop
endfacet
facet normal -0.7883466024 -0.6152313666 -0
  outer loop
    vertex -74.20900726 -60.90175629 -18
    vertex -77.10792542 -57.18713379 0
    vertex -77.10792542 -57.18713379 -18
  endloop
endfacet
facet normal 0 0 -1
  outer loop
    vertex -93.1230011 -23.32609749 -18
    vertex -94.15538788 -18.72867012 -18
    vertex -85.46477509 -17 -18
  endloop
endfacet
facet normal 0 0 -1
  outer loop
    vertex -94.15538788 -18.72867012 -18
    vertex -94.45533752 -17 -18
    vertex -85.46477509 -17 -18
  endloop
endfacet
facet normal 0 -1 0
  outer loop
    vertex -102 -17 -18
    vertex -94.45533752 -17 -18
    vertex -102 -17 -12
  endloop
endfacet
facet normal -0.9852779375 -0.1709601879 -0
  outer loop
    vertex -94.15538788 -18.72867012 -18
    vertex -94.45533752 -17 -12
    vertex -94.45533752 -17 -18
  endloop
endfacet
facet normal 0 0 -1
  outer loop
    vertex -102 -17 -18
    vertex -102 17 -18
    vertex -94.45533752 -17 -18
  endloop
endfacet
facet normal 0 0 -1
  outer loop
    vertex -94.45533752 -17 -18
    vertex -102 17 -18
    vertex -92.15000153 -7.150000095 -18
  endloop
endfacet
facet normal 0 -0 -1
  outer loop
    vertex -94.45533752 -17 -18
    vertex -77.84999847 -7.150000095 -18
    vertex -85.46477509 -17 -18
  endloop
endfacet
facet normal 0 0 -1
  outer loop
    vertex -93.1230011 -23.32609749 -18
    vertex -85.46477509 -17 -18
    vertex -70.89759064 -14.10240746 -18
  endloop
endfacet
facet normal 0 0 -1
  outer loop
    vertex -85.46477509 -17 -18
    vertex -77.84999847 -7.150000095 -18
    vertex -70.89759064 -14.10240746 -18
  endloop
endfacet
facet normal 0 0 -1
  outer loop
    vertex -94.45533752 -17 -18
    vertex -92.15000153 -7.150000095 -18
    vertex -77.84999847 -7.150000095 -18
  endloop
endfacet
facet normal 0 -1 0
  outer loop
    vertex -94.45533752 -17 -18
    vertex -94.45533752 -17 -12
    vertex -102 -17 -12
  endloop
endfacet
facet normal -1 0 0
  outer loop
    vertex -102 -17 -18
    vertex -102 -17 -12
    vertex -102 17 -12
  endloop
endfacet
facet normal 0 -0 -1
  outer loop
    vertex -79.82108307 -53.3347435 -18
    vertex -3.614434004 -2.680646896 -18
    vertex -77.10792542 -57.18713379 -18
  endloop
endfacet
facet normal 0 0 -1
  outer loop
    vertex -86.78297424 -41.04528809 -18
    vertex -88.69243622 -36.73760986 -18
    vertex -4.157457829 -1.722075462 -18
  endloop
endfacet
facet normal 0 0 -1
  outer loop
    vertex -82.34194946 -49.35386276 -18
    vertex -84.66444397 -45.25408554 -18
    vertex -3.859778643 -2.313462257 -18
  endloop
endfacet
facet normal 0 -0 -1
  outer loop
    vertex -82.34194946 -49.35386276 -18
    vertex -3.74161315 -2.500066042 -18
    vertex -79.82108307 -53.3347435 -18
  endloop
endfacet
facet normal 0 0 -1
  outer loop
    vertex -84.66444397 -45.25408554 -18
    vertex -86.78297424 -41.04528809 -18
    vertex -4.067951679 -1.923997879 -18
  endloop
endfacet
facet normal 0 0 -1
  outer loop
    vertex -90.38822937 -32.34142685 -18
    vertex -91.86627197 -27.86732864 -18
    vertex -4.23694849 -1.516004324 -18
  endloop
endfacet
facet normal 0 -0 -1
  outer loop
    vertex -90.38822937 -32.34142685 -18
    vertex -4.157457829 -1.722075462 -18
    vertex -88.69243622 -36.73760986 -18
  endloop
endfacet
facet normal 0 0 -1
  outer loop
    vertex -91.86627197 -27.86732864 -18
    vertex -93.1230011 -23.32609749 -18
    vertex -4.306231499 -1.30628109 -18
  endloop
endfacet
facet normal 0 0 -1
  outer loop
    vertex -93.1230011 -23.32609749 -18
    vertex -70.89759064 -14.10240746 -18
    vertex -4.365140438 -1.09341085 -18
  endloop
endfacet
facet normal -0.9329929247 -0.3598947103 0
  outer loop
    vertex -90.38822937 -32.34142685 -18
    vertex -88.69243622 -36.73760986 -18
    vertex -90.38822937 -32.34142685 0
  endloop
endfacet
facet normal -0.9495281679 -0.313681779 -0
  outer loop
    vertex -90.38822937 -32.34142685 -18
    vertex -91.86627197 -27.86732864 0
    vertex -91.86627197 -27.86732864 -18
  endloop
endfacet
facet normal -0.9637759996 -0.2667129966 -0
  outer loop
    vertex -91.86627197 -27.86732864 -18
    vertex -93.1230011 -23.32609749 0
    vertex -93.1230011 -23.32609749 -18
  endloop
endfacet
facet normal -0.8700870459 -0.4928980955 -0
  outer loop
    vertex -82.34194946 -49.35386276 -18
    vertex -84.66444397 -45.25408554 0
    vertex -84.66444397 -45.25408554 -18
  endloop
endfacet
facet normal -0.8932243295 -0.4496112734 -0
  outer loop
    vertex -84.66444397 -45.25408554 -18
    vertex -86.78297424 -41.04528809 0
    vertex -86.78297424 -41.04528809 -18
  endloop
endfacet
facet normal -0.9142097916 -0.405241233 -0
  outer loop
    vertex -86.78297424 -41.04528809 -18
    vertex -88.69243622 -36.73760986 0
    vertex -88.69243622 -36.73760986 -18
  endloop
endfacet
facet normal 0 -0 1
  outer loop
    vertex -102 -17 -12
    vertex -94.45533752 -17 -12
    vertex -94.96094513 -14.08612537 -12
  endloop
endfacet
facet normal 0 -0 1
  outer loop
    vertex -102 -17 -12
    vertex -94.96094513 -14.08612537 -12
    vertex -95.53773499 -9.409645081 -12
  endloop
endfacet
facet normal -0.9757021327 -0.2191012282 -0
  outer loop
    vertex -93.1230011 -23.32609749 -18
    vertex -94.15538788 -18.72867012 0
    vertex -94.15538788 -18.72867012 -18
  endloop
endfacet
facet normal 0 -0 1
  outer loop
    vertex -102 -17 -12
    vertex -95.53773499 -9.409645081 -12
    vertex -95.88436127 -4.710496902 -12
  endloop
endfacet
facet normal 0 -0 1
  outer loop
    vertex -102 -17 -12
    vertex -95.88436127 -4.710496902 -12
    vertex -102 17 -12
  endloop
endfacet
facet normal -0 1 0
  outer loop
    vertex -92.15000153 -7.150000095 -18
    vertex -92.15000153 -7.150000095 0
    vertex -77.84999847 -7.150000095 -18
  endloop
endfacet
facet normal -1 0 0
  outer loop
    vertex -77.84999847 -7.150000095 -18
    vertex -77.84999847 -7.150000095 0
    vertex -77.84999847 7.150000095 -18
  endloop
endfacet
facet normal -0.985280251 -0.170946854 -3.957294744e-06
  outer loop
    vertex -94.15538788 -18.72867012 -18
    vertex -94.96094513 -14.08612537 0
    vertex -94.45533752 -17 -12
  endloop
endfacet
facet normal 0 -0 -1
  outer loop
    vertex -60.90175629 -74.20900726 -18
    vertex -2.680646896 -3.614434004 -18
    vertex -57.18713379 -77.10792542 -18
  endloop
endfacet
facet normal 0 0 -1
  outer loop
    vertex -60.90175629 -74.20900726 -18
    vertex -64.4696579 -71.13130951 -18
    vertex -2.854769707 -3.478547096 -18
  endloop
endfacet
facet normal 0 -0 -1
  outer loop
    vertex -53.3347435 -79.82108307 -18
    vertex -2.313462257 -3.859778643 -18
    vertex -49.35386276 -82.34194946 -18
  endloop
endfacet
facet normal 0 0 -1
  outer loop
    vertex -53.3347435 -79.82108307 -18
    vertex -57.18713379 -77.10792542 -18
    vertex -2.680646896 -3.614434004 -18
  endloop
endfacet
facet normal 0 0 -1
  outer loop
    vertex -45.25408554 -84.66444397 -18
    vertex -49.35386276 -82.34194946 -18
    vertex -2.1212852 -3.968645573 -18
  endloop
endfacet
facet normal 0 -0 -1
  outer loop
    vertex -45.25408554 -84.66444397 -18
    vertex -1.923997879 -4.067951679 -18
    vertex -41.04528809 -86.78297424 -18
  endloop
endfacet
facet normal 0 -0 -1
  outer loop
    vertex -36.73760986 -88.69243622 -18
    vertex -1.516004324 -4.23694849 -18
    vertex -32.34142685 -90.38822937 -18
  endloop
endfacet
facet normal 0 -0 -1
  outer loop
    vertex -32.34142685 -90.38822937 -18
    vertex -1.516004324 -4.23694849 -18
    vertex -27.86732864 -91.86627197 -18
  endloop
endfacet
facet normal 0 -0 -1
  outer loop
    vertex -27.86732864 -91.86627197 -18
    vertex -1.09341085 -4.365140438 -18
    vertex -23.32609749 -93.1230011 -18
  endloop
endfacet
facet normal 0 -0 -1
  outer loop
    vertex -41.04528809 -86.78297424 -18
    vertex -1.722075462 -4.157457829 -18
    vertex -36.73760986 -88.69243622 -18
  endloop
endfacet
facet normal 0 -0 -1
  outer loop
    vertex -23.32609749 -93.1230011 -18
    vertex -0.8779064417 -4.413533688 -18
    vertex -18.72867012 -94.15538788 -18
  endloop
endfacet
facet normal 0 -0 -1
  outer loop
    vertex -18.72867012 -94.15538788 -18
    vertex -0.6602871418 -4.451294422 -18
    vertex -14.08612537 -94.96094513 -18
  endloop
endfacet
facet normal 0 -0 -1
  outer loop
    vertex -14.08612537 -94.96094513 -18
    vertex -0.6602871418 -4.451294422 -18
    vertex -9.409645081 -95.53773499 -18
  endloop
endfacet
facet normal 0 -0 -1
  outer loop
    vertex -9.409645081 -95.53773499 -18
    vertex -0.2208045274 -4.494579315 -18
    vertex -4.710496902 -95.88436127 -18
  endloop
endfacet
facet normal -0.4496112734 -0.8932243295 0
  outer loop
    vertex -45.25408554 -84.66444397 -18
    vertex -41.04528809 -86.78297424 -18
    vertex -45.25408554 -84.66444397 0
  endloop
endfacet
facet normal -0.5349978424 -0.8448534243 0
  outer loop
    vertex -53.3347435 -79.82108307 -18
    vertex -49.35386276 -82.34194946 -18
    vertex -53.3347435 -79.82108307 0
  endloop
endfacet
facet normal -0.4928980955 -0.8700870459 -0
  outer loop
    vertex -45.25408554 -84.66444397 -18
    vertex -49.35386276 -82.34194946 0
    vertex -49.35386276 -82.34194946 -18
  endloop
endfacet
facet normal -0.405241233 -0.9142097916 0
  outer loop
    vertex -41.04528809 -86.78297424 -18
    vertex -36.73760986 -88.69243622 -18
    vertex -41.04528809 -86.78297424 0
  endloop
endfacet
facet normal -0.3598947103 -0.9329929247 0
  outer loop
    vertex -36.73760986 -88.69243622 -18
    vertex -32.34142685 -90.38822937 -18
    vertex -36.73760986 -88.69243622 0
  endloop
endfacet
facet normal -0.313681779 -0.9495281679 0
  outer loop
    vertex -32.34142685 -90.38822937 -18
    vertex -27.86732864 -91.86627197 -18
    vertex -32.34142685 -90.38822937 0
  endloop
endfacet
facet normal -0.2667129966 -0.9637759996 0
  outer loop
    vertex -27.86732864 -91.86627197 -18
    vertex -23.32609749 -93.1230011 -18
    vertex -27.86732864 -91.86627197 0
  endloop
endfacet
facet normal -0.2191012282 -0.9757021327 0
  outer loop
    vertex -23.32609749 -93.1230011 -18
    vertex -18.72867012 -94.15538788 -18
    vertex -23.32609749 -93.1230011 0
  endloop
endfacet
facet normal -0.1709617488 -0.9852776667 0
  outer loop
    vertex -18.72867012 -94.15538788 -18
    vertex -14.08612537 -94.96094513 -18
    vertex -18.72867012 -94.15538788 0
  endloop
endfacet
facet normal -0.1224108895 -0.9924795082 0
  outer loop
    vertex -14.08612537 -94.96094513 -18
    vertex -9.409645081 -95.53773499 -18
    vertex -14.08612537 -94.96094513 0
  endloop
endfacet
facet normal -0.07356378002 -0.9972905145 0
  outer loop
    vertex -9.409645081 -95.53773499 -18
    vertex -4.710496902 -95.88436127 -18
    vertex -9.409645081 -95.53773499 0
  endloop
endfacet
facet normal -0.02454176397 -0.9996988056 0
  outer loop
    vertex -4.710496902 -95.88436127 -18
    vertex -1.763491425e-14 -96 -18
    vertex -4.710496902 -95.88436127 0
  endloop
endfacet
facet normal -0 0 1
  outer loop
    vertex -6.122934818 -76.78207397 -10.5
    vertex -3.121445179 -77.69256592 -10.5
    vertex -1.138921517e-14 -62 -10.5
  endloop
endfacet
facet normal 0 -0 1
  outer loop
    vertex -13.30351353 -70.88912201 -10.5
    vertex -1.138921517e-14 -62 -10.5
    vertex -14.78207207 -68.12293243 -10.5
  endloop
endfacet
facet normal -0 0 1
  outer loop
    vertex -15.69256401 -65.1214447 -10.5
    vertex -14.78207207 -68.12293243 -10.5
    vertex -1.138921517e-14 -62 -10.5
  endloop
endfacet
facet normal 0 -0 1
  outer loop
    vertex -15.69256401 -65.1214447 -10.5
    vertex -1.138921517e-14 -62 -10.5
    vertex -16 -62 -10.5
  endloop
endfacet
facet normal 0 -0 1
  outer loop
    vertex -16 -62 -10.5
    vertex -1.138921517e-14 -62 -10.5
    vertex -15.69256401 -58.8785553 -10.5
  endloop
endfacet
facet normal -0 0 1
  outer loop
    vertex -11.31370831 -73.31370544 -10.5
    vertex -8.889123917 -75.30351257 -10.5
    vertex -1.138921517e-14 -62 -10.5
  endloop
endfacet
facet normal 0 -0 1
  outer loop
    vertex -11.31370831 -73.31370544 -10.5
    vertex -1.138921517e-14 -62 -10.5
    vertex -13.30351353 -70.88912201 -10.5
  endloop
endfacet
facet normal -0 0 1
  outer loop
    vertex -8.889123917 -75.30351257 -10.5
    vertex -6.122934818 -76.78207397 -10.5
    vertex -1.138921517e-14 -62 -10.5
  endloop
endfacet
facet normal -0 -0 1
  outer loop
    vertex -15.69256401 -58.8785553 -10.5
    vertex -1.138921517e-14 -62 -10.5
    vertex -14.78207207 -55.87706375 -10.5
  endloop
endfacet
facet normal -0 -0 1
  outer loop
    vertex -14.78207207 -55.87706375 -10.5
    vertex -1.138921517e-14 -62 -10.5
    vertex -13.30351353 -53.11087799 -10.5
  endloop
endfacet
facet normal -0 -0 1
  outer loop
    vertex -13.30351353 -53.11087799 -10.5
    vertex -1.138921517e-14 -62 -10.5
    vertex -11.31370831 -50.68629074 -10.5
  endloop
endfacet
facet normal -0 -0 1
  outer loop
    vertex -11.31370831 -50.68629074 -10.5
    vertex -1.138921517e-14 -62 -10.5
    vertex -8.889123917 -48.69648743 -10.5
  endloop
endfacet
facet normal -0 -0 1
  outer loop
    vertex -8.889123917 -48.69648743 -10.5
    vertex -1.138921517e-14 -62 -10.5
    vertex -6.122934818 -47.21792603 -10.5
  endloop
endfacet
facet normal -0 -0 1
  outer loop
    vertex -6.122934818 -47.21792603 -10.5
    vertex -1.138921517e-14 -62 -10.5
    vertex -3.121445179 -46.30743408 -10.5
  endloop
endfacet
facet normal 0 -0 -1
  outer loop
    vertex -74.20900726 -60.90175629 -18
    vertex -3.334280014 -3.022015333 -18
    vertex -71.13130951 -64.4696579 -18
  endloop
endfacet
facet normal 0 -0 -1
  outer loop
    vertex -71.13130951 -64.4696579 -18
    vertex -3.18198061 -3.18198061 -18
    vertex -67.88224792 -67.88224792 -18
  endloop
endfacet
facet normal 0 0 -1
  outer loop
    vertex -74.20900726 -60.90175629 -18
    vertex -77.10792542 -57.18713379 -18
    vertex -3.614434004 -2.680646896 -18
  endloop
endfacet
facet normal 0 -0 -1
  outer loop
    vertex -67.88224792 -67.88224792 -18
    vertex -3.18198061 -3.18198061 -18
    vertex -64.4696579 -71.13130951 -18
  endloop
endfacet
facet normal 0 -0 -1
  outer loop
    vertex -77.84999847 -7.150000095 -18
    vertex -4.494579315 0.2208045274 -18
    vertex -70.89759064 -14.10240746 -18
  endloop
endfacet
facet normal 0 0 -1
  outer loop
    vertex -82.34194946 -49.35386276 -18
    vertex -3.859778643 -2.313462257 -18
    vertex -3.74161315 -2.500066042 -18
  endloop
endfacet
facet normal 0 0 -1
  outer loop
    vertex -79.82108307 -53.3347435 -18
    vertex -3.74161315 -2.500066042 -18
    vertex -3.614434004 -2.680646896 -18
  endloop
endfacet
facet normal 0 0 -1
  outer loop
    vertex -84.66444397 -45.25408554 -18
    vertex -4.067951679 -1.923997879 -18
    vertex -3.968645573 -2.1212852 -18
  endloop
endfacet
facet normal 0 0 -1
  outer loop
    vertex -86.78297424 -41.04528809 -18
    vertex -4.157457829 -1.722075462 -18
    vertex -4.067951679 -1.923997879 -18
  endloop
endfacet
facet normal 0 0 -1
  outer loop
    vertex -84.66444397 -45.25408554 -18
    vertex -3.968645573 -2.1212852 -18
    vertex -3.859778643 -2.313462257 -18
  endloop
endfacet
facet normal 0 0 -1
  outer loop
    vertex -90.38822937 -32.34142685 -18
    vertex -4.23694849 -1.516004324 -18
    vertex -4.157457829 -1.722075462 -18
  endloop
endfacet
facet normal 0 0 -1
  outer loop
    vertex -91.86627197 -27.86732864 -18
    vertex -4.306231499 -1.30628109 -18
    vertex -4.23694849 -1.516004324 -18
  endloop
endfacet
facet normal 0 0 -1
  outer loop
    vertex -93.1230011 -23.32609749 -18
    vertex -4.365140438 -1.09341085 -18
    vertex -4.306231499 -1.30628109 -18
  endloop
endfacet
facet normal 0 0 -1
  outer loop
    vertex -60.90175629 -74.20900726 -18
    vertex -2.854769707 -3.478547096 -18
    vertex -2.680646896 -3.614434004 -18
  endloop
endfacet
facet normal 0 0 -1
  outer loop
    vertex -64.4696579 -71.13130951 -18
    vertex -3.18198061 -3.18198061 -18
    vertex -3.022015333 -3.334280014 -18
  endloop
endfacet
facet normal 0 0 -1
  outer loop
    vertex -64.4696579 -71.13130951 -18
    vertex -3.022015333 -3.334280014 -18
    vertex -2.854769707 -3.478547096 -18
  endloop
endfacet
facet normal 0 0 -1
  outer loop
    vertex -49.35386276 -82.34194946 -18
    vertex -2.313462257 -3.859778643 -18
    vertex -2.1212852 -3.968645573 -18
  endloop
endfacet
facet normal 0 0 -1
  outer loop
    vertex -45.25408554 -84.66444397 -18
    vertex -2.1212852 -3.968645573 -18
    vertex -1.923997879 -4.067951679 -18
  endloop
endfacet
facet normal 0 0 -1
  outer loop
    vertex -53.3347435 -79.82108307 -18
    vertex -2.680646896 -3.614434004 -18
    vertex -2.500066042 -3.74161315 -18
  endloop
endfacet
facet normal 0 0 -1
  outer loop
    vertex -53.3347435 -79.82108307 -18
    vertex -2.500066042 -3.74161315 -18
    vertex -2.313462257 -3.859778643 -18
  endloop
endfacet
facet normal 0 0 -1
  outer loop
    vertex -41.04528809 -86.78297424 -18
    vertex -1.923997879 -4.067951679 -18
    vertex -1.722075462 -4.157457829 -18
  endloop
endfacet
facet normal 0 0 -1
  outer loop
    vertex -36.73760986 -88.69243622 -18
    vertex -1.722075462 -4.157457829 -18
    vertex -1.516004324 -4.23694849 -18
  endloop
endfacet
facet normal 0 0 -1
  outer loop
    vertex -27.86732864 -91.86627197 -18
    vertex -1.516004324 -4.23694849 -18
    vertex -1.30628109 -4.306231499 -18
  endloop
endfacet
facet normal 0 0 -1
  outer loop
    vertex -27.86732864 -91.86627197 -18
    vertex -1.30628109 -4.306231499 -18
    vertex -1.09341085 -4.365140438 -18
  endloop
endfacet
facet normal 0 0 -1
  outer loop
    vertex -23.32609749 -93.1230011 -18
    vertex -1.09341085 -4.365140438 -18
    vertex -0.8779064417 -4.413533688 -18
  endloop
endfacet
facet normal 0 0 -1
  outer loop
    vertex -18.72867012 -94.15538788 -18
    vertex -0.8779064417 -4.413533688 -18
    vertex -0.6602871418 -4.451294422 -18
  endloop
endfacet
facet normal 0 0 -1
  outer loop
    vertex -9.409645081 -95.53773499 -18
    vertex -0.6602871418 -4.451294422 -18
    vertex -0.441077143 -4.478331089 -18
  endloop
endfacet
facet normal 0 0 -1
  outer loop
    vertex -9.409645081 -95.53773499 -18
    vertex -0.441077143 -4.478331089 -18
    vertex -0.2208045274 -4.494579315 -18
  endloop
endfacet
facet normal 0 0 -1
  outer loop
    vertex -74.20900726 -60.90175629 -18
    vertex -3.478547096 -2.854769707 -18
    vertex -3.334280014 -3.022015333 -18
  endloop
endfacet
facet normal 0 0 -1
  outer loop
    vertex -74.20900726 -60.90175629 -18
    vertex -3.614434004 -2.680646896 -18
    vertex -3.478547096 -2.854769707 -18
  endloop
endfacet
facet normal 0 0 -1
  outer loop
    vertex -71.13130951 -64.4696579 -18
    vertex -3.334280014 -3.022015333 -18
    vertex -3.18198061 -3.18198061 -18
  endloop
endfacet
facet normal 0 0 -1
  outer loop
    vertex -70.89759064 -14.10240746 -18
    vertex -4.413533688 -0.8779064417 -18
    vertex -4.365140438 -1.09341085 -18
  endloop
endfacet
facet normal 0 0 -1
  outer loop
    vertex -70.89759064 -14.10240746 -18
    vertex -4.478331089 -0.441077143 -18
    vertex -4.451294422 -0.6602871418 -18
  endloop
endfacet
facet normal 0 0 -1
  outer loop
    vertex -70.89759064 -14.10240746 -18
    vertex -4.494579315 -0.2208045274 -18
    vertex -4.478331089 -0.441077143 -18
  endloop
endfacet
facet normal 0 0 -1
  outer loop
    vertex -70.89759064 -14.10240746 -18
    vertex -4.5 5.510910704e-16 -18
    vertex -4.494579315 -0.2208045274 -18
  endloop
endfacet
facet normal 0 -0 -1
  outer loop
    vertex -70.89759064 -14.10240746 -18
    vertex -4.494579315 0.2208045274 -18
    vertex -4.5 5.510910704e-16 -18
  endloop
endfacet
facet normal 0 0 -1
  outer loop
    vertex -70.89759064 -14.10240746 -18
    vertex -4.451294422 -0.6602871418 -18
    vertex -4.413533688 -0.8779064417 -18
  endloop
endfacet
facet normal 0.7242475352 0.6895400697 0
  outer loop
    vertex -3.334280014 -3.022015333 -18
    vertex -3.18198061 -3.18198061 -12.10000038
    vertex -3.18198061 -3.18198061 -18
  endloop
endfacet
facet normal 0.6895400697 0.7242475352 0
  outer loop
    vertex -3.022015333 -3.334280014 -18
    vertex -3.18198061 -3.18198061 -18
    vertex -3.022015333 -3.334280014 -12.10000038
  endloop
endfacet
facet normal 0.8448536683 0.5349974572 0
  outer loop
    vertex -3.859778643 -2.313462257 -18
    vertex -3.74161315 -2.500066042 -12.10000038
    vertex -3.74161315 -2.500066042 -18
  endloop
endfacet
facet normal 0.9329924159 0.3598960292 0
  outer loop
    vertex -4.23694849 -1.516004324 -18
    vertex -4.157457829 -1.722075462 -12.10000038
    vertex -4.157457829 -1.722075462 -18
  endloop
endfacet
facet normal 0.893224275 0.4496113818 0
  outer loop
    vertex -3.968645573 -2.1212852 -18
    vertex -4.067951679 -1.923997879 -18
    vertex -3.968645573 -2.1212852 -12.10000038
  endloop
endfacet
facet normal 0.8700870459 0.4928980955 0
  outer loop
    vertex -3.859778643 -2.313462257 -18
    vertex -3.968645573 -2.1212852 -18
    vertex -3.859778643 -2.313462257 -12.10000038
  endloop
endfacet
facet normal 0.9142095917 0.4052416841 0
  outer loop
    vertex -4.067951679 -1.923997879 -18
    vertex -4.157457829 -1.722075462 -18
    vertex -4.067951679 -1.923997879 -12.10000038
  endloop
endfacet
facet normal 0.7883461363 0.6152319638 0
  outer loop
    vertex -3.614434004 -2.680646896 -18
    vertex -3.478547096 -2.854769707 -12.10000038
    vertex -3.478547096 -2.854769707 -18
  endloop
endfacet
facet normal 0.8175853268 0.5758074621 0
  outer loop
    vertex -3.614434004 -2.680646896 -18
    vertex -3.74161315 -2.500066042 -18
    vertex -3.614434004 -2.680646896 -12.10000038
  endloop
endfacet
facet normal 0.7572088181 0.6531728759 0
  outer loop
    vertex -3.334280014 -3.022015333 -18
    vertex -3.478547096 -2.854769707 -18
    vertex -3.334280014 -3.022015333 -12.10000038
  endloop
endfacet
facet normal 0.9495284363 0.3136809665 0
  outer loop
    vertex -4.23694849 -1.516004324 -18
    vertex -4.306231499 -1.30628109 -18
    vertex -4.23694849 -1.516004324 -12.10000038
  endloop
endfacet
facet normal 0.9637762867 0.2667119592 0
  outer loop
    vertex -4.306231499 -1.30628109 -18
    vertex -4.365140438 -1.09341085 -18
    vertex -4.306231499 -1.30628109 -12.10000038
  endloop
endfacet
facet normal 0.9757020173 0.219101742 0
  outer loop
    vertex -4.365140438 -1.09341085 -18
    vertex -4.413533688 -0.8779064417 -18
    vertex -4.365140438 -1.09341085 -12.10000038
  endloop
endfacet
facet normal 0.9852774868 0.1709627853 0
  outer loop
    vertex -4.413533688 -0.8779064417 -18
    vertex -4.451294422 -0.6602871418 -18
    vertex -4.413533688 -0.8779064417 -12.10000038
  endloop
endfacet
facet normal 0.9924797039 0.1224093028 0
  outer loop
    vertex -4.451294422 -0.6602871418 -18
    vertex -4.478331089 -0.441077143 -18
    vertex -4.451294422 -0.6602871418 -12.10000038
  endloop
endfacet
facet normal 0.997290476 0.07356430197 0
  outer loop
    vertex -4.478331089 -0.441077143 -18
    vertex -4.494579315 -0.2208045274 -18
    vertex -4.478331089 -0.441077143 -12.10000038
  endloop
endfacet
facet normal 0.9996987923 0.02454230502 0
  outer loop
    vertex -4.494579315 -0.2208045274 -18
    vertex -4.5 5.510910704e-16 -18
    vertex -4.494579315 -0.2208045274 -12.10000038
  endloop
endfacet
facet normal 0.7242475352 0.6895400697 -0
  outer loop
    vertex -3.334280014 -3.022015333 -18
    vertex -3.334280014 -3.022015333 -12.10000038
    vertex -3.18198061 -3.18198061 -12.10000038
  endloop
endfacet
facet normal 0.6895400697 0.7242475352 -0
  outer loop
    vertex -3.18198061 -3.18198061 -18
    vertex -3.18198061 -3.18198061 -12.10000038
    vertex -3.022015333 -3.334280014 -12.10000038
  endloop
endfacet
facet normal 0.8448536683 0.5349974572 -0
  outer loop
    vertex -3.859778643 -2.313462257 -18
    vertex -3.859778643 -2.313462257 -12.10000038
    vertex -3.74161315 -2.500066042 -12.10000038
  endloop
endfacet
facet normal 0.9329924159 0.3598960292 -0
  outer loop
    vertex -4.23694849 -1.516004324 -18
    vertex -4.23694849 -1.516004324 -12.10000038
    vertex -4.157457829 -1.722075462 -12.10000038
  endloop
endfacet
facet normal 0.893224275 0.4496113818 -0
  outer loop
    vertex -4.067951679 -1.923997879 -18
    vertex -4.067951679 -1.923997879 -12.10000038
    vertex -3.968645573 -2.1212852 -12.10000038
  endloop
endfacet
facet normal 0.8700870459 0.4928980955 -0
  outer loop
    vertex -3.968645573 -2.1212852 -18
    vertex -3.968645573 -2.1212852 -12.10000038
    vertex -3.859778643 -2.313462257 -12.10000038
  endloop
endfacet
facet normal 0.9142095917 0.4052416841 -0
  outer loop
    vertex -4.157457829 -1.722075462 -18
    vertex -4.157457829 -1.722075462 -12.10000038
    vertex -4.067951679 -1.923997879 -12.10000038
  endloop
endfacet
facet normal 0.7572088181 0.6531728759 -0
  outer loop
    vertex -3.478547096 -2.854769707 -18
    vertex -3.478547096 -2.854769707 -12.10000038
    vertex -3.334280014 -3.022015333 -12.10000038
  endloop
endfacet
facet normal 0.7883461363 0.6152319638 -0
  outer loop
    vertex -3.614434004 -2.680646896 -18
    vertex -3.614434004 -2.680646896 -12.10000038
    vertex -3.478547096 -2.854769707 -12.10000038
  endloop
endfacet
facet normal 0.8175853268 0.5758074621 -0
  outer loop
    vertex -3.74161315 -2.500066042 -18
    vertex -3.74161315 -2.500066042 -12.10000038
    vertex -3.614434004 -2.680646896 -12.10000038
  endloop
endfacet
facet normal 0.9495284363 0.3136809665 -0
  outer loop
    vertex -4.306231499 -1.30628109 -18
    vertex -4.306231499 -1.30628109 -12.10000038
    vertex -4.23694849 -1.516004324 -12.10000038
  endloop
endfacet
facet normal 0.9637762867 0.2667119592 -0
  outer loop
    vertex -4.365140438 -1.09341085 -18
    vertex -4.365140438 -1.09341085 -12.10000038
    vertex -4.306231499 -1.30628109 -12.10000038
  endloop
endfacet
facet normal 0.9757020173 0.219101742 -0
  outer loop
    vertex -4.413533688 -0.8779064417 -18
    vertex -4.413533688 -0.8779064417 -12.10000038
    vertex -4.365140438 -1.09341085 -12.10000038
  endloop
endfacet
facet normal 0.9852774868 0.1709627853 -0
  outer loop
    vertex -4.451294422 -0.6602871418 -18
    vertex -4.451294422 -0.6602871418 -12.10000038
    vertex -4.413533688 -0.8779064417 -12.10000038
  endloop
endfacet
facet normal 0.9924797039 0.1224093028 -0
  outer loop
    vertex -4.478331089 -0.441077143 -18
    vertex -4.478331089 -0.441077143 -12.10000038
    vertex -4.451294422 -0.6602871418 -12.10000038
  endloop
endfacet
facet normal 0.997290476 0.07356430197 -0
  outer loop
    vertex -4.494579315 -0.2208045274 -18
    vertex -4.494579315 -0.2208045274 -12.10000038
    vertex -4.478331089 -0.441077143 -12.10000038
  endloop
endfacet
facet normal 0.9996987923 0.02454230502 -0
  outer loop
    vertex -4.494579315 -0.2208045274 -12.10000038
    vertex -4.5 5.510910704e-16 -18
    vertex -4.5 5.510910704e-16 -12.10000038
  endloop
endfacet
facet normal 0 -0 1
  outer loop
    vertex -21.10000038 -21.10000038 -12.10000038
    vertex -4.067951679 -1.923997879 -12.10000038
    vertex -21.10000038 21.10000038 -12.10000038
  endloop
endfacet
facet normal 0 -0 1
  outer loop
    vertex -21.10000038 -21.10000038 -12.10000038
    vertex -3.18198061 -3.18198061 -12.10000038
    vertex -3.334280014 -3.022015333 -12.10000038
  endloop
endfacet
facet normal 0 -0 1
  outer loop
    vertex -21.10000038 -21.10000038 -12.10000038
    vertex -3.859778643 -2.313462257 -12.10000038
    vertex -3.968645573 -2.1212852 -12.10000038
  endloop
endfacet
facet normal 0 -0 1
  outer loop
    vertex -21.10000038 -21.10000038 -12.10000038
    vertex -3.968645573 -2.1212852 -12.10000038
    vertex -4.067951679 -1.923997879 -12.10000038
  endloop
endfacet
facet normal 0 -0 1
  outer loop
    vertex -21.10000038 -21.10000038 -12.10000038
    vertex -3.478547096 -2.854769707 -12.10000038
    vertex -3.614434004 -2.680646896 -12.10000038
  endloop
endfacet
facet normal 0 -0 1
  outer loop
    vertex -21.10000038 -21.10000038 -12.10000038
    vertex -3.614434004 -2.680646896 -12.10000038
    vertex -3.74161315 -2.500066042 -12.10000038
  endloop
endfacet
facet normal 0 -0 1
  outer loop
    vertex -21.10000038 -21.10000038 -12.10000038
    vertex -3.74161315 -2.500066042 -12.10000038
    vertex -3.859778643 -2.313462257 -12.10000038
  endloop
endfacet
facet normal 0 -0 1
  outer loop
    vertex -21.10000038 -21.10000038 -12.10000038
    vertex -3.334280014 -3.022015333 -12.10000038
    vertex -3.478547096 -2.854769707 -12.10000038
  endloop
endfacet
facet normal 0 -0 1
  outer loop
    vertex -21.10000038 -21.10000038 -12.10000038
    vertex -2.680646896 -3.614434004 -12.10000038
    vertex -2.854769707 -3.478547096 -12.10000038
  endloop
endfacet
facet normal 0 -0 1
  outer loop
    vertex -21.10000038 -21.10000038 -12.10000038
    vertex -3.022015333 -3.334280014 -12.10000038
    vertex -3.18198061 -3.18198061 -12.10000038
  endloop
endfacet
facet normal 0 -0 1
  outer loop
    vertex -21.10000038 -21.10000038 -12.10000038
    vertex -2.854769707 -3.478547096 -12.10000038
    vertex -3.022015333 -3.334280014 -12.10000038
  endloop
endfacet
facet normal 0 -0 1
  outer loop
    vertex -21.10000038 -21.10000038 -12.10000038
    vertex -2.313462257 -3.859778643 -12.10000038
    vertex -2.500066042 -3.74161315 -12.10000038
  endloop
endfacet
facet normal 0 -0 1
  outer loop
    vertex -21.10000038 -21.10000038 -12.10000038
    vertex -2.500066042 -3.74161315 -12.10000038
    vertex -2.680646896 -3.614434004 -12.10000038
  endloop
endfacet
facet normal 0 -0 1
  outer loop
    vertex -21.10000038 -21.10000038 -12.10000038
    vertex -2.1212852 -3.968645573 -12.10000038
    vertex -2.313462257 -3.859778643 -12.10000038
  endloop
endfacet
facet normal 0 -0 1
  outer loop
    vertex -21.10000038 -21.10000038 -12.10000038
    vertex -1.722075462 -4.157457829 -12.10000038
    vertex -1.923997879 -4.067951679 -12.10000038
  endloop
endfacet
facet normal 0 -0 1
  outer loop
    vertex -21.10000038 -21.10000038 -12.10000038
    vertex -1.516004324 -4.23694849 -12.10000038
    vertex -1.722075462 -4.157457829 -12.10000038
  endloop
endfacet
facet normal 0 -0 1
  outer loop
    vertex -21.10000038 -21.10000038 -12.10000038
    vertex -1.30628109 -4.306231499 -12.10000038
    vertex -1.516004324 -4.23694849 -12.10000038
  endloop
endfacet
facet normal 0 -0 1
  outer loop
    vertex -21.10000038 -21.10000038 -12.10000038
    vertex -0.8779064417 -4.413533688 -12.10000038
    vertex -1.09341085 -4.365140438 -12.10000038
  endloop
endfacet
facet normal 0 -0 1
  outer loop
    vertex -21.10000038 -21.10000038 -12.10000038
    vertex -1.09341085 -4.365140438 -12.10000038
    vertex -1.30628109 -4.306231499 -12.10000038
  endloop
endfacet
facet normal 0 -0 1
  outer loop
    vertex -21.10000038 -21.10000038 -12.10000038
    vertex -1.923997879 -4.067951679 -12.10000038
    vertex -2.1212852 -3.968645573 -12.10000038
  endloop
endfacet
facet normal 0 -0 1
  outer loop
    vertex -21.10000038 -21.10000038 -12.10000038
    vertex -0.6602871418 -4.451294422 -12.10000038
    vertex -0.8779064417 -4.413533688 -12.10000038
  endloop
endfacet
facet normal 0 -0 1
  outer loop
    vertex -21.10000038 -21.10000038 -12.10000038
    vertex -0.2208045274 -4.494579315 -12.10000038
    vertex -0.441077143 -4.478331089 -12.10000038
  endloop
endfacet
facet normal 0 -0 1
  outer loop
    vertex -21.10000038 -21.10000038 -12.10000038
    vertex -0.441077143 -4.478331089 -12.10000038
    vertex -0.6602871418 -4.451294422 -12.10000038
  endloop
endfacet
facet normal 0 -0 1
  outer loop
    vertex -21.10000038 -21.10000038 -12.10000038
    vertex -8.266366056e-16 -4.5 -12.10000038
    vertex -0.2208045274 -4.494579315 -12.10000038
  endloop
endfacet
facet normal 0 -0 1
  outer loop
    vertex -21.10000038 -21.10000038 -12.10000038
    vertex 0.2208045274 -4.494579315 -12.10000038
    vertex -8.266366056e-16 -4.5 -12.10000038
  endloop
endfacet
facet normal 0 -0 1
  outer loop
    vertex -21.10000038 -21.10000038 -12.10000038
    vertex 0.441077143 -4.478331089 -12.10000038
    vertex 0.2208045274 -4.494579315 -12.10000038
  endloop
endfacet
facet normal 0 -0 1
  outer loop
    vertex -21.10000038 -21.10000038 -12.10000038
    vertex 0.8779064417 -4.413533688 -12.10000038
    vertex 0.6602871418 -4.451294422 -12.10000038
  endloop
endfacet
facet normal 0 -0 1
  outer loop
    vertex -21.10000038 -21.10000038 -12.10000038
    vertex 0.6602871418 -4.451294422 -12.10000038
    vertex 0.441077143 -4.478331089 -12.10000038
  endloop
endfacet
facet normal 0 -0 1
  outer loop
    vertex -21.10000038 -21.10000038 -12.10000038
    vertex 1.09341085 -4.365140438 -12.10000038
    vertex 0.8779064417 -4.413533688 -12.10000038
  endloop
endfacet
facet normal 0 -0 1
  outer loop
    vertex -21.10000038 -21.10000038 -12.10000038
    vertex 1.30628109 -4.306231499 -12.10000038
    vertex 1.09341085 -4.365140438 -12.10000038
  endloop
endfacet
facet normal 0 -0 1
  outer loop
    vertex -21.10000038 -21.10000038 -12.10000038
    vertex 1.722075462 -4.157457829 -12.10000038
    vertex 1.516004324 -4.23694849 -12.10000038
  endloop
endfacet
facet normal 0 -0 1
  outer loop
    vertex -21.10000038 -21.10000038 -12.10000038
    vertex 1.516004324 -4.23694849 -12.10000038
    vertex 1.30628109 -4.306231499 -12.10000038
  endloop
endfacet
facet normal 0 -0 1
  outer loop
    vertex -21.10000038 -21.10000038 -12.10000038
    vertex 1.923997879 -4.067951679 -12.10000038
    vertex 1.722075462 -4.157457829 -12.10000038
  endloop
endfacet
facet normal 1 0 -0
  outer loop
    vertex -21.10000038 -21.10000038 -12.10000038
    vertex -21.10000038 21.10000038 -9.100000381
    vertex -21.10000038 -21.10000038 -9.100000381
  endloop
endfacet
facet normal 0 0 -1
  outer loop
    vertex -21.10000038 -21.10000038 -9.100000381
    vertex -21.10000038 21.10000038 -9.100000381
    vertex -4.067951679 -1.923997879 -9.100000381
  endloop
endfacet
facet normal -0 1 0
  outer loop
    vertex -21.10000038 -21.10000038 -12.10000038
    vertex -21.10000038 -21.10000038 -9.100000381
    vertex 21.10000038 -21.10000038 -12.10000038
  endloop
endfacet
facet normal 0 0 -1
  outer loop
    vertex -21.10000038 -21.10000038 -9.100000381
    vertex -3.334280014 -3.022015333 -9.100000381
    vertex -3.18198061 -3.18198061 -9.100000381
  endloop
endfacet
facet normal 0 0 -1
  outer loop
    vertex -21.10000038 -21.10000038 -9.100000381
    vertex -3.968645573 -2.1212852 -9.100000381
    vertex -3.859778643 -2.313462257 -9.100000381
  endloop
endfacet
facet normal 0 0 -1
  outer loop
    vertex -21.10000038 -21.10000038 -9.100000381
    vertex -4.067951679 -1.923997879 -9.100000381
    vertex -3.968645573 -2.1212852 -9.100000381
  endloop
endfacet
facet normal 0 0 -1
  outer loop
    vertex -21.10000038 -21.10000038 -9.100000381
    vertex -3.614434004 -2.680646896 -9.100000381
    vertex -3.478547096 -2.854769707 -9.100000381
  endloop
endfacet
facet normal 0 0 -1
  outer loop
    vertex -21.10000038 -21.10000038 -9.100000381
    vertex -3.74161315 -2.500066042 -9.100000381
    vertex -3.614434004 -2.680646896 -9.100000381
  endloop
endfacet
facet normal 0 0 -1
  outer loop
    vertex -21.10000038 -21.10000038 -9.100000381
    vertex -3.859778643 -2.313462257 -9.100000381
    vertex -3.74161315 -2.500066042 -9.100000381
  endloop
endfacet
facet normal 0 0 -1
  outer loop
    vertex -21.10000038 -21.10000038 -9.100000381
    vertex -3.478547096 -2.854769707 -9.100000381
    vertex -3.334280014 -3.022015333 -9.100000381
  endloop
endfacet
facet normal 0 0 -1
  outer loop
    vertex -21.10000038 -21.10000038 -9.100000381
    vertex -2.854769707 -3.478547096 -9.100000381
    vertex -2.680646896 -3.614434004 -9.100000381
  endloop
endfacet
facet normal 0 0 -1
  outer loop
    vertex -21.10000038 -21.10000038 -9.100000381
    vertex -3.18198061 -3.18198061 -9.100000381
    vertex -3.022015333 -3.334280014 -9.100000381
  endloop
endfacet
facet normal 0 0 -1
  outer loop
    vertex -21.10000038 -21.10000038 -9.100000381
    vertex -3.022015333 -3.334280014 -9.100000381
    vertex -2.854769707 -3.478547096 -9.100000381
  endloop
endfacet
facet normal 0 0 -1
  outer loop
    vertex -21.10000038 -21.10000038 -9.100000381
    vertex -2.500066042 -3.74161315 -9.100000381
    vertex -2.313462257 -3.859778643 -9.100000381
  endloop
endfacet
facet normal 0 0 -1
  outer loop
    vertex -21.10000038 -21.10000038 -9.100000381
    vertex -2.680646896 -3.614434004 -9.100000381
    vertex -2.500066042 -3.74161315 -9.100000381
  endloop
endfacet
facet normal 0 0 -1
  outer loop
    vertex -21.10000038 -21.10000038 -9.100000381
    vertex -2.313462257 -3.859778643 -9.100000381
    vertex -2.1212852 -3.968645573 -9.100000381
  endloop
endfacet
facet normal 0 0 -1
  outer loop
    vertex -21.10000038 -21.10000038 -9.100000381
    vertex -1.923997879 -4.067951679 -9.100000381
    vertex -1.722075462 -4.157457829 -9.100000381
  endloop
endfacet
facet normal 0 0 -1
  outer loop
    vertex -21.10000038 -21.10000038 -9.100000381
    vertex -1.722075462 -4.157457829 -9.100000381
    vertex -1.516004324 -4.23694849 -9.100000381
  endloop
endfacet
facet normal 0 0 -1
  outer loop
    vertex -21.10000038 -21.10000038 -9.100000381
    vertex -1.516004324 -4.23694849 -9.100000381
    vertex -1.30628109 -4.306231499 -9.100000381
  endloop
endfacet
facet normal 0 0 -1
  outer loop
    vertex -21.10000038 -21.10000038 -9.100000381
    vertex -1.09341085 -4.365140438 -9.100000381
    vertex -0.8779064417 -4.413533688 -9.100000381
  endloop
endfacet
facet normal 0 0 -1
  outer loop
    vertex -21.10000038 -21.10000038 -9.100000381
    vertex -1.30628109 -4.306231499 -9.100000381
    vertex -1.09341085 -4.365140438 -9.100000381
  endloop
endfacet
facet normal 0 0 -1
  outer loop
    vertex -21.10000038 -21.10000038 -9.100000381
    vertex -2.1212852 -3.968645573 -9.100000381
    vertex -1.923997879 -4.067951679 -9.100000381
  endloop
endfacet
facet normal 0 0 -1
  outer loop
    vertex -21.10000038 -21.10000038 -9.100000381
    vertex -0.8779064417 -4.413533688 -9.100000381
    vertex -0.6602871418 -4.451294422 -9.100000381
  endloop
endfacet
facet normal 0 0 -1
  outer loop
    vertex -21.10000038 -21.10000038 -9.100000381
    vertex -0.441077143 -4.478331089 -9.100000381
    vertex -0.2208045274 -4.494579315 -9.100000381
  endloop
endfacet
facet normal 0 0 -1
  outer loop
    vertex -21.10000038 -21.10000038 -9.100000381
    vertex -0.6602871418 -4.451294422 -9.100000381
    vertex -0.441077143 -4.478331089 -9.100000381
  endloop
endfacet
facet normal 0 0 -1
  outer loop
    vertex -21.10000038 -21.10000038 -9.100000381
    vertex -0.2208045274 -4.494579315 -9.100000381
    vertex -8.266366056e-16 -4.5 -9.100000381
  endloop
endfacet
facet normal 0 0 -1
  outer loop
    vertex -21.10000038 -21.10000038 -9.100000381
    vertex -8.266366056e-16 -4.5 -9.100000381
    vertex 0.2208045274 -4.494579315 -9.100000381
  endloop
endfacet
facet normal 0 0 -1
  outer loop
    vertex -21.10000038 -21.10000038 -9.100000381
    vertex 0.2208045274 -4.494579315 -9.100000381
    vertex 0.441077143 -4.478331089 -9.100000381
  endloop
endfacet
facet normal 0 0 -1
  outer loop
    vertex -21.10000038 -21.10000038 -9.100000381
    vertex 0.6602871418 -4.451294422 -9.100000381
    vertex 0.8779064417 -4.413533688 -9.100000381
  endloop
endfacet
facet normal 0 0 -1
  outer loop
    vertex -21.10000038 -21.10000038 -9.100000381
    vertex 0.441077143 -4.478331089 -9.100000381
    vertex 0.6602871418 -4.451294422 -9.100000381
  endloop
endfacet
facet normal 0 0 -1
  outer loop
    vertex -21.10000038 -21.10000038 -9.100000381
    vertex 0.8779064417 -4.413533688 -9.100000381
    vertex 1.09341085 -4.365140438 -9.100000381
  endloop
endfacet
facet normal 0 0 -1
  outer loop
    vertex -21.10000038 -21.10000038 -9.100000381
    vertex 1.09341085 -4.365140438 -9.100000381
    vertex 1.30628109 -4.306231499 -9.100000381
  endloop
endfacet
facet normal 0 0 -1
  outer loop
    vertex -21.10000038 -21.10000038 -9.100000381
    vertex 1.516004324 -4.23694849 -9.100000381
    vertex 1.722075462 -4.157457829 -9.100000381
  endloop
endfacet
facet normal 0 0 -1
  outer loop
    vertex -21.10000038 -21.10000038 -9.100000381
    vertex 1.30628109 -4.306231499 -9.100000381
    vertex 1.516004324 -4.23694849 -9.100000381
  endloop
endfacet
facet normal 0 0 -1
  outer loop
    vertex -21.10000038 -21.10000038 -9.100000381
    vertex 1.722075462 -4.157457829 -9.100000381
    vertex 1.923997879 -4.067951679 -9.100000381
  endloop
endfacet
facet normal -0.8175849832 -0.5758079499 0
  outer loop
    vertex -77.10792542 -57.18713379 -18
    vertex -77.10792542 -57.18713379 0
    vertex -79.82108307 -53.3347435 0
  endloop
endfacet
facet normal -0.8448534243 -0.5349978424 0
  outer loop
    vertex -79.82108307 -53.3347435 -18
    vertex -79.82108307 -53.3347435 0
    vertex -82.34194946 -49.35386276 0
  endloop
endfacet
facet normal -0.6531734098 -0.7572083575 0
  outer loop
    vertex -60.90175629 -74.20900726 -18
    vertex -60.90175629 -74.20900726 0
    vertex -64.4696579 -71.13130951 0
  endloop
endfacet
facet normal -0.5758079499 -0.8175849832 0
  outer loop
    vertex -53.3347435 -79.82108307 -18
    vertex -53.3347435 -79.82108307 0
    vertex -57.18713379 -77.10792542 0
  endloop
endfacet
facet normal -0.6152313666 -0.7883466024 0
  outer loop
    vertex -57.18713379 -77.10792542 -18
    vertex -57.18713379 -77.10792542 0
    vertex -60.90175629 -74.20900726 0
  endloop
endfacet
facet normal -0.7572083575 -0.6531734098 0
  outer loop
    vertex -71.13130951 -64.4696579 -18
    vertex -71.13130951 -64.4696579 0
    vertex -74.20900726 -60.90175629 0
  endloop
endfacet
facet normal -0.72424647 -0.6895411886 0
  outer loop
    vertex -67.88224792 -67.88224792 -18
    vertex -67.88224792 -67.88224792 0
    vertex -71.13130951 -64.4696579 0
  endloop
endfacet
facet normal -0.6895411886 -0.72424647 0
  outer loop
    vertex -64.4696579 -71.13130951 -18
    vertex -64.4696579 -71.13130951 0
    vertex -67.88224792 -67.88224792 0
  endloop
endfacet
facet normal -0.7883466024 -0.6152313666 0
  outer loop
    vertex -74.20900726 -60.90175629 -18
    vertex -74.20900726 -60.90175629 0
    vertex -77.10792542 -57.18713379 0
  endloop
endfacet
facet normal -0.9495281679 -0.313681779 0
  outer loop
    vertex -90.38822937 -32.34142685 -18
    vertex -90.38822937 -32.34142685 0
    vertex -91.86627197 -27.86732864 0
  endloop
endfacet
facet normal -0.9637759996 -0.2667129966 0
  outer loop
    vertex -91.86627197 -27.86732864 -18
    vertex -91.86627197 -27.86732864 0
    vertex -93.1230011 -23.32609749 0
  endloop
endfacet
facet normal -0.8932243295 -0.4496112734 0
  outer loop
    vertex -84.66444397 -45.25408554 -18
    vertex -84.66444397 -45.25408554 0
    vertex -86.78297424 -41.04528809 0
  endloop
endfacet
facet normal -0.9142097916 -0.405241233 0
  outer loop
    vertex -86.78297424 -41.04528809 -18
    vertex -86.78297424 -41.04528809 0
    vertex -88.69243622 -36.73760986 0
  endloop
endfacet
facet normal -0.8700870459 -0.4928980955 0
  outer loop
    vertex -82.34194946 -49.35386276 -18
    vertex -82.34194946 -49.35386276 0
    vertex -84.66444397 -45.25408554 0
  endloop
endfacet
facet normal -0.9329929247 -0.3598947103 0
  outer loop
    vertex -88.69243622 -36.73760986 -18
    vertex -88.69243622 -36.73760986 0
    vertex -90.38822937 -32.34142685 0
  endloop
endfacet
facet normal -0.985277506 -0.1709626748 -0
  outer loop
    vertex -94.45533752 -17 -12
    vertex -94.96094513 -14.08612537 0
    vertex -94.96094513 -14.08612537 -12
  endloop
endfacet
facet normal -0.9996988056 -0.02454176397 -0
  outer loop
    vertex -95.88436127 -4.710496902 -12
    vertex -96 1.175660894e-14 0
    vertex -96 1.175660894e-14 -12
  endloop
endfacet
facet normal -0.9924795082 -0.1224108895 -0
  outer loop
    vertex -94.96094513 -14.08612537 -12
    vertex -95.53773499 -9.409645081 0
    vertex -95.53773499 -9.409645081 -12
  endloop
endfacet
facet normal -0.9972905145 -0.07356378002 0
  outer loop
    vertex -95.88436127 -4.710496902 -12
    vertex -95.53773499 -9.409645081 -12
    vertex -95.88436127 -4.710496902 0
  endloop
endfacet
facet normal -0.9757021327 -0.2191012282 0
  outer loop
    vertex -93.1230011 -23.32609749 -18
    vertex -93.1230011 -23.32609749 0
    vertex -94.15538788 -18.72867012 0
  endloop
endfacet
facet normal -0.9852776667 -0.1709617488 0
  outer loop
    vertex -94.15538788 -18.72867012 -18
    vertex -94.15538788 -18.72867012 0
    vertex -94.96094513 -14.08612537 0
  endloop
endfacet
facet normal 1 0 -0
  outer loop
    vertex -92.15000153 -7.150000095 -18
    vertex -92.15000153 7.150000095 0
    vertex -92.15000153 -7.150000095 0
  endloop
endfacet
facet normal 0 1 -0
  outer loop
    vertex -77.84999847 -7.150000095 -18
    vertex -92.15000153 -7.150000095 0
    vertex -77.84999847 -7.150000095 0
  endloop
endfacet
facet normal -0.9924795082 -0.1224108895 0
  outer loop
    vertex -94.96094513 -14.08612537 -12
    vertex -94.96094513 -14.08612537 0
    vertex -95.53773499 -9.409645081 0
  endloop
endfacet
facet normal -0.9996988056 -0.02454176397 0
  outer loop
    vertex -95.88436127 -4.710496902 -12
    vertex -95.88436127 -4.710496902 0
    vertex -96 1.175660894e-14 0
  endloop
endfacet
facet normal -0.9972905145 -0.07356378002 0
  outer loop
    vertex -95.53773499 -9.409645081 -12
    vertex -95.53773499 -9.409645081 0
    vertex -95.88436127 -4.710496902 0
  endloop
endfacet
facet normal -0 0 1
  outer loop
    vertex -95.88436127 -4.710496902 0
    vertex -95.53773499 -9.409645081 0
    vertex -92.15000153 -7.150000095 0
  endloop
endfacet
facet normal -0 0 1
  outer loop
    vertex -95.88436127 -4.710496902 0
    vertex -92.15000153 -7.150000095 0
    vertex -92.15000153 7.150000095 0
  endloop
endfacet
facet normal 0 -0 1
  outer loop
    vertex -95.53773499 -9.409645081 0
    vertex -77.84999847 -7.150000095 0
    vertex -92.15000153 -7.150000095 0
  endloop
endfacet
facet normal -0 0 1
  outer loop
    vertex -79.82108307 -53.3347435 0
    vertex -77.10792542 -57.18713379 0
    vertex -3.614434004 -2.680646896 0
  endloop
endfacet
facet normal 0 -0 1
  outer loop
    vertex -86.78297424 -41.04528809 0
    vertex -4.157457829 -1.722075462 0
    vertex -88.69243622 -36.73760986 0
  endloop
endfacet
facet normal 0 -0 1
  outer loop
    vertex -82.34194946 -49.35386276 0
    vertex -3.968645573 -2.1212852 0
    vertex -84.66444397 -45.25408554 0
  endloop
endfacet
facet normal -0 0 1
  outer loop
    vertex -82.34194946 -49.35386276 0
    vertex -79.82108307 -53.3347435 0
    vertex -3.859778643 -2.313462257 0
  endloop
endfacet
facet normal 0 -0 1
  outer loop
    vertex -84.66444397 -45.25408554 0
    vertex -4.067951679 -1.923997879 0
    vertex -86.78297424 -41.04528809 0
  endloop
endfacet
facet normal 0 -0 1
  outer loop
    vertex -94.96094513 -14.08612537 0
    vertex -4.451294422 -0.6602871418 0
    vertex -95.53773499 -9.409645081 0
  endloop
endfacet
facet normal 0 -0 1
  outer loop
    vertex -90.38822937 -32.34142685 0
    vertex -4.23694849 -1.516004324 0
    vertex -91.86627197 -27.86732864 0
  endloop
endfacet
facet normal -0 0 1
  outer loop
    vertex -90.38822937 -32.34142685 0
    vertex -88.69243622 -36.73760986 0
    vertex -4.23694849 -1.516004324 0
  endloop
endfacet
facet normal 0 -0 1
  outer loop
    vertex -91.86627197 -27.86732864 0
    vertex -4.365140438 -1.09341085 0
    vertex -93.1230011 -23.32609749 0
  endloop
endfacet
facet normal 0 -0 1
  outer loop
    vertex -93.1230011 -23.32609749 0
    vertex -4.413533688 -0.8779064417 0
    vertex -94.15538788 -18.72867012 0
  endloop
endfacet
facet normal 0 -0 1
  outer loop
    vertex -94.15538788 -18.72867012 0
    vertex -4.451294422 -0.6602871418 0
    vertex -94.96094513 -14.08612537 0
  endloop
endfacet
facet normal 0 -0 1
  outer loop
    vertex -95.53773499 -9.409645081 0
    vertex -4.494579315 -0.2208045274 0
    vertex -77.84999847 -7.150000095 0
  endloop
endfacet
facet normal -0.4496112734 -0.8932243295 0
  outer loop
    vertex -41.04528809 -86.78297424 -18
    vertex -41.04528809 -86.78297424 0
    vertex -45.25408554 -84.66444397 0
  endloop
endfacet
facet normal -0.5349978424 -0.8448534243 0
  outer loop
    vertex -49.35386276 -82.34194946 -18
    vertex -49.35386276 -82.34194946 0
    vertex -53.3347435 -79.82108307 0
  endloop
endfacet
facet normal -0.4928980955 -0.8700870459 0
  outer loop
    vertex -45.25408554 -84.66444397 -18
    vertex -45.25408554 -84.66444397 0
    vertex -49.35386276 -82.34194946 0
  endloop
endfacet
facet normal -0.405241233 -0.9142097916 0
  outer loop
    vertex -36.73760986 -88.69243622 -18
    vertex -36.73760986 -88.69243622 0
    vertex -41.04528809 -86.78297424 0
  endloop
endfacet
facet normal -0.313681779 -0.9495281679 0
  outer loop
    vertex -27.86732864 -91.86627197 -18
    vertex -27.86732864 -91.86627197 0
    vertex -32.34142685 -90.38822937 0
  endloop
endfacet
facet normal -0.3598947103 -0.9329929247 0
  outer loop
    vertex -32.34142685 -90.38822937 -18
    vertex -32.34142685 -90.38822937 0
    vertex -36.73760986 -88.69243622 0
  endloop
endfacet
facet normal 0.6343936927 0.7730101181 -0
  outer loop
    vertex -11.31370831 -73.31370544 -10.5
    vertex -11.31370831 -73.31370544 -2
    vertex -8.889123917 -75.30351257 -10.5
  endloop
endfacet
facet normal 0.4713973628 0.8819209298 -0
  outer loop
    vertex -8.889123917 -75.30351257 -10.5
    vertex -8.889123917 -75.30351257 -2
    vertex -6.122934818 -76.78207397 -10.5
  endloop
endfacet
facet normal 0.2902846818 0.9569403344 -0
  outer loop
    vertex -6.122934818 -76.78207397 -10.5
    vertex -6.122934818 -76.78207397 -2
    vertex -3.121445179 -77.69256592 -10.5
  endloop
endfacet
facet normal -0.2667129966 -0.9637759996 0
  outer loop
    vertex -23.32609749 -93.1230011 -18
    vertex -23.32609749 -93.1230011 0
    vertex -27.86732864 -91.86627197 0
  endloop
endfacet
facet normal -0.2191012282 -0.9757021327 0
  outer loop
    vertex -18.72867012 -94.15538788 -18
    vertex -18.72867012 -94.15538788 0
    vertex -23.32609749 -93.1230011 0
  endloop
endfacet
facet normal -0.1709617488 -0.9852776667 0
  outer loop
    vertex -14.08612537 -94.96094513 -18
    vertex -14.08612537 -94.96094513 0
    vertex -18.72867012 -94.15538788 0
  endloop
endfacet
facet normal -0.1224108895 -0.9924795082 0
  outer loop
    vertex -9.409645081 -95.53773499 -18
    vertex -9.409645081 -95.53773499 0
    vertex -14.08612537 -94.96094513 0
  endloop
endfacet
facet normal -0.07356378002 -0.9972905145 0
  outer loop
    vertex -4.710496902 -95.88436127 -18
    vertex -4.710496902 -95.88436127 0
    vertex -9.409645081 -95.53773499 0
  endloop
endfacet
facet normal 0.7730102939 0.6343934784 0
  outer loop
    vertex -11.31370831 -73.31370544 -10.5
    vertex -13.30351353 -70.88912201 -2
    vertex -11.31370831 -73.31370544 -2
  endloop
endfacet
facet normal 0.6343936927 0.7730101181 0
  outer loop
    vertex -8.889123917 -75.30351257 -10.5
    vertex -11.31370831 -73.31370544 -2
    vertex -8.889123917 -75.30351257 -2
  endloop
endfacet
facet normal 0.4713973628 0.8819209298 0
  outer loop
    vertex -6.122934818 -76.78207397 -10.5
    vertex -8.889123917 -75.30351257 -2
    vertex -6.122934818 -76.78207397 -2
  endloop
endfacet
facet normal 0.2902846818 0.9569403344 0
  outer loop
    vertex -3.121445179 -77.69256592 -10.5
    vertex -6.122934818 -76.78207397 -2
    vertex -3.121445179 -77.69256592 -2
  endloop
endfacet
facet normal 0.9569402831 0.2902848507 -0
  outer loop
    vertex -15.69256401 -65.1214447 -10.5
    vertex -15.69256401 -65.1214447 -2
    vertex -14.78207207 -68.12293243 -10.5
  endloop
endfacet
facet normal 0.9951847105 0.09801730458 -0
  outer loop
    vertex -15.69256401 -65.1214447 -10.5
    vertex -16 -62 -10.5
    vertex -16 -62 -2
  endloop
endfacet
facet normal 0.9951847105 -0.09801730458 0
  outer loop
    vertex -16 -62 -10.5
    vertex -15.69256401 -58.8785553 -10.5
    vertex -15.69256401 -58.8785553 -2
  endloop
endfacet
facet normal 0.8819213428 0.4713965901 -0
  outer loop
    vertex -13.30351353 -70.88912201 -10.5
    vertex -14.78207207 -68.12293243 -10.5
    vertex -14.78207207 -68.12293243 -2
  endloop
endfacet
facet normal 0.7730102939 0.6343934784 -0
  outer loop
    vertex -11.31370831 -73.31370544 -10.5
    vertex -13.30351353 -70.88912201 -10.5
    vertex -13.30351353 -70.88912201 -2
  endloop
endfacet
facet normal 0.9569403856 -0.2902845128 0
  outer loop
    vertex -15.69256401 -58.8785553 -10.5
    vertex -14.78207207 -55.87706375 -10.5
    vertex -14.78207207 -55.87706375 -2
  endloop
endfacet
facet normal 0.8819210725 -0.4713970957 0
  outer loop
    vertex -14.78207207 -55.87706375 -10.5
    vertex -13.30351353 -53.11087799 -10.5
    vertex -13.30351353 -53.11087799 -2
  endloop
endfacet
facet normal 0.7730107834 -0.634392882 0
  outer loop
    vertex -13.30351353 -53.11087799 -10.5
    vertex -11.31370831 -50.68629074 -10.5
    vertex -11.31370831 -50.68629074 -2
  endloop
endfacet
facet normal 0.634392966 -0.7730107145 0
  outer loop
    vertex -11.31370831 -50.68629074 -10.5
    vertex -8.889123917 -48.69648743 -10.5
    vertex -8.889123917 -48.69648743 -2
  endloop
endfacet
facet normal 0.9951847105 0.09801730458 0
  outer loop
    vertex -15.69256401 -65.1214447 -10.5
    vertex -16 -62 -2
    vertex -15.69256401 -65.1214447 -2
  endloop
endfacet
facet normal 0.9951847105 -0.09801730458 0
  outer loop
    vertex -16 -62 -10.5
    vertex -15.69256401 -58.8785553 -2
    vertex -16 -62 -2
  endloop
endfacet
facet normal 0.9569403856 -0.2902845128 0
  outer loop
    vertex -15.69256401 -58.8785553 -10.5
    vertex -14.78207207 -55.87706375 -2
    vertex -15.69256401 -58.8785553 -2
  endloop
endfacet
facet normal 0.8819213428 0.4713965901 0
  outer loop
    vertex -13.30351353 -70.88912201 -10.5
    vertex -14.78207207 -68.12293243 -2
    vertex -13.30351353 -70.88912201 -2
  endloop
endfacet
facet normal 0.9569402831 0.2902848507 0
  outer loop
    vertex -14.78207207 -68.12293243 -10.5
    vertex -15.69256401 -65.1214447 -2
    vertex -14.78207207 -68.12293243 -2
  endloop
endfacet
facet normal 0.8819210725 -0.4713970957 0
  outer loop
    vertex -14.78207207 -55.87706375 -10.5
    vertex -13.30351353 -53.11087799 -2
    vertex -14.78207207 -55.87706375 -2
  endloop
endfacet
facet normal 0.7730107834 -0.634392882 0
  outer loop
    vertex -13.30351353 -53.11087799 -10.5
    vertex -11.31370831 -50.68629074 -2
    vertex -13.30351353 -53.11087799 -2
  endloop
endfacet
facet normal 0.634392966 -0.7730107145 0
  outer loop
    vertex -11.31370831 -50.68629074 -10.5
    vertex -8.889123917 -48.69648743 -2
    vertex -11.31370831 -50.68629074 -2
  endloop
endfacet
facet normal 0.4713973628 -0.8819209298 0
  outer loop
    vertex -8.889123917 -48.69648743 -10.5
    vertex -6.122934818 -47.21792603 -2
    vertex -8.889123917 -48.69648743 -2
  endloop
endfacet
facet normal -0 0 1
  outer loop
    vertex -60.90175629 -74.20900726 0
    vertex -57.18713379 -77.10792542 0
    vertex -2.680646896 -3.614434004 0
  endloop
endfacet
facet normal 0 -0 1
  outer loop
    vertex -60.90175629 -74.20900726 0
    vertex -3.022015333 -3.334280014 0
    vertex -64.4696579 -71.13130951 0
  endloop
endfacet
facet normal -0 0 1
  outer loop
    vertex -53.3347435 -79.82108307 0
    vertex -49.35386276 -82.34194946 0
    vertex -2.500066042 -3.74161315 0
  endloop
endfacet
facet normal 0 -0 1
  outer loop
    vertex -53.3347435 -79.82108307 0
    vertex -2.680646896 -3.614434004 0
    vertex -57.18713379 -77.10792542 0
  endloop
endfacet
facet normal 0 -0 1
  outer loop
    vertex -45.25408554 -84.66444397 0
    vertex -2.313462257 -3.859778643 0
    vertex -49.35386276 -82.34194946 0
  endloop
endfacet
facet normal -0 0 1
  outer loop
    vertex -45.25408554 -84.66444397 0
    vertex -41.04528809 -86.78297424 0
    vertex -1.923997879 -4.067951679 0
  endloop
endfacet
facet normal 0 -0 -1
  outer loop
    vertex -6.122934818 -76.78207397 -2
    vertex -1.138921517e-14 -62 -2
    vertex -3.121445179 -77.69256592 -2
  endloop
endfacet
facet normal -0 0 1
  outer loop
    vertex -36.73760986 -88.69243622 0
    vertex -32.34142685 -90.38822937 0
    vertex -1.722075462 -4.157457829 0
  endloop
endfacet
facet normal -0 0 1
  outer loop
    vertex -32.34142685 -90.38822937 0
    vertex -27.86732864 -91.86627197 0
    vertex -1.516004324 -4.23694849 0
  endloop
endfacet
facet normal -0 0 1
  outer loop
    vertex -27.86732864 -91.86627197 0
    vertex -23.32609749 -93.1230011 0
    vertex -1.30628109 -4.306231499 0
  endloop
endfacet
facet normal -0 0 1
  outer loop
    vertex -41.04528809 -86.78297424 0
    vertex -36.73760986 -88.69243622 0
    vertex -1.722075462 -4.157457829 0
  endloop
endfacet
facet normal 0 0 -1
  outer loop
    vertex -13.30351353 -70.88912201 -2
    vertex -14.78207207 -68.12293243 -2
    vertex -1.138921517e-14 -62 -2
  endloop
endfacet
facet normal 0 -0 -1
  outer loop
    vertex -15.69256401 -65.1214447 -2
    vertex -1.138921517e-14 -62 -2
    vertex -14.78207207 -68.12293243 -2
  endloop
endfacet
facet normal 0 0 -1
  outer loop
    vertex -15.69256401 -65.1214447 -2
    vertex -16 -62 -2
    vertex -1.138921517e-14 -62 -2
  endloop
endfacet
facet normal 0 0 -1
  outer loop
    vertex -16 -62 -2
    vertex -15.69256401 -58.8785553 -2
    vertex -1.138921517e-14 -62 -2
  endloop
endfacet
facet normal 0 -0 -1
  outer loop
    vertex -11.31370831 -73.31370544 -2
    vertex -1.138921517e-14 -62 -2
    vertex -8.889123917 -75.30351257 -2
  endloop
endfacet
facet normal 0 0 -1
  outer loop
    vertex -11.31370831 -73.31370544 -2
    vertex -13.30351353 -70.88912201 -2
    vertex -1.138921517e-14 -62 -2
  endloop
endfacet
facet normal 0 -0 -1
  outer loop
    vertex -8.889123917 -75.30351257 -2
    vertex -1.138921517e-14 -62 -2
    vertex -6.122934818 -76.78207397 -2
  endloop
endfacet
facet normal -0 0 1
  outer loop
    vertex -23.32609749 -93.1230011 0
    vertex -18.72867012 -94.15538788 0
    vertex -0.8779064417 -4.413533688 0
  endloop
endfacet
facet normal -0 0 1
  outer loop
    vertex -18.72867012 -94.15538788 0
    vertex -14.08612537 -94.96094513 0
    vertex -0.8779064417 -4.413533688 0
  endloop
endfacet
facet normal -0 0 1
  outer loop
    vertex -14.08612537 -94.96094513 0
    vertex -9.409645081 -95.53773499 0
    vertex -0.6602871418 -4.451294422 0
  endloop
endfacet
facet normal -0 0 1
  outer loop
    vertex -9.409645081 -95.53773499 0
    vertex -4.710496902 -95.88436127 0
    vertex -0.441077143 -4.478331089 0
  endloop
endfacet
facet normal 0 0 -1
  outer loop
    vertex -15.69256401 -58.8785553 -2
    vertex -14.78207207 -55.87706375 -2
    vertex -1.138921517e-14 -62 -2
  endloop
endfacet
facet normal 0 0 -1
  outer loop
    vertex -14.78207207 -55.87706375 -2
    vertex -13.30351353 -53.11087799 -2
    vertex -1.138921517e-14 -62 -2
  endloop
endfacet
facet normal 0 0 -1
  outer loop
    vertex -13.30351353 -53.11087799 -2
    vertex -11.31370831 -50.68629074 -2
    vertex -1.138921517e-14 -62 -2
  endloop
endfacet
facet normal 0 0 -1
  outer loop
    vertex -11.31370831 -50.68629074 -2
    vertex -8.889123917 -48.69648743 -2
    vertex -1.138921517e-14 -62 -2
  endloop
endfacet
facet normal 0 0 -1
  outer loop
    vertex -8.889123917 -48.69648743 -2
    vertex -6.122934818 -47.21792603 -2
    vertex -1.138921517e-14 -62 -2
  endloop
endfacet
facet normal 0 0 -1
  outer loop
    vertex -6.122934818 -47.21792603 -2
    vertex -3.121445179 -46.30743408 -2
    vertex -1.138921517e-14 -62 -2
  endloop
endfacet
facet normal 0.4713973628 -0.8819209298 0
  outer loop
    vertex -8.889123917 -48.69648743 -10.5
    vertex -6.122934818 -47.21792603 -10.5
    vertex -6.122934818 -47.21792603 -2
  endloop
endfacet
facet normal 0.2902846818 -0.9569403344 0
  outer loop
    vertex -6.122934818 -47.21792603 -10.5
    vertex -3.121445179 -46.30743408 -10.5
    vertex -3.121445179 -46.30743408 -2
  endloop
endfacet
facet normal 0.2902846818 -0.9569403344 0
  outer loop
    vertex -6.122934818 -47.21792603 -10.5
    vertex -3.121445179 -46.30743408 -2
    vertex -6.122934818 -47.21792603 -2
  endloop
endfacet
facet normal 0.7242475352 0.6895400697 0
  outer loop
    vertex -3.334280014 -3.022015333 -9.100000381
    vertex -3.18198061 -3.18198061 0
    vertex -3.18198061 -3.18198061 -9.100000381
  endloop
endfacet
facet normal 0.6895400697 0.7242475352 0
  outer loop
    vertex -3.022015333 -3.334280014 -9.100000381
    vertex -3.18198061 -3.18198061 -9.100000381
    vertex -3.022015333 -3.334280014 0
  endloop
endfacet
facet normal 0.8448536683 0.5349974572 0
  outer loop
    vertex -3.859778643 -2.313462257 -9.100000381
    vertex -3.74161315 -2.500066042 0
    vertex -3.74161315 -2.500066042 -9.100000381
  endloop
endfacet
facet normal 0.9329924159 0.3598960292 0
  outer loop
    vertex -4.23694849 -1.516004324 -9.100000381
    vertex -4.157457829 -1.722075462 0
    vertex -4.157457829 -1.722075462 -9.100000381
  endloop
endfacet
facet normal 0.893224275 0.4496113818 0
  outer loop
    vertex -3.968645573 -2.1212852 -9.100000381
    vertex -4.067951679 -1.923997879 -9.100000381
    vertex -3.968645573 -2.1212852 0
  endloop
endfacet
facet normal 0.8700870459 0.4928980955 0
  outer loop
    vertex -3.859778643 -2.313462257 -9.100000381
    vertex -3.968645573 -2.1212852 -9.100000381
    vertex -3.859778643 -2.313462257 0
  endloop
endfacet
facet normal 0.9142095917 0.4052416841 0
  outer loop
    vertex -4.067951679 -1.923997879 -9.100000381
    vertex -4.157457829 -1.722075462 -9.100000381
    vertex -4.067951679 -1.923997879 0
  endloop
endfacet
facet normal 0.7883461363 0.6152319638 0
  outer loop
    vertex -3.614434004 -2.680646896 -9.100000381
    vertex -3.478547096 -2.854769707 0
    vertex -3.478547096 -2.854769707 -9.100000381
  endloop
endfacet
facet normal 0.8175853268 0.5758074621 0
  outer loop
    vertex -3.614434004 -2.680646896 -9.100000381
    vertex -3.74161315 -2.500066042 -9.100000381
    vertex -3.614434004 -2.680646896 0
  endloop
endfacet
facet normal 0.7572088181 0.6531728759 0
  outer loop
    vertex -3.334280014 -3.022015333 -9.100000381
    vertex -3.478547096 -2.854769707 -9.100000381
    vertex -3.334280014 -3.022015333 0
  endloop
endfacet
facet normal 0.9495284363 0.3136809665 0
  outer loop
    vertex -4.23694849 -1.516004324 -9.100000381
    vertex -4.306231499 -1.30628109 -9.100000381
    vertex -4.23694849 -1.516004324 0
  endloop
endfacet
facet normal 0.9637762867 0.2667119592 0
  outer loop
    vertex -4.306231499 -1.30628109 -9.100000381
    vertex -4.365140438 -1.09341085 -9.100000381
    vertex -4.306231499 -1.30628109 0
  endloop
endfacet
facet normal 0.9757020173 0.219101742 0
  outer loop
    vertex -4.365140438 -1.09341085 -9.100000381
    vertex -4.413533688 -0.8779064417 -9.100000381
    vertex -4.365140438 -1.09341085 0
  endloop
endfacet
facet normal 0.9852774868 0.1709627853 0
  outer loop
    vertex -4.413533688 -0.8779064417 -9.100000381
    vertex -4.451294422 -0.6602871418 -9.100000381
    vertex -4.413533688 -0.8779064417 0
  endloop
endfacet
facet normal 0.9924797039 0.1224093028 0
  outer loop
    vertex -4.451294422 -0.6602871418 -9.100000381
    vertex -4.478331089 -0.441077143 -9.100000381
    vertex -4.451294422 -0.6602871418 0
  endloop
endfacet
facet normal 0.997290476 0.07356430197 0
  outer loop
    vertex -4.478331089 -0.441077143 -9.100000381
    vertex -4.494579315 -0.2208045274 -9.100000381
    vertex -4.478331089 -0.441077143 0
  endloop
endfacet
facet normal 0.9996987923 0.02454230502 0
  outer loop
    vertex -4.494579315 -0.2208045274 -9.100000381
    vertex -4.5 5.510910704e-16 -9.100000381
    vertex -4.494579315 -0.2208045274 0
  endloop
endfacet
facet normal -0 0 1
  outer loop
    vertex -74.20900726 -60.90175629 0
    vertex -71.13130951 -64.4696579 0
    vertex -3.478547096 -2.854769707 0
  endloop
endfacet
facet normal -0 0 1
  outer loop
    vertex -71.13130951 -64.4696579 0
    vertex -67.88224792 -67.88224792 0
    vertex -3.18198061 -3.18198061 0
  endloop
endfacet
facet normal 0 -0 1
  outer loop
    vertex -74.20900726 -60.90175629 0
    vertex -3.614434004 -2.680646896 0
    vertex -77.10792542 -57.18713379 0
  endloop
endfacet
facet normal -0 0 1
  outer loop
    vertex -67.88224792 -67.88224792 0
    vertex -64.4696579 -71.13130951 0
    vertex -3.18198061 -3.18198061 0
  endloop
endfacet
facet normal 0 -0 1
  outer loop
    vertex -79.82108307 -53.3347435 0
    vertex -3.614434004 -2.680646896 0
    vertex -3.74161315 -2.500066042 0
  endloop
endfacet
facet normal 0 -0 1
  outer loop
    vertex -79.82108307 -53.3347435 0
    vertex -3.74161315 -2.500066042 0
    vertex -3.859778643 -2.313462257 0
  endloop
endfacet
facet normal 0 -0 1
  outer loop
    vertex -84.66444397 -45.25408554 0
    vertex -3.968645573 -2.1212852 0
    vertex -4.067951679 -1.923997879 0
  endloop
endfacet
facet normal 0 -0 1
  outer loop
    vertex -86.78297424 -41.04528809 0
    vertex -4.067951679 -1.923997879 0
    vertex -4.157457829 -1.722075462 0
  endloop
endfacet
facet normal 0 -0 1
  outer loop
    vertex -88.69243622 -36.73760986 0
    vertex -4.157457829 -1.722075462 0
    vertex -4.23694849 -1.516004324 0
  endloop
endfacet
facet normal 0 -0 1
  outer loop
    vertex -82.34194946 -49.35386276 0
    vertex -3.859778643 -2.313462257 0
    vertex -3.968645573 -2.1212852 0
  endloop
endfacet
facet normal 0 -0 1
  outer loop
    vertex -93.1230011 -23.32609749 0
    vertex -4.365140438 -1.09341085 0
    vertex -4.413533688 -0.8779064417 0
  endloop
endfacet
facet normal 0 -0 1
  outer loop
    vertex -94.15538788 -18.72867012 0
    vertex -4.413533688 -0.8779064417 0
    vertex -4.451294422 -0.6602871418 0
  endloop
endfacet
facet normal 0 -0 1
  outer loop
    vertex -95.53773499 -9.409645081 0
    vertex -4.451294422 -0.6602871418 0
    vertex -4.478331089 -0.441077143 0
  endloop
endfacet
facet normal 0 -0 1
  outer loop
    vertex -95.53773499 -9.409645081 0
    vertex -4.478331089 -0.441077143 0
    vertex -4.494579315 -0.2208045274 0
  endloop
endfacet
facet normal 0 -0 1
  outer loop
    vertex -91.86627197 -27.86732864 0
    vertex -4.23694849 -1.516004324 0
    vertex -4.306231499 -1.30628109 0
  endloop
endfacet
facet normal 0 -0 1
  outer loop
    vertex -91.86627197 -27.86732864 0
    vertex -4.306231499 -1.30628109 0
    vertex -4.365140438 -1.09341085 0
  endloop
endfacet
facet normal 0 -0 1
  outer loop
    vertex -77.84999847 -7.150000095 0
    vertex -4.494579315 -0.2208045274 0
    vertex -4.5 5.510910704e-16 0
  endloop
endfacet
facet normal 0 0 1
  outer loop
    vertex -77.84999847 -7.150000095 0
    vertex -4.5 5.510910704e-16 0
    vertex -4.494579315 0.2208045274 0
  endloop
endfacet
facet normal 0 0 1
  outer loop
    vertex -77.84999847 -7.150000095 0
    vertex -4.494579315 0.2208045274 0
    vertex -4.478331089 0.441077143 0
  endloop
endfacet
facet normal 0 -0 1
  outer loop
    vertex -60.90175629 -74.20900726 0
    vertex -2.854769707 -3.478547096 0
    vertex -3.022015333 -3.334280014 0
  endloop
endfacet
facet normal 0 -0 1
  outer loop
    vertex -60.90175629 -74.20900726 0
    vertex -2.680646896 -3.614434004 0
    vertex -2.854769707 -3.478547096 0
  endloop
endfacet
facet normal 0 -0 1
  outer loop
    vertex -64.4696579 -71.13130951 0
    vertex -3.022015333 -3.334280014 0
    vertex -3.18198061 -3.18198061 0
  endloop
endfacet
facet normal 0 -0 1
  outer loop
    vertex -45.25408554 -84.66444397 0
    vertex -2.1212852 -3.968645573 0
    vertex -2.313462257 -3.859778643 0
  endloop
endfacet
facet normal 0 -0 1
  outer loop
    vertex -45.25408554 -84.66444397 0
    vertex -1.923997879 -4.067951679 0
    vertex -2.1212852 -3.968645573 0
  endloop
endfacet
facet normal 0 -0 1
  outer loop
    vertex -53.3347435 -79.82108307 0
    vertex -2.500066042 -3.74161315 0
    vertex -2.680646896 -3.614434004 0
  endloop
endfacet
facet normal 0 -0 1
  outer loop
    vertex -49.35386276 -82.34194946 0
    vertex -2.313462257 -3.859778643 0
    vertex -2.500066042 -3.74161315 0
  endloop
endfacet
facet normal 0 -0 1
  outer loop
    vertex -41.04528809 -86.78297424 0
    vertex -1.722075462 -4.157457829 0
    vertex -1.923997879 -4.067951679 0
  endloop
endfacet
facet normal 0 -0 1
  outer loop
    vertex -27.86732864 -91.86627197 0
    vertex -1.30628109 -4.306231499 0
    vertex -1.516004324 -4.23694849 0
  endloop
endfacet
facet normal 0 -0 1
  outer loop
    vertex -32.34142685 -90.38822937 0
    vertex -1.516004324 -4.23694849 0
    vertex -1.722075462 -4.157457829 0
  endloop
endfacet
facet normal 0 -0 1
  outer loop
    vertex -23.32609749 -93.1230011 0
    vertex -0.8779064417 -4.413533688 0
    vertex -1.09341085 -4.365140438 0
  endloop
endfacet
facet normal 0 -0 1
  outer loop
    vertex -23.32609749 -93.1230011 0
    vertex -1.09341085 -4.365140438 0
    vertex -1.30628109 -4.306231499 0
  endloop
endfacet
facet normal 0 -0 1
  outer loop
    vertex -14.08612537 -94.96094513 0
    vertex -0.6602871418 -4.451294422 0
    vertex -0.8779064417 -4.413533688 0
  endloop
endfacet
facet normal 0 -0 1
  outer loop
    vertex -9.409645081 -95.53773499 0
    vertex -0.441077143 -4.478331089 0
    vertex -0.6602871418 -4.451294422 0
  endloop
endfacet
facet normal 0.7242475352 0.6895400697 -0
  outer loop
    vertex -3.334280014 -3.022015333 -9.100000381
    vertex -3.334280014 -3.022015333 0
    vertex -3.18198061 -3.18198061 0
  endloop
endfacet
facet normal 0.6895400697 0.7242475352 -0
  outer loop
    vertex -3.18198061 -3.18198061 -9.100000381
    vertex -3.18198061 -3.18198061 0
    vertex -3.022015333 -3.334280014 0
  endloop
endfacet
facet normal 0.8448536683 0.5349974572 -0
  outer loop
    vertex -3.859778643 -2.313462257 -9.100000381
    vertex -3.859778643 -2.313462257 0
    vertex -3.74161315 -2.500066042 0
  endloop
endfacet
facet normal 0.9329924159 0.3598960292 -0
  outer loop
    vertex -4.23694849 -1.516004324 -9.100000381
    vertex -4.23694849 -1.516004324 0
    vertex -4.157457829 -1.722075462 0
  endloop
endfacet
facet normal 0.893224275 0.4496113818 -0
  outer loop
    vertex -4.067951679 -1.923997879 -9.100000381
    vertex -4.067951679 -1.923997879 0
    vertex -3.968645573 -2.1212852 0
  endloop
endfacet
facet normal 0.8700870459 0.4928980955 -0
  outer loop
    vertex -3.968645573 -2.1212852 -9.100000381
    vertex -3.968645573 -2.1212852 0
    vertex -3.859778643 -2.313462257 0
  endloop
endfacet
facet normal 0.9142095917 0.4052416841 -0
  outer loop
    vertex -4.157457829 -1.722075462 -9.100000381
    vertex -4.157457829 -1.722075462 0
    vertex -4.067951679 -1.923997879 0
  endloop
endfacet
facet normal 0.7572088181 0.6531728759 -0
  outer loop
    vertex -3.478547096 -2.854769707 -9.100000381
    vertex -3.478547096 -2.854769707 0
    vertex -3.334280014 -3.022015333 0
  endloop
endfacet
facet normal 0.7883461363 0.6152319638 -0
  outer loop
    vertex -3.614434004 -2.680646896 -9.100000381
    vertex -3.614434004 -2.680646896 0
    vertex -3.478547096 -2.854769707 0
  endloop
endfacet
facet normal 0.8175853268 0.5758074621 -0
  outer loop
    vertex -3.74161315 -2.500066042 -9.100000381
    vertex -3.74161315 -2.500066042 0
    vertex -3.614434004 -2.680646896 0
  endloop
endfacet
facet normal 0.9495284363 0.3136809665 -0
  outer loop
    vertex -4.306231499 -1.30628109 -9.100000381
    vertex -4.306231499 -1.30628109 0
    vertex -4.23694849 -1.516004324 0
  endloop
endfacet
facet normal 0.9637762867 0.2667119592 -0
  outer loop
    vertex -4.365140438 -1.09341085 -9.100000381
    vertex -4.365140438 -1.09341085 0
    vertex -4.306231499 -1.30628109 0
  endloop
endfacet
facet normal 0.9757020173 0.219101742 -0
  outer loop
    vertex -4.413533688 -0.8779064417 -9.100000381
    vertex -4.413533688 -0.8779064417 0
    vertex -4.365140438 -1.09341085 0
  endloop
endfacet
facet normal 0.9852774868 0.1709627853 -0
  outer loop
    vertex -4.451294422 -0.6602871418 -9.100000381
    vertex -4.451294422 -0.6602871418 0
    vertex -4.413533688 -0.8779064417 0
  endloop
endfacet
facet normal 0.9924797039 0.1224093028 -0
  outer loop
    vertex -4.478331089 -0.441077143 -9.100000381
    vertex -4.478331089 -0.441077143 0
    vertex -4.451294422 -0.6602871418 0
  endloop
endfacet
facet normal 0.997290476 0.07356430197 -0
  outer loop
    vertex -4.494579315 -0.2208045274 -9.100000381
    vertex -4.494579315 -0.2208045274 0
    vertex -4.478331089 -0.441077143 0
  endloop
endfacet
facet normal 0.9996987923 0.02454230502 -0
  outer loop
    vertex -4.494579315 -0.2208045274 0
    vertex -4.5 5.510910704e-16 -9.100000381
    vertex -4.5 5.510910704e-16 0
  endloop
endfacet
facet normal 0 -0 1
  outer loop
    vertex -74.20900726 -60.90175629 0
    vertex -3.478547096 -2.854769707 0
    vertex -3.614434004 -2.680646896 0
  endloop
endfacet
facet normal 0 -0 1
  outer loop
    vertex -71.13130951 -64.4696579 0
    vertex -3.334280014 -3.022015333 0
    vertex -3.478547096 -2.854769707 0
  endloop
endfacet
facet normal 0 -0 1
  outer loop
    vertex -71.13130951 -64.4696579 0
    vertex -3.18198061 -3.18198061 0
    vertex -3.334280014 -3.022015333 0
  endloop
endfacet
facet normal 0 0 -1
  outer loop
    vertex -92.15000153 -7.150000095 -18
    vertex -102 17 -18
    vertex -94.28639984 9.286398888 -18
  endloop
endfacet
facet normal 0 0 -1
  outer loop
    vertex -92.15000153 -7.150000095 -18
    vertex -94.28639984 9.286398888 -18
    vertex -92.15000153 7.150000095 -18
  endloop
endfacet
facet normal -1 0 0
  outer loop
    vertex -102 -17 -18
    vertex -102 17 -12
    vertex -102 17 -18
  endloop
endfacet
facet normal 0 0 -1
  outer loop
    vertex -94.28639984 9.286398888 -18
    vertex -102 17 -18
    vertex -94.45533752 17 -18
  endloop
endfacet
facet normal 0 0 -1
  outer loop
    vertex -94.28639984 9.286398888 -18
    vertex -94.45533752 17 -18
    vertex -85.46477509 17 -18
  endloop
endfacet
facet normal 0 0 -1
  outer loop
    vertex -94.45533752 17 -18
    vertex -94.15538788 18.72867012 -18
    vertex -85.46477509 17 -18
  endloop
endfacet
facet normal 0 0 -1
  outer loop
    vertex -94.15538788 18.72867012 -18
    vertex -93.1230011 23.32609749 -18
    vertex -85.46477509 17 -18
  endloop
endfacet
facet normal -0 1 0
  outer loop
    vertex -102 17 -18
    vertex -94.45533752 17 -12
    vertex -94.45533752 17 -18
  endloop
endfacet
facet normal -0.9852779375 0.1709601879 0
  outer loop
    vertex -94.45533752 17 -18
    vertex -94.45533752 17 -12
    vertex -94.15538788 18.72867012 -18
  endloop
endfacet
facet normal -0 -0 -1
  outer loop
    vertex -94.28639984 9.286398888 -18
    vertex -77.84999847 7.150000095 -18
    vertex -92.15000153 7.150000095 -18
  endloop
endfacet
facet normal 0 0 -1
  outer loop
    vertex -94.28639984 9.286398888 -18
    vertex -85.46477509 17 -18
    vertex -68 10.08684731 -18
  endloop
endfacet
facet normal 0 1 0
  outer loop
    vertex -102 17 -18
    vertex -102 17 -12
    vertex -94.45533752 17 -12
  endloop
endfacet
facet normal -0 -0 -1
  outer loop
    vertex -94.28639984 9.286398888 -18
    vertex -4.494579315 0.2208045274 -18
    vertex -77.84999847 7.150000095 -18
  endloop
endfacet
facet normal 0 0 -1
  outer loop
    vertex -77.84999847 -7.150000095 -18
    vertex -77.84999847 7.150000095 -18
    vertex -4.494579315 0.2208045274 -18
  endloop
endfacet
facet normal 0 0 -1
  outer loop
    vertex -94.28639984 9.286398888 -18
    vertex -68 10.08684731 -18
    vertex -4.494579315 0.2208045274 -18
  endloop
endfacet
facet normal -0 -0 -1
  outer loop
    vertex -85.46477509 17 -18
    vertex -4.451294422 0.6602871418 -18
    vertex -68 10.08684731 -18
  endloop
endfacet
facet normal 0 0 -1
  outer loop
    vertex -93.1230011 23.32609749 -18
    vertex -91.86627197 27.86732864 -18
    vertex -4.365140438 1.09341085 -18
  endloop
endfacet
facet normal -0 -0 -1
  outer loop
    vertex -93.1230011 23.32609749 -18
    vertex -4.413533688 0.8779064417 -18
    vertex -85.46477509 17 -18
  endloop
endfacet
facet normal 0 0 -1
  outer loop
    vertex -91.86627197 27.86732864 -18
    vertex -90.38822937 32.34142685 -18
    vertex -4.23694849 1.516004324 -18
  endloop
endfacet
facet normal 0 0 -1
  outer loop
    vertex -90.38822937 32.34142685 -18
    vertex -88.69243622 36.73760986 -18
    vertex -4.23694849 1.516004324 -18
  endloop
endfacet
facet normal 0 0 -1
  outer loop
    vertex -88.69243622 36.73760986 -18
    vertex -86.78297424 41.04528809 -18
    vertex -4.157457829 1.722075462 -18
  endloop
endfacet
facet normal 0 0 -1
  outer loop
    vertex -86.78297424 41.04528809 -18
    vertex -84.66444397 45.25408554 -18
    vertex -4.067951679 1.923997879 -18
  endloop
endfacet
facet normal 0 0 -1
  outer loop
    vertex -84.66444397 45.25408554 -18
    vertex -82.34194946 49.35386276 -18
    vertex -3.968645573 2.1212852 -18
  endloop
endfacet
facet normal 0 0 -1
  outer loop
    vertex -82.34194946 49.35386276 -18
    vertex -79.82108307 53.3347435 -18
    vertex -3.859778643 2.313462257 -18
  endloop
endfacet
facet normal 0 0 -1
  outer loop
    vertex -79.82108307 53.3347435 -18
    vertex -77.10792542 57.18713379 -18
    vertex -3.614434004 2.680646896 -18
  endloop
endfacet
facet normal 0 0 1
  outer loop
    vertex -95.88436127 -4.710496902 -12
    vertex -96 1.175660894e-14 -12
    vertex -102 17 -12
  endloop
endfacet
facet normal 0 -0 1
  outer loop
    vertex -96 1.175660894e-14 -12
    vertex -95.88436127 4.710496902 -12
    vertex -102 17 -12
  endloop
endfacet
facet normal 0 -0 1
  outer loop
    vertex -95.88436127 4.710496902 -12
    vertex -95.53773499 9.409645081 -12
    vertex -102 17 -12
  endloop
endfacet
facet normal 1 0 0
  outer loop
    vertex -92.15000153 -7.150000095 -18
    vertex -92.15000153 7.150000095 -18
    vertex -92.15000153 7.150000095 0
  endloop
endfacet
facet normal 0 -0 1
  outer loop
    vertex -95.53773499 9.409645081 -12
    vertex -94.96094513 14.08612537 -12
    vertex -102 17 -12
  endloop
endfacet
facet normal -0 0 1
  outer loop
    vertex -102 17 -12
    vertex -94.96094513 14.08612537 -12
    vertex -94.45533752 17 -12
  endloop
endfacet
facet normal -0.9757021327 0.2191012282 0
  outer loop
    vertex -94.15538788 18.72867012 -18
    vertex -93.1230011 23.32609749 0
    vertex -93.1230011 23.32609749 -18
  endloop
endfacet
facet normal 0 -1 0
  outer loop
    vertex -92.15000153 7.150000095 -18
    vertex -77.84999847 7.150000095 -18
    vertex -77.84999847 7.150000095 0
  endloop
endfacet
facet normal -0.9852779375 0.1709601879 0
  outer loop
    vertex -94.15538788 18.72867012 -18
    vertex -94.45533752 17 -12
    vertex -94.15538788 18.72867012 0
  endloop
endfacet
facet normal -0.9637759996 0.2667129966 0
  outer loop
    vertex -93.1230011 23.32609749 -18
    vertex -91.86627197 27.86732864 0
    vertex -91.86627197 27.86732864 -18
  endloop
endfacet
facet normal -0.9495281679 0.313681779 0
  outer loop
    vertex -91.86627197 27.86732864 -18
    vertex -90.38822937 32.34142685 0
    vertex -90.38822937 32.34142685 -18
  endloop
endfacet
facet normal -0.9329929247 0.3598947103 0
  outer loop
    vertex -90.38822937 32.34142685 -18
    vertex -88.69243622 36.73760986 0
    vertex -88.69243622 36.73760986 -18
  endloop
endfacet
facet normal -0.9142097916 0.405241233 0
  outer loop
    vertex -88.69243622 36.73760986 -18
    vertex -86.78297424 41.04528809 0
    vertex -86.78297424 41.04528809 -18
  endloop
endfacet
facet normal -0.8932243295 0.4496112734 0
  outer loop
    vertex -86.78297424 41.04528809 -18
    vertex -84.66444397 45.25408554 0
    vertex -84.66444397 45.25408554 -18
  endloop
endfacet
facet normal -0.8700870459 0.4928980955 0
  outer loop
    vertex -84.66444397 45.25408554 -18
    vertex -82.34194946 49.35386276 0
    vertex -82.34194946 49.35386276 -18
  endloop
endfacet
facet normal -0 0 1
  outer loop
    vertex -65.00728607 19.68629074 -10.5
    vertex -62.58269882 17.69648552 -10.5
    vertex -53.69357681 31 -10.5
  endloop
endfacet
facet normal -0 0 1
  outer loop
    vertex -62.58269882 17.69648552 -10.5
    vertex -59.81650925 16.21792793 -10.5
    vertex -53.69357681 31 -10.5
  endloop
endfacet
facet normal -0 0 1
  outer loop
    vertex -59.81650925 16.21792793 -10.5
    vertex -56.81502151 15.30743599 -10.5
    vertex -53.69357681 31 -10.5
  endloop
endfacet
facet normal -0 0 1
  outer loop
    vertex -56.81502151 15.30743599 -10.5
    vertex -53.69357681 15 -10.5
    vertex -53.69357681 31 -10.5
  endloop
endfacet
facet normal 0 -0 1
  outer loop
    vertex -53.69357681 15 -10.5
    vertex -50.5721283 15.30743599 -10.5
    vertex -53.69357681 31 -10.5
  endloop
endfacet
facet normal 0 -0 1
  outer loop
    vertex -65.00728607 19.68629074 -10.5
    vertex -53.69357681 31 -10.5
    vertex -66.99708557 22.11087608 -10.5
  endloop
endfacet
facet normal 0 -0 1
  outer loop
    vertex -66.99708557 22.11087608 -10.5
    vertex -53.69357681 31 -10.5
    vertex -68.47564697 24.87706566 -10.5
  endloop
endfacet
facet normal 0 -0 1
  outer loop
    vertex -68.47564697 24.87706566 -10.5
    vertex -53.69357681 31 -10.5
    vertex -69.38613892 27.8785553 -10.5
  endloop
endfacet
facet normal 0 -0 1
  outer loop
    vertex -69.38613892 27.8785553 -10.5
    vertex -53.69357681 31 -10.5
    vertex -69.693573 31 -10.5
  endloop
endfacet
facet normal 0 -0 1
  outer loop
    vertex -69.693573 31 -10.5
    vertex -53.69357681 31 -10.5
    vertex -69.38613892 34.1214447 -10.5
  endloop
endfacet
facet normal -0 -0 1
  outer loop
    vertex -69.38613892 34.1214447 -10.5
    vertex -53.69357681 31 -10.5
    vertex -68.47564697 37.12293625 -10.5
  endloop
endfacet
facet normal -0 -0 1
  outer loop
    vertex -68.47564697 37.12293625 -10.5
    vertex -53.69357681 31 -10.5
    vertex -66.99708557 39.88912201 -10.5
  endloop
endfacet
facet normal -0 -0 1
  outer loop
    vertex -66.99708557 39.88912201 -10.5
    vertex -53.69357681 31 -10.5
    vertex -65.00728607 42.31370926 -10.5
  endloop
endfacet
facet normal -0 -0 1
  outer loop
    vertex -65.00728607 42.31370926 -10.5
    vertex -53.69357681 31 -10.5
    vertex -62.58269882 44.30351257 -10.5
  endloop
endfacet
facet normal 0 0 1
  outer loop
    vertex -53.69357681 31 -10.5
    vertex -59.81650925 45.78207397 -10.5
    vertex -62.58269882 44.30351257 -10.5
  endloop
endfacet
facet normal 0 0 1
  outer loop
    vertex -53.69357681 31 -10.5
    vertex -56.81502151 46.69256592 -10.5
    vertex -59.81650925 45.78207397 -10.5
  endloop
endfacet
facet normal 0 -0 1
  outer loop
    vertex -53.69357681 31 -10.5
    vertex -53.69357681 47 -10.5
    vertex -56.81502151 46.69256592 -10.5
  endloop
endfacet
facet normal 0 -0 1
  outer loop
    vertex -53.69357681 31 -10.5
    vertex -50.5721283 46.69256592 -10.5
    vertex -53.69357681 47 -10.5
  endloop
endfacet
facet normal -0.8448534243 0.5349978424 0
  outer loop
    vertex -82.34194946 49.35386276 -18
    vertex -79.82108307 53.3347435 0
    vertex -79.82108307 53.3347435 -18
  endloop
endfacet
facet normal -0.8175849832 0.5758079499 0
  outer loop
    vertex -79.82108307 53.3347435 -18
    vertex -77.10792542 57.18713379 0
    vertex -77.10792542 57.18713379 -18
  endloop
endfacet
facet normal -0.7883466024 0.6152313666 0
  outer loop
    vertex -77.10792542 57.18713379 -18
    vertex -74.20900726 60.90175629 0
    vertex -74.20900726 60.90175629 -18
  endloop
endfacet
facet normal -0.7572083575 0.6531734098 0
  outer loop
    vertex -74.20900726 60.90175629 -18
    vertex -71.13130951 64.4696579 0
    vertex -71.13130951 64.4696579 -18
  endloop
endfacet
facet normal -0.72424647 0.6895411886 0
  outer loop
    vertex -71.13130951 64.4696579 -18
    vertex -67.88224792 67.88224792 0
    vertex -67.88224792 67.88224792 -18
  endloop
endfacet
facet normal -0.6895411886 0.72424647 0
  outer loop
    vertex -67.88224792 67.88224792 -18
    vertex -64.4696579 71.13130951 0
    vertex -64.4696579 71.13130951 -18
  endloop
endfacet
facet normal -0.6531734098 0.7572083575 0
  outer loop
    vertex -64.4696579 71.13130951 -18
    vertex -60.90175629 74.20900726 0
    vertex -60.90175629 74.20900726 -18
  endloop
endfacet
facet normal -0.6152313666 0.7883466024 0
  outer loop
    vertex -60.90175629 74.20900726 -18
    vertex -57.18713379 77.10792542 0
    vertex -57.18713379 77.10792542 -18
  endloop
endfacet
facet normal -0.5758079499 0.8175849832 0
  outer loop
    vertex -57.18713379 77.10792542 -18
    vertex -53.3347435 79.82108307 0
    vertex -53.3347435 79.82108307 -18
  endloop
endfacet
facet normal 0 -0 -1
  outer loop
    vertex -93.1230011 23.32609749 -18
    vertex -4.365140438 1.09341085 -18
    vertex -4.413533688 0.8779064417 -18
  endloop
endfacet
facet normal 0 -0 -1
  outer loop
    vertex -85.46477509 17 -18
    vertex -4.413533688 0.8779064417 -18
    vertex -4.451294422 0.6602871418 -18
  endloop
endfacet
facet normal 0 -0 -1
  outer loop
    vertex -91.86627197 27.86732864 -18
    vertex -4.306231499 1.30628109 -18
    vertex -4.365140438 1.09341085 -18
  endloop
endfacet
facet normal 0 -0 -1
  outer loop
    vertex -91.86627197 27.86732864 -18
    vertex -4.23694849 1.516004324 -18
    vertex -4.306231499 1.30628109 -18
  endloop
endfacet
facet normal 0 -0 -1
  outer loop
    vertex -88.69243622 36.73760986 -18
    vertex -4.157457829 1.722075462 -18
    vertex -4.23694849 1.516004324 -18
  endloop
endfacet
facet normal 0 -0 -1
  outer loop
    vertex -86.78297424 41.04528809 -18
    vertex -4.067951679 1.923997879 -18
    vertex -4.157457829 1.722075462 -18
  endloop
endfacet
facet normal 0 -0 -1
  outer loop
    vertex -84.66444397 45.25408554 -18
    vertex -3.968645573 2.1212852 -18
    vertex -4.067951679 1.923997879 -18
  endloop
endfacet
facet normal 0 -0 -1
  outer loop
    vertex -82.34194946 49.35386276 -18
    vertex -3.859778643 2.313462257 -18
    vertex -3.968645573 2.1212852 -18
  endloop
endfacet
facet normal 0 -0 -1
  outer loop
    vertex -79.82108307 53.3347435 -18
    vertex -3.74161315 2.500066042 -18
    vertex -3.859778643 2.313462257 -18
  endloop
endfacet
facet normal 0 -0 -1
  outer loop
    vertex -79.82108307 53.3347435 -18
    vertex -3.614434004 2.680646896 -18
    vertex -3.74161315 2.500066042 -18
  endloop
endfacet
facet normal 0 0 -1
  outer loop
    vertex -77.10792542 57.18713379 -18
    vertex -74.20900726 60.90175629 -18
    vertex -3.614434004 2.680646896 -18
  endloop
endfacet
facet normal 0 0 -1
  outer loop
    vertex -74.20900726 60.90175629 -18
    vertex -71.13130951 64.4696579 -18
    vertex -3.478547096 2.854769707 -18
  endloop
endfacet
facet normal 0 0 -1
  outer loop
    vertex -71.13130951 64.4696579 -18
    vertex -67.88224792 67.88224792 -18
    vertex -3.18198061 3.18198061 -18
  endloop
endfacet
facet normal 0 0 -1
  outer loop
    vertex -67.88224792 67.88224792 -18
    vertex -64.4696579 71.13130951 -18
    vertex -3.18198061 3.18198061 -18
  endloop
endfacet
facet normal 0 -0 -1
  outer loop
    vertex -68 10.08684731 -18
    vertex -4.478331089 0.441077143 -18
    vertex -4.494579315 0.2208045274 -18
  endloop
endfacet
facet normal 0 -0 -1
  outer loop
    vertex -68 10.08684731 -18
    vertex -4.451294422 0.6602871418 -18
    vertex -4.478331089 0.441077143 -18
  endloop
endfacet
facet normal 0 -0 -1
  outer loop
    vertex -74.20900726 60.90175629 -18
    vertex -3.478547096 2.854769707 -18
    vertex -3.614434004 2.680646896 -18
  endloop
endfacet
facet normal 0 -0 -1
  outer loop
    vertex -71.13130951 64.4696579 -18
    vertex -3.334280014 3.022015333 -18
    vertex -3.478547096 2.854769707 -18
  endloop
endfacet
facet normal 0 -0 -1
  outer loop
    vertex -71.13130951 64.4696579 -18
    vertex -3.18198061 3.18198061 -18
    vertex -3.334280014 3.022015333 -18
  endloop
endfacet
facet normal 0.9996987923 -0.02454230502 0
  outer loop
    vertex -4.5 5.510910704e-16 -18
    vertex -4.494579315 0.2208045274 -18
    vertex -4.5 5.510910704e-16 -12.10000038
  endloop
endfacet
facet normal 0.997290476 -0.07356430197 0
  outer loop
    vertex -4.494579315 0.2208045274 -18
    vertex -4.478331089 0.441077143 -18
    vertex -4.494579315 0.2208045274 -12.10000038
  endloop
endfacet
facet normal 0.9924797039 -0.1224093028 0
  outer loop
    vertex -4.478331089 0.441077143 -18
    vertex -4.451294422 0.6602871418 -18
    vertex -4.478331089 0.441077143 -12.10000038
  endloop
endfacet
facet normal 0.9852774868 -0.1709627853 0
  outer loop
    vertex -4.451294422 0.6602871418 -18
    vertex -4.413533688 0.8779064417 -18
    vertex -4.451294422 0.6602871418 -12.10000038
  endloop
endfacet
facet normal 0.9757020173 -0.219101742 0
  outer loop
    vertex -4.413533688 0.8779064417 -18
    vertex -4.365140438 1.09341085 -18
    vertex -4.413533688 0.8779064417 -12.10000038
  endloop
endfacet
facet normal 0.9637762867 -0.2667119592 0
  outer loop
    vertex -4.365140438 1.09341085 -18
    vertex -4.306231499 1.30628109 -18
    vertex -4.365140438 1.09341085 -12.10000038
  endloop
endfacet
facet normal 0.9495284363 -0.3136809665 0
  outer loop
    vertex -4.306231499 1.30628109 -18
    vertex -4.23694849 1.516004324 -18
    vertex -4.306231499 1.30628109 -12.10000038
  endloop
endfacet
facet normal 0.9329924159 -0.3598960292 0
  outer loop
    vertex -4.23694849 1.516004324 -18
    vertex -4.157457829 1.722075462 -18
    vertex -4.23694849 1.516004324 -12.10000038
  endloop
endfacet
facet normal 0.9142095917 -0.4052416841 0
  outer loop
    vertex -4.157457829 1.722075462 -18
    vertex -4.067951679 1.923997879 -18
    vertex -4.157457829 1.722075462 -12.10000038
  endloop
endfacet
facet normal 0.893224275 -0.4496113818 0
  outer loop
    vertex -4.067951679 1.923997879 -18
    vertex -3.968645573 2.1212852 -18
    vertex -4.067951679 1.923997879 -12.10000038
  endloop
endfacet
facet normal 0.8700870459 -0.4928980955 0
  outer loop
    vertex -3.968645573 2.1212852 -18
    vertex -3.859778643 2.313462257 -18
    vertex -3.968645573 2.1212852 -12.10000038
  endloop
endfacet
facet normal 0.8448536683 -0.5349974572 0
  outer loop
    vertex -3.859778643 2.313462257 -18
    vertex -3.74161315 2.500066042 -18
    vertex -3.859778643 2.313462257 -12.10000038
  endloop
endfacet
facet normal 0.8175853268 -0.5758074621 0
  outer loop
    vertex -3.74161315 2.500066042 -18
    vertex -3.614434004 2.680646896 -18
    vertex -3.74161315 2.500066042 -12.10000038
  endloop
endfacet
facet normal 0.7883461363 -0.6152319638 0
  outer loop
    vertex -3.614434004 2.680646896 -18
    vertex -3.478547096 2.854769707 -18
    vertex -3.614434004 2.680646896 -12.10000038
  endloop
endfacet
facet normal 0.7572088181 -0.6531728759 0
  outer loop
    vertex -3.478547096 2.854769707 -18
    vertex -3.334280014 3.022015333 -18
    vertex -3.478547096 2.854769707 -12.10000038
  endloop
endfacet
facet normal 0.7242475352 -0.6895400697 0
  outer loop
    vertex -3.334280014 3.022015333 -18
    vertex -3.18198061 3.18198061 -18
    vertex -3.334280014 3.022015333 -12.10000038
  endloop
endfacet
facet normal 0.6895400697 -0.7242475352 0
  outer loop
    vertex -3.18198061 3.18198061 -18
    vertex -3.022015333 3.334280014 -18
    vertex -3.18198061 3.18198061 -12.10000038
  endloop
endfacet
facet normal 0.9996987923 -0.02454230502 0
  outer loop
    vertex -4.494579315 0.2208045274 -18
    vertex -4.494579315 0.2208045274 -12.10000038
    vertex -4.5 5.510910704e-16 -12.10000038
  endloop
endfacet
facet normal 0.997290476 -0.07356430197 0
  outer loop
    vertex -4.478331089 0.441077143 -18
    vertex -4.478331089 0.441077143 -12.10000038
    vertex -4.494579315 0.2208045274 -12.10000038
  endloop
endfacet
facet normal 0.9924797039 -0.1224093028 0
  outer loop
    vertex -4.451294422 0.6602871418 -18
    vertex -4.451294422 0.6602871418 -12.10000038
    vertex -4.478331089 0.441077143 -12.10000038
  endloop
endfacet
facet normal 0.9852774868 -0.1709627853 0
  outer loop
    vertex -4.413533688 0.8779064417 -18
    vertex -4.413533688 0.8779064417 -12.10000038
    vertex -4.451294422 0.6602871418 -12.10000038
  endloop
endfacet
facet normal 0.9757020173 -0.219101742 0
  outer loop
    vertex -4.365140438 1.09341085 -18
    vertex -4.365140438 1.09341085 -12.10000038
    vertex -4.413533688 0.8779064417 -12.10000038
  endloop
endfacet
facet normal 0.9637762867 -0.2667119592 0
  outer loop
    vertex -4.306231499 1.30628109 -18
    vertex -4.306231499 1.30628109 -12.10000038
    vertex -4.365140438 1.09341085 -12.10000038
  endloop
endfacet
facet normal 0.9495284363 -0.3136809665 0
  outer loop
    vertex -4.23694849 1.516004324 -18
    vertex -4.23694849 1.516004324 -12.10000038
    vertex -4.306231499 1.30628109 -12.10000038
  endloop
endfacet
facet normal 0.9329924159 -0.3598960292 0
  outer loop
    vertex -4.157457829 1.722075462 -18
    vertex -4.157457829 1.722075462 -12.10000038
    vertex -4.23694849 1.516004324 -12.10000038
  endloop
endfacet
facet normal 0.9142095917 -0.4052416841 0
  outer loop
    vertex -4.067951679 1.923997879 -18
    vertex -4.067951679 1.923997879 -12.10000038
    vertex -4.157457829 1.722075462 -12.10000038
  endloop
endfacet
facet normal 0.893224275 -0.4496113818 0
  outer loop
    vertex -3.968645573 2.1212852 -18
    vertex -3.968645573 2.1212852 -12.10000038
    vertex -4.067951679 1.923997879 -12.10000038
  endloop
endfacet
facet normal 0.8700870459 -0.4928980955 0
  outer loop
    vertex -3.859778643 2.313462257 -18
    vertex -3.859778643 2.313462257 -12.10000038
    vertex -3.968645573 2.1212852 -12.10000038
  endloop
endfacet
facet normal 0.8448536683 -0.5349974572 0
  outer loop
    vertex -3.74161315 2.500066042 -18
    vertex -3.74161315 2.500066042 -12.10000038
    vertex -3.859778643 2.313462257 -12.10000038
  endloop
endfacet
facet normal 0.8175853268 -0.5758074621 0
  outer loop
    vertex -3.614434004 2.680646896 -18
    vertex -3.614434004 2.680646896 -12.10000038
    vertex -3.74161315 2.500066042 -12.10000038
  endloop
endfacet
facet normal 0.7883461363 -0.6152319638 0
  outer loop
    vertex -3.478547096 2.854769707 -18
    vertex -3.478547096 2.854769707 -12.10000038
    vertex -3.614434004 2.680646896 -12.10000038
  endloop
endfacet
facet normal 0.7572088181 -0.6531728759 0
  outer loop
    vertex -3.334280014 3.022015333 -18
    vertex -3.334280014 3.022015333 -12.10000038
    vertex -3.478547096 2.854769707 -12.10000038
  endloop
endfacet
facet normal 0.7242475352 -0.6895400697 0
  outer loop
    vertex -3.18198061 3.18198061 -18
    vertex -3.18198061 3.18198061 -12.10000038
    vertex -3.334280014 3.022015333 -12.10000038
  endloop
endfacet
facet normal 0.6895400697 -0.7242475352 0
  outer loop
    vertex -3.022015333 3.334280014 -18
    vertex -3.022015333 3.334280014 -12.10000038
    vertex -3.18198061 3.18198061 -12.10000038
  endloop
endfacet
facet normal 0 -0 -1
  outer loop
    vertex -64.4696579 71.13130951 -18
    vertex -3.022015333 3.334280014 -18
    vertex -3.18198061 3.18198061 -18
  endloop
endfacet
facet normal 0 -0 -1
  outer loop
    vertex -60.90175629 74.20900726 -18
    vertex -2.854769707 3.478547096 -18
    vertex -3.022015333 3.334280014 -18
  endloop
endfacet
facet normal 0 -0 -1
  outer loop
    vertex -60.90175629 74.20900726 -18
    vertex -2.680646896 3.614434004 -18
    vertex -2.854769707 3.478547096 -18
  endloop
endfacet
facet normal 0 -0 -1
  outer loop
    vertex -53.3347435 79.82108307 -18
    vertex -2.500066042 3.74161315 -18
    vertex -2.680646896 3.614434004 -18
  endloop
endfacet
facet normal 0 -0 -1
  outer loop
    vertex -49.35386276 82.34194946 -18
    vertex -2.313462257 3.859778643 -18
    vertex -2.500066042 3.74161315 -18
  endloop
endfacet
facet normal 0 -0 -1
  outer loop
    vertex -45.25408554 84.66444397 -18
    vertex -2.1212852 3.968645573 -18
    vertex -2.313462257 3.859778643 -18
  endloop
endfacet
facet normal 0 -0 -1
  outer loop
    vertex -45.25408554 84.66444397 -18
    vertex -1.923997879 4.067951679 -18
    vertex -2.1212852 3.968645573 -18
  endloop
endfacet
facet normal 0 -0 -1
  outer loop
    vertex -41.04528809 86.78297424 -18
    vertex -1.722075462 4.157457829 -18
    vertex -1.923997879 4.067951679 -18
  endloop
endfacet
facet normal 0 -0 -1
  outer loop
    vertex -32.34142685 90.38822937 -18
    vertex -1.516004324 4.23694849 -18
    vertex -1.722075462 4.157457829 -18
  endloop
endfacet
facet normal 0 -0 -1
  outer loop
    vertex -27.86732864 91.86627197 -18
    vertex -1.30628109 4.306231499 -18
    vertex -1.516004324 4.23694849 -18
  endloop
endfacet
facet normal 0 -0 -1
  outer loop
    vertex -23.32609749 93.1230011 -18
    vertex -1.09341085 4.365140438 -18
    vertex -1.30628109 4.306231499 -18
  endloop
endfacet
facet normal 0 -0 -1
  outer loop
    vertex -23.32609749 93.1230011 -18
    vertex -0.8779064417 4.413533688 -18
    vertex -1.09341085 4.365140438 -18
  endloop
endfacet
facet normal 0 -0 -1
  outer loop
    vertex -14.08612537 94.96094513 -18
    vertex -0.6602871418 4.451294422 -18
    vertex -0.8779064417 4.413533688 -18
  endloop
endfacet
facet normal 0 -0 -1
  outer loop
    vertex -9.409645081 95.53773499 -18
    vertex -0.441077143 4.478331089 -18
    vertex -0.6602871418 4.451294422 -18
  endloop
endfacet
facet normal -0 0 1
  outer loop
    vertex -53.69357681 31 -10.5
    vertex -50.5721283 15.30743599 -10.5
    vertex -47.57064056 16.21792793 -10.5
  endloop
endfacet
facet normal -0 0 1
  outer loop
    vertex -53.69357681 31 -10.5
    vertex -47.57064056 16.21792793 -10.5
    vertex -44.80445099 17.69648552 -10.5
  endloop
endfacet
facet normal -0 0 1
  outer loop
    vertex -53.69357681 31 -10.5
    vertex -44.80445099 17.69648552 -10.5
    vertex -42.37986755 19.68629074 -10.5
  endloop
endfacet
facet normal -0 0 1
  outer loop
    vertex -53.69357681 31 -10.5
    vertex -42.37986755 19.68629074 -10.5
    vertex -40.39006042 22.11087608 -10.5
  endloop
endfacet
facet normal -0 0 1
  outer loop
    vertex -53.69357681 31 -10.5
    vertex -40.39006042 22.11087608 -10.5
    vertex -38.91150284 24.87706566 -10.5
  endloop
endfacet
facet normal -0 0 1
  outer loop
    vertex -53.69357681 31 -10.5
    vertex -38.91150284 24.87706566 -10.5
    vertex -38.00101089 27.8785553 -10.5
  endloop
endfacet
facet normal -0 0 1
  outer loop
    vertex -53.69357681 31 -10.5
    vertex -38.00101089 27.8785553 -10.5
    vertex -37.69357681 31 -10.5
  endloop
endfacet
facet normal 0 -0 1
  outer loop
    vertex -53.69357681 31 -10.5
    vertex -38.00101089 34.1214447 -10.5
    vertex -38.91150284 37.12293625 -10.5
  endloop
endfacet
facet normal 0 -0 1
  outer loop
    vertex -53.69357681 31 -10.5
    vertex -37.69357681 31 -10.5
    vertex -38.00101089 34.1214447 -10.5
  endloop
endfacet
facet normal 0 -0 1
  outer loop
    vertex -53.69357681 31 -10.5
    vertex -47.57064056 45.78207397 -10.5
    vertex -50.5721283 46.69256592 -10.5
  endloop
endfacet
facet normal 0 -0 1
  outer loop
    vertex -53.69357681 31 -10.5
    vertex -44.80445099 44.30351257 -10.5
    vertex -47.57064056 45.78207397 -10.5
  endloop
endfacet
facet normal 0 -0 1
  outer loop
    vertex -53.69357681 31 -10.5
    vertex -42.37986755 42.31370926 -10.5
    vertex -44.80445099 44.30351257 -10.5
  endloop
endfacet
facet normal 0 -0 1
  outer loop
    vertex -53.69357681 31 -10.5
    vertex -40.39006042 39.88912201 -10.5
    vertex -42.37986755 42.31370926 -10.5
  endloop
endfacet
facet normal 0 -0 1
  outer loop
    vertex -53.69357681 31 -10.5
    vertex -38.91150284 37.12293625 -10.5
    vertex -40.39006042 39.88912201 -10.5
  endloop
endfacet
facet normal 0 0 1
  outer loop
    vertex -4.067951679 -1.923997879 -12.10000038
    vertex -4.157457829 -1.722075462 -12.10000038
    vertex -21.10000038 21.10000038 -12.10000038
  endloop
endfacet
facet normal 0 0 1
  outer loop
    vertex -4.23694849 -1.516004324 -12.10000038
    vertex -21.10000038 21.10000038 -12.10000038
    vertex -4.157457829 -1.722075462 -12.10000038
  endloop
endfacet
facet normal 0 0 1
  outer loop
    vertex -4.413533688 -0.8779064417 -12.10000038
    vertex -4.451294422 -0.6602871418 -12.10000038
    vertex -21.10000038 21.10000038 -12.10000038
  endloop
endfacet
facet normal 0 0 1
  outer loop
    vertex -4.451294422 -0.6602871418 -12.10000038
    vertex -4.478331089 -0.441077143 -12.10000038
    vertex -21.10000038 21.10000038 -12.10000038
  endloop
endfacet
facet normal 0 0 1
  outer loop
    vertex -4.478331089 -0.441077143 -12.10000038
    vertex -4.494579315 -0.2208045274 -12.10000038
    vertex -21.10000038 21.10000038 -12.10000038
  endloop
endfacet
facet normal 0 0 1
  outer loop
    vertex -4.494579315 -0.2208045274 -12.10000038
    vertex -4.5 5.510910704e-16 -12.10000038
    vertex -21.10000038 21.10000038 -12.10000038
  endloop
endfacet
facet normal -0 0 1
  outer loop
    vertex -21.10000038 21.10000038 -12.10000038
    vertex -4.5 5.510910704e-16 -12.10000038
    vertex -4.494579315 0.2208045274 -12.10000038
  endloop
endfacet
facet normal -0 0 1
  outer loop
    vertex -21.10000038 21.10000038 -12.10000038
    vertex -4.494579315 0.2208045274 -12.10000038
    vertex -4.478331089 0.441077143 -12.10000038
  endloop
endfacet
facet normal -0 0 1
  outer loop
    vertex -21.10000038 21.10000038 -12.10000038
    vertex -4.478331089 0.441077143 -12.10000038
    vertex -4.451294422 0.6602871418 -12.10000038
  endloop
endfacet
facet normal 0 0 1
  outer loop
    vertex -4.23694849 -1.516004324 -12.10000038
    vertex -4.306231499 -1.30628109 -12.10000038
    vertex -21.10000038 21.10000038 -12.10000038
  endloop
endfacet
facet normal 0 0 1
  outer loop
    vertex -4.306231499 -1.30628109 -12.10000038
    vertex -4.365140438 -1.09341085 -12.10000038
    vertex -21.10000038 21.10000038 -12.10000038
  endloop
endfacet
facet normal 0 0 1
  outer loop
    vertex -4.365140438 -1.09341085 -12.10000038
    vertex -4.413533688 -0.8779064417 -12.10000038
    vertex -21.10000038 21.10000038 -12.10000038
  endloop
endfacet
facet normal -0 0 1
  outer loop
    vertex -21.10000038 21.10000038 -12.10000038
    vertex -4.451294422 0.6602871418 -12.10000038
    vertex -4.413533688 0.8779064417 -12.10000038
  endloop
endfacet
facet normal -0 0 1
  outer loop
    vertex -21.10000038 21.10000038 -12.10000038
    vertex -4.413533688 0.8779064417 -12.10000038
    vertex -4.365140438 1.09341085 -12.10000038
  endloop
endfacet
facet normal -0 0 1
  outer loop
    vertex -21.10000038 21.10000038 -12.10000038
    vertex -4.365140438 1.09341085 -12.10000038
    vertex -4.306231499 1.30628109 -12.10000038
  endloop
endfacet
facet normal -0 0 1
  outer loop
    vertex -21.10000038 21.10000038 -12.10000038
    vertex -4.306231499 1.30628109 -12.10000038
    vertex -4.23694849 1.516004324 -12.10000038
  endloop
endfacet
facet normal -0 0 1
  outer loop
    vertex -21.10000038 21.10000038 -12.10000038
    vertex -4.23694849 1.516004324 -12.10000038
    vertex -4.157457829 1.722075462 -12.10000038
  endloop
endfacet
facet normal -0 0 1
  outer loop
    vertex -21.10000038 21.10000038 -12.10000038
    vertex -4.157457829 1.722075462 -12.10000038
    vertex -4.067951679 1.923997879 -12.10000038
  endloop
endfacet
facet normal -0 0 1
  outer loop
    vertex -21.10000038 21.10000038 -12.10000038
    vertex -4.067951679 1.923997879 -12.10000038
    vertex -3.968645573 2.1212852 -12.10000038
  endloop
endfacet
facet normal -0 0 1
  outer loop
    vertex -21.10000038 21.10000038 -12.10000038
    vertex -3.968645573 2.1212852 -12.10000038
    vertex -3.859778643 2.313462257 -12.10000038
  endloop
endfacet
facet normal -0 0 1
  outer loop
    vertex -21.10000038 21.10000038 -12.10000038
    vertex -3.74161315 2.500066042 -12.10000038
    vertex -3.614434004 2.680646896 -12.10000038
  endloop
endfacet
facet normal -0 0 1
  outer loop
    vertex -21.10000038 21.10000038 -12.10000038
    vertex -3.859778643 2.313462257 -12.10000038
    vertex -3.74161315 2.500066042 -12.10000038
  endloop
endfacet
facet normal -0 0 1
  outer loop
    vertex -21.10000038 21.10000038 -12.10000038
    vertex -3.614434004 2.680646896 -12.10000038
    vertex -3.478547096 2.854769707 -12.10000038
  endloop
endfacet
facet normal -0 0 1
  outer loop
    vertex -21.10000038 21.10000038 -12.10000038
    vertex -3.478547096 2.854769707 -12.10000038
    vertex -3.334280014 3.022015333 -12.10000038
  endloop
endfacet
facet normal -0 0 1
  outer loop
    vertex -21.10000038 21.10000038 -12.10000038
    vertex -3.334280014 3.022015333 -12.10000038
    vertex -3.18198061 3.18198061 -12.10000038
  endloop
endfacet
facet normal -0 0 1
  outer loop
    vertex -21.10000038 21.10000038 -12.10000038
    vertex -3.18198061 3.18198061 -12.10000038
    vertex -3.022015333 3.334280014 -12.10000038
  endloop
endfacet
facet normal -0 0 1
  outer loop
    vertex -21.10000038 21.10000038 -12.10000038
    vertex -3.022015333 3.334280014 -12.10000038
    vertex -2.854769707 3.478547096 -12.10000038
  endloop
endfacet
facet normal -0 0 1
  outer loop
    vertex -21.10000038 21.10000038 -12.10000038
    vertex -2.854769707 3.478547096 -12.10000038
    vertex -2.680646896 3.614434004 -12.10000038
  endloop
endfacet
facet normal -0 0 1
  outer loop
    vertex -21.10000038 21.10000038 -12.10000038
    vertex -2.680646896 3.614434004 -12.10000038
    vertex -2.500066042 3.74161315 -12.10000038
  endloop
endfacet
facet normal -0 0 1
  outer loop
    vertex -21.10000038 21.10000038 -12.10000038
    vertex -2.500066042 3.74161315 -12.10000038
    vertex -2.313462257 3.859778643 -12.10000038
  endloop
endfacet
facet normal -0 0 1
  outer loop
    vertex -21.10000038 21.10000038 -12.10000038
    vertex -2.313462257 3.859778643 -12.10000038
    vertex -2.1212852 3.968645573 -12.10000038
  endloop
endfacet
facet normal -0 0 1
  outer loop
    vertex -21.10000038 21.10000038 -12.10000038
    vertex -2.1212852 3.968645573 -12.10000038
    vertex -1.923997879 4.067951679 -12.10000038
  endloop
endfacet
facet normal 1 0 0
  outer loop
    vertex -21.10000038 -21.10000038 -12.10000038
    vertex -21.10000038 21.10000038 -12.10000038
    vertex -21.10000038 21.10000038 -9.100000381
  endloop
endfacet
facet normal 0 0 -1
  outer loop
    vertex -4.067951679 -1.923997879 -9.100000381
    vertex -21.10000038 21.10000038 -9.100000381
    vertex -4.157457829 -1.722075462 -9.100000381
  endloop
endfacet
facet normal -0 -0 -1
  outer loop
    vertex -4.23694849 -1.516004324 -9.100000381
    vertex -4.157457829 -1.722075462 -9.100000381
    vertex -21.10000038 21.10000038 -9.100000381
  endloop
endfacet
facet normal 0 0 -1
  outer loop
    vertex -4.413533688 -0.8779064417 -9.100000381
    vertex -21.10000038 21.10000038 -9.100000381
    vertex -4.451294422 -0.6602871418 -9.100000381
  endloop
endfacet
facet normal 0 0 -1
  outer loop
    vertex -4.451294422 -0.6602871418 -9.100000381
    vertex -21.10000038 21.10000038 -9.100000381
    vertex -4.478331089 -0.441077143 -9.100000381
  endloop
endfacet
facet normal 0 0 -1
  outer loop
    vertex -4.478331089 -0.441077143 -9.100000381
    vertex -21.10000038 21.10000038 -9.100000381
    vertex -4.494579315 -0.2208045274 -9.100000381
  endloop
endfacet
facet normal 0 0 -1
  outer loop
    vertex -4.494579315 -0.2208045274 -9.100000381
    vertex -21.10000038 21.10000038 -9.100000381
    vertex -4.5 5.510910704e-16 -9.100000381
  endloop
endfacet
facet normal 0 -0 -1
  outer loop
    vertex -21.10000038 21.10000038 -9.100000381
    vertex -4.494579315 0.2208045274 -9.100000381
    vertex -4.5 5.510910704e-16 -9.100000381
  endloop
endfacet
facet normal 0 -0 -1
  outer loop
    vertex -21.10000038 21.10000038 -9.100000381
    vertex -4.478331089 0.441077143 -9.100000381
    vertex -4.494579315 0.2208045274 -9.100000381
  endloop
endfacet
facet normal 0 -0 -1
  outer loop
    vertex -21.10000038 21.10000038 -9.100000381
    vertex -4.451294422 0.6602871418 -9.100000381
    vertex -4.478331089 0.441077143 -9.100000381
  endloop
endfacet
facet normal 0 0 -1
  outer loop
    vertex -4.23694849 -1.516004324 -9.100000381
    vertex -21.10000038 21.10000038 -9.100000381
    vertex -4.306231499 -1.30628109 -9.100000381
  endloop
endfacet
facet normal 0 0 -1
  outer loop
    vertex -4.306231499 -1.30628109 -9.100000381
    vertex -21.10000038 21.10000038 -9.100000381
    vertex -4.365140438 -1.09341085 -9.100000381
  endloop
endfacet
facet normal 0 0 -1
  outer loop
    vertex -4.365140438 -1.09341085 -9.100000381
    vertex -21.10000038 21.10000038 -9.100000381
    vertex -4.413533688 -0.8779064417 -9.100000381
  endloop
endfacet
facet normal 0 -0 -1
  outer loop
    vertex -21.10000038 21.10000038 -9.100000381
    vertex -4.413533688 0.8779064417 -9.100000381
    vertex -4.451294422 0.6602871418 -9.100000381
  endloop
endfacet
facet normal 0 -0 -1
  outer loop
    vertex -21.10000038 21.10000038 -9.100000381
    vertex -4.365140438 1.09341085 -9.100000381
    vertex -4.413533688 0.8779064417 -9.100000381
  endloop
endfacet
facet normal 0 -0 -1
  outer loop
    vertex -21.10000038 21.10000038 -9.100000381
    vertex -4.306231499 1.30628109 -9.100000381
    vertex -4.365140438 1.09341085 -9.100000381
  endloop
endfacet
facet normal 0 -0 -1
  outer loop
    vertex -21.10000038 21.10000038 -9.100000381
    vertex -4.23694849 1.516004324 -9.100000381
    vertex -4.306231499 1.30628109 -9.100000381
  endloop
endfacet
facet normal 0 -0 -1
  outer loop
    vertex -21.10000038 21.10000038 -9.100000381
    vertex -4.157457829 1.722075462 -9.100000381
    vertex -4.23694849 1.516004324 -9.100000381
  endloop
endfacet
facet normal 0 -0 -1
  outer loop
    vertex -21.10000038 21.10000038 -9.100000381
    vertex -4.067951679 1.923997879 -9.100000381
    vertex -4.157457829 1.722075462 -9.100000381
  endloop
endfacet
facet normal 0 -0 -1
  outer loop
    vertex -21.10000038 21.10000038 -9.100000381
    vertex -3.968645573 2.1212852 -9.100000381
    vertex -4.067951679 1.923997879 -9.100000381
  endloop
endfacet
facet normal 0 -0 -1
  outer loop
    vertex -21.10000038 21.10000038 -9.100000381
    vertex -3.859778643 2.313462257 -9.100000381
    vertex -3.968645573 2.1212852 -9.100000381
  endloop
endfacet
facet normal 0 -0 -1
  outer loop
    vertex -21.10000038 21.10000038 -9.100000381
    vertex -3.74161315 2.500066042 -9.100000381
    vertex -3.859778643 2.313462257 -9.100000381
  endloop
endfacet
facet normal 0 -0 -1
  outer loop
    vertex -21.10000038 21.10000038 -9.100000381
    vertex -3.614434004 2.680646896 -9.100000381
    vertex -3.74161315 2.500066042 -9.100000381
  endloop
endfacet
facet normal 0 -0 -1
  outer loop
    vertex -21.10000038 21.10000038 -9.100000381
    vertex -3.478547096 2.854769707 -9.100000381
    vertex -3.614434004 2.680646896 -9.100000381
  endloop
endfacet
facet normal 0 -0 -1
  outer loop
    vertex -21.10000038 21.10000038 -9.100000381
    vertex -3.334280014 3.022015333 -9.100000381
    vertex -3.478547096 2.854769707 -9.100000381
  endloop
endfacet
facet normal 0 -0 -1
  outer loop
    vertex -21.10000038 21.10000038 -9.100000381
    vertex -3.18198061 3.18198061 -9.100000381
    vertex -3.334280014 3.022015333 -9.100000381
  endloop
endfacet
facet normal 0 -0 -1
  outer loop
    vertex -21.10000038 21.10000038 -9.100000381
    vertex -3.022015333 3.334280014 -9.100000381
    vertex -3.18198061 3.18198061 -9.100000381
  endloop
endfacet
facet normal 0 -0 -1
  outer loop
    vertex -21.10000038 21.10000038 -9.100000381
    vertex -2.854769707 3.478547096 -9.100000381
    vertex -3.022015333 3.334280014 -9.100000381
  endloop
endfacet
facet normal 0 -0 -1
  outer loop
    vertex -21.10000038 21.10000038 -9.100000381
    vertex -2.680646896 3.614434004 -9.100000381
    vertex -2.854769707 3.478547096 -9.100000381
  endloop
endfacet
facet normal 0 -0 -1
  outer loop
    vertex -21.10000038 21.10000038 -9.100000381
    vertex -2.500066042 3.74161315 -9.100000381
    vertex -2.680646896 3.614434004 -9.100000381
  endloop
endfacet
facet normal 0 -0 -1
  outer loop
    vertex -21.10000038 21.10000038 -9.100000381
    vertex -2.313462257 3.859778643 -9.100000381
    vertex -2.500066042 3.74161315 -9.100000381
  endloop
endfacet
facet normal 0 -0 -1
  outer loop
    vertex -21.10000038 21.10000038 -9.100000381
    vertex -2.1212852 3.968645573 -9.100000381
    vertex -2.313462257 3.859778643 -9.100000381
  endloop
endfacet
facet normal 0 -0 -1
  outer loop
    vertex -21.10000038 21.10000038 -9.100000381
    vertex -1.923997879 4.067951679 -9.100000381
    vertex -2.1212852 3.968645573 -9.100000381
  endloop
endfacet
facet normal 0 -1 0
  outer loop
    vertex -21.10000038 21.10000038 -12.10000038
    vertex 21.10000038 21.10000038 -9.100000381
    vertex -21.10000038 21.10000038 -9.100000381
  endloop
endfacet
facet normal 0 0 -1
  outer loop
    vertex -64.4696579 71.13130951 -18
    vertex -60.90175629 74.20900726 -18
    vertex -3.022015333 3.334280014 -18
  endloop
endfacet
facet normal 0 0 -1
  outer loop
    vertex -60.90175629 74.20900726 -18
    vertex -57.18713379 77.10792542 -18
    vertex -2.680646896 3.614434004 -18
  endloop
endfacet
facet normal 0 0 -1
  outer loop
    vertex -57.18713379 77.10792542 -18
    vertex -53.3347435 79.82108307 -18
    vertex -2.680646896 3.614434004 -18
  endloop
endfacet
facet normal 0 0 -1
  outer loop
    vertex -53.3347435 79.82108307 -18
    vertex -49.35386276 82.34194946 -18
    vertex -2.500066042 3.74161315 -18
  endloop
endfacet
facet normal 0 0 -1
  outer loop
    vertex -49.35386276 82.34194946 -18
    vertex -45.25408554 84.66444397 -18
    vertex -2.313462257 3.859778643 -18
  endloop
endfacet
facet normal 0 0 -1
  outer loop
    vertex -45.25408554 84.66444397 -18
    vertex -41.04528809 86.78297424 -18
    vertex -1.923997879 4.067951679 -18
  endloop
endfacet
facet normal 0 0 -1
  outer loop
    vertex -41.04528809 86.78297424 -18
    vertex -36.73760986 88.69243622 -18
    vertex -1.722075462 4.157457829 -18
  endloop
endfacet
facet normal 0 0 -1
  outer loop
    vertex -36.73760986 88.69243622 -18
    vertex -32.34142685 90.38822937 -18
    vertex -1.722075462 4.157457829 -18
  endloop
endfacet
facet normal 0 0 -1
  outer loop
    vertex -32.34142685 90.38822937 -18
    vertex -27.86732864 91.86627197 -18
    vertex -1.516004324 4.23694849 -18
  endloop
endfacet
facet normal 0 0 -1
  outer loop
    vertex -27.86732864 91.86627197 -18
    vertex -23.32609749 93.1230011 -18
    vertex -1.30628109 4.306231499 -18
  endloop
endfacet
facet normal 0 0 -1
  outer loop
    vertex -23.32609749 93.1230011 -18
    vertex -18.72867012 94.15538788 -18
    vertex -0.8779064417 4.413533688 -18
  endloop
endfacet
facet normal 0 0 -1
  outer loop
    vertex -18.72867012 94.15538788 -18
    vertex -14.08612537 94.96094513 -18
    vertex -0.8779064417 4.413533688 -18
  endloop
endfacet
facet normal 0 0 -1
  outer loop
    vertex -14.08612537 94.96094513 -18
    vertex -9.409645081 95.53773499 -18
    vertex -0.6602871418 4.451294422 -18
  endloop
endfacet
facet normal 0 0 -1
  outer loop
    vertex -9.409645081 95.53773499 -18
    vertex -4.710496902 95.88436127 -18
    vertex -0.441077143 4.478331089 -18
  endloop
endfacet
facet normal -0.5349978424 0.8448534243 0
  outer loop
    vertex -53.3347435 79.82108307 -18
    vertex -49.35386276 82.34194946 0
    vertex -49.35386276 82.34194946 -18
  endloop
endfacet
facet normal -0.4928980955 0.8700870459 0
  outer loop
    vertex -49.35386276 82.34194946 -18
    vertex -45.25408554 84.66444397 0
    vertex -45.25408554 84.66444397 -18
  endloop
endfacet
facet normal -0.4496112734 0.8932243295 0
  outer loop
    vertex -45.25408554 84.66444397 -18
    vertex -41.04528809 86.78297424 0
    vertex -41.04528809 86.78297424 -18
  endloop
endfacet
facet normal -0.405241233 0.9142097916 0
  outer loop
    vertex -41.04528809 86.78297424 -18
    vertex -36.73760986 88.69243622 0
    vertex -36.73760986 88.69243622 -18
  endloop
endfacet
facet normal -0.3598947103 0.9329929247 0
  outer loop
    vertex -36.73760986 88.69243622 -18
    vertex -32.34142685 90.38822937 0
    vertex -32.34142685 90.38822937 -18
  endloop
endfacet
facet normal -0.313681779 0.9495281679 0
  outer loop
    vertex -32.34142685 90.38822937 -18
    vertex -27.86732864 91.86627197 0
    vertex -27.86732864 91.86627197 -18
  endloop
endfacet
facet normal -0.2667129966 0.9637759996 0
  outer loop
    vertex -27.86732864 91.86627197 -18
    vertex -23.32609749 93.1230011 0
    vertex -23.32609749 93.1230011 -18
  endloop
endfacet
facet normal -0.2191012282 0.9757021327 0
  outer loop
    vertex -23.32609749 93.1230011 -18
    vertex -18.72867012 94.15538788 0
    vertex -18.72867012 94.15538788 -18
  endloop
endfacet
facet normal -0.1709617488 0.9852776667 0
  outer loop
    vertex -18.72867012 94.15538788 -18
    vertex -14.08612537 94.96094513 0
    vertex -14.08612537 94.96094513 -18
  endloop
endfacet
facet normal -0.1224108895 0.9924795082 0
  outer loop
    vertex -14.08612537 94.96094513 -18
    vertex -9.409645081 95.53773499 0
    vertex -9.409645081 95.53773499 -18
  endloop
endfacet
facet normal -0.07356378002 0.9972905145 0
  outer loop
    vertex -9.409645081 95.53773499 -18
    vertex -4.710496902 95.88436127 0
    vertex -4.710496902 95.88436127 -18
  endloop
endfacet
facet normal -0.9996988056 0.02454176397 0
  outer loop
    vertex -96 1.175660894e-14 -12
    vertex -95.88436127 4.710496902 0
    vertex -95.88436127 4.710496902 -12
  endloop
endfacet
facet normal -0.9972905145 0.07356378002 0
  outer loop
    vertex -95.88436127 4.710496902 -12
    vertex -95.53773499 9.409645081 0
    vertex -95.53773499 9.409645081 -12
  endloop
endfacet
facet normal -0.9924795082 0.1224108895 0
  outer loop
    vertex -95.53773499 9.409645081 -12
    vertex -94.96094513 14.08612537 0
    vertex -94.96094513 14.08612537 -12
  endloop
endfacet
facet normal -0.985277506 0.1709626748 -3.690357176e-07
  outer loop
    vertex -94.96094513 14.08612537 -12
    vertex -94.15538788 18.72867012 0
    vertex -94.45533752 17 -12
  endloop
endfacet
facet normal -0.9757021327 0.2191012282 0
  outer loop
    vertex -94.15538788 18.72867012 -18
    vertex -94.15538788 18.72867012 0
    vertex -93.1230011 23.32609749 0
  endloop
endfacet
facet normal 0 -1 0
  outer loop
    vertex -92.15000153 7.150000095 -18
    vertex -77.84999847 7.150000095 0
    vertex -92.15000153 7.150000095 0
  endloop
endfacet
facet normal -1 0 0
  outer loop
    vertex -77.84999847 -7.150000095 0
    vertex -77.84999847 7.150000095 0
    vertex -77.84999847 7.150000095 -18
  endloop
endfacet
facet normal -0.9637759996 0.2667129966 0
  outer loop
    vertex -93.1230011 23.32609749 -18
    vertex -93.1230011 23.32609749 0
    vertex -91.86627197 27.86732864 0
  endloop
endfacet
facet normal -0.9495281679 0.313681779 0
  outer loop
    vertex -91.86627197 27.86732864 -18
    vertex -91.86627197 27.86732864 0
    vertex -90.38822937 32.34142685 0
  endloop
endfacet
facet normal -0.9329929247 0.3598947103 0
  outer loop
    vertex -90.38822937 32.34142685 -18
    vertex -90.38822937 32.34142685 0
    vertex -88.69243622 36.73760986 0
  endloop
endfacet
facet normal -0.9142097916 0.405241233 0
  outer loop
    vertex -88.69243622 36.73760986 -18
    vertex -88.69243622 36.73760986 0
    vertex -86.78297424 41.04528809 0
  endloop
endfacet
facet normal -0.8932243295 0.4496112734 0
  outer loop
    vertex -86.78297424 41.04528809 -18
    vertex -86.78297424 41.04528809 0
    vertex -84.66444397 45.25408554 0
  endloop
endfacet
facet normal -0.8700870459 0.4928980955 0
  outer loop
    vertex -84.66444397 45.25408554 -18
    vertex -84.66444397 45.25408554 0
    vertex -82.34194946 49.35386276 0
  endloop
endfacet
facet normal 0.8819209636 0.4713972995 -0
  outer loop
    vertex -66.99708557 22.11087608 -10.5
    vertex -68.47564697 24.87706566 -10.5
    vertex -68.47564697 24.87706566 -2
  endloop
endfacet
facet normal 0.7730114333 0.6343920901 -0
  outer loop
    vertex -65.00728607 19.68629074 -10.5
    vertex -66.99708557 22.11087608 -10.5
    vertex -66.99708557 22.11087608 -2
  endloop
endfacet
facet normal 0.4713963536 0.8819214692 -0
  outer loop
    vertex -62.58269882 17.69648552 -10.5
    vertex -62.58269882 17.69648552 -2
    vertex -59.81650925 16.21792793 -10.5
  endloop
endfacet
facet normal 0.2902848507 0.9569402831 -0
  outer loop
    vertex -59.81650925 16.21792793 -10.5
    vertex -59.81650925 16.21792793 -2
    vertex -56.81502151 15.30743599 -10.5
  endloop
endfacet
facet normal 0.634392882 0.7730107834 -0
  outer loop
    vertex -65.00728607 19.68629074 -10.5
    vertex -65.00728607 19.68629074 -2
    vertex -62.58269882 17.69648552 -10.5
  endloop
endfacet
facet normal 0.09801730458 0.9951847105 -0
  outer loop
    vertex -56.81502151 15.30743599 -10.5
    vertex -56.81502151 15.30743599 -2
    vertex -53.69357681 15 -10.5
  endloop
endfacet
facet normal -0.09801718594 0.9951847222 0
  outer loop
    vertex -53.69357681 15 -10.5
    vertex -53.69357681 15 -2
    vertex -50.5721283 15.30743599 -10.5
  endloop
endfacet
facet normal 0.7730114333 0.6343920901 0
  outer loop
    vertex -65.00728607 19.68629074 -10.5
    vertex -66.99708557 22.11087608 -2
    vertex -65.00728607 19.68629074 -2
  endloop
endfacet
facet normal 0.8819209636 0.4713972995 0
  outer loop
    vertex -66.99708557 22.11087608 -10.5
    vertex -68.47564697 24.87706566 -2
    vertex -66.99708557 22.11087608 -2
  endloop
endfacet
facet normal 0.4713963536 0.8819214692 0
  outer loop
    vertex -59.81650925 16.21792793 -10.5
    vertex -62.58269882 17.69648552 -2
    vertex -59.81650925 16.21792793 -2
  endloop
endfacet
facet normal 0.634392882 0.7730107834 0
  outer loop
    vertex -62.58269882 17.69648552 -10.5
    vertex -65.00728607 19.68629074 -2
    vertex -62.58269882 17.69648552 -2
  endloop
endfacet
facet normal 0.2902848507 0.9569402831 0
  outer loop
    vertex -56.81502151 15.30743599 -10.5
    vertex -59.81650925 16.21792793 -2
    vertex -56.81502151 15.30743599 -2
  endloop
endfacet
facet normal 0.09801730458 0.9951847105 0
  outer loop
    vertex -53.69357681 15 -10.5
    vertex -56.81502151 15.30743599 -2
    vertex -53.69357681 15 -2
  endloop
endfacet
facet normal 0.9569403344 0.2902846818 -0
  outer loop
    vertex -68.47564697 24.87706566 -10.5
    vertex -69.38613892 27.8785553 -10.5
    vertex -69.38613892 27.8785553 -2
  endloop
endfacet
facet normal 0.9951847698 0.09801670231 -0
  outer loop
    vertex -69.38613892 27.8785553 -10.5
    vertex -69.693573 31 -10.5
    vertex -69.693573 31 -2
  endloop
endfacet
facet normal 0.9951847698 -0.09801670231 0
  outer loop
    vertex -69.693573 31 -10.5
    vertex -69.38613892 34.1214447 -10.5
    vertex -69.38613892 34.1214447 -2
  endloop
endfacet
facet normal 0.9569403856 -0.2902845128 0
  outer loop
    vertex -69.38613892 34.1214447 -10.5
    vertex -68.47564697 37.12293625 -10.5
    vertex -68.47564697 37.12293625 -2
  endloop
endfacet
facet normal 0.8819206933 -0.4713978052 0
  outer loop
    vertex -68.47564697 37.12293625 -10.5
    vertex -66.99708557 39.88912201 -10.5
    vertex -66.99708557 39.88912201 -2
  endloop
endfacet
facet normal 0.773011678 -0.6343917919 0
  outer loop
    vertex -66.99708557 39.88912201 -10.5
    vertex -65.00728607 42.31370926 -10.5
    vertex -65.00728607 42.31370926 -2
  endloop
endfacet
facet normal 0.6343925187 -0.7730110816 0
  outer loop
    vertex -65.00728607 42.31370926 -10.5
    vertex -62.58269882 44.30351257 -10.5
    vertex -62.58269882 44.30351257 -2
  endloop
endfacet
facet normal 0.4713972995 -0.8819209636 0
  outer loop
    vertex -62.58269882 44.30351257 -10.5
    vertex -59.81650925 45.78207397 -10.5
    vertex -59.81650925 45.78207397 -2
  endloop
endfacet
facet normal 0.2902848507 -0.9569402831 0
  outer loop
    vertex -59.81650925 45.78207397 -10.5
    vertex -56.81502151 46.69256592 -10.5
    vertex -56.81502151 46.69256592 -2
  endloop
endfacet
facet normal 0.09801670231 -0.9951847698 0
  outer loop
    vertex -56.81502151 46.69256592 -10.5
    vertex -53.69357681 47 -10.5
    vertex -53.69357681 47 -2
  endloop
endfacet
facet normal 0.9569403344 0.2902846818 0
  outer loop
    vertex -68.47564697 24.87706566 -10.5
    vertex -69.38613892 27.8785553 -2
    vertex -68.47564697 24.87706566 -2
  endloop
endfacet
facet normal 0.9951847698 0.09801670231 0
  outer loop
    vertex -69.38613892 27.8785553 -10.5
    vertex -69.693573 31 -2
    vertex -69.38613892 27.8785553 -2
  endloop
endfacet
facet normal 0.9951847698 -0.09801670231 0
  outer loop
    vertex -69.693573 31 -10.5
    vertex -69.38613892 34.1214447 -2
    vertex -69.693573 31 -2
  endloop
endfacet
facet normal 0.9569403856 -0.2902845128 0
  outer loop
    vertex -69.38613892 34.1214447 -10.5
    vertex -68.47564697 37.12293625 -2
    vertex -69.38613892 34.1214447 -2
  endloop
endfacet
facet normal 0.8819206933 -0.4713978052 0
  outer loop
    vertex -68.47564697 37.12293625 -10.5
    vertex -66.99708557 39.88912201 -2
    vertex -68.47564697 37.12293625 -2
  endloop
endfacet
facet normal 0.773011678 -0.6343917919 0
  outer loop
    vertex -66.99708557 39.88912201 -10.5
    vertex -65.00728607 42.31370926 -2
    vertex -66.99708557 39.88912201 -2
  endloop
endfacet
facet normal 0.6343925187 -0.7730110816 0
  outer loop
    vertex -65.00728607 42.31370926 -10.5
    vertex -62.58269882 44.30351257 -2
    vertex -65.00728607 42.31370926 -2
  endloop
endfacet
facet normal 0.4713972995 -0.8819209636 0
  outer loop
    vertex -62.58269882 44.30351257 -10.5
    vertex -59.81650925 45.78207397 -2
    vertex -62.58269882 44.30351257 -2
  endloop
endfacet
facet normal 0.2902848507 -0.9569402831 0
  outer loop
    vertex -59.81650925 45.78207397 -10.5
    vertex -56.81502151 46.69256592 -2
    vertex -59.81650925 45.78207397 -2
  endloop
endfacet
facet normal 0.09801670231 -0.9951847698 0
  outer loop
    vertex -56.81502151 46.69256592 -10.5
    vertex -53.69357681 47 -2
    vertex -56.81502151 46.69256592 -2
  endloop
endfacet
facet normal -0.09801658368 -0.9951847815 0
  outer loop
    vertex -53.69357681 47 -10.5
    vertex -50.5721283 46.69256592 -2
    vertex -53.69357681 47 -2
  endloop
endfacet
facet normal -0.9996988056 0.02454176397 0
  outer loop
    vertex -96 1.175660894e-14 -12
    vertex -96 1.175660894e-14 0
    vertex -95.88436127 4.710496902 0
  endloop
endfacet
facet normal -0.9972905145 0.07356378002 0
  outer loop
    vertex -95.88436127 4.710496902 -12
    vertex -95.88436127 4.710496902 0
    vertex -95.53773499 9.409645081 0
  endloop
endfacet
facet normal -0.9924795082 0.1224108895 0
  outer loop
    vertex -95.53773499 9.409645081 -12
    vertex -95.53773499 9.409645081 0
    vertex -94.96094513 14.08612537 0
  endloop
endfacet
facet normal -0.9852776667 0.1709617488 0
  outer loop
    vertex -94.96094513 14.08612537 -12
    vertex -94.96094513 14.08612537 0
    vertex -94.15538788 18.72867012 0
  endloop
endfacet
facet normal 0 -0 1
  outer loop
    vertex -95.88436127 -4.710496902 0
    vertex -92.15000153 7.150000095 0
    vertex -96 1.175660894e-14 0
  endloop
endfacet
facet normal 0 -0 1
  outer loop
    vertex -96 1.175660894e-14 0
    vertex -92.15000153 7.150000095 0
    vertex -95.88436127 4.710496902 0
  endloop
endfacet
facet normal 0 -0 1
  outer loop
    vertex -95.88436127 4.710496902 0
    vertex -92.15000153 7.150000095 0
    vertex -95.53773499 9.409645081 0
  endloop
endfacet
facet normal -0 0 1
  outer loop
    vertex -95.53773499 9.409645081 0
    vertex -92.15000153 7.150000095 0
    vertex -77.84999847 7.150000095 0
  endloop
endfacet
facet normal -0 -0 1
  outer loop
    vertex -95.53773499 9.409645081 0
    vertex -4.451294422 0.6602871418 0
    vertex -94.96094513 14.08612537 0
  endloop
endfacet
facet normal 0 0 1
  outer loop
    vertex -95.53773499 9.409645081 0
    vertex -77.84999847 7.150000095 0
    vertex -4.478331089 0.441077143 0
  endloop
endfacet
facet normal -0 -0 1
  outer loop
    vertex -94.96094513 14.08612537 0
    vertex -4.413533688 0.8779064417 0
    vertex -94.15538788 18.72867012 0
  endloop
endfacet
facet normal 0 -0 1
  outer loop
    vertex -77.84999847 -7.150000095 0
    vertex -4.478331089 0.441077143 0
    vertex -77.84999847 7.150000095 0
  endloop
endfacet
facet normal 0 -0 -1
  outer loop
    vertex -65.00728607 19.68629074 -2
    vertex -53.69357681 31 -2
    vertex -62.58269882 17.69648552 -2
  endloop
endfacet
facet normal 0 -0 -1
  outer loop
    vertex -62.58269882 17.69648552 -2
    vertex -53.69357681 31 -2
    vertex -59.81650925 16.21792793 -2
  endloop
endfacet
facet normal 0 -0 -1
  outer loop
    vertex -59.81650925 16.21792793 -2
    vertex -53.69357681 31 -2
    vertex -56.81502151 15.30743599 -2
  endloop
endfacet
facet normal 0 0 -1
  outer loop
    vertex -56.81502151 15.30743599 -2
    vertex -53.69357681 31 -2
    vertex -53.69357681 15 -2
  endloop
endfacet
facet normal 0 0 -1
  outer loop
    vertex -53.69357681 15 -2
    vertex -53.69357681 31 -2
    vertex -50.5721283 15.30743599 -2
  endloop
endfacet
facet normal -0 -0 1
  outer loop
    vertex -94.15538788 18.72867012 0
    vertex -4.413533688 0.8779064417 0
    vertex -93.1230011 23.32609749 0
  endloop
endfacet
facet normal -0 -0 1
  outer loop
    vertex -93.1230011 23.32609749 0
    vertex -4.306231499 1.30628109 0
    vertex -91.86627197 27.86732864 0
  endloop
endfacet
facet normal -0 -0 1
  outer loop
    vertex -91.86627197 27.86732864 0
    vertex -4.23694849 1.516004324 0
    vertex -90.38822937 32.34142685 0
  endloop
endfacet
facet normal -0 -0 1
  outer loop
    vertex -90.38822937 32.34142685 0
    vertex -4.157457829 1.722075462 0
    vertex -88.69243622 36.73760986 0
  endloop
endfacet
facet normal 0 0 -1
  outer loop
    vertex -65.00728607 19.68629074 -2
    vertex -66.99708557 22.11087608 -2
    vertex -53.69357681 31 -2
  endloop
endfacet
facet normal 0 0 -1
  outer loop
    vertex -66.99708557 22.11087608 -2
    vertex -68.47564697 24.87706566 -2
    vertex -53.69357681 31 -2
  endloop
endfacet
facet normal 0 0 -1
  outer loop
    vertex -68.47564697 24.87706566 -2
    vertex -69.38613892 27.8785553 -2
    vertex -53.69357681 31 -2
  endloop
endfacet
facet normal 0 0 -1
  outer loop
    vertex -69.38613892 27.8785553 -2
    vertex -69.693573 31 -2
    vertex -53.69357681 31 -2
  endloop
endfacet
facet normal 0 0 -1
  outer loop
    vertex -69.693573 31 -2
    vertex -69.38613892 34.1214447 -2
    vertex -53.69357681 31 -2
  endloop
endfacet
facet normal 0 0 -1
  outer loop
    vertex -69.38613892 34.1214447 -2
    vertex -68.47564697 37.12293625 -2
    vertex -53.69357681 31 -2
  endloop
endfacet
facet normal -0 -0 1
  outer loop
    vertex -88.69243622 36.73760986 0
    vertex -4.157457829 1.722075462 0
    vertex -86.78297424 41.04528809 0
  endloop
endfacet
facet normal -0 -0 1
  outer loop
    vertex -86.78297424 41.04528809 0
    vertex -4.067951679 1.923997879 0
    vertex -84.66444397 45.25408554 0
  endloop
endfacet
facet normal -0 -0 1
  outer loop
    vertex -84.66444397 45.25408554 0
    vertex -3.859778643 2.313462257 0
    vertex -82.34194946 49.35386276 0
  endloop
endfacet
facet normal -0 -0 1
  outer loop
    vertex -82.34194946 49.35386276 0
    vertex -3.74161315 2.500066042 0
    vertex -79.82108307 53.3347435 0
  endloop
endfacet
facet normal 0 0 -1
  outer loop
    vertex -68.47564697 37.12293625 -2
    vertex -66.99708557 39.88912201 -2
    vertex -53.69357681 31 -2
  endloop
endfacet
facet normal 0 0 -1
  outer loop
    vertex -66.99708557 39.88912201 -2
    vertex -65.00728607 42.31370926 -2
    vertex -53.69357681 31 -2
  endloop
endfacet
facet normal 0 0 -1
  outer loop
    vertex -65.00728607 42.31370926 -2
    vertex -62.58269882 44.30351257 -2
    vertex -53.69357681 31 -2
  endloop
endfacet
facet normal 0 0 -1
  outer loop
    vertex -53.69357681 31 -2
    vertex -62.58269882 44.30351257 -2
    vertex -59.81650925 45.78207397 -2
  endloop
endfacet
facet normal 0 0 -1
  outer loop
    vertex -53.69357681 31 -2
    vertex -59.81650925 45.78207397 -2
    vertex -56.81502151 46.69256592 -2
  endloop
endfacet
facet normal 0 0 -1
  outer loop
    vertex -53.69357681 31 -2
    vertex -56.81502151 46.69256592 -2
    vertex -53.69357681 47 -2
  endloop
endfacet
facet normal 0 0 -1
  outer loop
    vertex -53.69357681 31 -2
    vertex -53.69357681 47 -2
    vertex -50.5721283 46.69256592 -2
  endloop
endfacet
facet normal -0 -0 1
  outer loop
    vertex -79.82108307 53.3347435 0
    vertex -3.614434004 2.680646896 0
    vertex -77.10792542 57.18713379 0
  endloop
endfacet
facet normal -0.8448534243 0.5349978424 0
  outer loop
    vertex -82.34194946 49.35386276 -18
    vertex -82.34194946 49.35386276 0
    vertex -79.82108307 53.3347435 0
  endloop
endfacet
facet normal -0.8175849832 0.5758079499 0
  outer loop
    vertex -79.82108307 53.3347435 -18
    vertex -79.82108307 53.3347435 0
    vertex -77.10792542 57.18713379 0
  endloop
endfacet
facet normal -0.7883466024 0.6152313666 0
  outer loop
    vertex -77.10792542 57.18713379 -18
    vertex -77.10792542 57.18713379 0
    vertex -74.20900726 60.90175629 0
  endloop
endfacet
facet normal -0.7572083575 0.6531734098 0
  outer loop
    vertex -74.20900726 60.90175629 -18
    vertex -74.20900726 60.90175629 0
    vertex -71.13130951 64.4696579 0
  endloop
endfacet
facet normal -0.72424647 0.6895411886 0
  outer loop
    vertex -71.13130951 64.4696579 -18
    vertex -71.13130951 64.4696579 0
    vertex -67.88224792 67.88224792 0
  endloop
endfacet
facet normal -0.6895411886 0.72424647 0
  outer loop
    vertex -67.88224792 67.88224792 -18
    vertex -67.88224792 67.88224792 0
    vertex -64.4696579 71.13130951 0
  endloop
endfacet
facet normal -0.6531734098 0.7572083575 0
  outer loop
    vertex -64.4696579 71.13130951 -18
    vertex -64.4696579 71.13130951 0
    vertex -60.90175629 74.20900726 0
  endloop
endfacet
facet normal -0.6152313666 0.7883466024 0
  outer loop
    vertex -60.90175629 74.20900726 -18
    vertex -60.90175629 74.20900726 0
    vertex -57.18713379 77.10792542 0
  endloop
endfacet
facet normal -0.5758079499 0.8175849832 0
  outer loop
    vertex -57.18713379 77.10792542 -18
    vertex -57.18713379 77.10792542 0
    vertex -53.3347435 79.82108307 0
  endloop
endfacet
facet normal -0.2902848507 0.9569402831 0
  outer loop
    vertex -50.5721283 15.30743599 -10.5
    vertex -50.5721283 15.30743599 -2
    vertex -47.57064056 16.21792793 -10.5
  endloop
endfacet
facet normal -0.4713963536 0.8819214692 0
  outer loop
    vertex -47.57064056 16.21792793 -10.5
    vertex -47.57064056 16.21792793 -2
    vertex -44.80445099 17.69648552 -10.5
  endloop
endfacet
facet normal -0.6343934784 0.7730102939 0
  outer loop
    vertex -44.80445099 17.69648552 -10.5
    vertex -44.80445099 17.69648552 -2
    vertex -42.37986755 19.68629074 -10.5
  endloop
endfacet
facet normal -0.7730102404 0.6343935436 0
  outer loop
    vertex -42.37986755 19.68629074 -10.5
    vertex -42.37986755 19.68629074 -2
    vertex -40.39006042 22.11087608 -10.5
  endloop
endfacet
facet normal -0.8819214692 0.4713963536 0
  outer loop
    vertex -40.39006042 22.11087608 -10.5
    vertex -40.39006042 22.11087608 -2
    vertex -38.91150284 24.87706566 -10.5
  endloop
endfacet
facet normal -0.09801718594 0.9951847222 0
  outer loop
    vertex -50.5721283 15.30743599 -10.5
    vertex -53.69357681 15 -2
    vertex -50.5721283 15.30743599 -2
  endloop
endfacet
facet normal -0.2902848507 0.9569402831 0
  outer loop
    vertex -47.57064056 16.21792793 -10.5
    vertex -50.5721283 15.30743599 -2
    vertex -47.57064056 16.21792793 -2
  endloop
endfacet
facet normal -0.4713963536 0.8819214692 0
  outer loop
    vertex -44.80445099 17.69648552 -10.5
    vertex -47.57064056 16.21792793 -2
    vertex -44.80445099 17.69648552 -2
  endloop
endfacet
facet normal -0.6343934784 0.7730102939 0
  outer loop
    vertex -42.37986755 19.68629074 -10.5
    vertex -44.80445099 17.69648552 -2
    vertex -42.37986755 19.68629074 -2
  endloop
endfacet
facet normal -0.7730102404 0.6343935436 0
  outer loop
    vertex -40.39006042 22.11087608 -10.5
    vertex -42.37986755 19.68629074 -2
    vertex -40.39006042 22.11087608 -2
  endloop
endfacet
facet normal -0.8819214692 0.4713963536 0
  outer loop
    vertex -38.91150284 24.87706566 -10.5
    vertex -40.39006042 22.11087608 -2
    vertex -38.91150284 24.87706566 -2
  endloop
endfacet
facet normal -0.09801658368 -0.9951847815 0
  outer loop
    vertex -53.69357681 47 -10.5
    vertex -50.5721283 46.69256592 -10.5
    vertex -50.5721283 46.69256592 -2
  endloop
endfacet
facet normal -0.2902848507 -0.9569402831 0
  outer loop
    vertex -50.5721283 46.69256592 -10.5
    vertex -47.57064056 45.78207397 -10.5
    vertex -47.57064056 45.78207397 -2
  endloop
endfacet
facet normal -0.7730104852 -0.6343932454 0
  outer loop
    vertex -40.39006042 39.88912201 -10.5
    vertex -40.39006042 39.88912201 -2
    vertex -42.37986755 42.31370926 -10.5
  endloop
endfacet
facet normal -0.4713972995 -0.8819209636 0
  outer loop
    vertex -47.57064056 45.78207397 -10.5
    vertex -44.80445099 44.30351257 -10.5
    vertex -44.80445099 44.30351257 -2
  endloop
endfacet
facet normal -0.6343931151 -0.7730105921 0
  outer loop
    vertex -44.80445099 44.30351257 -10.5
    vertex -42.37986755 42.31370926 -10.5
    vertex -42.37986755 42.31370926 -2
  endloop
endfacet
facet normal -0.9569403344 0.2902846818 0
  outer loop
    vertex -38.91150284 24.87706566 -10.5
    vertex -38.91150284 24.87706566 -2
    vertex -38.00101089 27.8785553 -10.5
  endloop
endfacet
facet normal -0.9951847698 0.09801670231 0
  outer loop
    vertex -38.00101089 27.8785553 -10.5
    vertex -38.00101089 27.8785553 -2
    vertex -37.69357681 31 -10.5
  endloop
endfacet
facet normal -0.9951847698 -0.09801670231 0
  outer loop
    vertex -37.69357681 31 -10.5
    vertex -37.69357681 31 -2
    vertex -38.00101089 34.1214447 -10.5
  endloop
endfacet
facet normal -0.9569403856 -0.2902845128 0
  outer loop
    vertex -38.00101089 34.1214447 -10.5
    vertex -38.00101089 34.1214447 -2
    vertex -38.91150284 37.12293625 -10.5
  endloop
endfacet
facet normal -0.8819211989 -0.4713968592 0
  outer loop
    vertex -40.39006042 39.88912201 -10.5
    vertex -38.91150284 37.12293625 -10.5
    vertex -38.91150284 37.12293625 -2
  endloop
endfacet
facet normal -0.2902848507 -0.9569402831 0
  outer loop
    vertex -50.5721283 46.69256592 -10.5
    vertex -47.57064056 45.78207397 -2
    vertex -50.5721283 46.69256592 -2
  endloop
endfacet
facet normal -0.4713972995 -0.8819209636 0
  outer loop
    vertex -47.57064056 45.78207397 -10.5
    vertex -44.80445099 44.30351257 -2
    vertex -47.57064056 45.78207397 -2
  endloop
endfacet
facet normal -0.7730104852 -0.6343932454 0
  outer loop
    vertex -42.37986755 42.31370926 -10.5
    vertex -40.39006042 39.88912201 -2
    vertex -42.37986755 42.31370926 -2
  endloop
endfacet
facet normal -0.6343931151 -0.7730105921 0
  outer loop
    vertex -44.80445099 44.30351257 -10.5
    vertex -42.37986755 42.31370926 -2
    vertex -44.80445099 44.30351257 -2
  endloop
endfacet
facet normal -0.9569403344 0.2902846818 0
  outer loop
    vertex -38.00101089 27.8785553 -10.5
    vertex -38.91150284 24.87706566 -2
    vertex -38.00101089 27.8785553 -2
  endloop
endfacet
facet normal -0.9951847698 0.09801670231 0
  outer loop
    vertex -37.69357681 31 -10.5
    vertex -38.00101089 27.8785553 -2
    vertex -37.69357681 31 -2
  endloop
endfacet
facet normal -0.9951847698 -0.09801670231 0
  outer loop
    vertex -38.00101089 34.1214447 -10.5
    vertex -37.69357681 31 -2
    vertex -38.00101089 34.1214447 -2
  endloop
endfacet
facet normal -0.9569403856 -0.2902845128 0
  outer loop
    vertex -38.91150284 37.12293625 -10.5
    vertex -38.00101089 34.1214447 -2
    vertex -38.91150284 37.12293625 -2
  endloop
endfacet
facet normal -0.8819211989 -0.4713968592 0
  outer loop
    vertex -40.39006042 39.88912201 -10.5
    vertex -38.91150284 37.12293625 -2
    vertex -40.39006042 39.88912201 -2
  endloop
endfacet
facet normal 0.9996987923 -0.02454230502 0
  outer loop
    vertex -4.5 5.510910704e-16 -9.100000381
    vertex -4.494579315 0.2208045274 -9.100000381
    vertex -4.5 5.510910704e-16 0
  endloop
endfacet
facet normal 0.997290476 -0.07356430197 0
  outer loop
    vertex -4.494579315 0.2208045274 -9.100000381
    vertex -4.478331089 0.441077143 -9.100000381
    vertex -4.494579315 0.2208045274 0
  endloop
endfacet
facet normal 0.9924797039 -0.1224093028 0
  outer loop
    vertex -4.478331089 0.441077143 -9.100000381
    vertex -4.451294422 0.6602871418 -9.100000381
    vertex -4.478331089 0.441077143 0
  endloop
endfacet
facet normal 0.9852774868 -0.1709627853 0
  outer loop
    vertex -4.451294422 0.6602871418 -9.100000381
    vertex -4.413533688 0.8779064417 -9.100000381
    vertex -4.451294422 0.6602871418 0
  endloop
endfacet
facet normal 0.9757020173 -0.219101742 0
  outer loop
    vertex -4.413533688 0.8779064417 -9.100000381
    vertex -4.365140438 1.09341085 -9.100000381
    vertex -4.413533688 0.8779064417 0
  endloop
endfacet
facet normal 0.9637762867 -0.2667119592 0
  outer loop
    vertex -4.365140438 1.09341085 -9.100000381
    vertex -4.306231499 1.30628109 -9.100000381
    vertex -4.365140438 1.09341085 0
  endloop
endfacet
facet normal 0.9495284363 -0.3136809665 0
  outer loop
    vertex -4.306231499 1.30628109 -9.100000381
    vertex -4.23694849 1.516004324 -9.100000381
    vertex -4.306231499 1.30628109 0
  endloop
endfacet
facet normal 0.9329924159 -0.3598960292 0
  outer loop
    vertex -4.23694849 1.516004324 -9.100000381
    vertex -4.157457829 1.722075462 -9.100000381
    vertex -4.23694849 1.516004324 0
  endloop
endfacet
facet normal 0.9142095917 -0.4052416841 0
  outer loop
    vertex -4.157457829 1.722075462 -9.100000381
    vertex -4.067951679 1.923997879 -9.100000381
    vertex -4.157457829 1.722075462 0
  endloop
endfacet
facet normal 0.893224275 -0.4496113818 0
  outer loop
    vertex -4.067951679 1.923997879 -9.100000381
    vertex -3.968645573 2.1212852 -9.100000381
    vertex -4.067951679 1.923997879 0
  endloop
endfacet
facet normal 0.8700870459 -0.4928980955 0
  outer loop
    vertex -3.968645573 2.1212852 -9.100000381
    vertex -3.859778643 2.313462257 -9.100000381
    vertex -3.968645573 2.1212852 0
  endloop
endfacet
facet normal 0.8448536683 -0.5349974572 0
  outer loop
    vertex -3.859778643 2.313462257 -9.100000381
    vertex -3.74161315 2.500066042 -9.100000381
    vertex -3.859778643 2.313462257 0
  endloop
endfacet
facet normal 0.8175853268 -0.5758074621 0
  outer loop
    vertex -3.74161315 2.500066042 -9.100000381
    vertex -3.614434004 2.680646896 -9.100000381
    vertex -3.74161315 2.500066042 0
  endloop
endfacet
facet normal 0.7883461363 -0.6152319638 0
  outer loop
    vertex -3.614434004 2.680646896 -9.100000381
    vertex -3.478547096 2.854769707 -9.100000381
    vertex -3.614434004 2.680646896 0
  endloop
endfacet
facet normal 0.7572088181 -0.6531728759 0
  outer loop
    vertex -3.478547096 2.854769707 -9.100000381
    vertex -3.334280014 3.022015333 -9.100000381
    vertex -3.478547096 2.854769707 0
  endloop
endfacet
facet normal 0.7242475352 -0.6895400697 0
  outer loop
    vertex -3.334280014 3.022015333 -9.100000381
    vertex -3.18198061 3.18198061 -9.100000381
    vertex -3.334280014 3.022015333 0
  endloop
endfacet
facet normal 0.6895400697 -0.7242475352 0
  outer loop
    vertex -3.18198061 3.18198061 -9.100000381
    vertex -3.022015333 3.334280014 -9.100000381
    vertex -3.18198061 3.18198061 0
  endloop
endfacet
facet normal 0 -0 -1
  outer loop
    vertex -53.69357681 31 -2
    vertex -47.57064056 16.21792793 -2
    vertex -50.5721283 15.30743599 -2
  endloop
endfacet
facet normal 0 -0 -1
  outer loop
    vertex -53.69357681 31 -2
    vertex -44.80445099 17.69648552 -2
    vertex -47.57064056 16.21792793 -2
  endloop
endfacet
facet normal 0 -0 -1
  outer loop
    vertex -53.69357681 31 -2
    vertex -42.37986755 19.68629074 -2
    vertex -44.80445099 17.69648552 -2
  endloop
endfacet
facet normal -0 0 1
  outer loop
    vertex -95.53773499 9.409645081 0
    vertex -4.478331089 0.441077143 0
    vertex -4.451294422 0.6602871418 0
  endloop
endfacet
facet normal -0 0 1
  outer loop
    vertex -94.96094513 14.08612537 0
    vertex -4.451294422 0.6602871418 0
    vertex -4.413533688 0.8779064417 0
  endloop
endfacet
facet normal -0 0 1
  outer loop
    vertex -93.1230011 23.32609749 0
    vertex -4.413533688 0.8779064417 0
    vertex -4.365140438 1.09341085 0
  endloop
endfacet
facet normal -0 0 1
  outer loop
    vertex -93.1230011 23.32609749 0
    vertex -4.365140438 1.09341085 0
    vertex -4.306231499 1.30628109 0
  endloop
endfacet
facet normal -0 0 1
  outer loop
    vertex -91.86627197 27.86732864 0
    vertex -4.306231499 1.30628109 0
    vertex -4.23694849 1.516004324 0
  endloop
endfacet
facet normal -0 0 1
  outer loop
    vertex -90.38822937 32.34142685 0
    vertex -4.23694849 1.516004324 0
    vertex -4.157457829 1.722075462 0
  endloop
endfacet
facet normal -0 0 1
  outer loop
    vertex -86.78297424 41.04528809 0
    vertex -4.157457829 1.722075462 0
    vertex -4.067951679 1.923997879 0
  endloop
endfacet
facet normal -0 0 1
  outer loop
    vertex -84.66444397 45.25408554 0
    vertex -4.067951679 1.923997879 0
    vertex -3.968645573 2.1212852 0
  endloop
endfacet
facet normal -0 0 1
  outer loop
    vertex -84.66444397 45.25408554 0
    vertex -3.968645573 2.1212852 0
    vertex -3.859778643 2.313462257 0
  endloop
endfacet
facet normal -0 0 1
  outer loop
    vertex -82.34194946 49.35386276 0
    vertex -3.859778643 2.313462257 0
    vertex -3.74161315 2.500066042 0
  endloop
endfacet
facet normal -0 0 1
  outer loop
    vertex -79.82108307 53.3347435 0
    vertex -3.74161315 2.500066042 0
    vertex -3.614434004 2.680646896 0
  endloop
endfacet
facet normal 0 -0 -1
  outer loop
    vertex -53.69357681 31 -2
    vertex -40.39006042 22.11087608 -2
    vertex -42.37986755 19.68629074 -2
  endloop
endfacet
facet normal 0 -0 -1
  outer loop
    vertex -53.69357681 31 -2
    vertex -38.91150284 24.87706566 -2
    vertex -40.39006042 22.11087608 -2
  endloop
endfacet
facet normal 0 -0 -1
  outer loop
    vertex -53.69357681 31 -2
    vertex -38.00101089 27.8785553 -2
    vertex -38.91150284 24.87706566 -2
  endloop
endfacet
facet normal 0 -0 -1
  outer loop
    vertex -53.69357681 31 -2
    vertex -37.69357681 31 -2
    vertex -38.00101089 27.8785553 -2
  endloop
endfacet
facet normal 0 0 -1
  outer loop
    vertex -53.69357681 31 -2
    vertex -38.91150284 37.12293625 -2
    vertex -38.00101089 34.1214447 -2
  endloop
endfacet
facet normal 0 0 -1
  outer loop
    vertex -53.69357681 31 -2
    vertex -38.00101089 34.1214447 -2
    vertex -37.69357681 31 -2
  endloop
endfacet
facet normal 0 0 -1
  outer loop
    vertex -53.69357681 31 -2
    vertex -50.5721283 46.69256592 -2
    vertex -47.57064056 45.78207397 -2
  endloop
endfacet
facet normal 0 0 -1
  outer loop
    vertex -53.69357681 31 -2
    vertex -47.57064056 45.78207397 -2
    vertex -44.80445099 44.30351257 -2
  endloop
endfacet
facet normal 0 0 -1
  outer loop
    vertex -53.69357681 31 -2
    vertex -44.80445099 44.30351257 -2
    vertex -42.37986755 42.31370926 -2
  endloop
endfacet
facet normal 0 0 -1
  outer loop
    vertex -53.69357681 31 -2
    vertex -42.37986755 42.31370926 -2
    vertex -40.39006042 39.88912201 -2
  endloop
endfacet
facet normal 0 0 -1
  outer loop
    vertex -53.69357681 31 -2
    vertex -40.39006042 39.88912201 -2
    vertex -38.91150284 37.12293625 -2
  endloop
endfacet
facet normal -0 -0 1
  outer loop
    vertex -77.10792542 57.18713379 0
    vertex -3.614434004 2.680646896 0
    vertex -74.20900726 60.90175629 0
  endloop
endfacet
facet normal -0 -0 1
  outer loop
    vertex -74.20900726 60.90175629 0
    vertex -3.334280014 3.022015333 0
    vertex -71.13130951 64.4696579 0
  endloop
endfacet
facet normal -0 -0 1
  outer loop
    vertex -71.13130951 64.4696579 0
    vertex -3.18198061 3.18198061 0
    vertex -67.88224792 67.88224792 0
  endloop
endfacet
facet normal -0 -0 1
  outer loop
    vertex -67.88224792 67.88224792 0
    vertex -3.18198061 3.18198061 0
    vertex -64.4696579 71.13130951 0
  endloop
endfacet
facet normal 0.9996987923 -0.02454230502 0
  outer loop
    vertex -4.494579315 0.2208045274 -9.100000381
    vertex -4.494579315 0.2208045274 0
    vertex -4.5 5.510910704e-16 0
  endloop
endfacet
facet normal 0.997290476 -0.07356430197 0
  outer loop
    vertex -4.478331089 0.441077143 -9.100000381
    vertex -4.478331089 0.441077143 0
    vertex -4.494579315 0.2208045274 0
  endloop
endfacet
facet normal 0.9924797039 -0.1224093028 0
  outer loop
    vertex -4.451294422 0.6602871418 -9.100000381
    vertex -4.451294422 0.6602871418 0
    vertex -4.478331089 0.441077143 0
  endloop
endfacet
facet normal 0.9852774868 -0.1709627853 0
  outer loop
    vertex -4.413533688 0.8779064417 -9.100000381
    vertex -4.413533688 0.8779064417 0
    vertex -4.451294422 0.6602871418 0
  endloop
endfacet
facet normal 0.9757020173 -0.219101742 0
  outer loop
    vertex -4.365140438 1.09341085 -9.100000381
    vertex -4.365140438 1.09341085 0
    vertex -4.413533688 0.8779064417 0
  endloop
endfacet
facet normal 0.9637762867 -0.2667119592 0
  outer loop
    vertex -4.306231499 1.30628109 -9.100000381
    vertex -4.306231499 1.30628109 0
    vertex -4.365140438 1.09341085 0
  endloop
endfacet
facet normal 0.9495284363 -0.3136809665 0
  outer loop
    vertex -4.23694849 1.516004324 -9.100000381
    vertex -4.23694849 1.516004324 0
    vertex -4.306231499 1.30628109 0
  endloop
endfacet
facet normal 0.9329924159 -0.3598960292 0
  outer loop
    vertex -4.157457829 1.722075462 -9.100000381
    vertex -4.157457829 1.722075462 0
    vertex -4.23694849 1.516004324 0
  endloop
endfacet
facet normal 0.9142095917 -0.4052416841 0
  outer loop
    vertex -4.067951679 1.923997879 -9.100000381
    vertex -4.067951679 1.923997879 0
    vertex -4.157457829 1.722075462 0
  endloop
endfacet
facet normal 0.893224275 -0.4496113818 0
  outer loop
    vertex -3.968645573 2.1212852 -9.100000381
    vertex -3.968645573 2.1212852 0
    vertex -4.067951679 1.923997879 0
  endloop
endfacet
facet normal 0.8700870459 -0.4928980955 0
  outer loop
    vertex -3.859778643 2.313462257 -9.100000381
    vertex -3.859778643 2.313462257 0
    vertex -3.968645573 2.1212852 0
  endloop
endfacet
facet normal 0.8448536683 -0.5349974572 0
  outer loop
    vertex -3.74161315 2.500066042 -9.100000381
    vertex -3.74161315 2.500066042 0
    vertex -3.859778643 2.313462257 0
  endloop
endfacet
facet normal 0.8175853268 -0.5758074621 0
  outer loop
    vertex -3.614434004 2.680646896 -9.100000381
    vertex -3.614434004 2.680646896 0
    vertex -3.74161315 2.500066042 0
  endloop
endfacet
facet normal 0.7883461363 -0.6152319638 0
  outer loop
    vertex -3.478547096 2.854769707 -9.100000381
    vertex -3.478547096 2.854769707 0
    vertex -3.614434004 2.680646896 0
  endloop
endfacet
facet normal 0.7572088181 -0.6531728759 0
  outer loop
    vertex -3.334280014 3.022015333 -9.100000381
    vertex -3.334280014 3.022015333 0
    vertex -3.478547096 2.854769707 0
  endloop
endfacet
facet normal 0.7242475352 -0.6895400697 0
  outer loop
    vertex -3.18198061 3.18198061 -9.100000381
    vertex -3.18198061 3.18198061 0
    vertex -3.334280014 3.022015333 0
  endloop
endfacet
facet normal 0.6895400697 -0.7242475352 0
  outer loop
    vertex -3.022015333 3.334280014 -9.100000381
    vertex -3.022015333 3.334280014 0
    vertex -3.18198061 3.18198061 0
  endloop
endfacet
facet normal -0 0 1
  outer loop
    vertex -74.20900726 60.90175629 0
    vertex -3.478547096 2.854769707 0
    vertex -3.334280014 3.022015333 0
  endloop
endfacet
facet normal -0 0 1
  outer loop
    vertex -74.20900726 60.90175629 0
    vertex -3.614434004 2.680646896 0
    vertex -3.478547096 2.854769707 0
  endloop
endfacet
facet normal -0 0 1
  outer loop
    vertex -71.13130951 64.4696579 0
    vertex -3.334280014 3.022015333 0
    vertex -3.18198061 3.18198061 0
  endloop
endfacet
facet normal -0 0 1
  outer loop
    vertex -64.4696579 71.13130951 0
    vertex -3.18198061 3.18198061 0
    vertex -3.022015333 3.334280014 0
  endloop
endfacet
facet normal -0 0 1
  outer loop
    vertex -64.4696579 71.13130951 0
    vertex -3.022015333 3.334280014 0
    vertex -2.854769707 3.478547096 0
  endloop
endfacet
facet normal -0 0 1
  outer loop
    vertex -60.90175629 74.20900726 0
    vertex -2.854769707 3.478547096 0
    vertex -2.680646896 3.614434004 0
  endloop
endfacet
facet normal -0 0 1
  outer loop
    vertex -53.3347435 79.82108307 0
    vertex -2.680646896 3.614434004 0
    vertex -2.500066042 3.74161315 0
  endloop
endfacet
facet normal -0 0 1
  outer loop
    vertex -53.3347435 79.82108307 0
    vertex -2.500066042 3.74161315 0
    vertex -2.313462257 3.859778643 0
  endloop
endfacet
facet normal -0 0 1
  outer loop
    vertex -49.35386276 82.34194946 0
    vertex -2.313462257 3.859778643 0
    vertex -2.1212852 3.968645573 0
  endloop
endfacet
facet normal -0 0 1
  outer loop
    vertex -45.25408554 84.66444397 0
    vertex -2.1212852 3.968645573 0
    vertex -1.923997879 4.067951679 0
  endloop
endfacet
facet normal -0 0 1
  outer loop
    vertex -41.04528809 86.78297424 0
    vertex -1.923997879 4.067951679 0
    vertex -1.722075462 4.157457829 0
  endloop
endfacet
facet normal -0 0 1
  outer loop
    vertex -36.73760986 88.69243622 0
    vertex -1.722075462 4.157457829 0
    vertex -1.516004324 4.23694849 0
  endloop
endfacet
facet normal -0 0 1
  outer loop
    vertex -27.86732864 91.86627197 0
    vertex -1.516004324 4.23694849 0
    vertex -1.30628109 4.306231499 0
  endloop
endfacet
facet normal -0 0 1
  outer loop
    vertex -27.86732864 91.86627197 0
    vertex -1.30628109 4.306231499 0
    vertex -1.09341085 4.365140438 0
  endloop
endfacet
facet normal -0 0 1
  outer loop
    vertex -23.32609749 93.1230011 0
    vertex -1.09341085 4.365140438 0
    vertex -0.8779064417 4.413533688 0
  endloop
endfacet
facet normal -0 0 1
  outer loop
    vertex -18.72867012 94.15538788 0
    vertex -0.8779064417 4.413533688 0
    vertex -0.6602871418 4.451294422 0
  endloop
endfacet
facet normal -0 0 1
  outer loop
    vertex -9.409645081 95.53773499 0
    vertex -0.6602871418 4.451294422 0
    vertex -0.441077143 4.478331089 0
  endloop
endfacet
facet normal -0 0 1
  outer loop
    vertex -9.409645081 95.53773499 0
    vertex -0.441077143 4.478331089 0
    vertex -0.2208045274 4.494579315 0
  endloop
endfacet
facet normal -0.5349978424 0.8448534243 0
  outer loop
    vertex -53.3347435 79.82108307 -18
    vertex -53.3347435 79.82108307 0
    vertex -49.35386276 82.34194946 0
  endloop
endfacet
facet normal -0.4928980955 0.8700870459 0
  outer loop
    vertex -49.35386276 82.34194946 -18
    vertex -49.35386276 82.34194946 0
    vertex -45.25408554 84.66444397 0
  endloop
endfacet
facet normal -0.4496112734 0.8932243295 0
  outer loop
    vertex -45.25408554 84.66444397 -18
    vertex -45.25408554 84.66444397 0
    vertex -41.04528809 86.78297424 0
  endloop
endfacet
facet normal -0.405241233 0.9142097916 0
  outer loop
    vertex -41.04528809 86.78297424 -18
    vertex -41.04528809 86.78297424 0
    vertex -36.73760986 88.69243622 0
  endloop
endfacet
facet normal -0.3598947103 0.9329929247 0
  outer loop
    vertex -36.73760986 88.69243622 -18
    vertex -36.73760986 88.69243622 0
    vertex -32.34142685 90.38822937 0
  endloop
endfacet
facet normal -0.313681779 0.9495281679 0
  outer loop
    vertex -32.34142685 90.38822937 -18
    vertex -32.34142685 90.38822937 0
    vertex -27.86732864 91.86627197 0
  endloop
endfacet
facet normal -0.2667129966 0.9637759996 0
  outer loop
    vertex -27.86732864 91.86627197 -18
    vertex -27.86732864 91.86627197 0
    vertex -23.32609749 93.1230011 0
  endloop
endfacet
facet normal -0.2191012282 0.9757021327 0
  outer loop
    vertex -23.32609749 93.1230011 -18
    vertex -23.32609749 93.1230011 0
    vertex -18.72867012 94.15538788 0
  endloop
endfacet
facet normal -0.1709617488 0.9852776667 0
  outer loop
    vertex -18.72867012 94.15538788 -18
    vertex -18.72867012 94.15538788 0
    vertex -14.08612537 94.96094513 0
  endloop
endfacet
facet normal -0.1224108895 0.9924795082 0
  outer loop
    vertex -14.08612537 94.96094513 -18
    vertex -14.08612537 94.96094513 0
    vertex -9.409645081 95.53773499 0
  endloop
endfacet
facet normal -0.07356378002 0.9972905145 0
  outer loop
    vertex -9.409645081 95.53773499 -18
    vertex -9.409645081 95.53773499 0
    vertex -4.710496902 95.88436127 0
  endloop
endfacet
facet normal -0.02454176397 0.9996988056 0
  outer loop
    vertex -4.710496902 95.88436127 -18
    vertex -4.710496902 95.88436127 0
    vertex 5.878304469e-15 96 0
  endloop
endfacet
facet normal -0 -0 1
  outer loop
    vertex -64.4696579 71.13130951 0
    vertex -2.854769707 3.478547096 0
    vertex -60.90175629 74.20900726 0
  endloop
endfacet
facet normal -0 -0 1
  outer loop
    vertex -60.90175629 74.20900726 0
    vertex -2.680646896 3.614434004 0
    vertex -57.18713379 77.10792542 0
  endloop
endfacet
facet normal -0 -0 1
  outer loop
    vertex -57.18713379 77.10792542 0
    vertex -2.680646896 3.614434004 0
    vertex -53.3347435 79.82108307 0
  endloop
endfacet
facet normal -0 -0 1
  outer loop
    vertex -53.3347435 79.82108307 0
    vertex -2.313462257 3.859778643 0
    vertex -49.35386276 82.34194946 0
  endloop
endfacet
facet normal -0 -0 1
  outer loop
    vertex -49.35386276 82.34194946 0
    vertex -2.1212852 3.968645573 0
    vertex -45.25408554 84.66444397 0
  endloop
endfacet
facet normal -0 -0 1
  outer loop
    vertex -45.25408554 84.66444397 0
    vertex -1.923997879 4.067951679 0
    vertex -41.04528809 86.78297424 0
  endloop
endfacet
facet normal -0 -0 1
  outer loop
    vertex -41.04528809 86.78297424 0
    vertex -1.722075462 4.157457829 0
    vertex -36.73760986 88.69243622 0
  endloop
endfacet
facet normal -0 -0 1
  outer loop
    vertex -36.73760986 88.69243622 0
    vertex -1.516004324 4.23694849 0
    vertex -32.34142685 90.38822937 0
  endloop
endfacet
facet normal -0 -0 1
  outer loop
    vertex -32.34142685 90.38822937 0
    vertex -1.516004324 4.23694849 0
    vertex -27.86732864 91.86627197 0
  endloop
endfacet
facet normal -0 -0 1
  outer loop
    vertex -27.86732864 91.86627197 0
    vertex -1.09341085 4.365140438 0
    vertex -23.32609749 93.1230011 0
  endloop
endfacet
facet normal -0 -0 1
  outer loop
    vertex -23.32609749 93.1230011 0
    vertex -0.8779064417 4.413533688 0
    vertex -18.72867012 94.15538788 0
  endloop
endfacet
facet normal -0 -0 1
  outer loop
    vertex -18.72867012 94.15538788 0
    vertex -0.6602871418 4.451294422 0
    vertex -14.08612537 94.96094513 0
  endloop
endfacet
facet normal -0 -0 1
  outer loop
    vertex -14.08612537 94.96094513 0
    vertex -0.6602871418 4.451294422 0
    vertex -9.409645081 95.53773499 0
  endloop
endfacet
facet normal -0 -0 1
  outer loop
    vertex -9.409645081 95.53773499 0
    vertex -0.2208045274 4.494579315 0
    vertex -4.710496902 95.88436127 0
  endloop
endfacet
facet normal 0 -0 -1
  outer loop
    vertex -4.710496902 -95.88436127 -18
    vertex -8.266366056e-16 -4.5 -18
    vertex -1.763491425e-14 -96 -18
  endloop
endfacet
facet normal 0 0 -1
  outer loop
    vertex -1.763491425e-14 -96 -18
    vertex -8.266366056e-16 -4.5 -18
    vertex 4.710496902 -95.88436127 -18
  endloop
endfacet
facet normal 0 0 -1
  outer loop
    vertex 4.710496902 -95.88436127 -18
    vertex 0.441077143 -4.478331089 -18
    vertex 9.409645081 -95.53773499 -18
  endloop
endfacet
facet normal 0 0 -1
  outer loop
    vertex 9.409645081 -95.53773499 -18
    vertex 0.6602871418 -4.451294422 -18
    vertex 14.08612537 -94.96094513 -18
  endloop
endfacet
facet normal 0 0 -1
  outer loop
    vertex 14.08612537 -94.96094513 -18
    vertex 0.8779064417 -4.413533688 -18
    vertex 18.72867012 -94.15538788 -18
  endloop
endfacet
facet normal 0 0 -1
  outer loop
    vertex 18.72867012 -94.15538788 -18
    vertex 0.8779064417 -4.413533688 -18
    vertex 23.32609749 -93.1230011 -18
  endloop
endfacet
facet normal 0 0 -1
  outer loop
    vertex 23.32609749 -93.1230011 -18
    vertex 1.30628109 -4.306231499 -18
    vertex 27.86732864 -91.86627197 -18
  endloop
endfacet
facet normal 0 0 -1
  outer loop
    vertex 27.86732864 -91.86627197 -18
    vertex 1.30628109 -4.306231499 -18
    vertex 25.5 -71.26772308 -18
  endloop
endfacet
facet normal 0 0 -1
  outer loop
    vertex 27.86732864 -91.86627197 -18
    vertex 25.5 -71.26772308 -18
    vertex 31.66357994 -90.61215973 -18
  endloop
endfacet
facet normal 0.3136817886 -0.9495281647 0
  outer loop
    vertex 27.86732864 -91.86627197 -18
    vertex 31.66357994 -90.61215973 -18
    vertex 31.66357994 -90.61215973 -12
  endloop
endfacet
facet normal 0 0 -1
  outer loop
    vertex 31.66357994 -90.61215973 -18
    vertex 25.5 -71.26772308 -18
    vertex 35.34999847 -80.76216125 -18
  endloop
endfacet
facet normal 0 0 -1
  outer loop
    vertex 31.66357994 -90.61215973 -18
    vertex 35.34999847 -80.76216125 -18
    vertex 49.65000153 -80.76216125 -18
  endloop
endfacet
facet normal 0 -1 0
  outer loop
    vertex 31.66357994 -90.61215973 -18
    vertex 59.5 -90.61215973 -18
    vertex 31.66357994 -90.61215973 -12
  endloop
endfacet
facet normal 0 0 -1
  outer loop
    vertex 25.5 -71.26772308 -18
    vertex 25.5 -61.56244659 -18
    vertex 35.34999847 -80.76216125 -18
  endloop
endfacet
facet normal 0 0 -1
  outer loop
    vertex 25.5 -61.56244659 -18
    vertex 27.92024803 -59.03240967 -18
    vertex 35.34999847 -80.76216125 -18
  endloop
endfacet
facet normal 0 0 -1
  outer loop
    vertex 27.92024803 -59.03240967 -18
    vertex 35.34999847 -66.4621582 -18
    vertex 35.34999847 -80.76216125 -18
  endloop
endfacet
facet normal 0 0 -1
  outer loop
    vertex 27.92024803 -59.03240967 -18
    vertex 26.77555656 -56.61215973 -18
    vertex 35.34999847 -66.4621582 -18
  endloop
endfacet
facet normal 0 0 -1
  outer loop
    vertex 25.5 -61.56244659 -18
    vertex 26.77555656 -56.61215973 -18
    vertex 27.92024803 -59.03240967 -18
  endloop
endfacet
facet normal -0 -0 -1
  outer loop
    vertex 41.98643875 -56.61215973 -18
    vertex 49.65000153 -66.4621582 -18
    vertex 35.34999847 -66.4621582 -18
  endloop
endfacet
facet normal 0 -0 -1
  outer loop
    vertex 26.77555656 -56.61215973 -18
    vertex 41.98643875 -56.61215973 -18
    vertex 35.34999847 -66.4621582 -18
  endloop
endfacet
facet normal 0 -0 -1
  outer loop
    vertex 3.022015333 -3.334280014 -18
    vertex 64.4696579 -71.13130951 -18
    vertex 60.90175629 -74.20900726 -18
  endloop
endfacet
facet normal 0.02454176397 -0.9996988056 0
  outer loop
    vertex -1.763491425e-14 -96 -18
    vertex 4.710496902 -95.88436127 -18
    vertex -1.763491425e-14 -96 0
  endloop
endfacet
facet normal 0.07356378002 -0.9972905145 0
  outer loop
    vertex 4.710496902 -95.88436127 -18
    vertex 9.409645081 -95.53773499 -18
    vertex 4.710496902 -95.88436127 0
  endloop
endfacet
facet normal 0.1224108895 -0.9924795082 0
  outer loop
    vertex 9.409645081 -95.53773499 -18
    vertex 14.08612537 -94.96094513 -18
    vertex 9.409645081 -95.53773499 0
  endloop
endfacet
facet normal 0.1709617488 -0.9852776667 0
  outer loop
    vertex 14.08612537 -94.96094513 -18
    vertex 18.72867012 -94.15538788 -18
    vertex 14.08612537 -94.96094513 0
  endloop
endfacet
facet normal 0.2191012282 -0.9757021327 0
  outer loop
    vertex 18.72867012 -94.15538788 -18
    vertex 23.32609749 -93.1230011 -18
    vertex 18.72867012 -94.15538788 0
  endloop
endfacet
facet normal -0 0 1
  outer loop
    vertex -3.121445179 -77.69256592 -10.5
    vertex -1.432836698e-14 -78 -10.5
    vertex -1.138921517e-14 -62 -10.5
  endloop
endfacet
facet normal 0 -0 1
  outer loop
    vertex -1.432836698e-14 -78 -10.5
    vertex 3.121445179 -77.69256592 -10.5
    vertex -1.138921517e-14 -62 -10.5
  endloop
endfacet
facet normal 0 -0 1
  outer loop
    vertex 3.121445179 -77.69256592 -10.5
    vertex 6.122934818 -76.78207397 -10.5
    vertex -1.138921517e-14 -62 -10.5
  endloop
endfacet
facet normal 0 -0 1
  outer loop
    vertex 6.122934818 -76.78207397 -10.5
    vertex 8.889123917 -75.30351257 -10.5
    vertex -1.138921517e-14 -62 -10.5
  endloop
endfacet
facet normal 0 -0 1
  outer loop
    vertex 8.889123917 -75.30351257 -10.5
    vertex 11.31370831 -73.31370544 -10.5
    vertex -1.138921517e-14 -62 -10.5
  endloop
endfacet
facet normal 0 -0 1
  outer loop
    vertex 11.31370831 -73.31370544 -10.5
    vertex 13.30351353 -70.88912201 -10.5
    vertex -1.138921517e-14 -62 -10.5
  endloop
endfacet
facet normal -0 0 1
  outer loop
    vertex -1.138921517e-14 -62 -10.5
    vertex 13.30351353 -70.88912201 -10.5
    vertex 14.78207207 -68.12293243 -10.5
  endloop
endfacet
facet normal -0 0 1
  outer loop
    vertex -3.121445179 -46.30743408 -10.5
    vertex -1.138921517e-14 -62 -10.5
    vertex -1.04094979e-14 -46 -10.5
  endloop
endfacet
facet normal 0 -0 1
  outer loop
    vertex -1.138921517e-14 -62 -10.5
    vertex 3.121445179 -46.30743408 -10.5
    vertex -1.04094979e-14 -46 -10.5
  endloop
endfacet
facet normal 0 -0 1
  outer loop
    vertex -1.138921517e-14 -62 -10.5
    vertex 6.122934818 -47.21792603 -10.5
    vertex 3.121445179 -46.30743408 -10.5
  endloop
endfacet
facet normal 0 -0 1
  outer loop
    vertex -1.138921517e-14 -62 -10.5
    vertex 14.78207207 -55.87706375 -10.5
    vertex 13.30351353 -53.11087799 -10.5
  endloop
endfacet
facet normal 0 -0 1
  outer loop
    vertex -1.138921517e-14 -62 -10.5
    vertex 13.30351353 -53.11087799 -10.5
    vertex 11.31370831 -50.68629074 -10.5
  endloop
endfacet
facet normal 0 -0 1
  outer loop
    vertex -1.138921517e-14 -62 -10.5
    vertex 8.889123917 -48.69648743 -10.5
    vertex 6.122934818 -47.21792603 -10.5
  endloop
endfacet
facet normal 0 -0 1
  outer loop
    vertex -1.138921517e-14 -62 -10.5
    vertex 11.31370831 -50.68629074 -10.5
    vertex 8.889123917 -48.69648743 -10.5
  endloop
endfacet
facet normal -0 0 1
  outer loop
    vertex -1.138921517e-14 -62 -10.5
    vertex 14.78207207 -68.12293243 -10.5
    vertex 15.69256401 -65.1214447 -10.5
  endloop
endfacet
facet normal -0 0 1
  outer loop
    vertex -1.138921517e-14 -62 -10.5
    vertex 15.69256401 -65.1214447 -10.5
    vertex 16 -62 -10.5
  endloop
endfacet
facet normal 0 -0 1
  outer loop
    vertex -1.138921517e-14 -62 -10.5
    vertex 16 -62 -10.5
    vertex 15.69256401 -58.8785553 -10.5
  endloop
endfacet
facet normal 0 -0 1
  outer loop
    vertex -1.138921517e-14 -62 -10.5
    vertex 15.69256401 -58.8785553 -10.5
    vertex 14.78207207 -55.87706375 -10.5
  endloop
endfacet
facet normal 0.2667129966 -0.9637759996 0
  outer loop
    vertex 23.32609749 -93.1230011 -18
    vertex 27.86732864 -91.86627197 -18
    vertex 23.32609749 -93.1230011 0
  endloop
endfacet
facet normal 0 -0 1
  outer loop
    vertex 31.66357994 -90.61215973 -12
    vertex 59.5 -90.61215973 -12
    vertex 32.34142685 -90.38822937 -12
  endloop
endfacet
facet normal -0 -0 1
  outer loop
    vertex 32.34142685 -90.38822937 -12
    vertex 59.5 -90.61215973 -12
    vertex 36.73760986 -88.69243622 -12
  endloop
endfacet
facet normal -0 -0 1
  outer loop
    vertex 36.73760986 -88.69243622 -12
    vertex 59.5 -90.61215973 -12
    vertex 41.04528809 -86.78297424 -12
  endloop
endfacet
facet normal 0.3136817886 -0.9495281647 0
  outer loop
    vertex 27.86732864 -91.86627197 -18
    vertex 31.66357994 -90.61215973 -12
    vertex 27.86732864 -91.86627197 0
  endloop
endfacet
facet normal 0 0 -1
  outer loop
    vertex -4.710496902 -95.88436127 -18
    vertex -0.2208045274 -4.494579315 -18
    vertex -8.266366056e-16 -4.5 -18
  endloop
endfacet
facet normal 0 0 -1
  outer loop
    vertex 4.710496902 -95.88436127 -18
    vertex 0.2208045274 -4.494579315 -18
    vertex 0.441077143 -4.478331089 -18
  endloop
endfacet
facet normal 0 0 -1
  outer loop
    vertex 4.710496902 -95.88436127 -18
    vertex -8.266366056e-16 -4.5 -18
    vertex 0.2208045274 -4.494579315 -18
  endloop
endfacet
facet normal 0 0 -1
  outer loop
    vertex 9.409645081 -95.53773499 -18
    vertex 0.441077143 -4.478331089 -18
    vertex 0.6602871418 -4.451294422 -18
  endloop
endfacet
facet normal 0 0 -1
  outer loop
    vertex 14.08612537 -94.96094513 -18
    vertex 0.6602871418 -4.451294422 -18
    vertex 0.8779064417 -4.413533688 -18
  endloop
endfacet
facet normal 0 0 -1
  outer loop
    vertex 23.32609749 -93.1230011 -18
    vertex 0.8779064417 -4.413533688 -18
    vertex 1.09341085 -4.365140438 -18
  endloop
endfacet
facet normal 0 0 -1
  outer loop
    vertex 23.32609749 -93.1230011 -18
    vertex 1.09341085 -4.365140438 -18
    vertex 1.30628109 -4.306231499 -18
  endloop
endfacet
facet normal 0 0 -1
  outer loop
    vertex 25.5 -71.26772308 -18
    vertex 1.722075462 -4.157457829 -18
    vertex 25.5 -61.56244659 -18
  endloop
endfacet
facet normal 0 0 -1
  outer loop
    vertex 25.5 -61.56244659 -18
    vertex 1.722075462 -4.157457829 -18
    vertex 26.77555656 -56.61215973 -18
  endloop
endfacet
facet normal 0 0 -1
  outer loop
    vertex 25.5 -71.26772308 -18
    vertex 1.30628109 -4.306231499 -18
    vertex 1.516004324 -4.23694849 -18
  endloop
endfacet
facet normal 0 0 -1
  outer loop
    vertex 25.5 -71.26772308 -18
    vertex 1.516004324 -4.23694849 -18
    vertex 1.722075462 -4.157457829 -18
  endloop
endfacet
facet normal 0.5349974572 0.8448536683 0
  outer loop
    vertex -2.313462257 -3.859778643 -18
    vertex -2.500066042 -3.74161315 -18
    vertex -2.313462257 -3.859778643 -12.10000038
  endloop
endfacet
facet normal 0.6531728759 0.7572088181 0
  outer loop
    vertex -3.022015333 -3.334280014 -18
    vertex -2.854769707 -3.478547096 -12.10000038
    vertex -2.854769707 -3.478547096 -18
  endloop
endfacet
facet normal 0.6152319638 0.7883461363 0
  outer loop
    vertex -2.854769707 -3.478547096 -18
    vertex -2.680646896 -3.614434004 -12.10000038
    vertex -2.680646896 -3.614434004 -18
  endloop
endfacet
facet normal 0.5758074621 0.8175853268 0
  outer loop
    vertex -2.680646896 -3.614434004 -18
    vertex -2.500066042 -3.74161315 -12.10000038
    vertex -2.500066042 -3.74161315 -18
  endloop
endfacet
facet normal 0.4928980955 0.8700870459 0
  outer loop
    vertex -2.313462257 -3.859778643 -18
    vertex -2.1212852 -3.968645573 -12.10000038
    vertex -2.1212852 -3.968645573 -18
  endloop
endfacet
facet normal 0.4496113818 0.893224275 0
  outer loop
    vertex -2.1212852 -3.968645573 -18
    vertex -1.923997879 -4.067951679 -12.10000038
    vertex -1.923997879 -4.067951679 -18
  endloop
endfacet
facet normal 0.4052416841 0.9142095917 0
  outer loop
    vertex -1.923997879 -4.067951679 -18
    vertex -1.722075462 -4.157457829 -12.10000038
    vertex -1.722075462 -4.157457829 -18
  endloop
endfacet
facet normal 0.3598960292 0.9329924159 0
  outer loop
    vertex -1.722075462 -4.157457829 -18
    vertex -1.516004324 -4.23694849 -12.10000038
    vertex -1.516004324 -4.23694849 -18
  endloop
endfacet
facet normal 0.3136809665 0.9495284363 0
  outer loop
    vertex -1.516004324 -4.23694849 -18
    vertex -1.30628109 -4.306231499 -12.10000038
    vertex -1.30628109 -4.306231499 -18
  endloop
endfacet
facet normal 0.2667119592 0.9637762867 0
  outer loop
    vertex -1.30628109 -4.306231499 -18
    vertex -1.09341085 -4.365140438 -12.10000038
    vertex -1.09341085 -4.365140438 -18
  endloop
endfacet
facet normal 0.219101742 0.9757020173 0
  outer loop
    vertex -1.09341085 -4.365140438 -18
    vertex -0.8779064417 -4.413533688 -12.10000038
    vertex -0.8779064417 -4.413533688 -18
  endloop
endfacet
facet normal 0.1709627853 0.9852774868 0
  outer loop
    vertex -0.8779064417 -4.413533688 -18
    vertex -0.6602871418 -4.451294422 -12.10000038
    vertex -0.6602871418 -4.451294422 -18
  endloop
endfacet
facet normal 0.1224093028 0.9924797039 0
  outer loop
    vertex -0.6602871418 -4.451294422 -18
    vertex -0.441077143 -4.478331089 -12.10000038
    vertex -0.441077143 -4.478331089 -18
  endloop
endfacet
facet normal 0.07356430197 0.997290476 0
  outer loop
    vertex -0.441077143 -4.478331089 -18
    vertex -0.2208045274 -4.494579315 -12.10000038
    vertex -0.2208045274 -4.494579315 -18
  endloop
endfacet
facet normal 0.02454230502 0.9996987923 0
  outer loop
    vertex -0.2208045274 -4.494579315 -18
    vertex -8.266366056e-16 -4.5 -12.10000038
    vertex -8.266366056e-16 -4.5 -18
  endloop
endfacet
facet normal -0.02454230502 0.9996987923 0
  outer loop
    vertex -8.266366056e-16 -4.5 -18
    vertex 0.2208045274 -4.494579315 -12.10000038
    vertex 0.2208045274 -4.494579315 -18
  endloop
endfacet
facet normal -0.07356430197 0.997290476 0
  outer loop
    vertex 0.2208045274 -4.494579315 -18
    vertex 0.441077143 -4.478331089 -12.10000038
    vertex 0.441077143 -4.478331089 -18
  endloop
endfacet
facet normal -0.1224093028 0.9924797039 0
  outer loop
    vertex 0.441077143 -4.478331089 -18
    vertex 0.6602871418 -4.451294422 -12.10000038
    vertex 0.6602871418 -4.451294422 -18
  endloop
endfacet
facet normal -0.1709627853 0.9852774868 0
  outer loop
    vertex 0.6602871418 -4.451294422 -18
    vertex 0.8779064417 -4.413533688 -12.10000038
    vertex 0.8779064417 -4.413533688 -18
  endloop
endfacet
facet normal -0.219101742 0.9757020173 0
  outer loop
    vertex 0.8779064417 -4.413533688 -18
    vertex 1.09341085 -4.365140438 -12.10000038
    vertex 1.09341085 -4.365140438 -18
  endloop
endfacet
facet normal -0.2667119592 0.9637762867 0
  outer loop
    vertex 1.09341085 -4.365140438 -18
    vertex 1.30628109 -4.306231499 -12.10000038
    vertex 1.30628109 -4.306231499 -18
  endloop
endfacet
facet normal -0.3136809665 0.9495284363 0
  outer loop
    vertex 1.30628109 -4.306231499 -18
    vertex 1.516004324 -4.23694849 -12.10000038
    vertex 1.516004324 -4.23694849 -18
  endloop
endfacet
facet normal -0.3598960292 0.9329924159 0
  outer loop
    vertex 1.516004324 -4.23694849 -18
    vertex 1.722075462 -4.157457829 -12.10000038
    vertex 1.722075462 -4.157457829 -18
  endloop
endfacet
facet normal -0.4052416841 0.9142095917 0
  outer loop
    vertex 1.722075462 -4.157457829 -18
    vertex 1.923997879 -4.067951679 -12.10000038
    vertex 1.923997879 -4.067951679 -18
  endloop
endfacet
facet normal -0.4496113818 0.893224275 0
  outer loop
    vertex 1.923997879 -4.067951679 -18
    vertex 2.1212852 -3.968645573 -12.10000038
    vertex 2.1212852 -3.968645573 -18
  endloop
endfacet
facet normal -0.4928980955 0.8700870459 0
  outer loop
    vertex 2.1212852 -3.968645573 -18
    vertex 2.313462257 -3.859778643 -12.10000038
    vertex 2.313462257 -3.859778643 -18
  endloop
endfacet
facet normal -0.5349974572 0.8448536683 0
  outer loop
    vertex 2.313462257 -3.859778643 -18
    vertex 2.500066042 -3.74161315 -12.10000038
    vertex 2.500066042 -3.74161315 -18
  endloop
endfacet
facet normal -0.5758074621 0.8175853268 0
  outer loop
    vertex 2.500066042 -3.74161315 -18
    vertex 2.680646896 -3.614434004 -12.10000038
    vertex 2.680646896 -3.614434004 -18
  endloop
endfacet
facet normal -0.6152319638 0.7883461363 0
  outer loop
    vertex 2.680646896 -3.614434004 -18
    vertex 2.854769707 -3.478547096 -12.10000038
    vertex 2.854769707 -3.478547096 -18
  endloop
endfacet
facet normal -0.6531728759 0.7572088181 0
  outer loop
    vertex 2.854769707 -3.478547096 -18
    vertex 3.022015333 -3.334280014 -12.10000038
    vertex 3.022015333 -3.334280014 -18
  endloop
endfacet
facet normal -0.6895400697 0.7242475352 0
  outer loop
    vertex 3.022015333 -3.334280014 -18
    vertex 3.18198061 -3.18198061 -12.10000038
    vertex 3.18198061 -3.18198061 -18
  endloop
endfacet
facet normal -0.7242475352 0.6895400697 0
  outer loop
    vertex 3.18198061 -3.18198061 -18
    vertex 3.334280014 -3.022015333 -12.10000038
    vertex 3.334280014 -3.022015333 -18
  endloop
endfacet
facet normal -0.7572088181 0.6531728759 0
  outer loop
    vertex 3.334280014 -3.022015333 -18
    vertex 3.478547096 -2.854769707 -12.10000038
    vertex 3.478547096 -2.854769707 -18
  endloop
endfacet
facet normal -0.7883461363 0.6152319638 0
  outer loop
    vertex 3.478547096 -2.854769707 -18
    vertex 3.614434004 -2.680646896 -12.10000038
    vertex 3.614434004 -2.680646896 -18
  endloop
endfacet
facet normal -0.8175853268 0.5758074621 0
  outer loop
    vertex 3.614434004 -2.680646896 -18
    vertex 3.74161315 -2.500066042 -12.10000038
    vertex 3.74161315 -2.500066042 -18
  endloop
endfacet
facet normal -0.8448536683 0.5349974572 0
  outer loop
    vertex 3.74161315 -2.500066042 -18
    vertex 3.859778643 -2.313462257 -12.10000038
    vertex 3.859778643 -2.313462257 -18
  endloop
endfacet
facet normal -0.8700870459 0.4928980955 0
  outer loop
    vertex 3.859778643 -2.313462257 -18
    vertex 3.968645573 -2.1212852 -12.10000038
    vertex 3.968645573 -2.1212852 -18
  endloop
endfacet
facet normal -0.893224275 0.4496113818 0
  outer loop
    vertex 3.968645573 -2.1212852 -18
    vertex 4.067951679 -1.923997879 -12.10000038
    vertex 4.067951679 -1.923997879 -18
  endloop
endfacet
facet normal -0.9142095917 0.4052416841 0
  outer loop
    vertex 4.067951679 -1.923997879 -18
    vertex 4.157457829 -1.722075462 -12.10000038
    vertex 4.157457829 -1.722075462 -18
  endloop
endfacet
facet normal -0.9329924159 0.3598960292 0
  outer loop
    vertex 4.157457829 -1.722075462 -18
    vertex 4.23694849 -1.516004324 -12.10000038
    vertex 4.23694849 -1.516004324 -18
  endloop
endfacet
facet normal -0.9495284363 0.3136809665 0
  outer loop
    vertex 4.23694849 -1.516004324 -18
    vertex 4.306231499 -1.30628109 -12.10000038
    vertex 4.306231499 -1.30628109 -18
  endloop
endfacet
facet normal -0.9637762867 0.2667119592 0
  outer loop
    vertex 4.306231499 -1.30628109 -18
    vertex 4.365140438 -1.09341085 -12.10000038
    vertex 4.365140438 -1.09341085 -18
  endloop
endfacet
facet normal -0.9757020173 0.219101742 0
  outer loop
    vertex 4.365140438 -1.09341085 -18
    vertex 4.413533688 -0.8779064417 -12.10000038
    vertex 4.413533688 -0.8779064417 -18
  endloop
endfacet
facet normal -0.9852774868 0.1709627853 0
  outer loop
    vertex 4.413533688 -0.8779064417 -18
    vertex 4.451294422 -0.6602871418 -12.10000038
    vertex 4.451294422 -0.6602871418 -18
  endloop
endfacet
facet normal -0.9924797039 0.1224093028 0
  outer loop
    vertex 4.451294422 -0.6602871418 -18
    vertex 4.478331089 -0.441077143 -12.10000038
    vertex 4.478331089 -0.441077143 -18
  endloop
endfacet
facet normal -0.997290476 0.07356430197 0
  outer loop
    vertex 4.478331089 -0.441077143 -18
    vertex 4.494579315 -0.2208045274 -12.10000038
    vertex 4.494579315 -0.2208045274 -18
  endloop
endfacet
facet normal -0.9996987923 0.02454230502 0
  outer loop
    vertex 4.494579315 -0.2208045274 -18
    vertex 4.5 0 -12.10000038
    vertex 4.5 0 -18
  endloop
endfacet
facet normal 0 0 -1
  outer loop
    vertex 26.77555656 -56.61215973 -18
    vertex 1.722075462 -4.157457829 -18
    vertex 1.923997879 -4.067951679 -18
  endloop
endfacet
facet normal 0 0 -1
  outer loop
    vertex 26.77555656 -56.61215973 -18
    vertex 1.923997879 -4.067951679 -18
    vertex 2.1212852 -3.968645573 -18
  endloop
endfacet
facet normal 0 0 -1
  outer loop
    vertex 26.77555656 -56.61215973 -18
    vertex 2.313462257 -3.859778643 -18
    vertex 2.500066042 -3.74161315 -18
  endloop
endfacet
facet normal 0 0 -1
  outer loop
    vertex 26.77555656 -56.61215973 -18
    vertex 2.1212852 -3.968645573 -18
    vertex 2.313462257 -3.859778643 -18
  endloop
endfacet
facet normal 0 0 -1
  outer loop
    vertex 26.77555656 -56.61215973 -18
    vertex 2.500066042 -3.74161315 -18
    vertex 2.680646896 -3.614434004 -18
  endloop
endfacet
facet normal 0 0 -1
  outer loop
    vertex 26.77555656 -56.61215973 -18
    vertex 2.680646896 -3.614434004 -18
    vertex 2.854769707 -3.478547096 -18
  endloop
endfacet
facet normal 0 0 -1
  outer loop
    vertex 41.98643875 -56.61215973 -18
    vertex 2.854769707 -3.478547096 -18
    vertex 3.022015333 -3.334280014 -18
  endloop
endfacet
facet normal 0.5349974572 0.8448536683 -0
  outer loop
    vertex -2.500066042 -3.74161315 -18
    vertex -2.500066042 -3.74161315 -12.10000038
    vertex -2.313462257 -3.859778643 -12.10000038
  endloop
endfacet
facet normal 0.4928980955 0.8700870459 -0
  outer loop
    vertex -2.313462257 -3.859778643 -18
    vertex -2.313462257 -3.859778643 -12.10000038
    vertex -2.1212852 -3.968645573 -12.10000038
  endloop
endfacet
facet normal 0.6531728759 0.7572088181 -0
  outer loop
    vertex -3.022015333 -3.334280014 -18
    vertex -3.022015333 -3.334280014 -12.10000038
    vertex -2.854769707 -3.478547096 -12.10000038
  endloop
endfacet
facet normal 0.5758074621 0.8175853268 -0
  outer loop
    vertex -2.680646896 -3.614434004 -18
    vertex -2.680646896 -3.614434004 -12.10000038
    vertex -2.500066042 -3.74161315 -12.10000038
  endloop
endfacet
facet normal 0.6152319638 0.7883461363 -0
  outer loop
    vertex -2.854769707 -3.478547096 -18
    vertex -2.854769707 -3.478547096 -12.10000038
    vertex -2.680646896 -3.614434004 -12.10000038
  endloop
endfacet
facet normal 0.4496113818 0.893224275 -0
  outer loop
    vertex -2.1212852 -3.968645573 -18
    vertex -2.1212852 -3.968645573 -12.10000038
    vertex -1.923997879 -4.067951679 -12.10000038
  endloop
endfacet
facet normal 0.4052416841 0.9142095917 -0
  outer loop
    vertex -1.923997879 -4.067951679 -18
    vertex -1.923997879 -4.067951679 -12.10000038
    vertex -1.722075462 -4.157457829 -12.10000038
  endloop
endfacet
facet normal 0.3598960292 0.9329924159 -0
  outer loop
    vertex -1.722075462 -4.157457829 -18
    vertex -1.722075462 -4.157457829 -12.10000038
    vertex -1.516004324 -4.23694849 -12.10000038
  endloop
endfacet
facet normal 0.3136809665 0.9495284363 -0
  outer loop
    vertex -1.516004324 -4.23694849 -18
    vertex -1.516004324 -4.23694849 -12.10000038
    vertex -1.30628109 -4.306231499 -12.10000038
  endloop
endfacet
facet normal 0.2667119592 0.9637762867 -0
  outer loop
    vertex -1.30628109 -4.306231499 -18
    vertex -1.30628109 -4.306231499 -12.10000038
    vertex -1.09341085 -4.365140438 -12.10000038
  endloop
endfacet
facet normal 0.219101742 0.9757020173 -0
  outer loop
    vertex -1.09341085 -4.365140438 -18
    vertex -1.09341085 -4.365140438 -12.10000038
    vertex -0.8779064417 -4.413533688 -12.10000038
  endloop
endfacet
facet normal 0.1709627853 0.9852774868 -0
  outer loop
    vertex -0.8779064417 -4.413533688 -18
    vertex -0.8779064417 -4.413533688 -12.10000038
    vertex -0.6602871418 -4.451294422 -12.10000038
  endloop
endfacet
facet normal 0.1224093028 0.9924797039 -0
  outer loop
    vertex -0.6602871418 -4.451294422 -18
    vertex -0.6602871418 -4.451294422 -12.10000038
    vertex -0.441077143 -4.478331089 -12.10000038
  endloop
endfacet
facet normal 0.07356430197 0.997290476 -0
  outer loop
    vertex -0.441077143 -4.478331089 -18
    vertex -0.441077143 -4.478331089 -12.10000038
    vertex -0.2208045274 -4.494579315 -12.10000038
  endloop
endfacet
facet normal 0.02454230502 0.9996987923 -0
  outer loop
    vertex -0.2208045274 -4.494579315 -18
    vertex -0.2208045274 -4.494579315 -12.10000038
    vertex -8.266366056e-16 -4.5 -12.10000038
  endloop
endfacet
facet normal -0.02454230502 0.9996987923 0
  outer loop
    vertex -8.266366056e-16 -4.5 -18
    vertex -8.266366056e-16 -4.5 -12.10000038
    vertex 0.2208045274 -4.494579315 -12.10000038
  endloop
endfacet
facet normal -0.07356430197 0.997290476 0
  outer loop
    vertex 0.2208045274 -4.494579315 -18
    vertex 0.2208045274 -4.494579315 -12.10000038
    vertex 0.441077143 -4.478331089 -12.10000038
  endloop
endfacet
facet normal -0.1224093028 0.9924797039 0
  outer loop
    vertex 0.441077143 -4.478331089 -18
    vertex 0.441077143 -4.478331089 -12.10000038
    vertex 0.6602871418 -4.451294422 -12.10000038
  endloop
endfacet
facet normal -0.1709627853 0.9852774868 0
  outer loop
    vertex 0.6602871418 -4.451294422 -18
    vertex 0.6602871418 -4.451294422 -12.10000038
    vertex 0.8779064417 -4.413533688 -12.10000038
  endloop
endfacet
facet normal -0.219101742 0.9757020173 0
  outer loop
    vertex 0.8779064417 -4.413533688 -18
    vertex 0.8779064417 -4.413533688 -12.10000038
    vertex 1.09341085 -4.365140438 -12.10000038
  endloop
endfacet
facet normal -0.2667119592 0.9637762867 0
  outer loop
    vertex 1.09341085 -4.365140438 -18
    vertex 1.09341085 -4.365140438 -12.10000038
    vertex 1.30628109 -4.306231499 -12.10000038
  endloop
endfacet
facet normal -0.3136809665 0.9495284363 0
  outer loop
    vertex 1.30628109 -4.306231499 -18
    vertex 1.30628109 -4.306231499 -12.10000038
    vertex 1.516004324 -4.23694849 -12.10000038
  endloop
endfacet
facet normal -0.3598960292 0.9329924159 0
  outer loop
    vertex 1.516004324 -4.23694849 -18
    vertex 1.516004324 -4.23694849 -12.10000038
    vertex 1.722075462 -4.157457829 -12.10000038
  endloop
endfacet
facet normal -0.4052416841 0.9142095917 0
  outer loop
    vertex 1.722075462 -4.157457829 -18
    vertex 1.722075462 -4.157457829 -12.10000038
    vertex 1.923997879 -4.067951679 -12.10000038
  endloop
endfacet
facet normal -0.4496113818 0.893224275 0
  outer loop
    vertex 1.923997879 -4.067951679 -18
    vertex 1.923997879 -4.067951679 -12.10000038
    vertex 2.1212852 -3.968645573 -12.10000038
  endloop
endfacet
facet normal -0.4928980955 0.8700870459 0
  outer loop
    vertex 2.1212852 -3.968645573 -18
    vertex 2.1212852 -3.968645573 -12.10000038
    vertex 2.313462257 -3.859778643 -12.10000038
  endloop
endfacet
facet normal -0.5349974572 0.8448536683 0
  outer loop
    vertex 2.313462257 -3.859778643 -18
    vertex 2.313462257 -3.859778643 -12.10000038
    vertex 2.500066042 -3.74161315 -12.10000038
  endloop
endfacet
facet normal -0.5758074621 0.8175853268 0
  outer loop
    vertex 2.500066042 -3.74161315 -18
    vertex 2.500066042 -3.74161315 -12.10000038
    vertex 2.680646896 -3.614434004 -12.10000038
  endloop
endfacet
facet normal -0.6152319638 0.7883461363 0
  outer loop
    vertex 2.680646896 -3.614434004 -18
    vertex 2.680646896 -3.614434004 -12.10000038
    vertex 2.854769707 -3.478547096 -12.10000038
  endloop
endfacet
facet normal -0.6531728759 0.7572088181 0
  outer loop
    vertex 2.854769707 -3.478547096 -18
    vertex 2.854769707 -3.478547096 -12.10000038
    vertex 3.022015333 -3.334280014 -12.10000038
  endloop
endfacet
facet normal -0.6895400697 0.7242475352 0
  outer loop
    vertex 3.022015333 -3.334280014 -18
    vertex 3.022015333 -3.334280014 -12.10000038
    vertex 3.18198061 -3.18198061 -12.10000038
  endloop
endfacet
facet normal -0.7242475352 0.6895400697 0
  outer loop
    vertex 3.18198061 -3.18198061 -18
    vertex 3.18198061 -3.18198061 -12.10000038
    vertex 3.334280014 -3.022015333 -12.10000038
  endloop
endfacet
facet normal -0.7572088181 0.6531728759 0
  outer loop
    vertex 3.334280014 -3.022015333 -18
    vertex 3.334280014 -3.022015333 -12.10000038
    vertex 3.478547096 -2.854769707 -12.10000038
  endloop
endfacet
facet normal -0.7883461363 0.6152319638 0
  outer loop
    vertex 3.478547096 -2.854769707 -18
    vertex 3.478547096 -2.854769707 -12.10000038
    vertex 3.614434004 -2.680646896 -12.10000038
  endloop
endfacet
facet normal -0.8175853268 0.5758074621 0
  outer loop
    vertex 3.614434004 -2.680646896 -18
    vertex 3.614434004 -2.680646896 -12.10000038
    vertex 3.74161315 -2.500066042 -12.10000038
  endloop
endfacet
facet normal -0.8448536683 0.5349974572 0
  outer loop
    vertex 3.74161315 -2.500066042 -18
    vertex 3.74161315 -2.500066042 -12.10000038
    vertex 3.859778643 -2.313462257 -12.10000038
  endloop
endfacet
facet normal -0.8700870459 0.4928980955 0
  outer loop
    vertex 3.859778643 -2.313462257 -18
    vertex 3.859778643 -2.313462257 -12.10000038
    vertex 3.968645573 -2.1212852 -12.10000038
  endloop
endfacet
facet normal -0.893224275 0.4496113818 0
  outer loop
    vertex 3.968645573 -2.1212852 -18
    vertex 3.968645573 -2.1212852 -12.10000038
    vertex 4.067951679 -1.923997879 -12.10000038
  endloop
endfacet
facet normal -0.9142095917 0.4052416841 0
  outer loop
    vertex 4.067951679 -1.923997879 -18
    vertex 4.067951679 -1.923997879 -12.10000038
    vertex 4.157457829 -1.722075462 -12.10000038
  endloop
endfacet
facet normal -0.9329924159 0.3598960292 0
  outer loop
    vertex 4.157457829 -1.722075462 -18
    vertex 4.157457829 -1.722075462 -12.10000038
    vertex 4.23694849 -1.516004324 -12.10000038
  endloop
endfacet
facet normal -0.9495284363 0.3136809665 0
  outer loop
    vertex 4.23694849 -1.516004324 -18
    vertex 4.23694849 -1.516004324 -12.10000038
    vertex 4.306231499 -1.30628109 -12.10000038
  endloop
endfacet
facet normal -0.9637762867 0.2667119592 0
  outer loop
    vertex 4.306231499 -1.30628109 -18
    vertex 4.306231499 -1.30628109 -12.10000038
    vertex 4.365140438 -1.09341085 -12.10000038
  endloop
endfacet
facet normal -0.9757020173 0.219101742 0
  outer loop
    vertex 4.365140438 -1.09341085 -18
    vertex 4.365140438 -1.09341085 -12.10000038
    vertex 4.413533688 -0.8779064417 -12.10000038
  endloop
endfacet
facet normal -0.9852774868 0.1709627853 0
  outer loop
    vertex 4.413533688 -0.8779064417 -18
    vertex 4.413533688 -0.8779064417 -12.10000038
    vertex 4.451294422 -0.6602871418 -12.10000038
  endloop
endfacet
facet normal -0.9924797039 0.1224093028 0
  outer loop
    vertex 4.451294422 -0.6602871418 -18
    vertex 4.451294422 -0.6602871418 -12.10000038
    vertex 4.478331089 -0.441077143 -12.10000038
  endloop
endfacet
facet normal -0.997290476 0.07356430197 0
  outer loop
    vertex 4.478331089 -0.441077143 -18
    vertex 4.478331089 -0.441077143 -12.10000038
    vertex 4.494579315 -0.2208045274 -12.10000038
  endloop
endfacet
facet normal -0.9996987923 0.02454230502 0
  outer loop
    vertex 4.494579315 -0.2208045274 -18
    vertex 4.494579315 -0.2208045274 -12.10000038
    vertex 4.5 0 -12.10000038
  endloop
endfacet
facet normal 0 0 -1
  outer loop
    vertex 26.77555656 -56.61215973 -18
    vertex 2.854769707 -3.478547096 -18
    vertex 41.98643875 -56.61215973 -18
  endloop
endfacet
facet normal 0 0 -1
  outer loop
    vertex 3.022015333 -3.334280014 -18
    vertex 3.18198061 -3.18198061 -18
    vertex 64.4696579 -71.13130951 -18
  endloop
endfacet
facet normal 0 0 -1
  outer loop
    vertex 41.98643875 -56.61215973 -18
    vertex 3.022015333 -3.334280014 -18
    vertex 60.90175629 -74.20900726 -18
  endloop
endfacet
facet normal 0 -0 -1
  outer loop
    vertex 3.18198061 -3.18198061 -18
    vertex 67.88224792 -67.88224792 -18
    vertex 64.4696579 -71.13130951 -18
  endloop
endfacet
facet normal 0 0 -1
  outer loop
    vertex 3.334280014 -3.022015333 -18
    vertex 3.478547096 -2.854769707 -18
    vertex 71.13130951 -64.4696579 -18
  endloop
endfacet
facet normal 0 0 -1
  outer loop
    vertex 3.18198061 -3.18198061 -18
    vertex 3.334280014 -3.022015333 -18
    vertex 71.13130951 -64.4696579 -18
  endloop
endfacet
facet normal 0 0 -1
  outer loop
    vertex 3.478547096 -2.854769707 -18
    vertex 3.614434004 -2.680646896 -18
    vertex 74.20900726 -60.90175629 -18
  endloop
endfacet
facet normal 0 0 -1
  outer loop
    vertex 3.614434004 -2.680646896 -18
    vertex 3.74161315 -2.500066042 -18
    vertex 79.82108307 -53.3347435 -18
  endloop
endfacet
facet normal 0 0 -1
  outer loop
    vertex 3.74161315 -2.500066042 -18
    vertex 3.859778643 -2.313462257 -18
    vertex 79.82108307 -53.3347435 -18
  endloop
endfacet
facet normal 0 0 -1
  outer loop
    vertex 3.859778643 -2.313462257 -18
    vertex 3.968645573 -2.1212852 -18
    vertex 82.34194946 -49.35386276 -18
  endloop
endfacet
facet normal 0 0 -1
  outer loop
    vertex 3.968645573 -2.1212852 -18
    vertex 4.067951679 -1.923997879 -18
    vertex 84.66444397 -45.25408554 -18
  endloop
endfacet
facet normal 0 0 -1
  outer loop
    vertex 4.067951679 -1.923997879 -18
    vertex 4.157457829 -1.722075462 -18
    vertex 86.78297424 -41.04528809 -18
  endloop
endfacet
facet normal 0 0 -1
  outer loop
    vertex 4.157457829 -1.722075462 -18
    vertex 4.23694849 -1.516004324 -18
    vertex 88.69243622 -36.73760986 -18
  endloop
endfacet
facet normal 0 0 -1
  outer loop
    vertex 4.23694849 -1.516004324 -18
    vertex 4.306231499 -1.30628109 -18
    vertex 91.86627197 -27.86732864 -18
  endloop
endfacet
facet normal 0 0 -1
  outer loop
    vertex 4.306231499 -1.30628109 -18
    vertex 4.365140438 -1.09341085 -18
    vertex 91.86627197 -27.86732864 -18
  endloop
endfacet
facet normal 0 0 -1
  outer loop
    vertex 4.365140438 -1.09341085 -18
    vertex 4.413533688 -0.8779064417 -18
    vertex 93.1230011 -23.32609749 -18
  endloop
endfacet
facet normal 0 0 -1
  outer loop
    vertex 4.413533688 -0.8779064417 -18
    vertex 4.451294422 -0.6602871418 -18
    vertex 94.15538788 -18.72867012 -18
  endloop
endfacet
facet normal 0 0 -1
  outer loop
    vertex 4.451294422 -0.6602871418 -18
    vertex 4.478331089 -0.441077143 -18
    vertex 95.53773499 -9.409645081 -18
  endloop
endfacet
facet normal 0 0 -1
  outer loop
    vertex 4.478331089 -0.441077143 -18
    vertex 4.494579315 -0.2208045274 -18
    vertex 95.53773499 -9.409645081 -18
  endloop
endfacet
facet normal 0 0 -1
  outer loop
    vertex 4.494579315 -0.2208045274 -18
    vertex 4.5 0 -18
    vertex 95.88436127 -4.710496902 -18
  endloop
endfacet
facet normal 0 -0 1
  outer loop
    vertex -21.10000038 -21.10000038 -12.10000038
    vertex 21.10000038 -21.10000038 -12.10000038
    vertex 1.923997879 -4.067951679 -12.10000038
  endloop
endfacet
facet normal -0 -0 1
  outer loop
    vertex 1.923997879 -4.067951679 -12.10000038
    vertex 21.10000038 -21.10000038 -12.10000038
    vertex 2.1212852 -3.968645573 -12.10000038
  endloop
endfacet
facet normal -0 -0 1
  outer loop
    vertex 2.1212852 -3.968645573 -12.10000038
    vertex 21.10000038 -21.10000038 -12.10000038
    vertex 2.313462257 -3.859778643 -12.10000038
  endloop
endfacet
facet normal -0 -0 1
  outer loop
    vertex 2.313462257 -3.859778643 -12.10000038
    vertex 21.10000038 -21.10000038 -12.10000038
    vertex 2.500066042 -3.74161315 -12.10000038
  endloop
endfacet
facet normal -0 -0 1
  outer loop
    vertex 2.500066042 -3.74161315 -12.10000038
    vertex 21.10000038 -21.10000038 -12.10000038
    vertex 2.680646896 -3.614434004 -12.10000038
  endloop
endfacet
facet normal -0 -0 1
  outer loop
    vertex 2.680646896 -3.614434004 -12.10000038
    vertex 21.10000038 -21.10000038 -12.10000038
    vertex 2.854769707 -3.478547096 -12.10000038
  endloop
endfacet
facet normal -0 -0 1
  outer loop
    vertex 3.022015333 -3.334280014 -12.10000038
    vertex 21.10000038 -21.10000038 -12.10000038
    vertex 3.18198061 -3.18198061 -12.10000038
  endloop
endfacet
facet normal -0 -0 1
  outer loop
    vertex 2.854769707 -3.478547096 -12.10000038
    vertex 21.10000038 -21.10000038 -12.10000038
    vertex 3.022015333 -3.334280014 -12.10000038
  endloop
endfacet
facet normal -0 -0 1
  outer loop
    vertex 3.18198061 -3.18198061 -12.10000038
    vertex 21.10000038 -21.10000038 -12.10000038
    vertex 3.334280014 -3.022015333 -12.10000038
  endloop
endfacet
facet normal -0 -0 1
  outer loop
    vertex 3.334280014 -3.022015333 -12.10000038
    vertex 21.10000038 -21.10000038 -12.10000038
    vertex 3.478547096 -2.854769707 -12.10000038
  endloop
endfacet
facet normal -0 -0 1
  outer loop
    vertex 3.478547096 -2.854769707 -12.10000038
    vertex 21.10000038 -21.10000038 -12.10000038
    vertex 3.614434004 -2.680646896 -12.10000038
  endloop
endfacet
facet normal -0 -0 1
  outer loop
    vertex 3.614434004 -2.680646896 -12.10000038
    vertex 21.10000038 -21.10000038 -12.10000038
    vertex 3.74161315 -2.500066042 -12.10000038
  endloop
endfacet
facet normal -0 -0 1
  outer loop
    vertex 3.74161315 -2.500066042 -12.10000038
    vertex 21.10000038 -21.10000038 -12.10000038
    vertex 3.859778643 -2.313462257 -12.10000038
  endloop
endfacet
facet normal -0 -0 1
  outer loop
    vertex 3.859778643 -2.313462257 -12.10000038
    vertex 21.10000038 -21.10000038 -12.10000038
    vertex 3.968645573 -2.1212852 -12.10000038
  endloop
endfacet
facet normal -0 -0 1
  outer loop
    vertex 3.968645573 -2.1212852 -12.10000038
    vertex 21.10000038 -21.10000038 -12.10000038
    vertex 4.067951679 -1.923997879 -12.10000038
  endloop
endfacet
facet normal -0 -0 1
  outer loop
    vertex 4.157457829 -1.722075462 -12.10000038
    vertex 21.10000038 -21.10000038 -12.10000038
    vertex 4.23694849 -1.516004324 -12.10000038
  endloop
endfacet
facet normal -0 -0 1
  outer loop
    vertex 4.067951679 -1.923997879 -12.10000038
    vertex 21.10000038 -21.10000038 -12.10000038
    vertex 4.157457829 -1.722075462 -12.10000038
  endloop
endfacet
facet normal -0 -0 1
  outer loop
    vertex 4.23694849 -1.516004324 -12.10000038
    vertex 21.10000038 -21.10000038 -12.10000038
    vertex 4.306231499 -1.30628109 -12.10000038
  endloop
endfacet
facet normal -0 -0 1
  outer loop
    vertex 4.306231499 -1.30628109 -12.10000038
    vertex 21.10000038 -21.10000038 -12.10000038
    vertex 4.365140438 -1.09341085 -12.10000038
  endloop
endfacet
facet normal -0 -0 1
  outer loop
    vertex 4.365140438 -1.09341085 -12.10000038
    vertex 21.10000038 -21.10000038 -12.10000038
    vertex 4.413533688 -0.8779064417 -12.10000038
  endloop
endfacet
facet normal -0 -0 1
  outer loop
    vertex 4.413533688 -0.8779064417 -12.10000038
    vertex 21.10000038 -21.10000038 -12.10000038
    vertex 4.451294422 -0.6602871418 -12.10000038
  endloop
endfacet
facet normal -0 -0 1
  outer loop
    vertex 4.451294422 -0.6602871418 -12.10000038
    vertex 21.10000038 -21.10000038 -12.10000038
    vertex 4.478331089 -0.441077143 -12.10000038
  endloop
endfacet
facet normal -0 -0 1
  outer loop
    vertex 4.478331089 -0.441077143 -12.10000038
    vertex 21.10000038 -21.10000038 -12.10000038
    vertex 4.494579315 -0.2208045274 -12.10000038
  endloop
endfacet
facet normal 0 0 1
  outer loop
    vertex 21.10000038 -21.10000038 -12.10000038
    vertex 4.494579315 0.2208045274 -12.10000038
    vertex 4.5 0 -12.10000038
  endloop
endfacet
facet normal -0 -0 1
  outer loop
    vertex 4.494579315 -0.2208045274 -12.10000038
    vertex 21.10000038 -21.10000038 -12.10000038
    vertex 4.5 0 -12.10000038
  endloop
endfacet
facet normal 0 0 1
  outer loop
    vertex 21.10000038 -21.10000038 -12.10000038
    vertex 4.478331089 0.441077143 -12.10000038
    vertex 4.494579315 0.2208045274 -12.10000038
  endloop
endfacet
facet normal 0 0 1
  outer loop
    vertex 21.10000038 -21.10000038 -12.10000038
    vertex 4.451294422 0.6602871418 -12.10000038
    vertex 4.478331089 0.441077143 -12.10000038
  endloop
endfacet
facet normal 0 0 1
  outer loop
    vertex 21.10000038 -21.10000038 -12.10000038
    vertex 4.365140438 1.09341085 -12.10000038
    vertex 4.413533688 0.8779064417 -12.10000038
  endloop
endfacet
facet normal 0 0 1
  outer loop
    vertex 21.10000038 -21.10000038 -12.10000038
    vertex 4.413533688 0.8779064417 -12.10000038
    vertex 4.451294422 0.6602871418 -12.10000038
  endloop
endfacet
facet normal 0 0 1
  outer loop
    vertex 21.10000038 -21.10000038 -12.10000038
    vertex 4.306231499 1.30628109 -12.10000038
    vertex 4.365140438 1.09341085 -12.10000038
  endloop
endfacet
facet normal 0 0 1
  outer loop
    vertex 21.10000038 -21.10000038 -12.10000038
    vertex 4.23694849 1.516004324 -12.10000038
    vertex 4.306231499 1.30628109 -12.10000038
  endloop
endfacet
facet normal 0 0 1
  outer loop
    vertex 21.10000038 -21.10000038 -12.10000038
    vertex 4.067951679 1.923997879 -12.10000038
    vertex 4.157457829 1.722075462 -12.10000038
  endloop
endfacet
facet normal 0 0 1
  outer loop
    vertex 21.10000038 -21.10000038 -12.10000038
    vertex 4.157457829 1.722075462 -12.10000038
    vertex 4.23694849 1.516004324 -12.10000038
  endloop
endfacet
facet normal 0 0 -1
  outer loop
    vertex -21.10000038 -21.10000038 -9.100000381
    vertex 1.923997879 -4.067951679 -9.100000381
    vertex 21.10000038 -21.10000038 -9.100000381
  endloop
endfacet
facet normal -0 1 0
  outer loop
    vertex -21.10000038 -21.10000038 -9.100000381
    vertex 21.10000038 -21.10000038 -9.100000381
    vertex 21.10000038 -21.10000038 -12.10000038
  endloop
endfacet
facet normal 0 0 -1
  outer loop
    vertex 1.923997879 -4.067951679 -9.100000381
    vertex 2.1212852 -3.968645573 -9.100000381
    vertex 21.10000038 -21.10000038 -9.100000381
  endloop
endfacet
facet normal 0 0 -1
  outer loop
    vertex 2.1212852 -3.968645573 -9.100000381
    vertex 2.313462257 -3.859778643 -9.100000381
    vertex 21.10000038 -21.10000038 -9.100000381
  endloop
endfacet
facet normal 0 0 -1
  outer loop
    vertex 2.313462257 -3.859778643 -9.100000381
    vertex 2.500066042 -3.74161315 -9.100000381
    vertex 21.10000038 -21.10000038 -9.100000381
  endloop
endfacet
facet normal 0 0 -1
  outer loop
    vertex 2.500066042 -3.74161315 -9.100000381
    vertex 2.680646896 -3.614434004 -9.100000381
    vertex 21.10000038 -21.10000038 -9.100000381
  endloop
endfacet
facet normal 0 0 -1
  outer loop
    vertex 2.680646896 -3.614434004 -9.100000381
    vertex 2.854769707 -3.478547096 -9.100000381
    vertex 21.10000038 -21.10000038 -9.100000381
  endloop
endfacet
facet normal 0 0 -1
  outer loop
    vertex 3.022015333 -3.334280014 -9.100000381
    vertex 3.18198061 -3.18198061 -9.100000381
    vertex 21.10000038 -21.10000038 -9.100000381
  endloop
endfacet
facet normal 0 0 -1
  outer loop
    vertex 2.854769707 -3.478547096 -9.100000381
    vertex 3.022015333 -3.334280014 -9.100000381
    vertex 21.10000038 -21.10000038 -9.100000381
  endloop
endfacet
facet normal 0 0 -1
  outer loop
    vertex 3.18198061 -3.18198061 -9.100000381
    vertex 3.334280014 -3.022015333 -9.100000381
    vertex 21.10000038 -21.10000038 -9.100000381
  endloop
endfacet
facet normal 0 0 -1
  outer loop
    vertex 3.334280014 -3.022015333 -9.100000381
    vertex 3.478547096 -2.854769707 -9.100000381
    vertex 21.10000038 -21.10000038 -9.100000381
  endloop
endfacet
facet normal -1 0 0
  outer loop
    vertex 21.10000038 -21.10000038 -12.10000038
    vertex 21.10000038 -21.10000038 -9.100000381
    vertex 21.10000038 21.10000038 -12.10000038
  endloop
endfacet
facet normal 0 0 -1
  outer loop
    vertex 3.478547096 -2.854769707 -9.100000381
    vertex 3.614434004 -2.680646896 -9.100000381
    vertex 21.10000038 -21.10000038 -9.100000381
  endloop
endfacet
facet normal 0 0 -1
  outer loop
    vertex 3.74161315 -2.500066042 -9.100000381
    vertex 3.859778643 -2.313462257 -9.100000381
    vertex 21.10000038 -21.10000038 -9.100000381
  endloop
endfacet
facet normal 0 0 -1
  outer loop
    vertex 3.614434004 -2.680646896 -9.100000381
    vertex 3.74161315 -2.500066042 -9.100000381
    vertex 21.10000038 -21.10000038 -9.100000381
  endloop
endfacet
facet normal 0 0 -1
  outer loop
    vertex 3.859778643 -2.313462257 -9.100000381
    vertex 3.968645573 -2.1212852 -9.100000381
    vertex 21.10000038 -21.10000038 -9.100000381
  endloop
endfacet
facet normal 0 0 -1
  outer loop
    vertex 3.968645573 -2.1212852 -9.100000381
    vertex 4.067951679 -1.923997879 -9.100000381
    vertex 21.10000038 -21.10000038 -9.100000381
  endloop
endfacet
facet normal 0 0 -1
  outer loop
    vertex 4.157457829 -1.722075462 -9.100000381
    vertex 4.23694849 -1.516004324 -9.100000381
    vertex 21.10000038 -21.10000038 -9.100000381
  endloop
endfacet
facet normal 0 0 -1
  outer loop
    vertex 4.067951679 -1.923997879 -9.100000381
    vertex 4.157457829 -1.722075462 -9.100000381
    vertex 21.10000038 -21.10000038 -9.100000381
  endloop
endfacet
facet normal 0 0 -1
  outer loop
    vertex 4.23694849 -1.516004324 -9.100000381
    vertex 4.306231499 -1.30628109 -9.100000381
    vertex 21.10000038 -21.10000038 -9.100000381
  endloop
endfacet
facet normal 0 0 -1
  outer loop
    vertex 4.306231499 -1.30628109 -9.100000381
    vertex 4.365140438 -1.09341085 -9.100000381
    vertex 21.10000038 -21.10000038 -9.100000381
  endloop
endfacet
facet normal 0 0 -1
  outer loop
    vertex 4.365140438 -1.09341085 -9.100000381
    vertex 4.413533688 -0.8779064417 -9.100000381
    vertex 21.10000038 -21.10000038 -9.100000381
  endloop
endfacet
facet normal 0 0 -1
  outer loop
    vertex 4.413533688 -0.8779064417 -9.100000381
    vertex 4.451294422 -0.6602871418 -9.100000381
    vertex 21.10000038 -21.10000038 -9.100000381
  endloop
endfacet
facet normal 0 0 -1
  outer loop
    vertex 4.451294422 -0.6602871418 -9.100000381
    vertex 4.478331089 -0.441077143 -9.100000381
    vertex 21.10000038 -21.10000038 -9.100000381
  endloop
endfacet
facet normal 0 0 -1
  outer loop
    vertex 4.478331089 -0.441077143 -9.100000381
    vertex 4.494579315 -0.2208045274 -9.100000381
    vertex 21.10000038 -21.10000038 -9.100000381
  endloop
endfacet
facet normal 0 0 -1
  outer loop
    vertex 21.10000038 -21.10000038 -9.100000381
    vertex 4.5 0 -9.100000381
    vertex 4.494579315 0.2208045274 -9.100000381
  endloop
endfacet
facet normal 0 0 -1
  outer loop
    vertex 4.494579315 -0.2208045274 -9.100000381
    vertex 4.5 0 -9.100000381
    vertex 21.10000038 -21.10000038 -9.100000381
  endloop
endfacet
facet normal 0 0 -1
  outer loop
    vertex 21.10000038 -21.10000038 -9.100000381
    vertex 4.494579315 0.2208045274 -9.100000381
    vertex 4.478331089 0.441077143 -9.100000381
  endloop
endfacet
facet normal 0 0 -1
  outer loop
    vertex 21.10000038 -21.10000038 -9.100000381
    vertex 4.478331089 0.441077143 -9.100000381
    vertex 4.451294422 0.6602871418 -9.100000381
  endloop
endfacet
facet normal 0 0 -1
  outer loop
    vertex 21.10000038 -21.10000038 -9.100000381
    vertex 4.413533688 0.8779064417 -9.100000381
    vertex 4.365140438 1.09341085 -9.100000381
  endloop
endfacet
facet normal 0 0 -1
  outer loop
    vertex 21.10000038 -21.10000038 -9.100000381
    vertex 4.451294422 0.6602871418 -9.100000381
    vertex 4.413533688 0.8779064417 -9.100000381
  endloop
endfacet
facet normal 0 0 -1
  outer loop
    vertex 21.10000038 -21.10000038 -9.100000381
    vertex 4.365140438 1.09341085 -9.100000381
    vertex 4.306231499 1.30628109 -9.100000381
  endloop
endfacet
facet normal 0 0 -1
  outer loop
    vertex 21.10000038 -21.10000038 -9.100000381
    vertex 4.306231499 1.30628109 -9.100000381
    vertex 4.23694849 1.516004324 -9.100000381
  endloop
endfacet
facet normal 0 0 -1
  outer loop
    vertex 21.10000038 -21.10000038 -9.100000381
    vertex 4.157457829 1.722075462 -9.100000381
    vertex 4.067951679 1.923997879 -9.100000381
  endloop
endfacet
facet normal 0 0 -1
  outer loop
    vertex 21.10000038 -21.10000038 -9.100000381
    vertex 4.23694849 1.516004324 -9.100000381
    vertex 4.157457829 1.722075462 -9.100000381
  endloop
endfacet
facet normal 0 0 -1
  outer loop
    vertex 31.66357994 -90.61215973 -18
    vertex 49.65000153 -80.76216125 -18
    vertex 59.5 -90.61215973 -18
  endloop
endfacet
facet normal 0 0 -1
  outer loop
    vertex 59.5 -90.61215973 -18
    vertex 49.65000153 -80.76216125 -18
    vertex 49.65000153 -66.4621582 -18
  endloop
endfacet
facet normal 0 0 -1
  outer loop
    vertex 59.5 -90.61215973 -18
    vertex 49.65000153 -66.4621582 -18
    vertex 59.5 -75.302948 -18
  endloop
endfacet
facet normal 1 0 -0
  outer loop
    vertex 59.5 -90.61215973 -18
    vertex 59.5 -75.302948 -18
    vertex 59.5 -90.61215973 -12
  endloop
endfacet
facet normal 0.615231378 -0.7883465935 0
  outer loop
    vertex 59.5 -75.302948 -18
    vertex 60.90175629 -74.20900726 -18
    vertex 59.5 -75.302948 -12
  endloop
endfacet
facet normal 0 -1 0
  outer loop
    vertex 31.66357994 -90.61215973 -12
    vertex 59.5 -90.61215973 -18
    vertex 59.5 -90.61215973 -12
  endloop
endfacet
facet normal 1 0 -0
  outer loop
    vertex 59.5 -75.302948 -18
    vertex 59.5 -75.302948 -12
    vertex 59.5 -90.61215973 -12
  endloop
endfacet
facet normal -0 -0 -1
  outer loop
    vertex 41.98643875 -56.61215973 -18
    vertex 59.5 -75.302948 -18
    vertex 49.65000153 -66.4621582 -18
  endloop
endfacet
facet normal 0 -0 -1
  outer loop
    vertex 41.98643875 -56.61215973 -18
    vertex 60.90175629 -74.20900726 -18
    vertex 59.5 -75.302948 -18
  endloop
endfacet
facet normal -0 -0 1
  outer loop
    vertex 41.04528809 -86.78297424 -12
    vertex 59.5 -90.61215973 -12
    vertex 45.25408554 -84.66444397 -12
  endloop
endfacet
facet normal -0 -0 1
  outer loop
    vertex 45.25408554 -84.66444397 -12
    vertex 59.5 -90.61215973 -12
    vertex 49.35386276 -82.34194946 -12
  endloop
endfacet
facet normal -0 -0 1
  outer loop
    vertex 49.35386276 -82.34194946 -12
    vertex 59.5 -90.61215973 -12
    vertex 53.3347435 -79.82108307 -12
  endloop
endfacet
facet normal -0 -0 1
  outer loop
    vertex 53.3347435 -79.82108307 -12
    vertex 59.5 -90.61215973 -12
    vertex 57.18713379 -77.10792542 -12
  endloop
endfacet
facet normal -0 0 1
  outer loop
    vertex 57.18713379 -77.10792542 -12
    vertex 59.5 -90.61215973 -12
    vertex 59.5 -75.302948 -12
  endloop
endfacet
facet normal 0.6531734098 -0.7572083575 0
  outer loop
    vertex 60.90175629 -74.20900726 -18
    vertex 64.4696579 -71.13130951 -18
    vertex 60.90175629 -74.20900726 0
  endloop
endfacet
facet normal 0.6152314642 -0.7883465263 3.23909e-08
  outer loop
    vertex 60.90175629 -74.20900726 -18
    vertex 57.18713379 -77.10792542 0
    vertex 59.5 -75.302948 -12
  endloop
endfacet
facet normal 0.6895411886 -0.72424647 0
  outer loop
    vertex 64.4696579 -71.13130951 -18
    vertex 67.88224792 -67.88224792 -18
    vertex 64.4696579 -71.13130951 0
  endloop
endfacet
facet normal 0.72424647 -0.6895411886 0
  outer loop
    vertex 67.88224792 -67.88224792 -18
    vertex 71.13130951 -64.4696579 -18
    vertex 67.88224792 -67.88224792 0
  endloop
endfacet
facet normal 0.7572083575 -0.6531734098 0
  outer loop
    vertex 71.13130951 -64.4696579 -18
    vertex 74.20900726 -60.90175629 -18
    vertex 71.13130951 -64.4696579 0
  endloop
endfacet
facet normal 0.7883466024 -0.6152313666 0
  outer loop
    vertex 74.20900726 -60.90175629 -18
    vertex 77.10792542 -57.18713379 -18
    vertex 74.20900726 -60.90175629 0
  endloop
endfacet
facet normal 0.8175849832 -0.5758079499 0
  outer loop
    vertex 77.10792542 -57.18713379 -18
    vertex 79.82108307 -53.3347435 -18
    vertex 77.10792542 -57.18713379 0
  endloop
endfacet
facet normal 0.8448534243 -0.5349978424 0
  outer loop
    vertex 79.82108307 -53.3347435 -18
    vertex 82.34194946 -49.35386276 -18
    vertex 79.82108307 -53.3347435 0
  endloop
endfacet
facet normal 0 -0 -1
  outer loop
    vertex 3.18198061 -3.18198061 -18
    vertex 71.13130951 -64.4696579 -18
    vertex 67.88224792 -67.88224792 -18
  endloop
endfacet
facet normal 0 -0 -1
  outer loop
    vertex 3.478547096 -2.854769707 -18
    vertex 74.20900726 -60.90175629 -18
    vertex 71.13130951 -64.4696579 -18
  endloop
endfacet
facet normal 0 -0 -1
  outer loop
    vertex 3.614434004 -2.680646896 -18
    vertex 77.10792542 -57.18713379 -18
    vertex 74.20900726 -60.90175629 -18
  endloop
endfacet
facet normal 0 -0 -1
  outer loop
    vertex 3.614434004 -2.680646896 -18
    vertex 79.82108307 -53.3347435 -18
    vertex 77.10792542 -57.18713379 -18
  endloop
endfacet
facet normal 0 -0 -1
  outer loop
    vertex 3.859778643 -2.313462257 -18
    vertex 82.34194946 -49.35386276 -18
    vertex 79.82108307 -53.3347435 -18
  endloop
endfacet
facet normal 0 -0 -1
  outer loop
    vertex 3.968645573 -2.1212852 -18
    vertex 84.66444397 -45.25408554 -18
    vertex 82.34194946 -49.35386276 -18
  endloop
endfacet
facet normal 0 -0 -1
  outer loop
    vertex 4.067951679 -1.923997879 -18
    vertex 86.78297424 -41.04528809 -18
    vertex 84.66444397 -45.25408554 -18
  endloop
endfacet
facet normal 0 -0 -1
  outer loop
    vertex 4.157457829 -1.722075462 -18
    vertex 88.69243622 -36.73760986 -18
    vertex 86.78297424 -41.04528809 -18
  endloop
endfacet
facet normal 0 -0 -1
  outer loop
    vertex 4.23694849 -1.516004324 -18
    vertex 90.38822937 -32.34142685 -18
    vertex 88.69243622 -36.73760986 -18
  endloop
endfacet
facet normal 0 -0 -1
  outer loop
    vertex 4.23694849 -1.516004324 -18
    vertex 91.86627197 -27.86732864 -18
    vertex 90.38822937 -32.34142685 -18
  endloop
endfacet
facet normal 0 -0 -1
  outer loop
    vertex 4.365140438 -1.09341085 -18
    vertex 93.1230011 -23.32609749 -18
    vertex 91.86627197 -27.86732864 -18
  endloop
endfacet
facet normal 0 -0 -1
  outer loop
    vertex 4.413533688 -0.8779064417 -18
    vertex 94.15538788 -18.72867012 -18
    vertex 93.1230011 -23.32609749 -18
  endloop
endfacet
facet normal 0 -0 -1
  outer loop
    vertex 4.451294422 -0.6602871418 -18
    vertex 94.96094513 -14.08612537 -18
    vertex 94.15538788 -18.72867012 -18
  endloop
endfacet
facet normal 0 -0 -1
  outer loop
    vertex 4.451294422 -0.6602871418 -18
    vertex 95.53773499 -9.409645081 -18
    vertex 94.96094513 -14.08612537 -18
  endloop
endfacet
facet normal 0 -0 -1
  outer loop
    vertex 4.494579315 -0.2208045274 -18
    vertex 95.88436127 -4.710496902 -18
    vertex 95.53773499 -9.409645081 -18
  endloop
endfacet
facet normal 0 0 -1
  outer loop
    vertex 95.88436127 -4.710496902 -18
    vertex 4.5 0 -18
    vertex 96 0 -18
  endloop
endfacet
facet normal 0.8700870459 -0.4928980955 0
  outer loop
    vertex 82.34194946 -49.35386276 -18
    vertex 84.66444397 -45.25408554 -18
    vertex 82.34194946 -49.35386276 0
  endloop
endfacet
facet normal 0.8932243295 -0.4496112734 0
  outer loop
    vertex 84.66444397 -45.25408554 -18
    vertex 86.78297424 -41.04528809 -18
    vertex 84.66444397 -45.25408554 0
  endloop
endfacet
facet normal 0.9142097916 -0.405241233 0
  outer loop
    vertex 86.78297424 -41.04528809 -18
    vertex 88.69243622 -36.73760986 -18
    vertex 86.78297424 -41.04528809 0
  endloop
endfacet
facet normal 0.9329929247 -0.3598947103 0
  outer loop
    vertex 88.69243622 -36.73760986 -18
    vertex 90.38822937 -32.34142685 -18
    vertex 88.69243622 -36.73760986 0
  endloop
endfacet
facet normal 0.9495281679 -0.313681779 0
  outer loop
    vertex 90.38822937 -32.34142685 -18
    vertex 91.86627197 -27.86732864 -18
    vertex 90.38822937 -32.34142685 0
  endloop
endfacet
facet normal 0.9637759996 -0.2667129966 0
  outer loop
    vertex 91.86627197 -27.86732864 -18
    vertex 93.1230011 -23.32609749 -18
    vertex 91.86627197 -27.86732864 0
  endloop
endfacet
facet normal 0.9757021327 -0.2191012282 0
  outer loop
    vertex 93.1230011 -23.32609749 -18
    vertex 94.15538788 -18.72867012 -18
    vertex 93.1230011 -23.32609749 0
  endloop
endfacet
facet normal 0.9852776667 -0.1709617488 0
  outer loop
    vertex 94.15538788 -18.72867012 -18
    vertex 94.96094513 -14.08612537 -18
    vertex 94.15538788 -18.72867012 0
  endloop
endfacet
facet normal 0.9924795082 -0.1224108895 0
  outer loop
    vertex 94.96094513 -14.08612537 -18
    vertex 95.53773499 -9.409645081 -18
    vertex 94.96094513 -14.08612537 0
  endloop
endfacet
facet normal 0.9972905145 -0.07356378002 0
  outer loop
    vertex 95.53773499 -9.409645081 -18
    vertex 95.88436127 -4.710496902 -18
    vertex 95.53773499 -9.409645081 0
  endloop
endfacet
facet normal 0.9996988056 -0.02454176397 0
  outer loop
    vertex 95.88436127 -4.710496902 -18
    vertex 96 0 -18
    vertex 95.88436127 -4.710496902 0
  endloop
endfacet
facet normal 0.09801668748 0.9951847713 -0
  outer loop
    vertex -3.121445179 -77.69256592 -10.5
    vertex -3.121445179 -77.69256592 -2
    vertex -1.432836698e-14 -78 -10.5
  endloop
endfacet
facet normal -0.09801668748 0.9951847713 0
  outer loop
    vertex -1.432836698e-14 -78 -10.5
    vertex -1.432836698e-14 -78 -2
    vertex 3.121445179 -77.69256592 -10.5
  endloop
endfacet
facet normal -0.2902846818 0.9569403344 0
  outer loop
    vertex 3.121445179 -77.69256592 -10.5
    vertex 3.121445179 -77.69256592 -2
    vertex 6.122934818 -76.78207397 -10.5
  endloop
endfacet
facet normal -0.4713973628 0.8819209298 0
  outer loop
    vertex 6.122934818 -76.78207397 -10.5
    vertex 6.122934818 -76.78207397 -2
    vertex 8.889123917 -75.30351257 -10.5
  endloop
endfacet
facet normal -0.6343936927 0.7730101181 0
  outer loop
    vertex 8.889123917 -75.30351257 -10.5
    vertex 8.889123917 -75.30351257 -2
    vertex 11.31370831 -73.31370544 -10.5
  endloop
endfacet
facet normal -0.7730102939 0.6343934784 0
  outer loop
    vertex 11.31370831 -73.31370544 -10.5
    vertex 11.31370831 -73.31370544 -2
    vertex 13.30351353 -70.88912201 -10.5
  endloop
endfacet
facet normal -0.02454176397 -0.9996988056 0
  outer loop
    vertex -4.710496902 -95.88436127 0
    vertex -1.763491425e-14 -96 -18
    vertex -1.763491425e-14 -96 0
  endloop
endfacet
facet normal 0.02454176397 -0.9996988056 0
  outer loop
    vertex 4.710496902 -95.88436127 -18
    vertex 4.710496902 -95.88436127 0
    vertex -1.763491425e-14 -96 0
  endloop
endfacet
facet normal 0.07356378002 -0.9972905145 0
  outer loop
    vertex 9.409645081 -95.53773499 -18
    vertex 9.409645081 -95.53773499 0
    vertex 4.710496902 -95.88436127 0
  endloop
endfacet
facet normal 0.09801668748 0.9951847713 0
  outer loop
    vertex -3.121445179 -77.69256592 -2
    vertex -1.432836698e-14 -78 -2
    vertex -1.432836698e-14 -78 -10.5
  endloop
endfacet
facet normal -0.09801668748 0.9951847713 0
  outer loop
    vertex 3.121445179 -77.69256592 -10.5
    vertex -1.432836698e-14 -78 -2
    vertex 3.121445179 -77.69256592 -2
  endloop
endfacet
facet normal -0.2902846818 0.9569403344 0
  outer loop
    vertex 6.122934818 -76.78207397 -10.5
    vertex 3.121445179 -77.69256592 -2
    vertex 6.122934818 -76.78207397 -2
  endloop
endfacet
facet normal -0.4713973628 0.8819209298 0
  outer loop
    vertex 8.889123917 -75.30351257 -10.5
    vertex 6.122934818 -76.78207397 -2
    vertex 8.889123917 -75.30351257 -2
  endloop
endfacet
facet normal 0.1224108895 -0.9924795082 0
  outer loop
    vertex 14.08612537 -94.96094513 -18
    vertex 14.08612537 -94.96094513 0
    vertex 9.409645081 -95.53773499 0
  endloop
endfacet
facet normal 0.1709617488 -0.9852776667 0
  outer loop
    vertex 18.72867012 -94.15538788 -18
    vertex 18.72867012 -94.15538788 0
    vertex 14.08612537 -94.96094513 0
  endloop
endfacet
facet normal -0.6343936927 0.7730101181 0
  outer loop
    vertex 11.31370831 -73.31370544 -10.5
    vertex 8.889123917 -75.30351257 -2
    vertex 11.31370831 -73.31370544 -2
  endloop
endfacet
facet normal -0.4713973628 -0.8819209298 0
  outer loop
    vertex 8.889123917 -48.69648743 -10.5
    vertex 8.889123917 -48.69648743 -2
    vertex 6.122934818 -47.21792603 -10.5
  endloop
endfacet
facet normal -0.8819213428 0.4713965901 0
  outer loop
    vertex 13.30351353 -70.88912201 -10.5
    vertex 13.30351353 -70.88912201 -2
    vertex 14.78207207 -68.12293243 -10.5
  endloop
endfacet
facet normal -0.9569402831 0.2902848507 0
  outer loop
    vertex 14.78207207 -68.12293243 -10.5
    vertex 14.78207207 -68.12293243 -2
    vertex 15.69256401 -65.1214447 -10.5
  endloop
endfacet
facet normal -0.9951847105 0.09801730458 0
  outer loop
    vertex 15.69256401 -65.1214447 -10.5
    vertex 15.69256401 -65.1214447 -2
    vertex 16 -62 -10.5
  endloop
endfacet
facet normal -0.9951847105 -0.09801730458 0
  outer loop
    vertex 16 -62 -10.5
    vertex 16 -62 -2
    vertex 15.69256401 -58.8785553 -10.5
  endloop
endfacet
facet normal -0.9569403856 -0.2902845128 0
  outer loop
    vertex 14.78207207 -55.87706375 -10.5
    vertex 15.69256401 -58.8785553 -10.5
    vertex 15.69256401 -58.8785553 -2
  endloop
endfacet
facet normal -0.8819210725 -0.4713970957 0
  outer loop
    vertex 14.78207207 -55.87706375 -10.5
    vertex 14.78207207 -55.87706375 -2
    vertex 13.30351353 -53.11087799 -10.5
  endloop
endfacet
facet normal -0.634392966 -0.7730107145 0
  outer loop
    vertex 8.889123917 -48.69648743 -10.5
    vertex 11.31370831 -50.68629074 -10.5
    vertex 11.31370831 -50.68629074 -2
  endloop
endfacet
facet normal -0.7730107834 -0.634392882 0
  outer loop
    vertex 11.31370831 -50.68629074 -10.5
    vertex 13.30351353 -53.11087799 -10.5
    vertex 13.30351353 -53.11087799 -2
  endloop
endfacet
facet normal -0.7730102939 0.6343934784 0
  outer loop
    vertex 13.30351353 -70.88912201 -10.5
    vertex 11.31370831 -73.31370544 -2
    vertex 13.30351353 -70.88912201 -2
  endloop
endfacet
facet normal -0.8819213428 0.4713965901 0
  outer loop
    vertex 14.78207207 -68.12293243 -10.5
    vertex 13.30351353 -70.88912201 -2
    vertex 14.78207207 -68.12293243 -2
  endloop
endfacet
facet normal -0.9569402831 0.2902848507 0
  outer loop
    vertex 15.69256401 -65.1214447 -10.5
    vertex 14.78207207 -68.12293243 -2
    vertex 15.69256401 -65.1214447 -2
  endloop
endfacet
facet normal -0.9951847105 0.09801730458 0
  outer loop
    vertex 16 -62 -10.5
    vertex 15.69256401 -65.1214447 -2
    vertex 16 -62 -2
  endloop
endfacet
facet normal -0.8819210725 -0.4713970957 0
  outer loop
    vertex 13.30351353 -53.11087799 -10.5
    vertex 14.78207207 -55.87706375 -2
    vertex 13.30351353 -53.11087799 -2
  endloop
endfacet
facet normal -0.9569403856 -0.2902845128 0
  outer loop
    vertex 14.78207207 -55.87706375 -10.5
    vertex 15.69256401 -58.8785553 -2
    vertex 14.78207207 -55.87706375 -2
  endloop
endfacet
facet normal -0.7730107834 -0.634392882 0
  outer loop
    vertex 11.31370831 -50.68629074 -10.5
    vertex 13.30351353 -53.11087799 -2
    vertex 11.31370831 -50.68629074 -2
  endloop
endfacet
facet normal -0.634392966 -0.7730107145 0
  outer loop
    vertex 8.889123917 -48.69648743 -10.5
    vertex 11.31370831 -50.68629074 -2
    vertex 8.889123917 -48.69648743 -2
  endloop
endfacet
facet normal -0.9951847105 -0.09801730458 0
  outer loop
    vertex 15.69256401 -58.8785553 -10.5
    vertex 16 -62 -2
    vertex 15.69256401 -58.8785553 -2
  endloop
endfacet
facet normal 0.3136817248 -0.9495281858 0
  outer loop
    vertex 31.66357994 -90.61215973 -12
    vertex 32.34142685 -90.38822937 -12
    vertex 32.34142685 -90.38822937 0
  endloop
endfacet
facet normal 0.3598947103 -0.9329929247 0
  outer loop
    vertex 32.34142685 -90.38822937 -12
    vertex 36.73760986 -88.69243622 -12
    vertex 32.34142685 -90.38822937 0
  endloop
endfacet
facet normal 0.405241233 -0.9142097916 0
  outer loop
    vertex 36.73760986 -88.69243622 -12
    vertex 41.04528809 -86.78297424 -12
    vertex 36.73760986 -88.69243622 0
  endloop
endfacet
facet normal 0.4496112734 -0.8932243295 0
  outer loop
    vertex 41.04528809 -86.78297424 -12
    vertex 45.25408554 -84.66444397 -12
    vertex 41.04528809 -86.78297424 0
  endloop
endfacet
facet normal 0.2191012282 -0.9757021327 0
  outer loop
    vertex 23.32609749 -93.1230011 -18
    vertex 23.32609749 -93.1230011 0
    vertex 18.72867012 -94.15538788 0
  endloop
endfacet
facet normal 0.2667129966 -0.9637759996 0
  outer loop
    vertex 27.86732864 -91.86627197 -18
    vertex 27.86732864 -91.86627197 0
    vertex 23.32609749 -93.1230011 0
  endloop
endfacet
facet normal 0 -0 -1
  outer loop
    vertex -3.121445179 -77.69256592 -2
    vertex -1.138921517e-14 -62 -2
    vertex -1.432836698e-14 -78 -2
  endloop
endfacet
facet normal 0 0 -1
  outer loop
    vertex -1.432836698e-14 -78 -2
    vertex -1.138921517e-14 -62 -2
    vertex 3.121445179 -77.69256592 -2
  endloop
endfacet
facet normal 0 0 -1
  outer loop
    vertex 3.121445179 -77.69256592 -2
    vertex -1.138921517e-14 -62 -2
    vertex 6.122934818 -76.78207397 -2
  endloop
endfacet
facet normal 0 0 -1
  outer loop
    vertex 6.122934818 -76.78207397 -2
    vertex -1.138921517e-14 -62 -2
    vertex 8.889123917 -75.30351257 -2
  endloop
endfacet
facet normal 0 0 -1
  outer loop
    vertex 8.889123917 -75.30351257 -2
    vertex -1.138921517e-14 -62 -2
    vertex 11.31370831 -73.31370544 -2
  endloop
endfacet
facet normal 0 0 -1
  outer loop
    vertex 11.31370831 -73.31370544 -2
    vertex -1.138921517e-14 -62 -2
    vertex 13.30351353 -70.88912201 -2
  endloop
endfacet
facet normal 0 -0 -1
  outer loop
    vertex -1.138921517e-14 -62 -2
    vertex 14.78207207 -68.12293243 -2
    vertex 13.30351353 -70.88912201 -2
  endloop
endfacet
facet normal -0 0 1
  outer loop
    vertex -4.710496902 -95.88436127 0
    vertex -1.763491425e-14 -96 0
    vertex -8.266366056e-16 -4.5 0
  endloop
endfacet
facet normal 0 -0 1
  outer loop
    vertex -1.763491425e-14 -96 0
    vertex 4.710496902 -95.88436127 0
    vertex -8.266366056e-16 -4.5 0
  endloop
endfacet
facet normal 0 -0 1
  outer loop
    vertex 4.710496902 -95.88436127 0
    vertex 9.409645081 -95.53773499 0
    vertex 0.2208045274 -4.494579315 0
  endloop
endfacet
facet normal 0 -0 1
  outer loop
    vertex 9.409645081 -95.53773499 0
    vertex 14.08612537 -94.96094513 0
    vertex 0.6602871418 -4.451294422 0
  endloop
endfacet
facet normal 0 -0 -1
  outer loop
    vertex -3.121445179 -46.30743408 -2
    vertex -1.04094979e-14 -46 -2
    vertex -1.138921517e-14 -62 -2
  endloop
endfacet
facet normal 0 0 -1
  outer loop
    vertex -1.138921517e-14 -62 -2
    vertex -1.04094979e-14 -46 -2
    vertex 3.121445179 -46.30743408 -2
  endloop
endfacet
facet normal 0 0 -1
  outer loop
    vertex -1.138921517e-14 -62 -2
    vertex 3.121445179 -46.30743408 -2
    vertex 6.122934818 -47.21792603 -2
  endloop
endfacet
facet normal 0 0 -1
  outer loop
    vertex -1.138921517e-14 -62 -2
    vertex 13.30351353 -53.11087799 -2
    vertex 14.78207207 -55.87706375 -2
  endloop
endfacet
facet normal 0 0 -1
  outer loop
    vertex -1.138921517e-14 -62 -2
    vertex 11.31370831 -50.68629074 -2
    vertex 13.30351353 -53.11087799 -2
  endloop
endfacet
facet normal 0 0 -1
  outer loop
    vertex -1.138921517e-14 -62 -2
    vertex 6.122934818 -47.21792603 -2
    vertex 8.889123917 -48.69648743 -2
  endloop
endfacet
facet normal 0 0 -1
  outer loop
    vertex -1.138921517e-14 -62 -2
    vertex 8.889123917 -48.69648743 -2
    vertex 11.31370831 -50.68629074 -2
  endloop
endfacet
facet normal 0 -0 -1
  outer loop
    vertex -1.138921517e-14 -62 -2
    vertex 15.69256401 -65.1214447 -2
    vertex 14.78207207 -68.12293243 -2
  endloop
endfacet
facet normal 0 -0 -1
  outer loop
    vertex -1.138921517e-14 -62 -2
    vertex 16 -62 -2
    vertex 15.69256401 -65.1214447 -2
  endloop
endfacet
facet normal 0 0 -1
  outer loop
    vertex -1.138921517e-14 -62 -2
    vertex 15.69256401 -58.8785553 -2
    vertex 16 -62 -2
  endloop
endfacet
facet normal 0 -0 1
  outer loop
    vertex 14.08612537 -94.96094513 0
    vertex 18.72867012 -94.15538788 0
    vertex 0.6602871418 -4.451294422 0
  endloop
endfacet
facet normal 0 -0 1
  outer loop
    vertex 18.72867012 -94.15538788 0
    vertex 23.32609749 -93.1230011 0
    vertex 0.8779064417 -4.413533688 0
  endloop
endfacet
facet normal 0 -0 1
  outer loop
    vertex 23.32609749 -93.1230011 0
    vertex 27.86732864 -91.86627197 0
    vertex 1.09341085 -4.365140438 0
  endloop
endfacet
facet normal 0 -0 1
  outer loop
    vertex 27.86732864 -91.86627197 0
    vertex 32.34142685 -90.38822937 0
    vertex 1.516004324 -4.23694849 0
  endloop
endfacet
facet normal 0 0 -1
  outer loop
    vertex -1.138921517e-14 -62 -2
    vertex 14.78207207 -55.87706375 -2
    vertex 15.69256401 -58.8785553 -2
  endloop
endfacet
facet normal 0.313681779 -0.9495281679 -3.395609421e-09
  outer loop
    vertex 31.66357994 -90.61215973 -12
    vertex 32.34142685 -90.38822937 0
    vertex 27.86732864 -91.86627197 0
  endloop
endfacet
facet normal 0.3598947103 -0.9329929247 0
  outer loop
    vertex 36.73760986 -88.69243622 -12
    vertex 36.73760986 -88.69243622 0
    vertex 32.34142685 -90.38822937 0
  endloop
endfacet
facet normal 0.405241233 -0.9142097916 0
  outer loop
    vertex 41.04528809 -86.78297424 -12
    vertex 41.04528809 -86.78297424 0
    vertex 36.73760986 -88.69243622 0
  endloop
endfacet
facet normal 0.4496112734 -0.8932243295 0
  outer loop
    vertex 45.25408554 -84.66444397 -12
    vertex 45.25408554 -84.66444397 0
    vertex 41.04528809 -86.78297424 0
  endloop
endfacet
facet normal 0 -0 1
  outer loop
    vertex 36.73760986 -88.69243622 0
    vertex 41.04528809 -86.78297424 0
    vertex 35.34999847 -80.76216125 0
  endloop
endfacet
facet normal 0 -0 1
  outer loop
    vertex 41.04528809 -86.78297424 0
    vertex 45.25408554 -84.66444397 0
    vertex 35.34999847 -80.76216125 0
  endloop
endfacet
facet normal 0 -0 1
  outer loop
    vertex 45.25408554 -84.66444397 0
    vertex 49.35386276 -82.34194946 0
    vertex 35.34999847 -80.76216125 0
  endloop
endfacet
facet normal 0 -0 1
  outer loop
    vertex 49.35386276 -82.34194946 0
    vertex 49.65000153 -80.76216125 0
    vertex 35.34999847 -80.76216125 0
  endloop
endfacet
facet normal 0 -0 1
  outer loop
    vertex 32.34142685 -90.38822937 0
    vertex 36.73760986 -88.69243622 0
    vertex 1.516004324 -4.23694849 0
  endloop
endfacet
facet normal 0 0 1
  outer loop
    vertex 36.73760986 -88.69243622 0
    vertex 35.34999847 -80.76216125 0
    vertex 1.722075462 -4.157457829 0
  endloop
endfacet
facet normal -0 0 1
  outer loop
    vertex 1.722075462 -4.157457829 0
    vertex 35.34999847 -80.76216125 0
    vertex 35.34999847 -66.4621582 0
  endloop
endfacet
facet normal 0 0 1
  outer loop
    vertex 2.680646896 -3.614434004 0
    vertex 49.65000153 -66.4621582 0
    vertex 60.90175629 -74.20900726 0
  endloop
endfacet
facet normal -0 0 1
  outer loop
    vertex 2.854769707 -3.478547096 0
    vertex 60.90175629 -74.20900726 0
    vertex 64.4696579 -71.13130951 0
  endloop
endfacet
facet normal 0.09801668748 -0.9951847713 0
  outer loop
    vertex -3.121445179 -46.30743408 -10.5
    vertex -1.04094979e-14 -46 -10.5
    vertex -1.04094979e-14 -46 -2
  endloop
endfacet
facet normal -0.09801668748 -0.9951847713 0
  outer loop
    vertex -1.04094979e-14 -46 -10.5
    vertex 3.121445179 -46.30743408 -10.5
    vertex 3.121445179 -46.30743408 -2
  endloop
endfacet
facet normal -0.2902846818 -0.9569403344 0
  outer loop
    vertex 3.121445179 -46.30743408 -10.5
    vertex 6.122934818 -47.21792603 -10.5
    vertex 6.122934818 -47.21792603 -2
  endloop
endfacet
facet normal 0.09801668748 -0.9951847713 0
  outer loop
    vertex -3.121445179 -46.30743408 -10.5
    vertex -1.04094979e-14 -46 -2
    vertex -3.121445179 -46.30743408 -2
  endloop
endfacet
facet normal -0.09801668748 -0.9951847713 0
  outer loop
    vertex -1.04094979e-14 -46 -10.5
    vertex 3.121445179 -46.30743408 -2
    vertex -1.04094979e-14 -46 -2
  endloop
endfacet
facet normal -0.2902846818 -0.9569403344 0
  outer loop
    vertex 3.121445179 -46.30743408 -10.5
    vertex 6.122934818 -47.21792603 -2
    vertex 3.121445179 -46.30743408 -2
  endloop
endfacet
facet normal -0.4713973628 -0.8819209298 0
  outer loop
    vertex 6.122934818 -47.21792603 -10.5
    vertex 8.889123917 -48.69648743 -2
    vertex 6.122934818 -47.21792603 -2
  endloop
endfacet
facet normal 0.5349974572 0.8448536683 0
  outer loop
    vertex -2.313462257 -3.859778643 -9.100000381
    vertex -2.500066042 -3.74161315 -9.100000381
    vertex -2.313462257 -3.859778643 0
  endloop
endfacet
facet normal 0.6531728759 0.7572088181 0
  outer loop
    vertex -3.022015333 -3.334280014 -9.100000381
    vertex -2.854769707 -3.478547096 0
    vertex -2.854769707 -3.478547096 -9.100000381
  endloop
endfacet
facet normal 0.6152319638 0.7883461363 0
  outer loop
    vertex -2.854769707 -3.478547096 -9.100000381
    vertex -2.680646896 -3.614434004 0
    vertex -2.680646896 -3.614434004 -9.100000381
  endloop
endfacet
facet normal 0.5758074621 0.8175853268 0
  outer loop
    vertex -2.680646896 -3.614434004 -9.100000381
    vertex -2.500066042 -3.74161315 0
    vertex -2.500066042 -3.74161315 -9.100000381
  endloop
endfacet
facet normal 0.4928980955 0.8700870459 0
  outer loop
    vertex -2.313462257 -3.859778643 -9.100000381
    vertex -2.1212852 -3.968645573 0
    vertex -2.1212852 -3.968645573 -9.100000381
  endloop
endfacet
facet normal 0.4496113818 0.893224275 0
  outer loop
    vertex -2.1212852 -3.968645573 -9.100000381
    vertex -1.923997879 -4.067951679 0
    vertex -1.923997879 -4.067951679 -9.100000381
  endloop
endfacet
facet normal 0.4052416841 0.9142095917 0
  outer loop
    vertex -1.923997879 -4.067951679 -9.100000381
    vertex -1.722075462 -4.157457829 0
    vertex -1.722075462 -4.157457829 -9.100000381
  endloop
endfacet
facet normal 0.3598960292 0.9329924159 0
  outer loop
    vertex -1.722075462 -4.157457829 -9.100000381
    vertex -1.516004324 -4.23694849 0
    vertex -1.516004324 -4.23694849 -9.100000381
  endloop
endfacet
facet normal 0.3136809665 0.9495284363 0
  outer loop
    vertex -1.516004324 -4.23694849 -9.100000381
    vertex -1.30628109 -4.306231499 0
    vertex -1.30628109 -4.306231499 -9.100000381
  endloop
endfacet
facet normal 0.2667119592 0.9637762867 0
  outer loop
    vertex -1.30628109 -4.306231499 -9.100000381
    vertex -1.09341085 -4.365140438 0
    vertex -1.09341085 -4.365140438 -9.100000381
  endloop
endfacet
facet normal 0.219101742 0.9757020173 0
  outer loop
    vertex -1.09341085 -4.365140438 -9.100000381
    vertex -0.8779064417 -4.413533688 0
    vertex -0.8779064417 -4.413533688 -9.100000381
  endloop
endfacet
facet normal 0.1709627853 0.9852774868 0
  outer loop
    vertex -0.8779064417 -4.413533688 -9.100000381
    vertex -0.6602871418 -4.451294422 0
    vertex -0.6602871418 -4.451294422 -9.100000381
  endloop
endfacet
facet normal 0.1224093028 0.9924797039 0
  outer loop
    vertex -0.6602871418 -4.451294422 -9.100000381
    vertex -0.441077143 -4.478331089 0
    vertex -0.441077143 -4.478331089 -9.100000381
  endloop
endfacet
facet normal 0.07356430197 0.997290476 0
  outer loop
    vertex -0.441077143 -4.478331089 -9.100000381
    vertex -0.2208045274 -4.494579315 0
    vertex -0.2208045274 -4.494579315 -9.100000381
  endloop
endfacet
facet normal 0.02454230502 0.9996987923 0
  outer loop
    vertex -0.2208045274 -4.494579315 -9.100000381
    vertex -8.266366056e-16 -4.5 0
    vertex -8.266366056e-16 -4.5 -9.100000381
  endloop
endfacet
facet normal -0.02454230502 0.9996987923 0
  outer loop
    vertex -8.266366056e-16 -4.5 -9.100000381
    vertex 0.2208045274 -4.494579315 0
    vertex 0.2208045274 -4.494579315 -9.100000381
  endloop
endfacet
facet normal -0.07356430197 0.997290476 0
  outer loop
    vertex 0.2208045274 -4.494579315 -9.100000381
    vertex 0.441077143 -4.478331089 0
    vertex 0.441077143 -4.478331089 -9.100000381
  endloop
endfacet
facet normal -0.1224093028 0.9924797039 0
  outer loop
    vertex 0.441077143 -4.478331089 -9.100000381
    vertex 0.6602871418 -4.451294422 0
    vertex 0.6602871418 -4.451294422 -9.100000381
  endloop
endfacet
facet normal -0.1709627853 0.9852774868 0
  outer loop
    vertex 0.6602871418 -4.451294422 -9.100000381
    vertex 0.8779064417 -4.413533688 0
    vertex 0.8779064417 -4.413533688 -9.100000381
  endloop
endfacet
facet normal -0.219101742 0.9757020173 0
  outer loop
    vertex 0.8779064417 -4.413533688 -9.100000381
    vertex 1.09341085 -4.365140438 0
    vertex 1.09341085 -4.365140438 -9.100000381
  endloop
endfacet
facet normal -0.2667119592 0.9637762867 0
  outer loop
    vertex 1.09341085 -4.365140438 -9.100000381
    vertex 1.30628109 -4.306231499 0
    vertex 1.30628109 -4.306231499 -9.100000381
  endloop
endfacet
facet normal -0.3136809665 0.9495284363 0
  outer loop
    vertex 1.30628109 -4.306231499 -9.100000381
    vertex 1.516004324 -4.23694849 0
    vertex 1.516004324 -4.23694849 -9.100000381
  endloop
endfacet
facet normal -0.3598960292 0.9329924159 0
  outer loop
    vertex 1.516004324 -4.23694849 -9.100000381
    vertex 1.722075462 -4.157457829 0
    vertex 1.722075462 -4.157457829 -9.100000381
  endloop
endfacet
facet normal -0.4052416841 0.9142095917 0
  outer loop
    vertex 1.722075462 -4.157457829 -9.100000381
    vertex 1.923997879 -4.067951679 0
    vertex 1.923997879 -4.067951679 -9.100000381
  endloop
endfacet
facet normal -0.4496113818 0.893224275 0
  outer loop
    vertex 1.923997879 -4.067951679 -9.100000381
    vertex 2.1212852 -3.968645573 0
    vertex 2.1212852 -3.968645573 -9.100000381
  endloop
endfacet
facet normal -0.4928980955 0.8700870459 0
  outer loop
    vertex 2.1212852 -3.968645573 -9.100000381
    vertex 2.313462257 -3.859778643 0
    vertex 2.313462257 -3.859778643 -9.100000381
  endloop
endfacet
facet normal -0.5349974572 0.8448536683 0
  outer loop
    vertex 2.313462257 -3.859778643 -9.100000381
    vertex 2.500066042 -3.74161315 0
    vertex 2.500066042 -3.74161315 -9.100000381
  endloop
endfacet
facet normal -0.5758074621 0.8175853268 0
  outer loop
    vertex 2.500066042 -3.74161315 -9.100000381
    vertex 2.680646896 -3.614434004 0
    vertex 2.680646896 -3.614434004 -9.100000381
  endloop
endfacet
facet normal -0.6152319638 0.7883461363 0
  outer loop
    vertex 2.680646896 -3.614434004 -9.100000381
    vertex 2.854769707 -3.478547096 0
    vertex 2.854769707 -3.478547096 -9.100000381
  endloop
endfacet
facet normal -0.6531728759 0.7572088181 0
  outer loop
    vertex 2.854769707 -3.478547096 -9.100000381
    vertex 3.022015333 -3.334280014 0
    vertex 3.022015333 -3.334280014 -9.100000381
  endloop
endfacet
facet normal -0.6895400697 0.7242475352 0
  outer loop
    vertex 3.022015333 -3.334280014 -9.100000381
    vertex 3.18198061 -3.18198061 0
    vertex 3.18198061 -3.18198061 -9.100000381
  endloop
endfacet
facet normal -0.7242475352 0.6895400697 0
  outer loop
    vertex 3.18198061 -3.18198061 -9.100000381
    vertex 3.334280014 -3.022015333 0
    vertex 3.334280014 -3.022015333 -9.100000381
  endloop
endfacet
facet normal -0.7572088181 0.6531728759 0
  outer loop
    vertex 3.334280014 -3.022015333 -9.100000381
    vertex 3.478547096 -2.854769707 0
    vertex 3.478547096 -2.854769707 -9.100000381
  endloop
endfacet
facet normal -0.7883461363 0.6152319638 0
  outer loop
    vertex 3.478547096 -2.854769707 -9.100000381
    vertex 3.614434004 -2.680646896 0
    vertex 3.614434004 -2.680646896 -9.100000381
  endloop
endfacet
facet normal -0.8175853268 0.5758074621 0
  outer loop
    vertex 3.614434004 -2.680646896 -9.100000381
    vertex 3.74161315 -2.500066042 0
    vertex 3.74161315 -2.500066042 -9.100000381
  endloop
endfacet
facet normal -0.8448536683 0.5349974572 0
  outer loop
    vertex 3.74161315 -2.500066042 -9.100000381
    vertex 3.859778643 -2.313462257 0
    vertex 3.859778643 -2.313462257 -9.100000381
  endloop
endfacet
facet normal -0.8700870459 0.4928980955 0
  outer loop
    vertex 3.859778643 -2.313462257 -9.100000381
    vertex 3.968645573 -2.1212852 0
    vertex 3.968645573 -2.1212852 -9.100000381
  endloop
endfacet
facet normal -0.893224275 0.4496113818 0
  outer loop
    vertex 3.968645573 -2.1212852 -9.100000381
    vertex 4.067951679 -1.923997879 0
    vertex 4.067951679 -1.923997879 -9.100000381
  endloop
endfacet
facet normal -0.9142095917 0.4052416841 0
  outer loop
    vertex 4.067951679 -1.923997879 -9.100000381
    vertex 4.157457829 -1.722075462 0
    vertex 4.157457829 -1.722075462 -9.100000381
  endloop
endfacet
facet normal -0.9329924159 0.3598960292 0
  outer loop
    vertex 4.157457829 -1.722075462 -9.100000381
    vertex 4.23694849 -1.516004324 0
    vertex 4.23694849 -1.516004324 -9.100000381
  endloop
endfacet
facet normal -0.9495284363 0.3136809665 0
  outer loop
    vertex 4.23694849 -1.516004324 -9.100000381
    vertex 4.306231499 -1.30628109 0
    vertex 4.306231499 -1.30628109 -9.100000381
  endloop
endfacet
facet normal -0.9637762867 0.2667119592 0
  outer loop
    vertex 4.306231499 -1.30628109 -9.100000381
    vertex 4.365140438 -1.09341085 0
    vertex 4.365140438 -1.09341085 -9.100000381
  endloop
endfacet
facet normal -0.9757020173 0.219101742 0
  outer loop
    vertex 4.365140438 -1.09341085 -9.100000381
    vertex 4.413533688 -0.8779064417 0
    vertex 4.413533688 -0.8779064417 -9.100000381
  endloop
endfacet
facet normal -0.9852774868 0.1709627853 0
  outer loop
    vertex 4.413533688 -0.8779064417 -9.100000381
    vertex 4.451294422 -0.6602871418 0
    vertex 4.451294422 -0.6602871418 -9.100000381
  endloop
endfacet
facet normal -0.9924797039 0.1224093028 0
  outer loop
    vertex 4.451294422 -0.6602871418 -9.100000381
    vertex 4.478331089 -0.441077143 0
    vertex 4.478331089 -0.441077143 -9.100000381
  endloop
endfacet
facet normal -0.997290476 0.07356430197 0
  outer loop
    vertex 4.478331089 -0.441077143 -9.100000381
    vertex 4.494579315 -0.2208045274 0
    vertex 4.494579315 -0.2208045274 -9.100000381
  endloop
endfacet
facet normal -0.9996987923 0.02454230502 0
  outer loop
    vertex 4.494579315 -0.2208045274 -9.100000381
    vertex 4.5 0 0
    vertex 4.5 0 -9.100000381
  endloop
endfacet
facet normal 0 -0 1
  outer loop
    vertex -4.710496902 -95.88436127 0
    vertex -0.2208045274 -4.494579315 0
    vertex -0.441077143 -4.478331089 0
  endloop
endfacet
facet normal 0 -0 1
  outer loop
    vertex -4.710496902 -95.88436127 0
    vertex -8.266366056e-16 -4.5 0
    vertex -0.2208045274 -4.494579315 0
  endloop
endfacet
facet normal 0 0 1
  outer loop
    vertex 4.710496902 -95.88436127 0
    vertex 0.2208045274 -4.494579315 0
    vertex -8.266366056e-16 -4.5 0
  endloop
endfacet
facet normal 0 0 1
  outer loop
    vertex 9.409645081 -95.53773499 0
    vertex 0.441077143 -4.478331089 0
    vertex 0.2208045274 -4.494579315 0
  endloop
endfacet
facet normal 0 0 1
  outer loop
    vertex 9.409645081 -95.53773499 0
    vertex 0.6602871418 -4.451294422 0
    vertex 0.441077143 -4.478331089 0
  endloop
endfacet
facet normal 0 0 1
  outer loop
    vertex 18.72867012 -94.15538788 0
    vertex 0.8779064417 -4.413533688 0
    vertex 0.6602871418 -4.451294422 0
  endloop
endfacet
facet normal 0 0 1
  outer loop
    vertex 23.32609749 -93.1230011 0
    vertex 1.09341085 -4.365140438 0
    vertex 0.8779064417 -4.413533688 0
  endloop
endfacet
facet normal 0 0 1
  outer loop
    vertex 27.86732864 -91.86627197 0
    vertex 1.30628109 -4.306231499 0
    vertex 1.09341085 -4.365140438 0
  endloop
endfacet
facet normal 0 0 1
  outer loop
    vertex 27.86732864 -91.86627197 0
    vertex 1.516004324 -4.23694849 0
    vertex 1.30628109 -4.306231499 0
  endloop
endfacet
facet normal 0 0 1
  outer loop
    vertex 36.73760986 -88.69243622 0
    vertex 1.722075462 -4.157457829 0
    vertex 1.516004324 -4.23694849 0
  endloop
endfacet
facet normal -0 -0 1
  outer loop
    vertex 1.722075462 -4.157457829 0
    vertex 35.34999847 -66.4621582 0
    vertex 1.923997879 -4.067951679 0
  endloop
endfacet
facet normal -0 -0 1
  outer loop
    vertex 1.923997879 -4.067951679 0
    vertex 49.65000153 -66.4621582 0
    vertex 2.1212852 -3.968645573 0
  endloop
endfacet
facet normal -0 -0 1
  outer loop
    vertex 2.1212852 -3.968645573 0
    vertex 49.65000153 -66.4621582 0
    vertex 2.313462257 -3.859778643 0
  endloop
endfacet
facet normal -0 -0 1
  outer loop
    vertex 2.313462257 -3.859778643 0
    vertex 49.65000153 -66.4621582 0
    vertex 2.500066042 -3.74161315 0
  endloop
endfacet
facet normal -0 -0 1
  outer loop
    vertex 2.500066042 -3.74161315 0
    vertex 49.65000153 -66.4621582 0
    vertex 2.680646896 -3.614434004 0
  endloop
endfacet
facet normal 0.5349974572 0.8448536683 -0
  outer loop
    vertex -2.500066042 -3.74161315 -9.100000381
    vertex -2.500066042 -3.74161315 0
    vertex -2.313462257 -3.859778643 0
  endloop
endfacet
facet normal 0.4928980955 0.8700870459 -0
  outer loop
    vertex -2.313462257 -3.859778643 -9.100000381
    vertex -2.313462257 -3.859778643 0
    vertex -2.1212852 -3.968645573 0
  endloop
endfacet
facet normal 0.6531728759 0.7572088181 -0
  outer loop
    vertex -3.022015333 -3.334280014 -9.100000381
    vertex -3.022015333 -3.334280014 0
    vertex -2.854769707 -3.478547096 0
  endloop
endfacet
facet normal 0.5758074621 0.8175853268 -0
  outer loop
    vertex -2.680646896 -3.614434004 -9.100000381
    vertex -2.680646896 -3.614434004 0
    vertex -2.500066042 -3.74161315 0
  endloop
endfacet
facet normal 0.6152319638 0.7883461363 -0
  outer loop
    vertex -2.854769707 -3.478547096 -9.100000381
    vertex -2.854769707 -3.478547096 0
    vertex -2.680646896 -3.614434004 0
  endloop
endfacet
facet normal 0.4496113818 0.893224275 -0
  outer loop
    vertex -2.1212852 -3.968645573 -9.100000381
    vertex -2.1212852 -3.968645573 0
    vertex -1.923997879 -4.067951679 0
  endloop
endfacet
facet normal 0.4052416841 0.9142095917 -0
  outer loop
    vertex -1.923997879 -4.067951679 -9.100000381
    vertex -1.923997879 -4.067951679 0
    vertex -1.722075462 -4.157457829 0
  endloop
endfacet
facet normal 0.3598960292 0.9329924159 -0
  outer loop
    vertex -1.722075462 -4.157457829 -9.100000381
    vertex -1.722075462 -4.157457829 0
    vertex -1.516004324 -4.23694849 0
  endloop
endfacet
facet normal 0.3136809665 0.9495284363 -0
  outer loop
    vertex -1.516004324 -4.23694849 -9.100000381
    vertex -1.516004324 -4.23694849 0
    vertex -1.30628109 -4.306231499 0
  endloop
endfacet
facet normal 0.2667119592 0.9637762867 -0
  outer loop
    vertex -1.30628109 -4.306231499 -9.100000381
    vertex -1.30628109 -4.306231499 0
    vertex -1.09341085 -4.365140438 0
  endloop
endfacet
facet normal 0.219101742 0.9757020173 -0
  outer loop
    vertex -1.09341085 -4.365140438 -9.100000381
    vertex -1.09341085 -4.365140438 0
    vertex -0.8779064417 -4.413533688 0
  endloop
endfacet
facet normal 0.1709627853 0.9852774868 -0
  outer loop
    vertex -0.8779064417 -4.413533688 -9.100000381
    vertex -0.8779064417 -4.413533688 0
    vertex -0.6602871418 -4.451294422 0
  endloop
endfacet
facet normal 0.1224093028 0.9924797039 -0
  outer loop
    vertex -0.6602871418 -4.451294422 -9.100000381
    vertex -0.6602871418 -4.451294422 0
    vertex -0.441077143 -4.478331089 0
  endloop
endfacet
facet normal 0.07356430197 0.997290476 -0
  outer loop
    vertex -0.441077143 -4.478331089 -9.100000381
    vertex -0.441077143 -4.478331089 0
    vertex -0.2208045274 -4.494579315 0
  endloop
endfacet
facet normal 0.02454230502 0.9996987923 -0
  outer loop
    vertex -0.2208045274 -4.494579315 -9.100000381
    vertex -0.2208045274 -4.494579315 0
    vertex -8.266366056e-16 -4.5 0
  endloop
endfacet
facet normal -0.02454230502 0.9996987923 0
  outer loop
    vertex -8.266366056e-16 -4.5 -9.100000381
    vertex -8.266366056e-16 -4.5 0
    vertex 0.2208045274 -4.494579315 0
  endloop
endfacet
facet normal -0.07356430197 0.997290476 0
  outer loop
    vertex 0.2208045274 -4.494579315 -9.100000381
    vertex 0.2208045274 -4.494579315 0
    vertex 0.441077143 -4.478331089 0
  endloop
endfacet
facet normal -0.1224093028 0.9924797039 0
  outer loop
    vertex 0.441077143 -4.478331089 -9.100000381
    vertex 0.441077143 -4.478331089 0
    vertex 0.6602871418 -4.451294422 0
  endloop
endfacet
facet normal -0.1709627853 0.9852774868 0
  outer loop
    vertex 0.6602871418 -4.451294422 -9.100000381
    vertex 0.6602871418 -4.451294422 0
    vertex 0.8779064417 -4.413533688 0
  endloop
endfacet
facet normal -0.219101742 0.9757020173 0
  outer loop
    vertex 0.8779064417 -4.413533688 -9.100000381
    vertex 0.8779064417 -4.413533688 0
    vertex 1.09341085 -4.365140438 0
  endloop
endfacet
facet normal -0.2667119592 0.9637762867 0
  outer loop
    vertex 1.09341085 -4.365140438 -9.100000381
    vertex 1.09341085 -4.365140438 0
    vertex 1.30628109 -4.306231499 0
  endloop
endfacet
facet normal -0.3136809665 0.9495284363 0
  outer loop
    vertex 1.30628109 -4.306231499 -9.100000381
    vertex 1.30628109 -4.306231499 0
    vertex 1.516004324 -4.23694849 0
  endloop
endfacet
facet normal -0.3598960292 0.9329924159 0
  outer loop
    vertex 1.516004324 -4.23694849 -9.100000381
    vertex 1.516004324 -4.23694849 0
    vertex 1.722075462 -4.157457829 0
  endloop
endfacet
facet normal -0.4052416841 0.9142095917 0
  outer loop
    vertex 1.722075462 -4.157457829 -9.100000381
    vertex 1.722075462 -4.157457829 0
    vertex 1.923997879 -4.067951679 0
  endloop
endfacet
facet normal -0.4496113818 0.893224275 0
  outer loop
    vertex 1.923997879 -4.067951679 -9.100000381
    vertex 1.923997879 -4.067951679 0
    vertex 2.1212852 -3.968645573 0
  endloop
endfacet
facet normal -0.4928980955 0.8700870459 0
  outer loop
    vertex 2.1212852 -3.968645573 -9.100000381
    vertex 2.1212852 -3.968645573 0
    vertex 2.313462257 -3.859778643 0
  endloop
endfacet
facet normal -0.5349974572 0.8448536683 0
  outer loop
    vertex 2.313462257 -3.859778643 -9.100000381
    vertex 2.313462257 -3.859778643 0
    vertex 2.500066042 -3.74161315 0
  endloop
endfacet
facet normal -0.5758074621 0.8175853268 0
  outer loop
    vertex 2.500066042 -3.74161315 -9.100000381
    vertex 2.500066042 -3.74161315 0
    vertex 2.680646896 -3.614434004 0
  endloop
endfacet
facet normal -0.6152319638 0.7883461363 0
  outer loop
    vertex 2.680646896 -3.614434004 -9.100000381
    vertex 2.680646896 -3.614434004 0
    vertex 2.854769707 -3.478547096 0
  endloop
endfacet
facet normal -0.6531728759 0.7572088181 0
  outer loop
    vertex 2.854769707 -3.478547096 -9.100000381
    vertex 2.854769707 -3.478547096 0
    vertex 3.022015333 -3.334280014 0
  endloop
endfacet
facet normal -0.6895400697 0.7242475352 0
  outer loop
    vertex 3.022015333 -3.334280014 -9.100000381
    vertex 3.022015333 -3.334280014 0
    vertex 3.18198061 -3.18198061 0
  endloop
endfacet
facet normal -0.7242475352 0.6895400697 0
  outer loop
    vertex 3.18198061 -3.18198061 -9.100000381
    vertex 3.18198061 -3.18198061 0
    vertex 3.334280014 -3.022015333 0
  endloop
endfacet
facet normal -0.7572088181 0.6531728759 0
  outer loop
    vertex 3.334280014 -3.022015333 -9.100000381
    vertex 3.334280014 -3.022015333 0
    vertex 3.478547096 -2.854769707 0
  endloop
endfacet
facet normal -0.7883461363 0.6152319638 0
  outer loop
    vertex 3.478547096 -2.854769707 -9.100000381
    vertex 3.478547096 -2.854769707 0
    vertex 3.614434004 -2.680646896 0
  endloop
endfacet
facet normal -0.8175853268 0.5758074621 0
  outer loop
    vertex 3.614434004 -2.680646896 -9.100000381
    vertex 3.614434004 -2.680646896 0
    vertex 3.74161315 -2.500066042 0
  endloop
endfacet
facet normal -0.8448536683 0.5349974572 0
  outer loop
    vertex 3.74161315 -2.500066042 -9.100000381
    vertex 3.74161315 -2.500066042 0
    vertex 3.859778643 -2.313462257 0
  endloop
endfacet
facet normal -0.8700870459 0.4928980955 0
  outer loop
    vertex 3.859778643 -2.313462257 -9.100000381
    vertex 3.859778643 -2.313462257 0
    vertex 3.968645573 -2.1212852 0
  endloop
endfacet
facet normal -0.893224275 0.4496113818 0
  outer loop
    vertex 3.968645573 -2.1212852 -9.100000381
    vertex 3.968645573 -2.1212852 0
    vertex 4.067951679 -1.923997879 0
  endloop
endfacet
facet normal -0.9142095917 0.4052416841 0
  outer loop
    vertex 4.067951679 -1.923997879 -9.100000381
    vertex 4.067951679 -1.923997879 0
    vertex 4.157457829 -1.722075462 0
  endloop
endfacet
facet normal -0.9329924159 0.3598960292 0
  outer loop
    vertex 4.157457829 -1.722075462 -9.100000381
    vertex 4.157457829 -1.722075462 0
    vertex 4.23694849 -1.516004324 0
  endloop
endfacet
facet normal -0.9495284363 0.3136809665 0
  outer loop
    vertex 4.23694849 -1.516004324 -9.100000381
    vertex 4.23694849 -1.516004324 0
    vertex 4.306231499 -1.30628109 0
  endloop
endfacet
facet normal -0.9637762867 0.2667119592 0
  outer loop
    vertex 4.306231499 -1.30628109 -9.100000381
    vertex 4.306231499 -1.30628109 0
    vertex 4.365140438 -1.09341085 0
  endloop
endfacet
facet normal -0.9757020173 0.219101742 0
  outer loop
    vertex 4.365140438 -1.09341085 -9.100000381
    vertex 4.365140438 -1.09341085 0
    vertex 4.413533688 -0.8779064417 0
  endloop
endfacet
facet normal -0.9852774868 0.1709627853 0
  outer loop
    vertex 4.413533688 -0.8779064417 -9.100000381
    vertex 4.413533688 -0.8779064417 0
    vertex 4.451294422 -0.6602871418 0
  endloop
endfacet
facet normal -0.9924797039 0.1224093028 0
  outer loop
    vertex 4.451294422 -0.6602871418 -9.100000381
    vertex 4.451294422 -0.6602871418 0
    vertex 4.478331089 -0.441077143 0
  endloop
endfacet
facet normal -0.997290476 0.07356430197 0
  outer loop
    vertex 4.478331089 -0.441077143 -9.100000381
    vertex 4.478331089 -0.441077143 0
    vertex 4.494579315 -0.2208045274 0
  endloop
endfacet
facet normal -0.9996987923 0.02454230502 0
  outer loop
    vertex 4.494579315 -0.2208045274 -9.100000381
    vertex 4.494579315 -0.2208045274 0
    vertex 4.5 0 0
  endloop
endfacet
facet normal -0 0 1
  outer loop
    vertex 1.923997879 -4.067951679 0
    vertex 35.34999847 -66.4621582 0
    vertex 49.65000153 -66.4621582 0
  endloop
endfacet
facet normal -0 -0 1
  outer loop
    vertex 2.680646896 -3.614434004 0
    vertex 60.90175629 -74.20900726 0
    vertex 2.854769707 -3.478547096 0
  endloop
endfacet
facet normal -0 -0 1
  outer loop
    vertex 2.854769707 -3.478547096 0
    vertex 64.4696579 -71.13130951 0
    vertex 3.022015333 -3.334280014 0
  endloop
endfacet
facet normal -0 -0 1
  outer loop
    vertex 3.022015333 -3.334280014 0
    vertex 64.4696579 -71.13130951 0
    vertex 3.18198061 -3.18198061 0
  endloop
endfacet
facet normal -0 0 1
  outer loop
    vertex 3.18198061 -3.18198061 0
    vertex 64.4696579 -71.13130951 0
    vertex 67.88224792 -67.88224792 0
  endloop
endfacet
facet normal -0 -0 1
  outer loop
    vertex 3.18198061 -3.18198061 0
    vertex 71.13130951 -64.4696579 0
    vertex 3.334280014 -3.022015333 0
  endloop
endfacet
facet normal -0 -0 1
  outer loop
    vertex 3.334280014 -3.022015333 0
    vertex 74.20900726 -60.90175629 0
    vertex 3.478547096 -2.854769707 0
  endloop
endfacet
facet normal -0 -0 1
  outer loop
    vertex 3.478547096 -2.854769707 0
    vertex 74.20900726 -60.90175629 0
    vertex 3.614434004 -2.680646896 0
  endloop
endfacet
facet normal -0 -0 1
  outer loop
    vertex 3.614434004 -2.680646896 0
    vertex 79.82108307 -53.3347435 0
    vertex 3.74161315 -2.500066042 0
  endloop
endfacet
facet normal -0 -0 1
  outer loop
    vertex 3.74161315 -2.500066042 0
    vertex 82.34194946 -49.35386276 0
    vertex 3.859778643 -2.313462257 0
  endloop
endfacet
facet normal -0 -0 1
  outer loop
    vertex 3.859778643 -2.313462257 0
    vertex 84.66444397 -45.25408554 0
    vertex 3.968645573 -2.1212852 0
  endloop
endfacet
facet normal -0 -0 1
  outer loop
    vertex 3.968645573 -2.1212852 0
    vertex 84.66444397 -45.25408554 0
    vertex 4.067951679 -1.923997879 0
  endloop
endfacet
facet normal -0 -0 1
  outer loop
    vertex 4.067951679 -1.923997879 0
    vertex 86.78297424 -41.04528809 0
    vertex 4.157457829 -1.722075462 0
  endloop
endfacet
facet normal -0 -0 1
  outer loop
    vertex 4.157457829 -1.722075462 0
    vertex 90.38822937 -32.34142685 0
    vertex 4.23694849 -1.516004324 0
  endloop
endfacet
facet normal -0 -0 1
  outer loop
    vertex 4.23694849 -1.516004324 0
    vertex 91.86627197 -27.86732864 0
    vertex 4.306231499 -1.30628109 0
  endloop
endfacet
facet normal -0 -0 1
  outer loop
    vertex 4.306231499 -1.30628109 0
    vertex 93.1230011 -23.32609749 0
    vertex 4.365140438 -1.09341085 0
  endloop
endfacet
facet normal -0 -0 1
  outer loop
    vertex 4.365140438 -1.09341085 0
    vertex 93.1230011 -23.32609749 0
    vertex 4.413533688 -0.8779064417 0
  endloop
endfacet
facet normal -0 -0 1
  outer loop
    vertex 4.413533688 -0.8779064417 0
    vertex 94.96094513 -14.08612537 0
    vertex 4.451294422 -0.6602871418 0
  endloop
endfacet
facet normal -0 -0 1
  outer loop
    vertex 4.451294422 -0.6602871418 0
    vertex 95.53773499 -9.409645081 0
    vertex 4.478331089 -0.441077143 0
  endloop
endfacet
facet normal -0 -0 1
  outer loop
    vertex 4.478331089 -0.441077143 0
    vertex 95.88436127 -4.710496902 0
    vertex 4.494579315 -0.2208045274 0
  endloop
endfacet
facet normal -0 -0 1
  outer loop
    vertex 4.494579315 -0.2208045274 0
    vertex 95.88436127 -4.710496902 0
    vertex 4.5 0 0
  endloop
endfacet
facet normal 0.4928980955 -0.8700870459 0
  outer loop
    vertex 45.25408554 -84.66444397 -12
    vertex 49.35386276 -82.34194946 -12
    vertex 45.25408554 -84.66444397 0
  endloop
endfacet
facet normal 0.5349978424 -0.8448534243 0
  outer loop
    vertex 49.35386276 -82.34194946 -12
    vertex 53.3347435 -79.82108307 -12
    vertex 49.35386276 -82.34194946 0
  endloop
endfacet
facet normal 0.5758079499 -0.8175849832 0
  outer loop
    vertex 53.3347435 -79.82108307 -12
    vertex 57.18713379 -77.10792542 -12
    vertex 53.3347435 -79.82108307 0
  endloop
endfacet
facet normal 0.6152313597 -0.7883466078 0
  outer loop
    vertex 57.18713379 -77.10792542 -12
    vertex 59.5 -75.302948 -12
    vertex 57.18713379 -77.10792542 0
  endloop
endfacet
facet normal 0.6152313666 -0.7883466024 0
  outer loop
    vertex 60.90175629 -74.20900726 -18
    vertex 60.90175629 -74.20900726 0
    vertex 57.18713379 -77.10792542 0
  endloop
endfacet
facet normal 0.6531734098 -0.7572083575 0
  outer loop
    vertex 64.4696579 -71.13130951 -18
    vertex 64.4696579 -71.13130951 0
    vertex 60.90175629 -74.20900726 0
  endloop
endfacet
facet normal 0.6895411886 -0.72424647 0
  outer loop
    vertex 67.88224792 -67.88224792 -18
    vertex 67.88224792 -67.88224792 0
    vertex 64.4696579 -71.13130951 0
  endloop
endfacet
facet normal 0.72424647 -0.6895411886 0
  outer loop
    vertex 71.13130951 -64.4696579 -18
    vertex 71.13130951 -64.4696579 0
    vertex 67.88224792 -67.88224792 0
  endloop
endfacet
facet normal 0.7572083575 -0.6531734098 0
  outer loop
    vertex 74.20900726 -60.90175629 -18
    vertex 74.20900726 -60.90175629 0
    vertex 71.13130951 -64.4696579 0
  endloop
endfacet
facet normal 0.7883466024 -0.6152313666 0
  outer loop
    vertex 77.10792542 -57.18713379 -18
    vertex 77.10792542 -57.18713379 0
    vertex 74.20900726 -60.90175629 0
  endloop
endfacet
facet normal 0.8175849832 -0.5758079499 0
  outer loop
    vertex 79.82108307 -53.3347435 -18
    vertex 79.82108307 -53.3347435 0
    vertex 77.10792542 -57.18713379 0
  endloop
endfacet
facet normal 0.8448534243 -0.5349978424 0
  outer loop
    vertex 82.34194946 -49.35386276 -18
    vertex 82.34194946 -49.35386276 0
    vertex 79.82108307 -53.3347435 0
  endloop
endfacet
facet normal 0.4928980955 -0.8700870459 0
  outer loop
    vertex 49.35386276 -82.34194946 -12
    vertex 49.35386276 -82.34194946 0
    vertex 45.25408554 -84.66444397 0
  endloop
endfacet
facet normal 0.5349978424 -0.8448534243 0
  outer loop
    vertex 53.3347435 -79.82108307 -12
    vertex 53.3347435 -79.82108307 0
    vertex 49.35386276 -82.34194946 0
  endloop
endfacet
facet normal 0.5758079499 -0.8175849832 0
  outer loop
    vertex 57.18713379 -77.10792542 -12
    vertex 57.18713379 -77.10792542 0
    vertex 53.3347435 -79.82108307 0
  endloop
endfacet
facet normal 0 -0 1
  outer loop
    vertex 49.35386276 -82.34194946 0
    vertex 53.3347435 -79.82108307 0
    vertex 49.65000153 -80.76216125 0
  endloop
endfacet
facet normal 0 -0 1
  outer loop
    vertex 53.3347435 -79.82108307 0
    vertex 57.18713379 -77.10792542 0
    vertex 49.65000153 -80.76216125 0
  endloop
endfacet
facet normal 0 0 1
  outer loop
    vertex 60.90175629 -74.20900726 0
    vertex 49.65000153 -66.4621582 0
    vertex 49.65000153 -80.76216125 0
  endloop
endfacet
facet normal 0 -0 1
  outer loop
    vertex 57.18713379 -77.10792542 0
    vertex 60.90175629 -74.20900726 0
    vertex 49.65000153 -80.76216125 0
  endloop
endfacet
facet normal 0.8700870459 -0.4928980955 0
  outer loop
    vertex 84.66444397 -45.25408554 -18
    vertex 84.66444397 -45.25408554 0
    vertex 82.34194946 -49.35386276 0
  endloop
endfacet
facet normal 0.8932243295 -0.4496112734 0
  outer loop
    vertex 86.78297424 -41.04528809 -18
    vertex 86.78297424 -41.04528809 0
    vertex 84.66444397 -45.25408554 0
  endloop
endfacet
facet normal 0.9142097916 -0.405241233 0
  outer loop
    vertex 88.69243622 -36.73760986 -18
    vertex 88.69243622 -36.73760986 0
    vertex 86.78297424 -41.04528809 0
  endloop
endfacet
facet normal 0.9329929247 -0.3598947103 0
  outer loop
    vertex 90.38822937 -32.34142685 -18
    vertex 90.38822937 -32.34142685 0
    vertex 88.69243622 -36.73760986 0
  endloop
endfacet
facet normal 0.9495281679 -0.313681779 0
  outer loop
    vertex 91.86627197 -27.86732864 -18
    vertex 91.86627197 -27.86732864 0
    vertex 90.38822937 -32.34142685 0
  endloop
endfacet
facet normal 0.9637759996 -0.2667129966 0
  outer loop
    vertex 93.1230011 -23.32609749 -18
    vertex 93.1230011 -23.32609749 0
    vertex 91.86627197 -27.86732864 0
  endloop
endfacet
facet normal 0.9757021327 -0.2191012282 0
  outer loop
    vertex 94.15538788 -18.72867012 -18
    vertex 94.15538788 -18.72867012 0
    vertex 93.1230011 -23.32609749 0
  endloop
endfacet
facet normal 0.9852776667 -0.1709617488 0
  outer loop
    vertex 94.96094513 -14.08612537 -18
    vertex 94.96094513 -14.08612537 0
    vertex 94.15538788 -18.72867012 0
  endloop
endfacet
facet normal 0.9924795082 -0.1224108895 0
  outer loop
    vertex 95.53773499 -9.409645081 -18
    vertex 95.53773499 -9.409645081 0
    vertex 94.96094513 -14.08612537 0
  endloop
endfacet
facet normal 0.9972905145 -0.07356378002 0
  outer loop
    vertex 95.88436127 -4.710496902 -18
    vertex 95.88436127 -4.710496902 0
    vertex 95.53773499 -9.409645081 0
  endloop
endfacet
facet normal 0.9996988056 -0.02454176397 0
  outer loop
    vertex 95.88436127 -4.710496902 0
    vertex 96 0 -18
    vertex 96 0 0
  endloop
endfacet
facet normal -0 0 1
  outer loop
    vertex 3.18198061 -3.18198061 0
    vertex 67.88224792 -67.88224792 0
    vertex 71.13130951 -64.4696579 0
  endloop
endfacet
facet normal -0 0 1
  outer loop
    vertex 3.334280014 -3.022015333 0
    vertex 71.13130951 -64.4696579 0
    vertex 74.20900726 -60.90175629 0
  endloop
endfacet
facet normal -0 0 1
  outer loop
    vertex 3.614434004 -2.680646896 0
    vertex 74.20900726 -60.90175629 0
    vertex 77.10792542 -57.18713379 0
  endloop
endfacet
facet normal -0 0 1
  outer loop
    vertex 3.614434004 -2.680646896 0
    vertex 77.10792542 -57.18713379 0
    vertex 79.82108307 -53.3347435 0
  endloop
endfacet
facet normal -0 0 1
  outer loop
    vertex 3.74161315 -2.500066042 0
    vertex 79.82108307 -53.3347435 0
    vertex 82.34194946 -49.35386276 0
  endloop
endfacet
facet normal -0 0 1
  outer loop
    vertex 3.859778643 -2.313462257 0
    vertex 82.34194946 -49.35386276 0
    vertex 84.66444397 -45.25408554 0
  endloop
endfacet
facet normal -0 0 1
  outer loop
    vertex 4.067951679 -1.923997879 0
    vertex 84.66444397 -45.25408554 0
    vertex 86.78297424 -41.04528809 0
  endloop
endfacet
facet normal -0 0 1
  outer loop
    vertex 4.157457829 -1.722075462 0
    vertex 86.78297424 -41.04528809 0
    vertex 88.69243622 -36.73760986 0
  endloop
endfacet
facet normal -0 0 1
  outer loop
    vertex 4.157457829 -1.722075462 0
    vertex 88.69243622 -36.73760986 0
    vertex 90.38822937 -32.34142685 0
  endloop
endfacet
facet normal -0 0 1
  outer loop
    vertex 4.23694849 -1.516004324 0
    vertex 90.38822937 -32.34142685 0
    vertex 91.86627197 -27.86732864 0
  endloop
endfacet
facet normal -0 0 1
  outer loop
    vertex 4.306231499 -1.30628109 0
    vertex 91.86627197 -27.86732864 0
    vertex 93.1230011 -23.32609749 0
  endloop
endfacet
facet normal -0 0 1
  outer loop
    vertex 4.413533688 -0.8779064417 0
    vertex 93.1230011 -23.32609749 0
    vertex 94.15538788 -18.72867012 0
  endloop
endfacet
facet normal -0 0 1
  outer loop
    vertex 4.413533688 -0.8779064417 0
    vertex 94.15538788 -18.72867012 0
    vertex 94.96094513 -14.08612537 0
  endloop
endfacet
facet normal -0 0 1
  outer loop
    vertex 4.451294422 -0.6602871418 0
    vertex 94.96094513 -14.08612537 0
    vertex 95.53773499 -9.409645081 0
  endloop
endfacet
facet normal -0 0 1
  outer loop
    vertex 4.478331089 -0.441077143 0
    vertex 95.53773499 -9.409645081 0
    vertex 95.88436127 -4.710496902 0
  endloop
endfacet
facet normal 0 -0 1
  outer loop
    vertex 95.88436127 -4.710496902 0
    vertex 96 0 0
    vertex 4.5 0 0
  endloop
endfacet
facet normal 0.6531728759 -0.7572088181 0
  outer loop
    vertex -3.022015333 3.334280014 -18
    vertex -2.854769707 3.478547096 -18
    vertex -3.022015333 3.334280014 -12.10000038
  endloop
endfacet
facet normal 0.6152319638 -0.7883461363 0
  outer loop
    vertex -2.854769707 3.478547096 -18
    vertex -2.680646896 3.614434004 -18
    vertex -2.854769707 3.478547096 -12.10000038
  endloop
endfacet
facet normal 0.5758074621 -0.8175853268 0
  outer loop
    vertex -2.680646896 3.614434004 -18
    vertex -2.500066042 3.74161315 -18
    vertex -2.680646896 3.614434004 -12.10000038
  endloop
endfacet
facet normal 0.5349974572 -0.8448536683 0
  outer loop
    vertex -2.500066042 3.74161315 -18
    vertex -2.313462257 3.859778643 -18
    vertex -2.500066042 3.74161315 -12.10000038
  endloop
endfacet
facet normal 0.4928980955 -0.8700870459 0
  outer loop
    vertex -2.313462257 3.859778643 -18
    vertex -2.1212852 3.968645573 -18
    vertex -2.313462257 3.859778643 -12.10000038
  endloop
endfacet
facet normal 0.4496113818 -0.893224275 0
  outer loop
    vertex -2.1212852 3.968645573 -18
    vertex -1.923997879 4.067951679 -18
    vertex -2.1212852 3.968645573 -12.10000038
  endloop
endfacet
facet normal 0.4052416841 -0.9142095917 0
  outer loop
    vertex -1.923997879 4.067951679 -18
    vertex -1.722075462 4.157457829 -18
    vertex -1.923997879 4.067951679 -12.10000038
  endloop
endfacet
facet normal 0.3598960292 -0.9329924159 0
  outer loop
    vertex -1.722075462 4.157457829 -18
    vertex -1.516004324 4.23694849 -18
    vertex -1.722075462 4.157457829 -12.10000038
  endloop
endfacet
facet normal 0.3136809665 -0.9495284363 0
  outer loop
    vertex -1.516004324 4.23694849 -18
    vertex -1.30628109 4.306231499 -18
    vertex -1.516004324 4.23694849 -12.10000038
  endloop
endfacet
facet normal 0.2667119592 -0.9637762867 0
  outer loop
    vertex -1.30628109 4.306231499 -18
    vertex -1.09341085 4.365140438 -18
    vertex -1.30628109 4.306231499 -12.10000038
  endloop
endfacet
facet normal 0.219101742 -0.9757020173 0
  outer loop
    vertex -1.09341085 4.365140438 -18
    vertex -0.8779064417 4.413533688 -18
    vertex -1.09341085 4.365140438 -12.10000038
  endloop
endfacet
facet normal 0.1709627853 -0.9852774868 0
  outer loop
    vertex -0.8779064417 4.413533688 -18
    vertex -0.6602871418 4.451294422 -18
    vertex -0.8779064417 4.413533688 -12.10000038
  endloop
endfacet
facet normal 0.1224093028 -0.9924797039 0
  outer loop
    vertex -0.6602871418 4.451294422 -18
    vertex -0.441077143 4.478331089 -18
    vertex -0.6602871418 4.451294422 -12.10000038
  endloop
endfacet
facet normal 0.07356430197 -0.997290476 0
  outer loop
    vertex -0.441077143 4.478331089 -18
    vertex -0.2208045274 4.494579315 -18
    vertex -0.441077143 4.478331089 -12.10000038
  endloop
endfacet
facet normal 0.02454230502 -0.9996987923 0
  outer loop
    vertex -0.2208045274 4.494579315 -18
    vertex 2.755455352e-16 4.5 -18
    vertex -0.2208045274 4.494579315 -12.10000038
  endloop
endfacet
facet normal -0.02454230502 -0.9996987923 0
  outer loop
    vertex 2.755455352e-16 4.5 -18
    vertex 0.2208045274 4.494579315 -18
    vertex 2.755455352e-16 4.5 -12.10000038
  endloop
endfacet
facet normal -0.07356430197 -0.997290476 0
  outer loop
    vertex 0.2208045274 4.494579315 -18
    vertex 0.441077143 4.478331089 -18
    vertex 0.2208045274 4.494579315 -12.10000038
  endloop
endfacet
facet normal -0.1224093028 -0.9924797039 0
  outer loop
    vertex 0.441077143 4.478331089 -18
    vertex 0.6602871418 4.451294422 -18
    vertex 0.441077143 4.478331089 -12.10000038
  endloop
endfacet
facet normal -0.1709627853 -0.9852774868 0
  outer loop
    vertex 0.6602871418 4.451294422 -18
    vertex 0.8779064417 4.413533688 -18
    vertex 0.6602871418 4.451294422 -12.10000038
  endloop
endfacet
facet normal -0.219101742 -0.9757020173 0
  outer loop
    vertex 0.8779064417 4.413533688 -18
    vertex 1.09341085 4.365140438 -18
    vertex 0.8779064417 4.413533688 -12.10000038
  endloop
endfacet
facet normal -0.2667119592 -0.9637762867 0
  outer loop
    vertex 1.09341085 4.365140438 -18
    vertex 1.30628109 4.306231499 -18
    vertex 1.09341085 4.365140438 -12.10000038
  endloop
endfacet
facet normal -0.3136809665 -0.9495284363 0
  outer loop
    vertex 1.30628109 4.306231499 -18
    vertex 1.516004324 4.23694849 -18
    vertex 1.30628109 4.306231499 -12.10000038
  endloop
endfacet
facet normal -0.3598960292 -0.9329924159 0
  outer loop
    vertex 1.516004324 4.23694849 -18
    vertex 1.722075462 4.157457829 -18
    vertex 1.516004324 4.23694849 -12.10000038
  endloop
endfacet
facet normal -0.4496113818 -0.893224275 0
  outer loop
    vertex 1.923997879 4.067951679 -18
    vertex 2.1212852 3.968645573 -18
    vertex 1.923997879 4.067951679 -12.10000038
  endloop
endfacet
facet normal -0.4052416841 -0.9142095917 -0
  outer loop
    vertex 1.923997879 4.067951679 -18
    vertex 1.722075462 4.157457829 -12.10000038
    vertex 1.722075462 4.157457829 -18
  endloop
endfacet
facet normal -0.4928980955 -0.8700870459 0
  outer loop
    vertex 2.1212852 3.968645573 -18
    vertex 2.313462257 3.859778643 -18
    vertex 2.1212852 3.968645573 -12.10000038
  endloop
endfacet
facet normal -0.5349974572 -0.8448536683 0
  outer loop
    vertex 2.313462257 3.859778643 -18
    vertex 2.500066042 3.74161315 -18
    vertex 2.313462257 3.859778643 -12.10000038
  endloop
endfacet
facet normal -0.5758074621 -0.8175853268 0
  outer loop
    vertex 2.500066042 3.74161315 -18
    vertex 2.680646896 3.614434004 -18
    vertex 2.500066042 3.74161315 -12.10000038
  endloop
endfacet
facet normal -0.6152319638 -0.7883461363 0
  outer loop
    vertex 2.680646896 3.614434004 -18
    vertex 2.854769707 3.478547096 -18
    vertex 2.680646896 3.614434004 -12.10000038
  endloop
endfacet
facet normal -0.6895400697 -0.7242475352 -0
  outer loop
    vertex 3.18198061 3.18198061 -18
    vertex 3.022015333 3.334280014 -12.10000038
    vertex 3.022015333 3.334280014 -18
  endloop
endfacet
facet normal -0.6531728759 -0.7572088181 -0
  outer loop
    vertex 3.022015333 3.334280014 -18
    vertex 2.854769707 3.478547096 -12.10000038
    vertex 2.854769707 3.478547096 -18
  endloop
endfacet
facet normal -0.9996987923 -0.02454230502 -0
  outer loop
    vertex 4.5 0 -18
    vertex 4.494579315 0.2208045274 -12.10000038
    vertex 4.494579315 0.2208045274 -18
  endloop
endfacet
facet normal -0.997290476 -0.07356430197 -0
  outer loop
    vertex 4.494579315 0.2208045274 -18
    vertex 4.478331089 0.441077143 -12.10000038
    vertex 4.478331089 0.441077143 -18
  endloop
endfacet
facet normal -0.9924797039 -0.1224093028 -0
  outer loop
    vertex 4.478331089 0.441077143 -18
    vertex 4.451294422 0.6602871418 -12.10000038
    vertex 4.451294422 0.6602871418 -18
  endloop
endfacet
facet normal -0.9637762867 -0.2667119592 0
  outer loop
    vertex 4.306231499 1.30628109 -18
    vertex 4.365140438 1.09341085 -18
    vertex 4.306231499 1.30628109 -12.10000038
  endloop
endfacet
facet normal -0.9495284363 -0.3136809665 -0
  outer loop
    vertex 4.306231499 1.30628109 -18
    vertex 4.23694849 1.516004324 -12.10000038
    vertex 4.23694849 1.516004324 -18
  endloop
endfacet
facet normal -0.9852774868 -0.1709627853 -0
  outer loop
    vertex 4.451294422 0.6602871418 -18
    vertex 4.413533688 0.8779064417 -12.10000038
    vertex 4.413533688 0.8779064417 -18
  endloop
endfacet
facet normal -0.9757020173 -0.219101742 -0
  outer loop
    vertex 4.413533688 0.8779064417 -18
    vertex 4.365140438 1.09341085 -12.10000038
    vertex 4.365140438 1.09341085 -18
  endloop
endfacet
facet normal -0.8700870459 -0.4928980955 0
  outer loop
    vertex 3.859778643 2.313462257 -18
    vertex 3.968645573 2.1212852 -18
    vertex 3.859778643 2.313462257 -12.10000038
  endloop
endfacet
facet normal -0.7883461363 -0.6152319638 0
  outer loop
    vertex 3.478547096 2.854769707 -18
    vertex 3.614434004 2.680646896 -18
    vertex 3.478547096 2.854769707 -12.10000038
  endloop
endfacet
facet normal -0.7572088181 -0.6531728759 -0
  outer loop
    vertex 3.478547096 2.854769707 -18
    vertex 3.334280014 3.022015333 -12.10000038
    vertex 3.334280014 3.022015333 -18
  endloop
endfacet
facet normal -0.8175853268 -0.5758074621 -0
  outer loop
    vertex 3.74161315 2.500066042 -18
    vertex 3.614434004 2.680646896 -12.10000038
    vertex 3.614434004 2.680646896 -18
  endloop
endfacet
facet normal -0.8448536683 -0.5349974572 0
  outer loop
    vertex 3.74161315 2.500066042 -18
    vertex 3.859778643 2.313462257 -18
    vertex 3.74161315 2.500066042 -12.10000038
  endloop
endfacet
facet normal -0.9142095917 -0.4052416841 -0
  outer loop
    vertex 4.157457829 1.722075462 -18
    vertex 4.067951679 1.923997879 -12.10000038
    vertex 4.067951679 1.923997879 -18
  endloop
endfacet
facet normal -0.9329924159 -0.3598960292 -0
  outer loop
    vertex 4.23694849 1.516004324 -18
    vertex 4.157457829 1.722075462 -12.10000038
    vertex 4.157457829 1.722075462 -18
  endloop
endfacet
facet normal -0.893224275 -0.4496113818 -0
  outer loop
    vertex 4.067951679 1.923997879 -18
    vertex 3.968645573 2.1212852 -12.10000038
    vertex 3.968645573 2.1212852 -18
  endloop
endfacet
facet normal -0.7242475352 -0.6895400697 0
  outer loop
    vertex 3.18198061 3.18198061 -18
    vertex 3.334280014 3.022015333 -18
    vertex 3.18198061 3.18198061 -12.10000038
  endloop
endfacet
facet normal 0 -0 -1
  outer loop
    vertex 1.09341085 4.365140438 -18
    vertex 25.5 61.56244659 -18
    vertex 1.30628109 4.306231499 -18
  endloop
endfacet
facet normal 0 -0 -1
  outer loop
    vertex 1.516004324 4.23694849 -18
    vertex 26.77555656 56.61215973 -18
    vertex 1.722075462 4.157457829 -18
  endloop
endfacet
facet normal 0 0 -1
  outer loop
    vertex 1.923997879 4.067951679 -18
    vertex 1.722075462 4.157457829 -18
    vertex 26.77555656 56.61215973 -18
  endloop
endfacet
facet normal 0 -0 -1
  outer loop
    vertex 1.923997879 4.067951679 -18
    vertex 26.77555656 56.61215973 -18
    vertex 2.1212852 3.968645573 -18
  endloop
endfacet
facet normal 0 -0 -1
  outer loop
    vertex 2.313462257 3.859778643 -18
    vertex 26.77555656 56.61215973 -18
    vertex 2.500066042 3.74161315 -18
  endloop
endfacet
facet normal 0 -0 -1
  outer loop
    vertex 2.1212852 3.968645573 -18
    vertex 26.77555656 56.61215973 -18
    vertex 2.313462257 3.859778643 -18
  endloop
endfacet
facet normal 0 -0 -1
  outer loop
    vertex 2.500066042 3.74161315 -18
    vertex 26.77555656 56.61215973 -18
    vertex 2.680646896 3.614434004 -18
  endloop
endfacet
facet normal 0 0 -1
  outer loop
    vertex 3.022015333 3.334280014 -18
    vertex 2.854769707 3.478547096 -18
    vertex 26.77555656 56.61215973 -18
  endloop
endfacet
facet normal 0 -0 -1
  outer loop
    vertex 2.680646896 3.614434004 -18
    vertex 26.77555656 56.61215973 -18
    vertex 2.854769707 3.478547096 -18
  endloop
endfacet
facet normal 0 -0 -1
  outer loop
    vertex 1.30628109 4.306231499 -18
    vertex 25.5 61.56244659 -18
    vertex 1.516004324 4.23694849 -18
  endloop
endfacet
facet normal 0 0 -1
  outer loop
    vertex 3.18198061 3.18198061 -18
    vertex 3.022015333 3.334280014 -18
    vertex 26.77555656 56.61215973 -18
  endloop
endfacet
facet normal 0 -0 -1
  outer loop
    vertex 3.18198061 3.18198061 -18
    vertex 56.61215973 56.61215973 -18
    vertex 3.334280014 3.022015333 -18
  endloop
endfacet
facet normal 0.6531728759 -0.7572088181 0
  outer loop
    vertex -3.022015333 3.334280014 -12.10000038
    vertex -2.854769707 3.478547096 -18
    vertex -2.854769707 3.478547096 -12.10000038
  endloop
endfacet
facet normal 0.6152319638 -0.7883461363 0
  outer loop
    vertex -2.680646896 3.614434004 -18
    vertex -2.680646896 3.614434004 -12.10000038
    vertex -2.854769707 3.478547096 -12.10000038
  endloop
endfacet
facet normal 0.5758074621 -0.8175853268 0
  outer loop
    vertex -2.500066042 3.74161315 -18
    vertex -2.500066042 3.74161315 -12.10000038
    vertex -2.680646896 3.614434004 -12.10000038
  endloop
endfacet
facet normal 0.5349974572 -0.8448536683 0
  outer loop
    vertex -2.313462257 3.859778643 -18
    vertex -2.313462257 3.859778643 -12.10000038
    vertex -2.500066042 3.74161315 -12.10000038
  endloop
endfacet
facet normal 0.4928980955 -0.8700870459 0
  outer loop
    vertex -2.1212852 3.968645573 -18
    vertex -2.1212852 3.968645573 -12.10000038
    vertex -2.313462257 3.859778643 -12.10000038
  endloop
endfacet
facet normal 0.4496113818 -0.893224275 0
  outer loop
    vertex -1.923997879 4.067951679 -18
    vertex -1.923997879 4.067951679 -12.10000038
    vertex -2.1212852 3.968645573 -12.10000038
  endloop
endfacet
facet normal 0.4052416841 -0.9142095917 0
  outer loop
    vertex -1.722075462 4.157457829 -18
    vertex -1.722075462 4.157457829 -12.10000038
    vertex -1.923997879 4.067951679 -12.10000038
  endloop
endfacet
facet normal 0.3598960292 -0.9329924159 0
  outer loop
    vertex -1.516004324 4.23694849 -18
    vertex -1.516004324 4.23694849 -12.10000038
    vertex -1.722075462 4.157457829 -12.10000038
  endloop
endfacet
facet normal 0.3136809665 -0.9495284363 0
  outer loop
    vertex -1.30628109 4.306231499 -18
    vertex -1.30628109 4.306231499 -12.10000038
    vertex -1.516004324 4.23694849 -12.10000038
  endloop
endfacet
facet normal 0.2667119592 -0.9637762867 0
  outer loop
    vertex -1.09341085 4.365140438 -18
    vertex -1.09341085 4.365140438 -12.10000038
    vertex -1.30628109 4.306231499 -12.10000038
  endloop
endfacet
facet normal 0.219101742 -0.9757020173 0
  outer loop
    vertex -0.8779064417 4.413533688 -18
    vertex -0.8779064417 4.413533688 -12.10000038
    vertex -1.09341085 4.365140438 -12.10000038
  endloop
endfacet
facet normal 0.1709627853 -0.9852774868 0
  outer loop
    vertex -0.6602871418 4.451294422 -18
    vertex -0.6602871418 4.451294422 -12.10000038
    vertex -0.8779064417 4.413533688 -12.10000038
  endloop
endfacet
facet normal 0.1224093028 -0.9924797039 0
  outer loop
    vertex -0.441077143 4.478331089 -18
    vertex -0.441077143 4.478331089 -12.10000038
    vertex -0.6602871418 4.451294422 -12.10000038
  endloop
endfacet
facet normal 0.07356430197 -0.997290476 0
  outer loop
    vertex -0.2208045274 4.494579315 -18
    vertex -0.2208045274 4.494579315 -12.10000038
    vertex -0.441077143 4.478331089 -12.10000038
  endloop
endfacet
facet normal 0.02454230502 -0.9996987923 0
  outer loop
    vertex 2.755455352e-16 4.5 -18
    vertex 2.755455352e-16 4.5 -12.10000038
    vertex -0.2208045274 4.494579315 -12.10000038
  endloop
endfacet
facet normal -0.02454230502 -0.9996987923 0
  outer loop
    vertex 0.2208045274 4.494579315 -18
    vertex 0.2208045274 4.494579315 -12.10000038
    vertex 2.755455352e-16 4.5 -12.10000038
  endloop
endfacet
facet normal -0.07356430197 -0.997290476 0
  outer loop
    vertex 0.441077143 4.478331089 -18
    vertex 0.441077143 4.478331089 -12.10000038
    vertex 0.2208045274 4.494579315 -12.10000038
  endloop
endfacet
facet normal -0.1224093028 -0.9924797039 0
  outer loop
    vertex 0.6602871418 4.451294422 -18
    vertex 0.6602871418 4.451294422 -12.10000038
    vertex 0.441077143 4.478331089 -12.10000038
  endloop
endfacet
facet normal -0.1709627853 -0.9852774868 0
  outer loop
    vertex 0.8779064417 4.413533688 -18
    vertex 0.8779064417 4.413533688 -12.10000038
    vertex 0.6602871418 4.451294422 -12.10000038
  endloop
endfacet
facet normal -0.219101742 -0.9757020173 0
  outer loop
    vertex 1.09341085 4.365140438 -18
    vertex 1.09341085 4.365140438 -12.10000038
    vertex 0.8779064417 4.413533688 -12.10000038
  endloop
endfacet
facet normal -0.2667119592 -0.9637762867 0
  outer loop
    vertex 1.30628109 4.306231499 -18
    vertex 1.30628109 4.306231499 -12.10000038
    vertex 1.09341085 4.365140438 -12.10000038
  endloop
endfacet
facet normal -0.3136809665 -0.9495284363 0
  outer loop
    vertex 1.516004324 4.23694849 -18
    vertex 1.516004324 4.23694849 -12.10000038
    vertex 1.30628109 4.306231499 -12.10000038
  endloop
endfacet
facet normal -0.4052416841 -0.9142095917 0
  outer loop
    vertex 1.923997879 4.067951679 -18
    vertex 1.923997879 4.067951679 -12.10000038
    vertex 1.722075462 4.157457829 -12.10000038
  endloop
endfacet
facet normal -0.3598960292 -0.9329924159 0
  outer loop
    vertex 1.722075462 4.157457829 -18
    vertex 1.722075462 4.157457829 -12.10000038
    vertex 1.516004324 4.23694849 -12.10000038
  endloop
endfacet
facet normal -0.4496113818 -0.893224275 0
  outer loop
    vertex 2.1212852 3.968645573 -18
    vertex 2.1212852 3.968645573 -12.10000038
    vertex 1.923997879 4.067951679 -12.10000038
  endloop
endfacet
facet normal -0.4928980955 -0.8700870459 0
  outer loop
    vertex 2.313462257 3.859778643 -18
    vertex 2.313462257 3.859778643 -12.10000038
    vertex 2.1212852 3.968645573 -12.10000038
  endloop
endfacet
facet normal -0.6152319638 -0.7883461363 0
  outer loop
    vertex 2.854769707 3.478547096 -18
    vertex 2.854769707 3.478547096 -12.10000038
    vertex 2.680646896 3.614434004 -12.10000038
  endloop
endfacet
facet normal -0.5758074621 -0.8175853268 0
  outer loop
    vertex 2.680646896 3.614434004 -18
    vertex 2.680646896 3.614434004 -12.10000038
    vertex 2.500066042 3.74161315 -12.10000038
  endloop
endfacet
facet normal -0.6895400697 -0.7242475352 0
  outer loop
    vertex 3.18198061 3.18198061 -18
    vertex 3.18198061 3.18198061 -12.10000038
    vertex 3.022015333 3.334280014 -12.10000038
  endloop
endfacet
facet normal -0.6531728759 -0.7572088181 0
  outer loop
    vertex 3.022015333 3.334280014 -18
    vertex 3.022015333 3.334280014 -12.10000038
    vertex 2.854769707 3.478547096 -12.10000038
  endloop
endfacet
facet normal -0.5349974572 -0.8448536683 0
  outer loop
    vertex 2.500066042 3.74161315 -18
    vertex 2.500066042 3.74161315 -12.10000038
    vertex 2.313462257 3.859778643 -12.10000038
  endloop
endfacet
facet normal -0.9996987923 -0.02454230502 0
  outer loop
    vertex 4.5 0 -18
    vertex 4.5 0 -12.10000038
    vertex 4.494579315 0.2208045274 -12.10000038
  endloop
endfacet
facet normal -0.997290476 -0.07356430197 0
  outer loop
    vertex 4.494579315 0.2208045274 -18
    vertex 4.494579315 0.2208045274 -12.10000038
    vertex 4.478331089 0.441077143 -12.10000038
  endloop
endfacet
facet normal -0.9924797039 -0.1224093028 0
  outer loop
    vertex 4.478331089 0.441077143 -18
    vertex 4.478331089 0.441077143 -12.10000038
    vertex 4.451294422 0.6602871418 -12.10000038
  endloop
endfacet
facet normal -0.9852774868 -0.1709627853 0
  outer loop
    vertex 4.451294422 0.6602871418 -18
    vertex 4.451294422 0.6602871418 -12.10000038
    vertex 4.413533688 0.8779064417 -12.10000038
  endloop
endfacet
facet normal -0.9637762867 -0.2667119592 0
  outer loop
    vertex 4.365140438 1.09341085 -18
    vertex 4.365140438 1.09341085 -12.10000038
    vertex 4.306231499 1.30628109 -12.10000038
  endloop
endfacet
facet normal -0.9495284363 -0.3136809665 0
  outer loop
    vertex 4.306231499 1.30628109 -18
    vertex 4.306231499 1.30628109 -12.10000038
    vertex 4.23694849 1.516004324 -12.10000038
  endloop
endfacet
facet normal -0.9757020173 -0.219101742 0
  outer loop
    vertex 4.413533688 0.8779064417 -18
    vertex 4.413533688 0.8779064417 -12.10000038
    vertex 4.365140438 1.09341085 -12.10000038
  endloop
endfacet
facet normal -0.8700870459 -0.4928980955 0
  outer loop
    vertex 3.968645573 2.1212852 -18
    vertex 3.968645573 2.1212852 -12.10000038
    vertex 3.859778643 2.313462257 -12.10000038
  endloop
endfacet
facet normal -0.7883461363 -0.6152319638 0
  outer loop
    vertex 3.614434004 2.680646896 -18
    vertex 3.614434004 2.680646896 -12.10000038
    vertex 3.478547096 2.854769707 -12.10000038
  endloop
endfacet
facet normal -0.7572088181 -0.6531728759 0
  outer loop
    vertex 3.478547096 2.854769707 -18
    vertex 3.478547096 2.854769707 -12.10000038
    vertex 3.334280014 3.022015333 -12.10000038
  endloop
endfacet
facet normal -0.8175853268 -0.5758074621 0
  outer loop
    vertex 3.74161315 2.500066042 -18
    vertex 3.74161315 2.500066042 -12.10000038
    vertex 3.614434004 2.680646896 -12.10000038
  endloop
endfacet
facet normal -0.8448536683 -0.5349974572 0
  outer loop
    vertex 3.859778643 2.313462257 -18
    vertex 3.859778643 2.313462257 -12.10000038
    vertex 3.74161315 2.500066042 -12.10000038
  endloop
endfacet
facet normal -0.9142095917 -0.4052416841 0
  outer loop
    vertex 4.157457829 1.722075462 -18
    vertex 4.157457829 1.722075462 -12.10000038
    vertex 4.067951679 1.923997879 -12.10000038
  endloop
endfacet
facet normal -0.9329924159 -0.3598960292 0
  outer loop
    vertex 4.23694849 1.516004324 -18
    vertex 4.23694849 1.516004324 -12.10000038
    vertex 4.157457829 1.722075462 -12.10000038
  endloop
endfacet
facet normal -0.893224275 -0.4496113818 0
  outer loop
    vertex 4.067951679 1.923997879 -18
    vertex 4.067951679 1.923997879 -12.10000038
    vertex 3.968645573 2.1212852 -12.10000038
  endloop
endfacet
facet normal -0.7242475352 -0.6895400697 0
  outer loop
    vertex 3.334280014 3.022015333 -18
    vertex 3.334280014 3.022015333 -12.10000038
    vertex 3.18198061 3.18198061 -12.10000038
  endloop
endfacet
facet normal 0 -0 -1
  outer loop
    vertex -4.710496902 95.88436127 -18
    vertex -0.2208045274 4.494579315 -18
    vertex -0.441077143 4.478331089 -18
  endloop
endfacet
facet normal 0 -0 -1
  outer loop
    vertex -4.710496902 95.88436127 -18
    vertex 2.755455352e-16 4.5 -18
    vertex -0.2208045274 4.494579315 -18
  endloop
endfacet
facet normal 0 -0 -1
  outer loop
    vertex 2.755455352e-16 4.5 -18
    vertex 4.710496902 95.88436127 -18
    vertex 0.2208045274 4.494579315 -18
  endloop
endfacet
facet normal 0 -0 -1
  outer loop
    vertex 0.2208045274 4.494579315 -18
    vertex 9.409645081 95.53773499 -18
    vertex 0.441077143 4.478331089 -18
  endloop
endfacet
facet normal 0 -0 -1
  outer loop
    vertex 0.441077143 4.478331089 -18
    vertex 9.409645081 95.53773499 -18
    vertex 0.6602871418 4.451294422 -18
  endloop
endfacet
facet normal 0 -0 -1
  outer loop
    vertex 0.8779064417 4.413533688 -18
    vertex 25.5 84.06223297 -18
    vertex 1.09341085 4.365140438 -18
  endloop
endfacet
facet normal 0 -0 -1
  outer loop
    vertex 0.6602871418 4.451294422 -18
    vertex 18.72867012 94.15538788 -18
    vertex 0.8779064417 4.413533688 -18
  endloop
endfacet
facet normal 0 0 -1
  outer loop
    vertex 1.516004324 4.23694849 -18
    vertex 25.5 61.56244659 -18
    vertex 26.77555656 56.61215973 -18
  endloop
endfacet
facet normal 0 -0 -1
  outer loop
    vertex 4.306231499 1.30628109 -18
    vertex 93.1230011 23.32609749 -18
    vertex 4.365140438 1.09341085 -18
  endloop
endfacet
facet normal 0 0 -1
  outer loop
    vertex 4.413533688 0.8779064417 -18
    vertex 4.365140438 1.09341085 -18
    vertex 93.1230011 23.32609749 -18
  endloop
endfacet
facet normal 0 0 -1
  outer loop
    vertex 4.306231499 1.30628109 -18
    vertex 4.23694849 1.516004324 -18
    vertex 91.86627197 27.86732864 -18
  endloop
endfacet
facet normal 0 0 -1
  outer loop
    vertex 4.23694849 1.516004324 -18
    vertex 4.157457829 1.722075462 -18
    vertex 90.38822937 32.34142685 -18
  endloop
endfacet
facet normal 0 0 -1
  outer loop
    vertex 3.478547096 2.854769707 -18
    vertex 3.334280014 3.022015333 -18
    vertex 74.20900726 60.90175629 -18
  endloop
endfacet
facet normal 0 -0 -1
  outer loop
    vertex 3.478547096 2.854769707 -18
    vertex 74.20900726 60.90175629 -18
    vertex 3.614434004 2.680646896 -18
  endloop
endfacet
facet normal 0 0 -1
  outer loop
    vertex 4.067951679 1.923997879 -18
    vertex 3.968645573 2.1212852 -18
    vertex 84.66444397 45.25408554 -18
  endloop
endfacet
facet normal 0 -0 -1
  outer loop
    vertex 3.859778643 2.313462257 -18
    vertex 84.66444397 45.25408554 -18
    vertex 3.968645573 2.1212852 -18
  endloop
endfacet
facet normal 0 0 -1
  outer loop
    vertex 4.157457829 1.722075462 -18
    vertex 4.067951679 1.923997879 -18
    vertex 86.78297424 41.04528809 -18
  endloop
endfacet
facet normal 0 0 -1
  outer loop
    vertex 3.74161315 2.500066042 -18
    vertex 3.614434004 2.680646896 -18
    vertex 79.82108307 53.3347435 -18
  endloop
endfacet
facet normal 0 -0 -1
  outer loop
    vertex 3.74161315 2.500066042 -18
    vertex 82.34194946 49.35386276 -18
    vertex 3.859778643 2.313462257 -18
  endloop
endfacet
facet normal 0 0 -1
  outer loop
    vertex 4.5 0 -18
    vertex 4.494579315 0.2208045274 -18
    vertex 95.88436127 4.710496902 -18
  endloop
endfacet
facet normal 0 0 -1
  outer loop
    vertex 4.494579315 0.2208045274 -18
    vertex 4.478331089 0.441077143 -18
    vertex 95.88436127 4.710496902 -18
  endloop
endfacet
facet normal 0 0 -1
  outer loop
    vertex 4.478331089 0.441077143 -18
    vertex 4.451294422 0.6602871418 -18
    vertex 95.53773499 9.409645081 -18
  endloop
endfacet
facet normal 0 0 -1
  outer loop
    vertex 4.451294422 0.6602871418 -18
    vertex 4.413533688 0.8779064417 -18
    vertex 94.96094513 14.08612537 -18
  endloop
endfacet
facet normal 0 0 -1
  outer loop
    vertex 3.18198061 3.18198061 -18
    vertex 26.77555656 56.61215973 -18
    vertex 56.61215973 56.61215973 -18
  endloop
endfacet
facet normal 0 0 -1
  outer loop
    vertex 3.334280014 3.022015333 -18
    vertex 56.61215973 56.61215973 -18
    vertex 71.13130951 64.4696579 -18
  endloop
endfacet
facet normal 0 0 1
  outer loop
    vertex -1.923997879 4.067951679 -12.10000038
    vertex -1.722075462 4.157457829 -12.10000038
    vertex 21.10000038 21.10000038 -12.10000038
  endloop
endfacet
facet normal 0 0 1
  outer loop
    vertex -1.722075462 4.157457829 -12.10000038
    vertex -1.516004324 4.23694849 -12.10000038
    vertex 21.10000038 21.10000038 -12.10000038
  endloop
endfacet
facet normal 0 0 1
  outer loop
    vertex -1.516004324 4.23694849 -12.10000038
    vertex -1.30628109 4.306231499 -12.10000038
    vertex 21.10000038 21.10000038 -12.10000038
  endloop
endfacet
facet normal 0 0 1
  outer loop
    vertex -1.30628109 4.306231499 -12.10000038
    vertex -1.09341085 4.365140438 -12.10000038
    vertex 21.10000038 21.10000038 -12.10000038
  endloop
endfacet
facet normal 0 -0 1
  outer loop
    vertex 3.478547096 2.854769707 -12.10000038
    vertex 21.10000038 21.10000038 -12.10000038
    vertex 3.334280014 3.022015333 -12.10000038
  endloop
endfacet
facet normal 0 0 1
  outer loop
    vertex -1.09341085 4.365140438 -12.10000038
    vertex -0.8779064417 4.413533688 -12.10000038
    vertex 21.10000038 21.10000038 -12.10000038
  endloop
endfacet
facet normal 0 0 1
  outer loop
    vertex -0.8779064417 4.413533688 -12.10000038
    vertex -0.6602871418 4.451294422 -12.10000038
    vertex 21.10000038 21.10000038 -12.10000038
  endloop
endfacet
facet normal 0 0 1
  outer loop
    vertex -0.6602871418 4.451294422 -12.10000038
    vertex -0.441077143 4.478331089 -12.10000038
    vertex 21.10000038 21.10000038 -12.10000038
  endloop
endfacet
facet normal 0 0 1
  outer loop
    vertex -0.441077143 4.478331089 -12.10000038
    vertex -0.2208045274 4.494579315 -12.10000038
    vertex 21.10000038 21.10000038 -12.10000038
  endloop
endfacet
facet normal 0 0 1
  outer loop
    vertex -0.2208045274 4.494579315 -12.10000038
    vertex 2.755455352e-16 4.5 -12.10000038
    vertex 21.10000038 21.10000038 -12.10000038
  endloop
endfacet
facet normal -0 0 1
  outer loop
    vertex 2.755455352e-16 4.5 -12.10000038
    vertex 0.2208045274 4.494579315 -12.10000038
    vertex 21.10000038 21.10000038 -12.10000038
  endloop
endfacet
facet normal -0 0 1
  outer loop
    vertex 0.2208045274 4.494579315 -12.10000038
    vertex 0.441077143 4.478331089 -12.10000038
    vertex 21.10000038 21.10000038 -12.10000038
  endloop
endfacet
facet normal -0 0 1
  outer loop
    vertex 0.441077143 4.478331089 -12.10000038
    vertex 0.6602871418 4.451294422 -12.10000038
    vertex 21.10000038 21.10000038 -12.10000038
  endloop
endfacet
facet normal -0 0 1
  outer loop
    vertex 0.6602871418 4.451294422 -12.10000038
    vertex 0.8779064417 4.413533688 -12.10000038
    vertex 21.10000038 21.10000038 -12.10000038
  endloop
endfacet
facet normal -0 0 1
  outer loop
    vertex 0.8779064417 4.413533688 -12.10000038
    vertex 1.09341085 4.365140438 -12.10000038
    vertex 21.10000038 21.10000038 -12.10000038
  endloop
endfacet
facet normal -0 0 1
  outer loop
    vertex 1.923997879 4.067951679 -12.10000038
    vertex 2.1212852 3.968645573 -12.10000038
    vertex 21.10000038 21.10000038 -12.10000038
  endloop
endfacet
facet normal -0 0 1
  outer loop
    vertex 2.1212852 3.968645573 -12.10000038
    vertex 2.313462257 3.859778643 -12.10000038
    vertex 21.10000038 21.10000038 -12.10000038
  endloop
endfacet
facet normal -0 0 1
  outer loop
    vertex 1.09341085 4.365140438 -12.10000038
    vertex 1.30628109 4.306231499 -12.10000038
    vertex 21.10000038 21.10000038 -12.10000038
  endloop
endfacet
facet normal -0 0 1
  outer loop
    vertex 1.30628109 4.306231499 -12.10000038
    vertex 1.516004324 4.23694849 -12.10000038
    vertex 21.10000038 21.10000038 -12.10000038
  endloop
endfacet
facet normal -0 0 1
  outer loop
    vertex 1.516004324 4.23694849 -12.10000038
    vertex 1.722075462 4.157457829 -12.10000038
    vertex 21.10000038 21.10000038 -12.10000038
  endloop
endfacet
facet normal 0 -0 1
  outer loop
    vertex 1.923997879 4.067951679 -12.10000038
    vertex 21.10000038 21.10000038 -12.10000038
    vertex 1.722075462 4.157457829 -12.10000038
  endloop
endfacet
facet normal -0 0 1
  outer loop
    vertex 2.500066042 3.74161315 -12.10000038
    vertex 2.680646896 3.614434004 -12.10000038
    vertex 21.10000038 21.10000038 -12.10000038
  endloop
endfacet
facet normal -0 0 1
  outer loop
    vertex 2.313462257 3.859778643 -12.10000038
    vertex 2.500066042 3.74161315 -12.10000038
    vertex 21.10000038 21.10000038 -12.10000038
  endloop
endfacet
facet normal -0 0 1
  outer loop
    vertex 2.680646896 3.614434004 -12.10000038
    vertex 2.854769707 3.478547096 -12.10000038
    vertex 21.10000038 21.10000038 -12.10000038
  endloop
endfacet
facet normal 0 -0 1
  outer loop
    vertex 3.022015333 3.334280014 -12.10000038
    vertex 21.10000038 21.10000038 -12.10000038
    vertex 2.854769707 3.478547096 -12.10000038
  endloop
endfacet
facet normal 0 -0 1
  outer loop
    vertex 3.18198061 3.18198061 -12.10000038
    vertex 21.10000038 21.10000038 -12.10000038
    vertex 3.022015333 3.334280014 -12.10000038
  endloop
endfacet
facet normal -0 0 1
  outer loop
    vertex 3.18198061 3.18198061 -12.10000038
    vertex 3.334280014 3.022015333 -12.10000038
    vertex 21.10000038 21.10000038 -12.10000038
  endloop
endfacet
facet normal -0 0 1
  outer loop
    vertex -21.10000038 21.10000038 -12.10000038
    vertex -1.923997879 4.067951679 -12.10000038
    vertex 21.10000038 21.10000038 -12.10000038
  endloop
endfacet
facet normal 0 -0 1
  outer loop
    vertex 21.10000038 -21.10000038 -12.10000038
    vertex 21.10000038 21.10000038 -12.10000038
    vertex 4.067951679 1.923997879 -12.10000038
  endloop
endfacet
facet normal 0 -0 1
  outer loop
    vertex 4.067951679 1.923997879 -12.10000038
    vertex 21.10000038 21.10000038 -12.10000038
    vertex 3.968645573 2.1212852 -12.10000038
  endloop
endfacet
facet normal -0 0 1
  outer loop
    vertex 3.859778643 2.313462257 -12.10000038
    vertex 3.968645573 2.1212852 -12.10000038
    vertex 21.10000038 21.10000038 -12.10000038
  endloop
endfacet
facet normal 0 -0 1
  outer loop
    vertex 3.74161315 2.500066042 -12.10000038
    vertex 21.10000038 21.10000038 -12.10000038
    vertex 3.614434004 2.680646896 -12.10000038
  endloop
endfacet
facet normal -0 0 1
  outer loop
    vertex 3.74161315 2.500066042 -12.10000038
    vertex 3.859778643 2.313462257 -12.10000038
    vertex 21.10000038 21.10000038 -12.10000038
  endloop
endfacet
facet normal -0 0 1
  outer loop
    vertex 3.478547096 2.854769707 -12.10000038
    vertex 3.614434004 2.680646896 -12.10000038
    vertex 21.10000038 21.10000038 -12.10000038
  endloop
endfacet
facet normal 0 -0 -1
  outer loop
    vertex -1.923997879 4.067951679 -9.100000381
    vertex 21.10000038 21.10000038 -9.100000381
    vertex -1.722075462 4.157457829 -9.100000381
  endloop
endfacet
facet normal 0 -0 -1
  outer loop
    vertex -1.722075462 4.157457829 -9.100000381
    vertex 21.10000038 21.10000038 -9.100000381
    vertex -1.516004324 4.23694849 -9.100000381
  endloop
endfacet
facet normal 0 -0 -1
  outer loop
    vertex -1.516004324 4.23694849 -9.100000381
    vertex 21.10000038 21.10000038 -9.100000381
    vertex -1.30628109 4.306231499 -9.100000381
  endloop
endfacet
facet normal 0 -0 -1
  outer loop
    vertex -1.30628109 4.306231499 -9.100000381
    vertex 21.10000038 21.10000038 -9.100000381
    vertex -1.09341085 4.365140438 -9.100000381
  endloop
endfacet
facet normal 0 0 -1
  outer loop
    vertex 3.478547096 2.854769707 -9.100000381
    vertex 3.334280014 3.022015333 -9.100000381
    vertex 21.10000038 21.10000038 -9.100000381
  endloop
endfacet
facet normal 0 -0 -1
  outer loop
    vertex -1.09341085 4.365140438 -9.100000381
    vertex 21.10000038 21.10000038 -9.100000381
    vertex -0.8779064417 4.413533688 -9.100000381
  endloop
endfacet
facet normal 0 -0 -1
  outer loop
    vertex -0.8779064417 4.413533688 -9.100000381
    vertex 21.10000038 21.10000038 -9.100000381
    vertex -0.6602871418 4.451294422 -9.100000381
  endloop
endfacet
facet normal 0 -0 -1
  outer loop
    vertex -0.6602871418 4.451294422 -9.100000381
    vertex 21.10000038 21.10000038 -9.100000381
    vertex -0.441077143 4.478331089 -9.100000381
  endloop
endfacet
facet normal 0 -0 -1
  outer loop
    vertex -0.441077143 4.478331089 -9.100000381
    vertex 21.10000038 21.10000038 -9.100000381
    vertex -0.2208045274 4.494579315 -9.100000381
  endloop
endfacet
facet normal 0 -0 -1
  outer loop
    vertex -0.2208045274 4.494579315 -9.100000381
    vertex 21.10000038 21.10000038 -9.100000381
    vertex 2.755455352e-16 4.5 -9.100000381
  endloop
endfacet
facet normal 0 -0 -1
  outer loop
    vertex 2.755455352e-16 4.5 -9.100000381
    vertex 21.10000038 21.10000038 -9.100000381
    vertex 0.2208045274 4.494579315 -9.100000381
  endloop
endfacet
facet normal 0 -0 -1
  outer loop
    vertex 0.2208045274 4.494579315 -9.100000381
    vertex 21.10000038 21.10000038 -9.100000381
    vertex 0.441077143 4.478331089 -9.100000381
  endloop
endfacet
facet normal 0 -0 -1
  outer loop
    vertex 0.441077143 4.478331089 -9.100000381
    vertex 21.10000038 21.10000038 -9.100000381
    vertex 0.6602871418 4.451294422 -9.100000381
  endloop
endfacet
facet normal 0 -0 -1
  outer loop
    vertex 0.6602871418 4.451294422 -9.100000381
    vertex 21.10000038 21.10000038 -9.100000381
    vertex 0.8779064417 4.413533688 -9.100000381
  endloop
endfacet
facet normal 0 -0 -1
  outer loop
    vertex 0.8779064417 4.413533688 -9.100000381
    vertex 21.10000038 21.10000038 -9.100000381
    vertex 1.09341085 4.365140438 -9.100000381
  endloop
endfacet
facet normal 0 -0 -1
  outer loop
    vertex 1.923997879 4.067951679 -9.100000381
    vertex 21.10000038 21.10000038 -9.100000381
    vertex 2.1212852 3.968645573 -9.100000381
  endloop
endfacet
facet normal 0 -0 -1
  outer loop
    vertex 2.1212852 3.968645573 -9.100000381
    vertex 21.10000038 21.10000038 -9.100000381
    vertex 2.313462257 3.859778643 -9.100000381
  endloop
endfacet
facet normal 0 -0 -1
  outer loop
    vertex 1.09341085 4.365140438 -9.100000381
    vertex 21.10000038 21.10000038 -9.100000381
    vertex 1.30628109 4.306231499 -9.100000381
  endloop
endfacet
facet normal 0 -0 -1
  outer loop
    vertex 1.30628109 4.306231499 -9.100000381
    vertex 21.10000038 21.10000038 -9.100000381
    vertex 1.516004324 4.23694849 -9.100000381
  endloop
endfacet
facet normal 0 -0 -1
  outer loop
    vertex 1.516004324 4.23694849 -9.100000381
    vertex 21.10000038 21.10000038 -9.100000381
    vertex 1.722075462 4.157457829 -9.100000381
  endloop
endfacet
facet normal 0 0 -1
  outer loop
    vertex 1.923997879 4.067951679 -9.100000381
    vertex 1.722075462 4.157457829 -9.100000381
    vertex 21.10000038 21.10000038 -9.100000381
  endloop
endfacet
facet normal 0 -0 -1
  outer loop
    vertex 2.500066042 3.74161315 -9.100000381
    vertex 21.10000038 21.10000038 -9.100000381
    vertex 2.680646896 3.614434004 -9.100000381
  endloop
endfacet
facet normal 0 -0 -1
  outer loop
    vertex 2.313462257 3.859778643 -9.100000381
    vertex 21.10000038 21.10000038 -9.100000381
    vertex 2.500066042 3.74161315 -9.100000381
  endloop
endfacet
facet normal 0 -0 -1
  outer loop
    vertex 2.680646896 3.614434004 -9.100000381
    vertex 21.10000038 21.10000038 -9.100000381
    vertex 2.854769707 3.478547096 -9.100000381
  endloop
endfacet
facet normal 0 0 -1
  outer loop
    vertex 3.18198061 3.18198061 -9.100000381
    vertex 3.022015333 3.334280014 -9.100000381
    vertex 21.10000038 21.10000038 -9.100000381
  endloop
endfacet
facet normal 0 0 -1
  outer loop
    vertex 3.022015333 3.334280014 -9.100000381
    vertex 2.854769707 3.478547096 -9.100000381
    vertex 21.10000038 21.10000038 -9.100000381
  endloop
endfacet
facet normal 0 -0 -1
  outer loop
    vertex 3.18198061 3.18198061 -9.100000381
    vertex 21.10000038 21.10000038 -9.100000381
    vertex 3.334280014 3.022015333 -9.100000381
  endloop
endfacet
facet normal 0 -1 0
  outer loop
    vertex -21.10000038 21.10000038 -12.10000038
    vertex 21.10000038 21.10000038 -12.10000038
    vertex 21.10000038 21.10000038 -9.100000381
  endloop
endfacet
facet normal 0 -0 -1
  outer loop
    vertex -21.10000038 21.10000038 -9.100000381
    vertex 21.10000038 21.10000038 -9.100000381
    vertex -1.923997879 4.067951679 -9.100000381
  endloop
endfacet
facet normal 0 0 -1
  outer loop
    vertex 21.10000038 -21.10000038 -9.100000381
    vertex 4.067951679 1.923997879 -9.100000381
    vertex 21.10000038 21.10000038 -9.100000381
  endloop
endfacet
facet normal 0 0 -1
  outer loop
    vertex 4.067951679 1.923997879 -9.100000381
    vertex 3.968645573 2.1212852 -9.100000381
    vertex 21.10000038 21.10000038 -9.100000381
  endloop
endfacet
facet normal 0 -0 -1
  outer loop
    vertex 3.859778643 2.313462257 -9.100000381
    vertex 21.10000038 21.10000038 -9.100000381
    vertex 3.968645573 2.1212852 -9.100000381
  endloop
endfacet
facet normal 0 0 -1
  outer loop
    vertex 3.74161315 2.500066042 -9.100000381
    vertex 3.614434004 2.680646896 -9.100000381
    vertex 21.10000038 21.10000038 -9.100000381
  endloop
endfacet
facet normal 0 -0 -1
  outer loop
    vertex 3.74161315 2.500066042 -9.100000381
    vertex 21.10000038 21.10000038 -9.100000381
    vertex 3.859778643 2.313462257 -9.100000381
  endloop
endfacet
facet normal 0 -0 -1
  outer loop
    vertex 3.478547096 2.854769707 -9.100000381
    vertex 21.10000038 21.10000038 -9.100000381
    vertex 3.614434004 2.680646896 -9.100000381
  endloop
endfacet
facet normal -1 0 0
  outer loop
    vertex 21.10000038 -21.10000038 -9.100000381
    vertex 21.10000038 21.10000038 -9.100000381
    vertex 21.10000038 21.10000038 -12.10000038
  endloop
endfacet
facet normal 0 -0 1
  outer loop
    vertex 38.00101089 27.8785553 -10.5
    vertex 53.69357681 31 -10.5
    vertex 37.69357681 31 -10.5
  endloop
endfacet
facet normal 0 -0 1
  outer loop
    vertex 40.39006042 22.11087608 -10.5
    vertex 53.69357681 31 -10.5
    vertex 38.91150284 24.87706566 -10.5
  endloop
endfacet
facet normal 0 -0 1
  outer loop
    vertex 42.37986755 19.68629074 -10.5
    vertex 53.69357681 31 -10.5
    vertex 40.39006042 22.11087608 -10.5
  endloop
endfacet
facet normal 0 -0 1
  outer loop
    vertex 38.91150284 24.87706566 -10.5
    vertex 53.69357681 31 -10.5
    vertex 38.00101089 27.8785553 -10.5
  endloop
endfacet
facet normal 0 -0 1
  outer loop
    vertex 37.69357681 31 -10.5
    vertex 53.69357681 31 -10.5
    vertex 38.00101089 34.1214447 -10.5
  endloop
endfacet
facet normal -0 -0 1
  outer loop
    vertex 38.00101089 34.1214447 -10.5
    vertex 53.69357681 31 -10.5
    vertex 38.91150284 37.12293625 -10.5
  endloop
endfacet
facet normal -0 -0 1
  outer loop
    vertex 38.91150284 37.12293625 -10.5
    vertex 53.69357681 31 -10.5
    vertex 40.39006042 39.88912201 -10.5
  endloop
endfacet
facet normal -0 -0 1
  outer loop
    vertex 40.39006042 39.88912201 -10.5
    vertex 53.69357681 31 -10.5
    vertex 42.37986755 42.31370926 -10.5
  endloop
endfacet
facet normal 0 -0 -1
  outer loop
    vertex -4.710496902 95.88436127 -18
    vertex 5.878304469e-15 96 -18
    vertex 2.755455352e-16 4.5 -18
  endloop
endfacet
facet normal 0 0 -1
  outer loop
    vertex 2.755455352e-16 4.5 -18
    vertex 5.878304469e-15 96 -18
    vertex 4.710496902 95.88436127 -18
  endloop
endfacet
facet normal 0 0 -1
  outer loop
    vertex 0.2208045274 4.494579315 -18
    vertex 4.710496902 95.88436127 -18
    vertex 9.409645081 95.53773499 -18
  endloop
endfacet
facet normal 0 0 -1
  outer loop
    vertex 0.6602871418 4.451294422 -18
    vertex 9.409645081 95.53773499 -18
    vertex 14.08612537 94.96094513 -18
  endloop
endfacet
facet normal 0 0 -1
  outer loop
    vertex 1.09341085 4.365140438 -18
    vertex 25.5 84.06223297 -18
    vertex 25.5 61.56244659 -18
  endloop
endfacet
facet normal 0 0 -1
  outer loop
    vertex 0.6602871418 4.451294422 -18
    vertex 14.08612537 94.96094513 -18
    vertex 18.72867012 94.15538788 -18
  endloop
endfacet
facet normal 0 0 -1
  outer loop
    vertex 0.8779064417 4.413533688 -18
    vertex 18.72867012 94.15538788 -18
    vertex 23.32609749 93.1230011 -18
  endloop
endfacet
facet normal 0 0 -1
  outer loop
    vertex 0.8779064417 4.413533688 -18
    vertex 23.32609749 93.1230011 -18
    vertex 25.5 84.06223297 -18
  endloop
endfacet
facet normal 0 0 -1
  outer loop
    vertex 25.5 61.56244659 -18
    vertex 25.5 84.06223297 -18
    vertex 35.34999847 66.4621582 -18
  endloop
endfacet
facet normal 0 0 -1
  outer loop
    vertex 26.77555656 56.61215973 -18
    vertex 25.5 61.56244659 -18
    vertex 56.61215973 56.61215973 -18
  endloop
endfacet
facet normal 0 0 -1
  outer loop
    vertex 25.5 61.56244659 -18
    vertex 35.34999847 66.4621582 -18
    vertex 56.61215973 56.61215973 -18
  endloop
endfacet
facet normal 0 0 -1
  outer loop
    vertex 35.34999847 66.4621582 -18
    vertex 25.5 84.06223297 -18
    vertex 35.34999847 80.76216125 -18
  endloop
endfacet
facet normal 0 0 -1
  outer loop
    vertex 25.5 84.06223297 -18
    vertex 23.32609749 93.1230011 -18
    vertex 27.48689842 90.61215973 -18
  endloop
endfacet
facet normal 0 -0 -1
  outer loop
    vertex 23.32609749 93.1230011 -18
    vertex 27.86732864 91.86627197 -18
    vertex 27.48689842 90.61215973 -18
  endloop
endfacet
facet normal 0 0 -1
  outer loop
    vertex 25.5 84.06223297 -18
    vertex 31.66357994 90.61215973 -18
    vertex 35.34999847 80.76216125 -18
  endloop
endfacet
facet normal 0 0 -1
  outer loop
    vertex 25.5 84.06223297 -18
    vertex 27.48689842 90.61215973 -18
    vertex 31.66357994 90.61215973 -18
  endloop
endfacet
facet normal 0 0 -1
  outer loop
    vertex 27.48689842 90.61215973 -18
    vertex 27.86732864 91.86627197 -18
    vertex 31.66357994 90.61215973 -18
  endloop
endfacet
facet normal 0.3136817886 0.9495281647 0
  outer loop
    vertex 27.86732864 91.86627197 -18
    vertex 31.66357994 90.61215973 -12
    vertex 31.66357994 90.61215973 -18
  endloop
endfacet
facet normal -0 -0 -1
  outer loop
    vertex 31.66357994 90.61215973 -18
    vertex 49.65000153 80.76216125 -18
    vertex 35.34999847 80.76216125 -18
  endloop
endfacet
facet normal 0 1 0
  outer loop
    vertex 31.66357994 90.61215973 -18
    vertex 31.66357994 90.61215973 -12
    vertex 59.5 90.61215973 -12
  endloop
endfacet
facet normal -0.02454176397 0.9996988056 0
  outer loop
    vertex -4.710496902 95.88436127 -18
    vertex 5.878304469e-15 96 0
    vertex 5.878304469e-15 96 -18
  endloop
endfacet
facet normal 0.02454176397 0.9996988056 0
  outer loop
    vertex 5.878304469e-15 96 -18
    vertex 4.710496902 95.88436127 0
    vertex 4.710496902 95.88436127 -18
  endloop
endfacet
facet normal 0.07356378002 0.9972905145 0
  outer loop
    vertex 4.710496902 95.88436127 -18
    vertex 9.409645081 95.53773499 0
    vertex 9.409645081 95.53773499 -18
  endloop
endfacet
facet normal 0.1224108895 0.9924795082 0
  outer loop
    vertex 9.409645081 95.53773499 -18
    vertex 14.08612537 94.96094513 0
    vertex 14.08612537 94.96094513 -18
  endloop
endfacet
facet normal 0.1709617488 0.9852776667 0
  outer loop
    vertex 14.08612537 94.96094513 -18
    vertex 18.72867012 94.15538788 0
    vertex 18.72867012 94.15538788 -18
  endloop
endfacet
facet normal -0 1 0
  outer loop
    vertex 35.34999847 66.4621582 -18
    vertex 35.34999847 66.4621582 0
    vertex 49.65000153 66.4621582 -18
  endloop
endfacet
facet normal 0.2191012282 0.9757021327 0
  outer loop
    vertex 18.72867012 94.15538788 -18
    vertex 23.32609749 93.1230011 0
    vertex 23.32609749 93.1230011 -18
  endloop
endfacet
facet normal 0.2667129966 0.9637759996 0
  outer loop
    vertex 23.32609749 93.1230011 -18
    vertex 27.86732864 91.86627197 0
    vertex 27.86732864 91.86627197 -18
  endloop
endfacet
facet normal 1 0 0
  outer loop
    vertex 35.34999847 66.4621582 -18
    vertex 35.34999847 80.76216125 -18
    vertex 35.34999847 80.76216125 0
  endloop
endfacet
facet normal 0 -1 0
  outer loop
    vertex 35.34999847 80.76216125 -18
    vertex 49.65000153 80.76216125 -18
    vertex 49.65000153 80.76216125 0
  endloop
endfacet
facet normal -0 0 1
  outer loop
    vertex 32.34142685 90.38822937 -12
    vertex 36.73760986 88.69243622 -12
    vertex 59.5 90.61215973 -12
  endloop
endfacet
facet normal -0 0 1
  outer loop
    vertex 36.73760986 88.69243622 -12
    vertex 41.04528809 86.78297424 -12
    vertex 59.5 90.61215973 -12
  endloop
endfacet
facet normal -0 0 1
  outer loop
    vertex 31.66357994 90.61215973 -12
    vertex 32.34142685 90.38822937 -12
    vertex 59.5 90.61215973 -12
  endloop
endfacet
facet normal 0.3136817949 0.9495281626 -4.394228903e-09
  outer loop
    vertex 27.86732864 91.86627197 -18
    vertex 32.34142685 90.38822937 0
    vertex 31.66357994 90.61215973 -12
  endloop
endfacet
facet normal 0 0 -1
  outer loop
    vertex 4.451294422 0.6602871418 -18
    vertex 94.96094513 14.08612537 -18
    vertex 95.53773499 9.409645081 -18
  endloop
endfacet
facet normal 0 0 -1
  outer loop
    vertex 4.413533688 0.8779064417 -18
    vertex 94.15538788 18.72867012 -18
    vertex 94.96094513 14.08612537 -18
  endloop
endfacet
facet normal 0 0 -1
  outer loop
    vertex 4.5 0 -18
    vertex 95.88436127 4.710496902 -18
    vertex 96 0 -18
  endloop
endfacet
facet normal 0 0 -1
  outer loop
    vertex 4.478331089 0.441077143 -18
    vertex 95.53773499 9.409645081 -18
    vertex 95.88436127 4.710496902 -18
  endloop
endfacet
facet normal 0 0 -1
  outer loop
    vertex 4.413533688 0.8779064417 -18
    vertex 93.1230011 23.32609749 -18
    vertex 94.15538788 18.72867012 -18
  endloop
endfacet
facet normal 0 0 -1
  outer loop
    vertex 4.306231499 1.30628109 -18
    vertex 91.86627197 27.86732864 -18
    vertex 93.1230011 23.32609749 -18
  endloop
endfacet
facet normal 0 0 -1
  outer loop
    vertex 4.157457829 1.722075462 -18
    vertex 88.69243622 36.73760986 -18
    vertex 90.38822937 32.34142685 -18
  endloop
endfacet
facet normal 0 0 -1
  outer loop
    vertex 4.23694849 1.516004324 -18
    vertex 90.38822937 32.34142685 -18
    vertex 91.86627197 27.86732864 -18
  endloop
endfacet
facet normal 0 0 -1
  outer loop
    vertex 4.067951679 1.923997879 -18
    vertex 84.66444397 45.25408554 -18
    vertex 86.78297424 41.04528809 -18
  endloop
endfacet
facet normal 0 0 -1
  outer loop
    vertex 3.74161315 2.500066042 -18
    vertex 79.82108307 53.3347435 -18
    vertex 82.34194946 49.35386276 -18
  endloop
endfacet
facet normal 0 0 -1
  outer loop
    vertex 3.859778643 2.313462257 -18
    vertex 82.34194946 49.35386276 -18
    vertex 84.66444397 45.25408554 -18
  endloop
endfacet
facet normal 0 0 -1
  outer loop
    vertex 3.614434004 2.680646896 -18
    vertex 74.20900726 60.90175629 -18
    vertex 77.10792542 57.18713379 -18
  endloop
endfacet
facet normal 0 0 -1
  outer loop
    vertex 3.334280014 3.022015333 -18
    vertex 71.13130951 64.4696579 -18
    vertex 74.20900726 60.90175629 -18
  endloop
endfacet
facet normal 0 0 -1
  outer loop
    vertex 3.614434004 2.680646896 -18
    vertex 77.10792542 57.18713379 -18
    vertex 79.82108307 53.3347435 -18
  endloop
endfacet
facet normal 0 0 -1
  outer loop
    vertex 4.157457829 1.722075462 -18
    vertex 86.78297424 41.04528809 -18
    vertex 88.69243622 36.73760986 -18
  endloop
endfacet
facet normal 0 -0 1
  outer loop
    vertex 44.80445099 17.69648552 -10.5
    vertex 53.69357681 31 -10.5
    vertex 42.37986755 19.68629074 -10.5
  endloop
endfacet
facet normal -0 0 1
  outer loop
    vertex 44.80445099 17.69648552 -10.5
    vertex 47.57064056 16.21792793 -10.5
    vertex 53.69357681 31 -10.5
  endloop
endfacet
facet normal -0 0 1
  outer loop
    vertex 47.57064056 16.21792793 -10.5
    vertex 50.5721283 15.30743599 -10.5
    vertex 53.69357681 31 -10.5
  endloop
endfacet
facet normal -0 0 1
  outer loop
    vertex 50.5721283 15.30743599 -10.5
    vertex 53.69357681 15 -10.5
    vertex 53.69357681 31 -10.5
  endloop
endfacet
facet normal 0 -0 1
  outer loop
    vertex 53.69357681 15 -10.5
    vertex 56.81502151 15.30743599 -10.5
    vertex 53.69357681 31 -10.5
  endloop
endfacet
facet normal 0 -0 1
  outer loop
    vertex 56.81502151 15.30743599 -10.5
    vertex 59.81650925 16.21792793 -10.5
    vertex 53.69357681 31 -10.5
  endloop
endfacet
facet normal 0 -0 1
  outer loop
    vertex 59.81650925 16.21792793 -10.5
    vertex 62.58269882 17.69648552 -10.5
    vertex 53.69357681 31 -10.5
  endloop
endfacet
facet normal 0 -0 1
  outer loop
    vertex 62.58269882 17.69648552 -10.5
    vertex 65.00728607 19.68629074 -10.5
    vertex 53.69357681 31 -10.5
  endloop
endfacet
facet normal -0 -0 1
  outer loop
    vertex 42.37986755 42.31370926 -10.5
    vertex 53.69357681 31 -10.5
    vertex 44.80445099 44.30351257 -10.5
  endloop
endfacet
facet normal -0 -0 1
  outer loop
    vertex 44.80445099 44.30351257 -10.5
    vertex 53.69357681 31 -10.5
    vertex 47.57064056 45.78207397 -10.5
  endloop
endfacet
facet normal 0 0 1
  outer loop
    vertex 53.69357681 31 -10.5
    vertex 50.5721283 46.69256592 -10.5
    vertex 47.57064056 45.78207397 -10.5
  endloop
endfacet
facet normal 0 -0 1
  outer loop
    vertex 53.69357681 31 -10.5
    vertex 53.69357681 47 -10.5
    vertex 50.5721283 46.69256592 -10.5
  endloop
endfacet
facet normal 0 -0 1
  outer loop
    vertex 53.69357681 31 -10.5
    vertex 56.81502151 46.69256592 -10.5
    vertex 53.69357681 47 -10.5
  endloop
endfacet
facet normal 0 -0 1
  outer loop
    vertex 53.69357681 31 -10.5
    vertex 59.81650925 45.78207397 -10.5
    vertex 56.81502151 46.69256592 -10.5
  endloop
endfacet
facet normal 0 -0 1
  outer loop
    vertex 53.69357681 31 -10.5
    vertex 62.58269882 44.30351257 -10.5
    vertex 59.81650925 45.78207397 -10.5
  endloop
endfacet
facet normal 0 -0 1
  outer loop
    vertex 65.00728607 19.68629074 -10.5
    vertex 66.99708557 22.11087608 -10.5
    vertex 53.69357681 31 -10.5
  endloop
endfacet
facet normal 0 -0 1
  outer loop
    vertex 66.99708557 22.11087608 -10.5
    vertex 68.47564697 24.87706566 -10.5
    vertex 53.69357681 31 -10.5
  endloop
endfacet
facet normal -0 0 1
  outer loop
    vertex 53.69357681 31 -10.5
    vertex 68.47564697 24.87706566 -10.5
    vertex 69.38613892 27.8785553 -10.5
  endloop
endfacet
facet normal -0 0 1
  outer loop
    vertex 53.69357681 31 -10.5
    vertex 69.38613892 27.8785553 -10.5
    vertex 69.693573 31 -10.5
  endloop
endfacet
facet normal 0 -0 1
  outer loop
    vertex 53.69357681 31 -10.5
    vertex 69.693573 31 -10.5
    vertex 69.38613892 34.1214447 -10.5
  endloop
endfacet
facet normal 0 -0 1
  outer loop
    vertex 53.69357681 31 -10.5
    vertex 69.38613892 34.1214447 -10.5
    vertex 68.47564697 37.12293625 -10.5
  endloop
endfacet
facet normal 0 -0 1
  outer loop
    vertex 53.69357681 31 -10.5
    vertex 66.99708557 39.88912201 -10.5
    vertex 65.00728607 42.31370926 -10.5
  endloop
endfacet
facet normal 0 -0 1
  outer loop
    vertex 53.69357681 31 -10.5
    vertex 65.00728607 42.31370926 -10.5
    vertex 62.58269882 44.30351257 -10.5
  endloop
endfacet
facet normal 0 -0 1
  outer loop
    vertex 53.69357681 31 -10.5
    vertex 68.47564697 37.12293625 -10.5
    vertex 66.99708557 39.88912201 -10.5
  endloop
endfacet
facet normal 0.9996988056 0.02454176397 0
  outer loop
    vertex 96 0 -18
    vertex 95.88436127 4.710496902 -18
    vertex 96 0 0
  endloop
endfacet
facet normal 0.9972905145 0.07356378002 0
  outer loop
    vertex 95.88436127 4.710496902 -18
    vertex 95.53773499 9.409645081 -18
    vertex 95.88436127 4.710496902 0
  endloop
endfacet
facet normal 0.9924795082 0.1224108895 0
  outer loop
    vertex 95.53773499 9.409645081 -18
    vertex 94.96094513 14.08612537 -18
    vertex 95.53773499 9.409645081 0
  endloop
endfacet
facet normal 0.9852776667 0.1709617488 0
  outer loop
    vertex 94.96094513 14.08612537 -18
    vertex 94.15538788 18.72867012 -18
    vertex 94.96094513 14.08612537 0
  endloop
endfacet
facet normal 0.9757021327 0.2191012282 0
  outer loop
    vertex 94.15538788 18.72867012 -18
    vertex 93.1230011 23.32609749 -18
    vertex 94.15538788 18.72867012 0
  endloop
endfacet
facet normal 0.9637759996 0.2667129966 0
  outer loop
    vertex 93.1230011 23.32609749 -18
    vertex 91.86627197 27.86732864 -18
    vertex 93.1230011 23.32609749 0
  endloop
endfacet
facet normal 0.9495281679 0.313681779 0
  outer loop
    vertex 91.86627197 27.86732864 -18
    vertex 90.38822937 32.34142685 -18
    vertex 91.86627197 27.86732864 0
  endloop
endfacet
facet normal 0.9329929247 0.3598947103 0
  outer loop
    vertex 90.38822937 32.34142685 -18
    vertex 88.69243622 36.73760986 -18
    vertex 90.38822937 32.34142685 0
  endloop
endfacet
facet normal 0.9142097916 0.405241233 0
  outer loop
    vertex 88.69243622 36.73760986 -18
    vertex 86.78297424 41.04528809 -18
    vertex 88.69243622 36.73760986 0
  endloop
endfacet
facet normal 0.8932243295 0.4496112734 0
  outer loop
    vertex 86.78297424 41.04528809 -18
    vertex 84.66444397 45.25408554 -18
    vertex 86.78297424 41.04528809 0
  endloop
endfacet
facet normal 0.8700870459 0.4928980955 0
  outer loop
    vertex 84.66444397 45.25408554 -18
    vertex 82.34194946 49.35386276 -18
    vertex 84.66444397 45.25408554 0
  endloop
endfacet
facet normal 0 0 -1
  outer loop
    vertex 56.61215973 56.61215973 -18
    vertex 52.33805466 63.77410507 -18
    vertex 58.05607986 58.05607986 -18
  endloop
endfacet
facet normal 0 0 -1
  outer loop
    vertex 35.34999847 66.4621582 -18
    vertex 49.65000153 66.4621582 -18
    vertex 56.61215973 56.61215973 -18
  endloop
endfacet
facet normal 0 0 -1
  outer loop
    vertex 52.33805466 63.77410507 -18
    vertex 49.65000153 66.4621582 -18
    vertex 49.65000153 80.76216125 -18
  endloop
endfacet
facet normal 0 0 -1
  outer loop
    vertex 56.61215973 56.61215973 -18
    vertex 49.65000153 66.4621582 -18
    vertex 52.33805466 63.77410507 -18
  endloop
endfacet
facet normal 0 0 -1
  outer loop
    vertex 52.33805466 63.77410507 -18
    vertex 59.5 75.302948 -18
    vertex 60.90175629 74.20900726 -18
  endloop
endfacet
facet normal 0 0 -1
  outer loop
    vertex 56.61215973 56.61215973 -18
    vertex 58.05607986 58.05607986 -18
    vertex 71.13130951 64.4696579 -18
  endloop
endfacet
facet normal 0 0 -1
  outer loop
    vertex 58.05607986 58.05607986 -18
    vertex 52.33805466 63.77410507 -18
    vertex 67.88224792 67.88224792 -18
  endloop
endfacet
facet normal 0 0 -1
  outer loop
    vertex 52.33805466 63.77410507 -18
    vertex 64.4696579 71.13130951 -18
    vertex 67.88224792 67.88224792 -18
  endloop
endfacet
facet normal 0 0 -1
  outer loop
    vertex 52.33805466 63.77410507 -18
    vertex 60.90175629 74.20900726 -18
    vertex 64.4696579 71.13130951 -18
  endloop
endfacet
facet normal 0 0 -1
  outer loop
    vertex 58.05607986 58.05607986 -18
    vertex 67.88224792 67.88224792 -18
    vertex 71.13130951 64.4696579 -18
  endloop
endfacet
facet normal 0 0 -1
  outer loop
    vertex 52.33805466 63.77410507 -18
    vertex 49.65000153 80.76216125 -18
    vertex 59.5 75.302948 -18
  endloop
endfacet
facet normal 0 0 -1
  outer loop
    vertex 49.65000153 80.76216125 -18
    vertex 59.5 90.61215973 -18
    vertex 59.5 75.302948 -18
  endloop
endfacet
facet normal 0 -0 -1
  outer loop
    vertex 31.66357994 90.61215973 -18
    vertex 59.5 90.61215973 -18
    vertex 49.65000153 80.76216125 -18
  endloop
endfacet
facet normal -0 1 0
  outer loop
    vertex 31.66357994 90.61215973 -18
    vertex 59.5 90.61215973 -12
    vertex 59.5 90.61215973 -18
  endloop
endfacet
facet normal 0.615231378 0.7883465935 -0
  outer loop
    vertex 60.90175629 74.20900726 -18
    vertex 59.5 75.302948 -18
    vertex 59.5 75.302948 -12
  endloop
endfacet
facet normal 1 0 -0
  outer loop
    vertex 59.5 75.302948 -18
    vertex 59.5 90.61215973 -18
    vertex 59.5 75.302948 -12
  endloop
endfacet
facet normal 1 0 -0
  outer loop
    vertex 59.5 90.61215973 -18
    vertex 59.5 90.61215973 -12
    vertex 59.5 75.302948 -12
  endloop
endfacet
facet normal -1 0 0
  outer loop
    vertex 49.65000153 66.4621582 -18
    vertex 49.65000153 66.4621582 0
    vertex 49.65000153 80.76216125 -18
  endloop
endfacet
facet normal 0.72424647 0.6895411886 0
  outer loop
    vertex 71.13130951 64.4696579 -18
    vertex 67.88224792 67.88224792 -18
    vertex 71.13130951 64.4696579 0
  endloop
endfacet
facet normal 0.6895411886 0.72424647 0
  outer loop
    vertex 64.4696579 71.13130951 -18
    vertex 67.88224792 67.88224792 0
    vertex 67.88224792 67.88224792 -18
  endloop
endfacet
facet normal 0 -0 1
  outer loop
    vertex 57.18713379 77.10792542 -12
    vertex 59.5 90.61215973 -12
    vertex 53.3347435 79.82108307 -12
  endloop
endfacet
facet normal -0 0 1
  outer loop
    vertex 57.18713379 77.10792542 -12
    vertex 59.5 75.302948 -12
    vertex 59.5 90.61215973 -12
  endloop
endfacet
facet normal -0 0 1
  outer loop
    vertex 41.04528809 86.78297424 -12
    vertex 45.25408554 84.66444397 -12
    vertex 59.5 90.61215973 -12
  endloop
endfacet
facet normal -0 0 1
  outer loop
    vertex 45.25408554 84.66444397 -12
    vertex 49.35386276 82.34194946 -12
    vertex 59.5 90.61215973 -12
  endloop
endfacet
facet normal -0 0 1
  outer loop
    vertex 49.35386276 82.34194946 -12
    vertex 53.3347435 79.82108307 -12
    vertex 59.5 90.61215973 -12
  endloop
endfacet
facet normal 0.6531734098 0.7572083575 0
  outer loop
    vertex 64.4696579 71.13130951 -18
    vertex 60.90175629 74.20900726 -18
    vertex 64.4696579 71.13130951 0
  endloop
endfacet
facet normal 0.615231378 0.7883465935 0
  outer loop
    vertex 60.90175629 74.20900726 -18
    vertex 59.5 75.302948 -12
    vertex 60.90175629 74.20900726 0
  endloop
endfacet
facet normal 0.7883466024 0.6152313666 0
  outer loop
    vertex 77.10792542 57.18713379 -18
    vertex 74.20900726 60.90175629 -18
    vertex 77.10792542 57.18713379 0
  endloop
endfacet
facet normal 0.8448534243 0.5349978424 0
  outer loop
    vertex 79.82108307 53.3347435 -18
    vertex 82.34194946 49.35386276 0
    vertex 82.34194946 49.35386276 -18
  endloop
endfacet
facet normal 0.8175849832 0.5758079499 0
  outer loop
    vertex 77.10792542 57.18713379 -18
    vertex 79.82108307 53.3347435 0
    vertex 79.82108307 53.3347435 -18
  endloop
endfacet
facet normal 0.7572083575 0.6531734098 0
  outer loop
    vertex 71.13130951 64.4696579 -18
    vertex 74.20900726 60.90175629 0
    vertex 74.20900726 60.90175629 -18
  endloop
endfacet
facet normal 0.6531728759 -0.7572088181 0
  outer loop
    vertex -3.022015333 3.334280014 -9.100000381
    vertex -2.854769707 3.478547096 -9.100000381
    vertex -3.022015333 3.334280014 0
  endloop
endfacet
facet normal 0.6152319638 -0.7883461363 0
  outer loop
    vertex -2.854769707 3.478547096 -9.100000381
    vertex -2.680646896 3.614434004 -9.100000381
    vertex -2.854769707 3.478547096 0
  endloop
endfacet
facet normal 0.5758074621 -0.8175853268 0
  outer loop
    vertex -2.680646896 3.614434004 -9.100000381
    vertex -2.500066042 3.74161315 -9.100000381
    vertex -2.680646896 3.614434004 0
  endloop
endfacet
facet normal 0.5349974572 -0.8448536683 0
  outer loop
    vertex -2.500066042 3.74161315 -9.100000381
    vertex -2.313462257 3.859778643 -9.100000381
    vertex -2.500066042 3.74161315 0
  endloop
endfacet
facet normal 0.4928980955 -0.8700870459 0
  outer loop
    vertex -2.313462257 3.859778643 -9.100000381
    vertex -2.1212852 3.968645573 -9.100000381
    vertex -2.313462257 3.859778643 0
  endloop
endfacet
facet normal 0.4496113818 -0.893224275 0
  outer loop
    vertex -2.1212852 3.968645573 -9.100000381
    vertex -1.923997879 4.067951679 -9.100000381
    vertex -2.1212852 3.968645573 0
  endloop
endfacet
facet normal 0.4052416841 -0.9142095917 0
  outer loop
    vertex -1.923997879 4.067951679 -9.100000381
    vertex -1.722075462 4.157457829 -9.100000381
    vertex -1.923997879 4.067951679 0
  endloop
endfacet
facet normal 0.3598960292 -0.9329924159 0
  outer loop
    vertex -1.722075462 4.157457829 -9.100000381
    vertex -1.516004324 4.23694849 -9.100000381
    vertex -1.722075462 4.157457829 0
  endloop
endfacet
facet normal 0.3136809665 -0.9495284363 0
  outer loop
    vertex -1.516004324 4.23694849 -9.100000381
    vertex -1.30628109 4.306231499 -9.100000381
    vertex -1.516004324 4.23694849 0
  endloop
endfacet
facet normal 0.2667119592 -0.9637762867 0
  outer loop
    vertex -1.30628109 4.306231499 -9.100000381
    vertex -1.09341085 4.365140438 -9.100000381
    vertex -1.30628109 4.306231499 0
  endloop
endfacet
facet normal 0.219101742 -0.9757020173 0
  outer loop
    vertex -1.09341085 4.365140438 -9.100000381
    vertex -0.8779064417 4.413533688 -9.100000381
    vertex -1.09341085 4.365140438 0
  endloop
endfacet
facet normal 0.1709627853 -0.9852774868 0
  outer loop
    vertex -0.8779064417 4.413533688 -9.100000381
    vertex -0.6602871418 4.451294422 -9.100000381
    vertex -0.8779064417 4.413533688 0
  endloop
endfacet
facet normal 0.1224093028 -0.9924797039 0
  outer loop
    vertex -0.6602871418 4.451294422 -9.100000381
    vertex -0.441077143 4.478331089 -9.100000381
    vertex -0.6602871418 4.451294422 0
  endloop
endfacet
facet normal 0.07356430197 -0.997290476 0
  outer loop
    vertex -0.441077143 4.478331089 -9.100000381
    vertex -0.2208045274 4.494579315 -9.100000381
    vertex -0.441077143 4.478331089 0
  endloop
endfacet
facet normal 0.02454230502 -0.9996987923 0
  outer loop
    vertex -0.2208045274 4.494579315 -9.100000381
    vertex 2.755455352e-16 4.5 -9.100000381
    vertex -0.2208045274 4.494579315 0
  endloop
endfacet
facet normal -0.02454230502 -0.9996987923 0
  outer loop
    vertex 2.755455352e-16 4.5 -9.100000381
    vertex 0.2208045274 4.494579315 -9.100000381
    vertex 2.755455352e-16 4.5 0
  endloop
endfacet
facet normal -0.07356430197 -0.997290476 0
  outer loop
    vertex 0.2208045274 4.494579315 -9.100000381
    vertex 0.441077143 4.478331089 -9.100000381
    vertex 0.2208045274 4.494579315 0
  endloop
endfacet
facet normal -0.1224093028 -0.9924797039 0
  outer loop
    vertex 0.441077143 4.478331089 -9.100000381
    vertex 0.6602871418 4.451294422 -9.100000381
    vertex 0.441077143 4.478331089 0
  endloop
endfacet
facet normal -0.1709627853 -0.9852774868 0
  outer loop
    vertex 0.6602871418 4.451294422 -9.100000381
    vertex 0.8779064417 4.413533688 -9.100000381
    vertex 0.6602871418 4.451294422 0
  endloop
endfacet
facet normal -0.219101742 -0.9757020173 0
  outer loop
    vertex 0.8779064417 4.413533688 -9.100000381
    vertex 1.09341085 4.365140438 -9.100000381
    vertex 0.8779064417 4.413533688 0
  endloop
endfacet
facet normal -0.2667119592 -0.9637762867 0
  outer loop
    vertex 1.09341085 4.365140438 -9.100000381
    vertex 1.30628109 4.306231499 -9.100000381
    vertex 1.09341085 4.365140438 0
  endloop
endfacet
facet normal -0.3136809665 -0.9495284363 0
  outer loop
    vertex 1.30628109 4.306231499 -9.100000381
    vertex 1.516004324 4.23694849 -9.100000381
    vertex 1.30628109 4.306231499 0
  endloop
endfacet
facet normal -0.3598960292 -0.9329924159 0
  outer loop
    vertex 1.516004324 4.23694849 -9.100000381
    vertex 1.722075462 4.157457829 -9.100000381
    vertex 1.516004324 4.23694849 0
  endloop
endfacet
facet normal -0.4496113818 -0.893224275 0
  outer loop
    vertex 1.923997879 4.067951679 -9.100000381
    vertex 2.1212852 3.968645573 -9.100000381
    vertex 1.923997879 4.067951679 0
  endloop
endfacet
facet normal -0.4052416841 -0.9142095917 -0
  outer loop
    vertex 1.923997879 4.067951679 -9.100000381
    vertex 1.722075462 4.157457829 0
    vertex 1.722075462 4.157457829 -9.100000381
  endloop
endfacet
facet normal -0.4928980955 -0.8700870459 0
  outer loop
    vertex 2.1212852 3.968645573 -9.100000381
    vertex 2.313462257 3.859778643 -9.100000381
    vertex 2.1212852 3.968645573 0
  endloop
endfacet
facet normal -0.5349974572 -0.8448536683 0
  outer loop
    vertex 2.313462257 3.859778643 -9.100000381
    vertex 2.500066042 3.74161315 -9.100000381
    vertex 2.313462257 3.859778643 0
  endloop
endfacet
facet normal -0.5758074621 -0.8175853268 0
  outer loop
    vertex 2.500066042 3.74161315 -9.100000381
    vertex 2.680646896 3.614434004 -9.100000381
    vertex 2.500066042 3.74161315 0
  endloop
endfacet
facet normal -0.6152319638 -0.7883461363 0
  outer loop
    vertex 2.680646896 3.614434004 -9.100000381
    vertex 2.854769707 3.478547096 -9.100000381
    vertex 2.680646896 3.614434004 0
  endloop
endfacet
facet normal -0.6895400697 -0.7242475352 -0
  outer loop
    vertex 3.18198061 3.18198061 -9.100000381
    vertex 3.022015333 3.334280014 0
    vertex 3.022015333 3.334280014 -9.100000381
  endloop
endfacet
facet normal -0.6531728759 -0.7572088181 -0
  outer loop
    vertex 3.022015333 3.334280014 -9.100000381
    vertex 2.854769707 3.478547096 0
    vertex 2.854769707 3.478547096 -9.100000381
  endloop
endfacet
facet normal -0.9996987923 -0.02454230502 -0
  outer loop
    vertex 4.5 0 -9.100000381
    vertex 4.494579315 0.2208045274 0
    vertex 4.494579315 0.2208045274 -9.100000381
  endloop
endfacet
facet normal -0.997290476 -0.07356430197 -0
  outer loop
    vertex 4.494579315 0.2208045274 -9.100000381
    vertex 4.478331089 0.441077143 0
    vertex 4.478331089 0.441077143 -9.100000381
  endloop
endfacet
facet normal -0.9924797039 -0.1224093028 -0
  outer loop
    vertex 4.478331089 0.441077143 -9.100000381
    vertex 4.451294422 0.6602871418 0
    vertex 4.451294422 0.6602871418 -9.100000381
  endloop
endfacet
facet normal -0.9637762867 -0.2667119592 0
  outer loop
    vertex 4.306231499 1.30628109 -9.100000381
    vertex 4.365140438 1.09341085 -9.100000381
    vertex 4.306231499 1.30628109 0
  endloop
endfacet
facet normal -0.9495284363 -0.3136809665 -0
  outer loop
    vertex 4.306231499 1.30628109 -9.100000381
    vertex 4.23694849 1.516004324 0
    vertex 4.23694849 1.516004324 -9.100000381
  endloop
endfacet
facet normal -0.9852774868 -0.1709627853 -0
  outer loop
    vertex 4.451294422 0.6602871418 -9.100000381
    vertex 4.413533688 0.8779064417 0
    vertex 4.413533688 0.8779064417 -9.100000381
  endloop
endfacet
facet normal -0.9757020173 -0.219101742 -0
  outer loop
    vertex 4.413533688 0.8779064417 -9.100000381
    vertex 4.365140438 1.09341085 0
    vertex 4.365140438 1.09341085 -9.100000381
  endloop
endfacet
facet normal -0.8700870459 -0.4928980955 0
  outer loop
    vertex 3.859778643 2.313462257 -9.100000381
    vertex 3.968645573 2.1212852 -9.100000381
    vertex 3.859778643 2.313462257 0
  endloop
endfacet
facet normal -0.7883461363 -0.6152319638 0
  outer loop
    vertex 3.478547096 2.854769707 -9.100000381
    vertex 3.614434004 2.680646896 -9.100000381
    vertex 3.478547096 2.854769707 0
  endloop
endfacet
facet normal -0.7572088181 -0.6531728759 -0
  outer loop
    vertex 3.478547096 2.854769707 -9.100000381
    vertex 3.334280014 3.022015333 0
    vertex 3.334280014 3.022015333 -9.100000381
  endloop
endfacet
facet normal -0.8175853268 -0.5758074621 -0
  outer loop
    vertex 3.74161315 2.500066042 -9.100000381
    vertex 3.614434004 2.680646896 0
    vertex 3.614434004 2.680646896 -9.100000381
  endloop
endfacet
facet normal -0.8448536683 -0.5349974572 0
  outer loop
    vertex 3.74161315 2.500066042 -9.100000381
    vertex 3.859778643 2.313462257 -9.100000381
    vertex 3.74161315 2.500066042 0
  endloop
endfacet
facet normal -0.9142095917 -0.4052416841 -0
  outer loop
    vertex 4.157457829 1.722075462 -9.100000381
    vertex 4.067951679 1.923997879 0
    vertex 4.067951679 1.923997879 -9.100000381
  endloop
endfacet
facet normal -0.9329924159 -0.3598960292 -0
  outer loop
    vertex 4.23694849 1.516004324 -9.100000381
    vertex 4.157457829 1.722075462 0
    vertex 4.157457829 1.722075462 -9.100000381
  endloop
endfacet
facet normal -0.893224275 -0.4496113818 -0
  outer loop
    vertex 4.067951679 1.923997879 -9.100000381
    vertex 3.968645573 2.1212852 0
    vertex 3.968645573 2.1212852 -9.100000381
  endloop
endfacet
facet normal -0.7242475352 -0.6895400697 0
  outer loop
    vertex 3.18198061 3.18198061 -9.100000381
    vertex 3.334280014 3.022015333 -9.100000381
    vertex 3.18198061 3.18198061 0
  endloop
endfacet
facet normal 0.8819214692 0.4713963536 -0
  outer loop
    vertex 40.39006042 22.11087608 -10.5
    vertex 38.91150284 24.87706566 -10.5
    vertex 38.91150284 24.87706566 -2
  endloop
endfacet
facet normal 0.4713963536 0.8819214692 -0
  outer loop
    vertex 44.80445099 17.69648552 -10.5
    vertex 44.80445099 17.69648552 -2
    vertex 47.57064056 16.21792793 -10.5
  endloop
endfacet
facet normal 0.6343934784 0.7730102939 -0
  outer loop
    vertex 44.80445099 17.69648552 -10.5
    vertex 42.37986755 19.68629074 -10.5
    vertex 42.37986755 19.68629074 -2
  endloop
endfacet
facet normal 0.7730102404 0.6343935436 -0
  outer loop
    vertex 42.37986755 19.68629074 -10.5
    vertex 40.39006042 22.11087608 -10.5
    vertex 40.39006042 22.11087608 -2
  endloop
endfacet
facet normal 0.8819214692 0.4713963536 0
  outer loop
    vertex 40.39006042 22.11087608 -10.5
    vertex 38.91150284 24.87706566 -2
    vertex 40.39006042 22.11087608 -2
  endloop
endfacet
facet normal 0.7730102404 0.6343935436 0
  outer loop
    vertex 42.37986755 19.68629074 -10.5
    vertex 40.39006042 22.11087608 -2
    vertex 42.37986755 19.68629074 -2
  endloop
endfacet
facet normal 0.6343934784 0.7730102939 0
  outer loop
    vertex 44.80445099 17.69648552 -10.5
    vertex 42.37986755 19.68629074 -2
    vertex 44.80445099 17.69648552 -2
  endloop
endfacet
facet normal 0.9569403344 0.2902846818 -0
  outer loop
    vertex 38.91150284 24.87706566 -10.5
    vertex 38.00101089 27.8785553 -10.5
    vertex 38.00101089 27.8785553 -2
  endloop
endfacet
facet normal 0.9951847698 0.09801670231 -0
  outer loop
    vertex 38.00101089 27.8785553 -10.5
    vertex 37.69357681 31 -10.5
    vertex 37.69357681 31 -2
  endloop
endfacet
facet normal 0.9951847698 -0.09801670231 0
  outer loop
    vertex 37.69357681 31 -10.5
    vertex 38.00101089 34.1214447 -10.5
    vertex 38.00101089 34.1214447 -2
  endloop
endfacet
facet normal 0.9569403856 -0.2902845128 0
  outer loop
    vertex 38.00101089 34.1214447 -10.5
    vertex 38.91150284 37.12293625 -10.5
    vertex 38.91150284 37.12293625 -2
  endloop
endfacet
facet normal 0.8819211989 -0.4713968592 0
  outer loop
    vertex 38.91150284 37.12293625 -10.5
    vertex 40.39006042 39.88912201 -10.5
    vertex 40.39006042 39.88912201 -2
  endloop
endfacet
facet normal 0.7730104852 -0.6343932454 0
  outer loop
    vertex 40.39006042 39.88912201 -10.5
    vertex 42.37986755 42.31370926 -10.5
    vertex 42.37986755 42.31370926 -2
  endloop
endfacet
facet normal 0.6343931151 -0.7730105921 0
  outer loop
    vertex 42.37986755 42.31370926 -10.5
    vertex 44.80445099 44.30351257 -10.5
    vertex 44.80445099 44.30351257 -2
  endloop
endfacet
facet normal 0.9569403344 0.2902846818 0
  outer loop
    vertex 38.91150284 24.87706566 -10.5
    vertex 38.00101089 27.8785553 -2
    vertex 38.91150284 24.87706566 -2
  endloop
endfacet
facet normal 0.9951847698 0.09801670231 0
  outer loop
    vertex 38.00101089 27.8785553 -10.5
    vertex 37.69357681 31 -2
    vertex 38.00101089 27.8785553 -2
  endloop
endfacet
facet normal 0.9951847698 -0.09801670231 0
  outer loop
    vertex 37.69357681 31 -10.5
    vertex 38.00101089 34.1214447 -2
    vertex 37.69357681 31 -2
  endloop
endfacet
facet normal 0.9569403856 -0.2902845128 0
  outer loop
    vertex 38.00101089 34.1214447 -10.5
    vertex 38.91150284 37.12293625 -2
    vertex 38.00101089 34.1214447 -2
  endloop
endfacet
facet normal 0.8819211989 -0.4713968592 0
  outer loop
    vertex 38.91150284 37.12293625 -10.5
    vertex 40.39006042 39.88912201 -2
    vertex 38.91150284 37.12293625 -2
  endloop
endfacet
facet normal 0.7730104852 -0.6343932454 0
  outer loop
    vertex 40.39006042 39.88912201 -10.5
    vertex 42.37986755 42.31370926 -2
    vertex 40.39006042 39.88912201 -2
  endloop
endfacet
facet normal 0.6343931151 -0.7730105921 0
  outer loop
    vertex 42.37986755 42.31370926 -10.5
    vertex 44.80445099 44.30351257 -2
    vertex 42.37986755 42.31370926 -2
  endloop
endfacet
facet normal 0.4713972995 -0.8819209636 0
  outer loop
    vertex 44.80445099 44.30351257 -10.5
    vertex 47.57064056 45.78207397 -2
    vertex 44.80445099 44.30351257 -2
  endloop
endfacet
facet normal 0.6531728759 -0.7572088181 0
  outer loop
    vertex -3.022015333 3.334280014 0
    vertex -2.854769707 3.478547096 -9.100000381
    vertex -2.854769707 3.478547096 0
  endloop
endfacet
facet normal 0.6152319638 -0.7883461363 0
  outer loop
    vertex -2.680646896 3.614434004 -9.100000381
    vertex -2.680646896 3.614434004 0
    vertex -2.854769707 3.478547096 0
  endloop
endfacet
facet normal 0.5758074621 -0.8175853268 0
  outer loop
    vertex -2.500066042 3.74161315 -9.100000381
    vertex -2.500066042 3.74161315 0
    vertex -2.680646896 3.614434004 0
  endloop
endfacet
facet normal 0.5349974572 -0.8448536683 0
  outer loop
    vertex -2.313462257 3.859778643 -9.100000381
    vertex -2.313462257 3.859778643 0
    vertex -2.500066042 3.74161315 0
  endloop
endfacet
facet normal 0.4928980955 -0.8700870459 0
  outer loop
    vertex -2.1212852 3.968645573 -9.100000381
    vertex -2.1212852 3.968645573 0
    vertex -2.313462257 3.859778643 0
  endloop
endfacet
facet normal 0.4496113818 -0.893224275 0
  outer loop
    vertex -1.923997879 4.067951679 -9.100000381
    vertex -1.923997879 4.067951679 0
    vertex -2.1212852 3.968645573 0
  endloop
endfacet
facet normal 0.4052416841 -0.9142095917 0
  outer loop
    vertex -1.722075462 4.157457829 -9.100000381
    vertex -1.722075462 4.157457829 0
    vertex -1.923997879 4.067951679 0
  endloop
endfacet
facet normal 0.3598960292 -0.9329924159 0
  outer loop
    vertex -1.516004324 4.23694849 -9.100000381
    vertex -1.516004324 4.23694849 0
    vertex -1.722075462 4.157457829 0
  endloop
endfacet
facet normal 0.3136809665 -0.9495284363 0
  outer loop
    vertex -1.30628109 4.306231499 -9.100000381
    vertex -1.30628109 4.306231499 0
    vertex -1.516004324 4.23694849 0
  endloop
endfacet
facet normal 0.2667119592 -0.9637762867 0
  outer loop
    vertex -1.09341085 4.365140438 -9.100000381
    vertex -1.09341085 4.365140438 0
    vertex -1.30628109 4.306231499 0
  endloop
endfacet
facet normal 0.219101742 -0.9757020173 0
  outer loop
    vertex -0.8779064417 4.413533688 -9.100000381
    vertex -0.8779064417 4.413533688 0
    vertex -1.09341085 4.365140438 0
  endloop
endfacet
facet normal 0.1709627853 -0.9852774868 0
  outer loop
    vertex -0.6602871418 4.451294422 -9.100000381
    vertex -0.6602871418 4.451294422 0
    vertex -0.8779064417 4.413533688 0
  endloop
endfacet
facet normal 0.1224093028 -0.9924797039 0
  outer loop
    vertex -0.441077143 4.478331089 -9.100000381
    vertex -0.441077143 4.478331089 0
    vertex -0.6602871418 4.451294422 0
  endloop
endfacet
facet normal 0.07356430197 -0.997290476 0
  outer loop
    vertex -0.2208045274 4.494579315 -9.100000381
    vertex -0.2208045274 4.494579315 0
    vertex -0.441077143 4.478331089 0
  endloop
endfacet
facet normal 0.02454230502 -0.9996987923 0
  outer loop
    vertex 2.755455352e-16 4.5 -9.100000381
    vertex 2.755455352e-16 4.5 0
    vertex -0.2208045274 4.494579315 0
  endloop
endfacet
facet normal -0.02454230502 -0.9996987923 0
  outer loop
    vertex 0.2208045274 4.494579315 -9.100000381
    vertex 0.2208045274 4.494579315 0
    vertex 2.755455352e-16 4.5 0
  endloop
endfacet
facet normal -0.07356430197 -0.997290476 0
  outer loop
    vertex 0.441077143 4.478331089 -9.100000381
    vertex 0.441077143 4.478331089 0
    vertex 0.2208045274 4.494579315 0
  endloop
endfacet
facet normal -0.1224093028 -0.9924797039 0
  outer loop
    vertex 0.6602871418 4.451294422 -9.100000381
    vertex 0.6602871418 4.451294422 0
    vertex 0.441077143 4.478331089 0
  endloop
endfacet
facet normal -0.1709627853 -0.9852774868 0
  outer loop
    vertex 0.8779064417 4.413533688 -9.100000381
    vertex 0.8779064417 4.413533688 0
    vertex 0.6602871418 4.451294422 0
  endloop
endfacet
facet normal -0.219101742 -0.9757020173 0
  outer loop
    vertex 1.09341085 4.365140438 -9.100000381
    vertex 1.09341085 4.365140438 0
    vertex 0.8779064417 4.413533688 0
  endloop
endfacet
facet normal -0.2667119592 -0.9637762867 0
  outer loop
    vertex 1.30628109 4.306231499 -9.100000381
    vertex 1.30628109 4.306231499 0
    vertex 1.09341085 4.365140438 0
  endloop
endfacet
facet normal -0.3136809665 -0.9495284363 0
  outer loop
    vertex 1.516004324 4.23694849 -9.100000381
    vertex 1.516004324 4.23694849 0
    vertex 1.30628109 4.306231499 0
  endloop
endfacet
facet normal -0.4052416841 -0.9142095917 0
  outer loop
    vertex 1.923997879 4.067951679 -9.100000381
    vertex 1.923997879 4.067951679 0
    vertex 1.722075462 4.157457829 0
  endloop
endfacet
facet normal -0.3598960292 -0.9329924159 0
  outer loop
    vertex 1.722075462 4.157457829 -9.100000381
    vertex 1.722075462 4.157457829 0
    vertex 1.516004324 4.23694849 0
  endloop
endfacet
facet normal -0.4496113818 -0.893224275 0
  outer loop
    vertex 2.1212852 3.968645573 -9.100000381
    vertex 2.1212852 3.968645573 0
    vertex 1.923997879 4.067951679 0
  endloop
endfacet
facet normal -0.4928980955 -0.8700870459 0
  outer loop
    vertex 2.313462257 3.859778643 -9.100000381
    vertex 2.313462257 3.859778643 0
    vertex 2.1212852 3.968645573 0
  endloop
endfacet
facet normal -0.6152319638 -0.7883461363 0
  outer loop
    vertex 2.854769707 3.478547096 -9.100000381
    vertex 2.854769707 3.478547096 0
    vertex 2.680646896 3.614434004 0
  endloop
endfacet
facet normal -0.5758074621 -0.8175853268 0
  outer loop
    vertex 2.680646896 3.614434004 -9.100000381
    vertex 2.680646896 3.614434004 0
    vertex 2.500066042 3.74161315 0
  endloop
endfacet
facet normal -0.6895400697 -0.7242475352 0
  outer loop
    vertex 3.18198061 3.18198061 -9.100000381
    vertex 3.18198061 3.18198061 0
    vertex 3.022015333 3.334280014 0
  endloop
endfacet
facet normal -0.6531728759 -0.7572088181 0
  outer loop
    vertex 3.022015333 3.334280014 -9.100000381
    vertex 3.022015333 3.334280014 0
    vertex 2.854769707 3.478547096 0
  endloop
endfacet
facet normal -0.5349974572 -0.8448536683 0
  outer loop
    vertex 2.500066042 3.74161315 -9.100000381
    vertex 2.500066042 3.74161315 0
    vertex 2.313462257 3.859778643 0
  endloop
endfacet
facet normal -0.9996987923 -0.02454230502 0
  outer loop
    vertex 4.5 0 -9.100000381
    vertex 4.5 0 0
    vertex 4.494579315 0.2208045274 0
  endloop
endfacet
facet normal -0.997290476 -0.07356430197 0
  outer loop
    vertex 4.494579315 0.2208045274 -9.100000381
    vertex 4.494579315 0.2208045274 0
    vertex 4.478331089 0.441077143 0
  endloop
endfacet
facet normal -0.9924797039 -0.1224093028 0
  outer loop
    vertex 4.478331089 0.441077143 -9.100000381
    vertex 4.478331089 0.441077143 0
    vertex 4.451294422 0.6602871418 0
  endloop
endfacet
facet normal -0.9852774868 -0.1709627853 0
  outer loop
    vertex 4.451294422 0.6602871418 -9.100000381
    vertex 4.451294422 0.6602871418 0
    vertex 4.413533688 0.8779064417 0
  endloop
endfacet
facet normal -0.9637762867 -0.2667119592 0
  outer loop
    vertex 4.365140438 1.09341085 -9.100000381
    vertex 4.365140438 1.09341085 0
    vertex 4.306231499 1.30628109 0
  endloop
endfacet
facet normal -0.9495284363 -0.3136809665 0
  outer loop
    vertex 4.306231499 1.30628109 -9.100000381
    vertex 4.306231499 1.30628109 0
    vertex 4.23694849 1.516004324 0
  endloop
endfacet
facet normal -0.9757020173 -0.219101742 0
  outer loop
    vertex 4.413533688 0.8779064417 -9.100000381
    vertex 4.413533688 0.8779064417 0
    vertex 4.365140438 1.09341085 0
  endloop
endfacet
facet normal -0.8700870459 -0.4928980955 0
  outer loop
    vertex 3.968645573 2.1212852 -9.100000381
    vertex 3.968645573 2.1212852 0
    vertex 3.859778643 2.313462257 0
  endloop
endfacet
facet normal -0.7883461363 -0.6152319638 0
  outer loop
    vertex 3.614434004 2.680646896 -9.100000381
    vertex 3.614434004 2.680646896 0
    vertex 3.478547096 2.854769707 0
  endloop
endfacet
facet normal -0.7572088181 -0.6531728759 0
  outer loop
    vertex 3.478547096 2.854769707 -9.100000381
    vertex 3.478547096 2.854769707 0
    vertex 3.334280014 3.022015333 0
  endloop
endfacet
facet normal -0.8175853268 -0.5758074621 0
  outer loop
    vertex 3.74161315 2.500066042 -9.100000381
    vertex 3.74161315 2.500066042 0
    vertex 3.614434004 2.680646896 0
  endloop
endfacet
facet normal -0.8448536683 -0.5349974572 0
  outer loop
    vertex 3.859778643 2.313462257 -9.100000381
    vertex 3.859778643 2.313462257 0
    vertex 3.74161315 2.500066042 0
  endloop
endfacet
facet normal -0.9142095917 -0.4052416841 0
  outer loop
    vertex 4.157457829 1.722075462 -9.100000381
    vertex 4.157457829 1.722075462 0
    vertex 4.067951679 1.923997879 0
  endloop
endfacet
facet normal -0.9329924159 -0.3598960292 0
  outer loop
    vertex 4.23694849 1.516004324 -9.100000381
    vertex 4.23694849 1.516004324 0
    vertex 4.157457829 1.722075462 0
  endloop
endfacet
facet normal -0.893224275 -0.4496113818 0
  outer loop
    vertex 4.067951679 1.923997879 -9.100000381
    vertex 4.067951679 1.923997879 0
    vertex 3.968645573 2.1212852 0
  endloop
endfacet
facet normal -0.7242475352 -0.6895400697 0
  outer loop
    vertex 3.334280014 3.022015333 -9.100000381
    vertex 3.334280014 3.022015333 0
    vertex 3.18198061 3.18198061 0
  endloop
endfacet
facet normal -0 0 1
  outer loop
    vertex -4.710496902 95.88436127 0
    vertex -0.2208045274 4.494579315 0
    vertex 2.755455352e-16 4.5 0
  endloop
endfacet
facet normal -0 0 1
  outer loop
    vertex 0.2208045274 4.494579315 0
    vertex 0.441077143 4.478331089 0
    vertex 4.710496902 95.88436127 0
  endloop
endfacet
facet normal -0 0 1
  outer loop
    vertex 2.755455352e-16 4.5 0
    vertex 0.2208045274 4.494579315 0
    vertex 4.710496902 95.88436127 0
  endloop
endfacet
facet normal -0 0 1
  outer loop
    vertex 0.441077143 4.478331089 0
    vertex 0.6602871418 4.451294422 0
    vertex 9.409645081 95.53773499 0
  endloop
endfacet
facet normal -0 0 1
  outer loop
    vertex 0.6602871418 4.451294422 0
    vertex 0.8779064417 4.413533688 0
    vertex 14.08612537 94.96094513 0
  endloop
endfacet
facet normal -0 0 1
  outer loop
    vertex 1.09341085 4.365140438 0
    vertex 1.30628109 4.306231499 0
    vertex 23.32609749 93.1230011 0
  endloop
endfacet
facet normal -0 0 1
  outer loop
    vertex 0.8779064417 4.413533688 0
    vertex 1.09341085 4.365140438 0
    vertex 23.32609749 93.1230011 0
  endloop
endfacet
facet normal -0 0 1
  outer loop
    vertex 1.923997879 4.067951679 0
    vertex 2.1212852 3.968645573 0
    vertex 35.34999847 66.4621582 0
  endloop
endfacet
facet normal -0 0 1
  outer loop
    vertex 2.313462257 3.859778643 0
    vertex 2.500066042 3.74161315 0
    vertex 35.34999847 66.4621582 0
  endloop
endfacet
facet normal -0 0 1
  outer loop
    vertex 2.500066042 3.74161315 0
    vertex 2.680646896 3.614434004 0
    vertex 35.34999847 66.4621582 0
  endloop
endfacet
facet normal -0 0 1
  outer loop
    vertex 2.1212852 3.968645573 0
    vertex 2.313462257 3.859778643 0
    vertex 35.34999847 66.4621582 0
  endloop
endfacet
facet normal 0 -0 1
  outer loop
    vertex 1.923997879 4.067951679 0
    vertex 35.34999847 80.76216125 0
    vertex 1.722075462 4.157457829 0
  endloop
endfacet
facet normal -0 0 1
  outer loop
    vertex 1.516004324 4.23694849 0
    vertex 1.722075462 4.157457829 0
    vertex 32.34142685 90.38822937 0
  endloop
endfacet
facet normal -0 0 1
  outer loop
    vertex 1.30628109 4.306231499 0
    vertex 1.516004324 4.23694849 0
    vertex 27.86732864 91.86627197 0
  endloop
endfacet
facet normal 0 -0 1
  outer loop
    vertex 4.413533688 0.8779064417 0
    vertex 93.1230011 23.32609749 0
    vertex 4.365140438 1.09341085 0
  endloop
endfacet
facet normal -0 0 1
  outer loop
    vertex 4.306231499 1.30628109 0
    vertex 4.365140438 1.09341085 0
    vertex 91.86627197 27.86732864 0
  endloop
endfacet
facet normal 0 -0 1
  outer loop
    vertex 4.306231499 1.30628109 0
    vertex 91.86627197 27.86732864 0
    vertex 4.23694849 1.516004324 0
  endloop
endfacet
facet normal 0 -0 1
  outer loop
    vertex 3.478547096 2.854769707 0
    vertex 71.13130951 64.4696579 0
    vertex 3.334280014 3.022015333 0
  endloop
endfacet
facet normal -0 0 1
  outer loop
    vertex 3.18198061 3.18198061 0
    vertex 3.334280014 3.022015333 0
    vertex 71.13130951 64.4696579 0
  endloop
endfacet
facet normal -0 0 1
  outer loop
    vertex 3.478547096 2.854769707 0
    vertex 3.614434004 2.680646896 0
    vertex 74.20900726 60.90175629 0
  endloop
endfacet
facet normal 0 -0 1
  outer loop
    vertex 4.067951679 1.923997879 0
    vertex 84.66444397 45.25408554 0
    vertex 3.968645573 2.1212852 0
  endloop
endfacet
facet normal -0 0 1
  outer loop
    vertex 3.859778643 2.313462257 0
    vertex 3.968645573 2.1212852 0
    vertex 82.34194946 49.35386276 0
  endloop
endfacet
facet normal 0 -0 1
  outer loop
    vertex 4.23694849 1.516004324 0
    vertex 88.69243622 36.73760986 0
    vertex 4.157457829 1.722075462 0
  endloop
endfacet
facet normal 0 -0 1
  outer loop
    vertex 4.157457829 1.722075462 0
    vertex 86.78297424 41.04528809 0
    vertex 4.067951679 1.923997879 0
  endloop
endfacet
facet normal -0 0 1
  outer loop
    vertex 3.74161315 2.500066042 0
    vertex 3.859778643 2.313462257 0
    vertex 79.82108307 53.3347435 0
  endloop
endfacet
facet normal 0 -0 1
  outer loop
    vertex 3.74161315 2.500066042 0
    vertex 79.82108307 53.3347435 0
    vertex 3.614434004 2.680646896 0
  endloop
endfacet
facet normal 0 -0 1
  outer loop
    vertex 4.5 0 0
    vertex 95.88436127 4.710496902 0
    vertex 4.494579315 0.2208045274 0
  endloop
endfacet
facet normal 0 -0 1
  outer loop
    vertex 4.494579315 0.2208045274 0
    vertex 95.53773499 9.409645081 0
    vertex 4.478331089 0.441077143 0
  endloop
endfacet
facet normal 0 -0 1
  outer loop
    vertex 4.478331089 0.441077143 0
    vertex 95.53773499 9.409645081 0
    vertex 4.451294422 0.6602871418 0
  endloop
endfacet
facet normal 0 -0 1
  outer loop
    vertex 4.451294422 0.6602871418 0
    vertex 94.15538788 18.72867012 0
    vertex 4.413533688 0.8779064417 0
  endloop
endfacet
facet normal 0 -0 1
  outer loop
    vertex 3.18198061 3.18198061 0
    vertex 64.4696579 71.13130951 0
    vertex 3.022015333 3.334280014 0
  endloop
endfacet
facet normal 0 -0 1
  outer loop
    vertex 3.022015333 3.334280014 0
    vertex 60.90175629 74.20900726 0
    vertex 2.854769707 3.478547096 0
  endloop
endfacet
facet normal -0 0 1
  outer loop
    vertex 2.680646896 3.614434004 0
    vertex 2.854769707 3.478547096 0
    vertex 60.90175629 74.20900726 0
  endloop
endfacet
facet normal 0 -0 1
  outer loop
    vertex 2.680646896 3.614434004 0
    vertex 49.65000153 66.4621582 0
    vertex 35.34999847 66.4621582 0
  endloop
endfacet
facet normal 0 0 -1
  outer loop
    vertex 38.00101089 27.8785553 -2
    vertex 37.69357681 31 -2
    vertex 53.69357681 31 -2
  endloop
endfacet
facet normal 0 0 -1
  outer loop
    vertex 40.39006042 22.11087608 -2
    vertex 38.91150284 24.87706566 -2
    vertex 53.69357681 31 -2
  endloop
endfacet
facet normal 0 0 -1
  outer loop
    vertex 42.37986755 19.68629074 -2
    vertex 40.39006042 22.11087608 -2
    vertex 53.69357681 31 -2
  endloop
endfacet
facet normal 0 0 -1
  outer loop
    vertex 38.91150284 24.87706566 -2
    vertex 38.00101089 27.8785553 -2
    vertex 53.69357681 31 -2
  endloop
endfacet
facet normal 0 0 -1
  outer loop
    vertex 37.69357681 31 -2
    vertex 38.00101089 34.1214447 -2
    vertex 53.69357681 31 -2
  endloop
endfacet
facet normal 0 0 -1
  outer loop
    vertex 38.00101089 34.1214447 -2
    vertex 38.91150284 37.12293625 -2
    vertex 53.69357681 31 -2
  endloop
endfacet
facet normal 0 0 -1
  outer loop
    vertex 38.91150284 37.12293625 -2
    vertex 40.39006042 39.88912201 -2
    vertex 53.69357681 31 -2
  endloop
endfacet
facet normal 0 0 -1
  outer loop
    vertex 40.39006042 39.88912201 -2
    vertex 42.37986755 42.31370926 -2
    vertex 53.69357681 31 -2
  endloop
endfacet
facet normal 0 -0 1
  outer loop
    vertex 3.18198061 3.18198061 0
    vertex 67.88224792 67.88224792 0
    vertex 64.4696579 71.13130951 0
  endloop
endfacet
facet normal 0.02454176397 0.9996988056 -0
  outer loop
    vertex 5.878304469e-15 96 -18
    vertex 5.878304469e-15 96 0
    vertex 4.710496902 95.88436127 0
  endloop
endfacet
facet normal 0.07356378002 0.9972905145 -0
  outer loop
    vertex 4.710496902 95.88436127 -18
    vertex 4.710496902 95.88436127 0
    vertex 9.409645081 95.53773499 0
  endloop
endfacet
facet normal 0.1224108895 0.9924795082 -0
  outer loop
    vertex 9.409645081 95.53773499 -18
    vertex 9.409645081 95.53773499 0
    vertex 14.08612537 94.96094513 0
  endloop
endfacet
facet normal 0.1709617488 0.9852776667 -0
  outer loop
    vertex 14.08612537 94.96094513 -18
    vertex 14.08612537 94.96094513 0
    vertex 18.72867012 94.15538788 0
  endloop
endfacet
facet normal 0.2191012282 0.9757021327 -0
  outer loop
    vertex 18.72867012 94.15538788 -18
    vertex 18.72867012 94.15538788 0
    vertex 23.32609749 93.1230011 0
  endloop
endfacet
facet normal 1 0 -0
  outer loop
    vertex 35.34999847 66.4621582 -18
    vertex 35.34999847 80.76216125 0
    vertex 35.34999847 66.4621582 0
  endloop
endfacet
facet normal 0 1 -0
  outer loop
    vertex 49.65000153 66.4621582 -18
    vertex 35.34999847 66.4621582 0
    vertex 49.65000153 66.4621582 0
  endloop
endfacet
facet normal 0.3136817248 0.9495281858 0
  outer loop
    vertex 31.66357994 90.61215973 -12
    vertex 32.34142685 90.38822937 0
    vertex 32.34142685 90.38822937 -12
  endloop
endfacet
facet normal 0.3598947103 0.9329929247 0
  outer loop
    vertex 32.34142685 90.38822937 -12
    vertex 36.73760986 88.69243622 0
    vertex 36.73760986 88.69243622 -12
  endloop
endfacet
facet normal 0.405241233 0.9142097916 0
  outer loop
    vertex 36.73760986 88.69243622 -12
    vertex 41.04528809 86.78297424 0
    vertex 41.04528809 86.78297424 -12
  endloop
endfacet
facet normal 0.4496112734 0.8932243295 0
  outer loop
    vertex 41.04528809 86.78297424 -12
    vertex 45.25408554 84.66444397 0
    vertex 45.25408554 84.66444397 -12
  endloop
endfacet
facet normal 0.2667129966 0.9637759996 -0
  outer loop
    vertex 23.32609749 93.1230011 -18
    vertex 23.32609749 93.1230011 0
    vertex 27.86732864 91.86627197 0
  endloop
endfacet
facet normal 0.313681779 0.9495281679 -0
  outer loop
    vertex 27.86732864 91.86627197 -18
    vertex 27.86732864 91.86627197 0
    vertex 32.34142685 90.38822937 0
  endloop
endfacet
facet normal 0 -1 0
  outer loop
    vertex 35.34999847 80.76216125 -18
    vertex 49.65000153 80.76216125 0
    vertex 35.34999847 80.76216125 0
  endloop
endfacet
facet normal -0 0 1
  outer loop
    vertex -4.710496902 95.88436127 0
    vertex 2.755455352e-16 4.5 0
    vertex 5.878304469e-15 96 0
  endloop
endfacet
facet normal 0 -0 1
  outer loop
    vertex 2.755455352e-16 4.5 0
    vertex 4.710496902 95.88436127 0
    vertex 5.878304469e-15 96 0
  endloop
endfacet
facet normal 0 -0 1
  outer loop
    vertex 0.441077143 4.478331089 0
    vertex 9.409645081 95.53773499 0
    vertex 4.710496902 95.88436127 0
  endloop
endfacet
facet normal 0 -0 1
  outer loop
    vertex 0.6602871418 4.451294422 0
    vertex 14.08612537 94.96094513 0
    vertex 9.409645081 95.53773499 0
  endloop
endfacet
facet normal 0 -0 1
  outer loop
    vertex 0.8779064417 4.413533688 0
    vertex 18.72867012 94.15538788 0
    vertex 14.08612537 94.96094513 0
  endloop
endfacet
facet normal 0 -0 1
  outer loop
    vertex 0.8779064417 4.413533688 0
    vertex 23.32609749 93.1230011 0
    vertex 18.72867012 94.15538788 0
  endloop
endfacet
facet normal 0 -0 1
  outer loop
    vertex 1.30628109 4.306231499 0
    vertex 27.86732864 91.86627197 0
    vertex 23.32609749 93.1230011 0
  endloop
endfacet
facet normal 0 -0 1
  outer loop
    vertex 1.516004324 4.23694849 0
    vertex 32.34142685 90.38822937 0
    vertex 27.86732864 91.86627197 0
  endloop
endfacet
facet normal 0 0 1
  outer loop
    vertex 1.923997879 4.067951679 0
    vertex 35.34999847 66.4621582 0
    vertex 35.34999847 80.76216125 0
  endloop
endfacet
facet normal 0 0 1
  outer loop
    vertex 1.722075462 4.157457829 0
    vertex 35.34999847 80.76216125 0
    vertex 36.73760986 88.69243622 0
  endloop
endfacet
facet normal 0 -0 1
  outer loop
    vertex 1.722075462 4.157457829 0
    vertex 36.73760986 88.69243622 0
    vertex 32.34142685 90.38822937 0
  endloop
endfacet
facet normal 0 -0 1
  outer loop
    vertex 2.680646896 3.614434004 0
    vertex 60.90175629 74.20900726 0
    vertex 49.65000153 66.4621582 0
  endloop
endfacet
facet normal 0 -0 1
  outer loop
    vertex 3.022015333 3.334280014 0
    vertex 64.4696579 71.13130951 0
    vertex 60.90175629 74.20900726 0
  endloop
endfacet
facet normal 0.3598947103 0.9329929247 -0
  outer loop
    vertex 32.34142685 90.38822937 -12
    vertex 32.34142685 90.38822937 0
    vertex 36.73760986 88.69243622 0
  endloop
endfacet
facet normal 0.405241233 0.9142097916 -0
  outer loop
    vertex 36.73760986 88.69243622 -12
    vertex 36.73760986 88.69243622 0
    vertex 41.04528809 86.78297424 0
  endloop
endfacet
facet normal 0.4496112734 0.8932243295 -0
  outer loop
    vertex 41.04528809 86.78297424 -12
    vertex 41.04528809 86.78297424 0
    vertex 45.25408554 84.66444397 0
  endloop
endfacet
facet normal 0 -0 1
  outer loop
    vertex 35.34999847 80.76216125 0
    vertex 49.65000153 80.76216125 0
    vertex 36.73760986 88.69243622 0
  endloop
endfacet
facet normal -0 -0 1
  outer loop
    vertex 36.73760986 88.69243622 0
    vertex 49.65000153 80.76216125 0
    vertex 41.04528809 86.78297424 0
  endloop
endfacet
facet normal -0 -0 1
  outer loop
    vertex 41.04528809 86.78297424 0
    vertex 49.65000153 80.76216125 0
    vertex 45.25408554 84.66444397 0
  endloop
endfacet
facet normal 0.2902848507 0.9569402831 -0
  outer loop
    vertex 47.57064056 16.21792793 -10.5
    vertex 47.57064056 16.21792793 -2
    vertex 50.5721283 15.30743599 -10.5
  endloop
endfacet
facet normal 0.09801718594 0.9951847222 -0
  outer loop
    vertex 50.5721283 15.30743599 -10.5
    vertex 50.5721283 15.30743599 -2
    vertex 53.69357681 15 -10.5
  endloop
endfacet
facet normal -0.09801730458 0.9951847105 0
  outer loop
    vertex 53.69357681 15 -10.5
    vertex 53.69357681 15 -2
    vertex 56.81502151 15.30743599 -10.5
  endloop
endfacet
facet normal -0.2902848507 0.9569402831 0
  outer loop
    vertex 56.81502151 15.30743599 -10.5
    vertex 56.81502151 15.30743599 -2
    vertex 59.81650925 16.21792793 -10.5
  endloop
endfacet
facet normal -0.4713963536 0.8819214692 0
  outer loop
    vertex 59.81650925 16.21792793 -10.5
    vertex 59.81650925 16.21792793 -2
    vertex 62.58269882 17.69648552 -10.5
  endloop
endfacet
facet normal -0.634392882 0.7730107834 0
  outer loop
    vertex 62.58269882 17.69648552 -10.5
    vertex 62.58269882 17.69648552 -2
    vertex 65.00728607 19.68629074 -10.5
  endloop
endfacet
facet normal -0.7730114333 0.6343920901 0
  outer loop
    vertex 65.00728607 19.68629074 -10.5
    vertex 65.00728607 19.68629074 -2
    vertex 66.99708557 22.11087608 -10.5
  endloop
endfacet
facet normal -0.8819209636 0.4713972995 0
  outer loop
    vertex 66.99708557 22.11087608 -10.5
    vertex 66.99708557 22.11087608 -2
    vertex 68.47564697 24.87706566 -10.5
  endloop
endfacet
facet normal 0.4713963536 0.8819214692 0
  outer loop
    vertex 47.57064056 16.21792793 -10.5
    vertex 44.80445099 17.69648552 -2
    vertex 47.57064056 16.21792793 -2
  endloop
endfacet
facet normal 0.2902848507 0.9569402831 0
  outer loop
    vertex 50.5721283 15.30743599 -10.5
    vertex 47.57064056 16.21792793 -2
    vertex 50.5721283 15.30743599 -2
  endloop
endfacet
facet normal 0.09801718594 0.9951847222 0
  outer loop
    vertex 53.69357681 15 -10.5
    vertex 50.5721283 15.30743599 -2
    vertex 53.69357681 15 -2
  endloop
endfacet
facet normal -0.09801730458 0.9951847105 0
  outer loop
    vertex 56.81502151 15.30743599 -10.5
    vertex 53.69357681 15 -2
    vertex 56.81502151 15.30743599 -2
  endloop
endfacet
facet normal -0.2902848507 0.9569402831 0
  outer loop
    vertex 59.81650925 16.21792793 -10.5
    vertex 56.81502151 15.30743599 -2
    vertex 59.81650925 16.21792793 -2
  endloop
endfacet
facet normal -0.4713963536 0.8819214692 0
  outer loop
    vertex 62.58269882 17.69648552 -10.5
    vertex 59.81650925 16.21792793 -2
    vertex 62.58269882 17.69648552 -2
  endloop
endfacet
facet normal -0.634392882 0.7730107834 0
  outer loop
    vertex 65.00728607 19.68629074 -10.5
    vertex 62.58269882 17.69648552 -2
    vertex 65.00728607 19.68629074 -2
  endloop
endfacet
facet normal -0.7730114333 0.6343920901 0
  outer loop
    vertex 66.99708557 22.11087608 -10.5
    vertex 65.00728607 19.68629074 -2
    vertex 66.99708557 22.11087608 -2
  endloop
endfacet
facet normal -0.8819209636 0.4713972995 0
  outer loop
    vertex 68.47564697 24.87706566 -10.5
    vertex 66.99708557 22.11087608 -2
    vertex 68.47564697 24.87706566 -2
  endloop
endfacet
facet normal 0.4713972995 -0.8819209636 0
  outer loop
    vertex 44.80445099 44.30351257 -10.5
    vertex 47.57064056 45.78207397 -10.5
    vertex 47.57064056 45.78207397 -2
  endloop
endfacet
facet normal 0.2902848507 -0.9569402831 0
  outer loop
    vertex 47.57064056 45.78207397 -10.5
    vertex 50.5721283 46.69256592 -10.5
    vertex 50.5721283 46.69256592 -2
  endloop
endfacet
facet normal 0.09801658368 -0.9951847815 0
  outer loop
    vertex 50.5721283 46.69256592 -10.5
    vertex 53.69357681 47 -10.5
    vertex 53.69357681 47 -2
  endloop
endfacet
facet normal -0.09801670231 -0.9951847698 0
  outer loop
    vertex 53.69357681 47 -10.5
    vertex 56.81502151 46.69256592 -10.5
    vertex 56.81502151 46.69256592 -2
  endloop
endfacet
facet normal -0.2902848507 -0.9569402831 0
  outer loop
    vertex 56.81502151 46.69256592 -10.5
    vertex 59.81650925 45.78207397 -10.5
    vertex 59.81650925 45.78207397 -2
  endloop
endfacet
facet normal -0.9569403344 0.2902846818 0
  outer loop
    vertex 68.47564697 24.87706566 -10.5
    vertex 68.47564697 24.87706566 -2
    vertex 69.38613892 27.8785553 -10.5
  endloop
endfacet
facet normal -0.9951847698 0.09801670231 0
  outer loop
    vertex 69.38613892 27.8785553 -10.5
    vertex 69.38613892 27.8785553 -2
    vertex 69.693573 31 -10.5
  endloop
endfacet
facet normal -0.9951847698 -0.09801670231 0
  outer loop
    vertex 69.693573 31 -10.5
    vertex 69.693573 31 -2
    vertex 69.38613892 34.1214447 -10.5
  endloop
endfacet
facet normal -0.9569403856 -0.2902845128 0
  outer loop
    vertex 69.38613892 34.1214447 -10.5
    vertex 69.38613892 34.1214447 -2
    vertex 68.47564697 37.12293625 -10.5
  endloop
endfacet
facet normal -0.4713972995 -0.8819209636 0
  outer loop
    vertex 59.81650925 45.78207397 -10.5
    vertex 62.58269882 44.30351257 -10.5
    vertex 62.58269882 44.30351257 -2
  endloop
endfacet
facet normal -0.6343925187 -0.7730110816 0
  outer loop
    vertex 62.58269882 44.30351257 -10.5
    vertex 65.00728607 42.31370926 -10.5
    vertex 65.00728607 42.31370926 -2
  endloop
endfacet
facet normal -0.8819206933 -0.4713978052 0
  outer loop
    vertex 66.99708557 39.88912201 -10.5
    vertex 68.47564697 37.12293625 -10.5
    vertex 68.47564697 37.12293625 -2
  endloop
endfacet
facet normal -0.773011678 -0.6343917919 0
  outer loop
    vertex 65.00728607 42.31370926 -10.5
    vertex 66.99708557 39.88912201 -10.5
    vertex 66.99708557 39.88912201 -2
  endloop
endfacet
facet normal 0.2902848507 -0.9569402831 0
  outer loop
    vertex 47.57064056 45.78207397 -10.5
    vertex 50.5721283 46.69256592 -2
    vertex 47.57064056 45.78207397 -2
  endloop
endfacet
facet normal 0.09801658368 -0.9951847815 0
  outer loop
    vertex 50.5721283 46.69256592 -10.5
    vertex 53.69357681 47 -2
    vertex 50.5721283 46.69256592 -2
  endloop
endfacet
facet normal -0.09801670231 -0.9951847698 0
  outer loop
    vertex 53.69357681 47 -10.5
    vertex 56.81502151 46.69256592 -2
    vertex 53.69357681 47 -2
  endloop
endfacet
facet normal -0.2902848507 -0.9569402831 0
  outer loop
    vertex 56.81502151 46.69256592 -10.5
    vertex 59.81650925 45.78207397 -2
    vertex 56.81502151 46.69256592 -2
  endloop
endfacet
facet normal -0.9569403344 0.2902846818 0
  outer loop
    vertex 69.38613892 27.8785553 -10.5
    vertex 68.47564697 24.87706566 -2
    vertex 69.38613892 27.8785553 -2
  endloop
endfacet
facet normal -0.9951847698 0.09801670231 0
  outer loop
    vertex 69.693573 31 -10.5
    vertex 69.38613892 27.8785553 -2
    vertex 69.693573 31 -2
  endloop
endfacet
facet normal -0.9951847698 -0.09801670231 0
  outer loop
    vertex 69.38613892 34.1214447 -10.5
    vertex 69.693573 31 -2
    vertex 69.38613892 34.1214447 -2
  endloop
endfacet
facet normal -0.4713972995 -0.8819209636 0
  outer loop
    vertex 59.81650925 45.78207397 -10.5
    vertex 62.58269882 44.30351257 -2
    vertex 59.81650925 45.78207397 -2
  endloop
endfacet
facet normal -0.6343925187 -0.7730110816 0
  outer loop
    vertex 62.58269882 44.30351257 -10.5
    vertex 65.00728607 42.31370926 -2
    vertex 62.58269882 44.30351257 -2
  endloop
endfacet
facet normal -0.8819206933 -0.4713978052 0
  outer loop
    vertex 66.99708557 39.88912201 -10.5
    vertex 68.47564697 37.12293625 -2
    vertex 66.99708557 39.88912201 -2
  endloop
endfacet
facet normal -0.773011678 -0.6343917919 0
  outer loop
    vertex 65.00728607 42.31370926 -10.5
    vertex 66.99708557 39.88912201 -2
    vertex 65.00728607 42.31370926 -2
  endloop
endfacet
facet normal -0.9569403856 -0.2902845128 0
  outer loop
    vertex 68.47564697 37.12293625 -10.5
    vertex 69.38613892 34.1214447 -2
    vertex 68.47564697 37.12293625 -2
  endloop
endfacet
facet normal 0.9996988056 0.02454176397 -0
  outer loop
    vertex 95.88436127 4.710496902 -18
    vertex 95.88436127 4.710496902 0
    vertex 96 0 0
  endloop
endfacet
facet normal 0.9972905145 0.07356378002 -0
  outer loop
    vertex 95.53773499 9.409645081 -18
    vertex 95.53773499 9.409645081 0
    vertex 95.88436127 4.710496902 0
  endloop
endfacet
facet normal 0.9924795082 0.1224108895 -0
  outer loop
    vertex 94.96094513 14.08612537 -18
    vertex 94.96094513 14.08612537 0
    vertex 95.53773499 9.409645081 0
  endloop
endfacet
facet normal 0.9852776667 0.1709617488 -0
  outer loop
    vertex 94.15538788 18.72867012 -18
    vertex 94.15538788 18.72867012 0
    vertex 94.96094513 14.08612537 0
  endloop
endfacet
facet normal 0.9757021327 0.2191012282 -0
  outer loop
    vertex 93.1230011 23.32609749 -18
    vertex 93.1230011 23.32609749 0
    vertex 94.15538788 18.72867012 0
  endloop
endfacet
facet normal 0.8700870459 0.4928980955 -0
  outer loop
    vertex 82.34194946 49.35386276 -18
    vertex 82.34194946 49.35386276 0
    vertex 84.66444397 45.25408554 0
  endloop
endfacet
facet normal 0.9329929247 0.3598947103 -0
  outer loop
    vertex 88.69243622 36.73760986 -18
    vertex 88.69243622 36.73760986 0
    vertex 90.38822937 32.34142685 0
  endloop
endfacet
facet normal 0.9637759996 0.2667129966 -0
  outer loop
    vertex 91.86627197 27.86732864 -18
    vertex 91.86627197 27.86732864 0
    vertex 93.1230011 23.32609749 0
  endloop
endfacet
facet normal 0.9495281679 0.313681779 -0
  outer loop
    vertex 90.38822937 32.34142685 -18
    vertex 90.38822937 32.34142685 0
    vertex 91.86627197 27.86732864 0
  endloop
endfacet
facet normal 0.9142097916 0.405241233 -0
  outer loop
    vertex 86.78297424 41.04528809 -18
    vertex 86.78297424 41.04528809 0
    vertex 88.69243622 36.73760986 0
  endloop
endfacet
facet normal 0.8932243295 0.4496112734 -0
  outer loop
    vertex 84.66444397 45.25408554 -18
    vertex 84.66444397 45.25408554 0
    vertex 86.78297424 41.04528809 0
  endloop
endfacet
facet normal 0 0 -1
  outer loop
    vertex 44.80445099 17.69648552 -2
    vertex 42.37986755 19.68629074 -2
    vertex 53.69357681 31 -2
  endloop
endfacet
facet normal 0 -0 -1
  outer loop
    vertex 44.80445099 17.69648552 -2
    vertex 53.69357681 31 -2
    vertex 47.57064056 16.21792793 -2
  endloop
endfacet
facet normal 0 -0 -1
  outer loop
    vertex 47.57064056 16.21792793 -2
    vertex 53.69357681 31 -2
    vertex 50.5721283 15.30743599 -2
  endloop
endfacet
facet normal 0 0 -1
  outer loop
    vertex 50.5721283 15.30743599 -2
    vertex 53.69357681 31 -2
    vertex 53.69357681 15 -2
  endloop
endfacet
facet normal 0 0 -1
  outer loop
    vertex 53.69357681 15 -2
    vertex 53.69357681 31 -2
    vertex 56.81502151 15.30743599 -2
  endloop
endfacet
facet normal 0 0 -1
  outer loop
    vertex 56.81502151 15.30743599 -2
    vertex 53.69357681 31 -2
    vertex 59.81650925 16.21792793 -2
  endloop
endfacet
facet normal 0 0 -1
  outer loop
    vertex 59.81650925 16.21792793 -2
    vertex 53.69357681 31 -2
    vertex 62.58269882 17.69648552 -2
  endloop
endfacet
facet normal 0 -0 1
  outer loop
    vertex 4.451294422 0.6602871418 0
    vertex 95.53773499 9.409645081 0
    vertex 94.96094513 14.08612537 0
  endloop
endfacet
facet normal 0 -0 1
  outer loop
    vertex 4.451294422 0.6602871418 0
    vertex 94.96094513 14.08612537 0
    vertex 94.15538788 18.72867012 0
  endloop
endfacet
facet normal 0 -0 1
  outer loop
    vertex 4.5 0 0
    vertex 96 0 0
    vertex 95.88436127 4.710496902 0
  endloop
endfacet
facet normal 0 -0 1
  outer loop
    vertex 4.494579315 0.2208045274 0
    vertex 95.88436127 4.710496902 0
    vertex 95.53773499 9.409645081 0
  endloop
endfacet
facet normal 0 0 -1
  outer loop
    vertex 62.58269882 17.69648552 -2
    vertex 53.69357681 31 -2
    vertex 65.00728607 19.68629074 -2
  endloop
endfacet
facet normal 0 -0 1
  outer loop
    vertex 4.413533688 0.8779064417 0
    vertex 94.15538788 18.72867012 0
    vertex 93.1230011 23.32609749 0
  endloop
endfacet
facet normal 0 -0 1
  outer loop
    vertex 4.365140438 1.09341085 0
    vertex 93.1230011 23.32609749 0
    vertex 91.86627197 27.86732864 0
  endloop
endfacet
facet normal 0 -0 1
  outer loop
    vertex 4.23694849 1.516004324 0
    vertex 90.38822937 32.34142685 0
    vertex 88.69243622 36.73760986 0
  endloop
endfacet
facet normal 0 -0 1
  outer loop
    vertex 4.23694849 1.516004324 0
    vertex 91.86627197 27.86732864 0
    vertex 90.38822937 32.34142685 0
  endloop
endfacet
facet normal 0 -0 1
  outer loop
    vertex 4.067951679 1.923997879 0
    vertex 86.78297424 41.04528809 0
    vertex 84.66444397 45.25408554 0
  endloop
endfacet
facet normal 0 -0 1
  outer loop
    vertex 3.859778643 2.313462257 0
    vertex 82.34194946 49.35386276 0
    vertex 79.82108307 53.3347435 0
  endloop
endfacet
facet normal 0 -0 1
  outer loop
    vertex 3.968645573 2.1212852 0
    vertex 84.66444397 45.25408554 0
    vertex 82.34194946 49.35386276 0
  endloop
endfacet
facet normal 0 0 -1
  outer loop
    vertex 42.37986755 42.31370926 -2
    vertex 44.80445099 44.30351257 -2
    vertex 53.69357681 31 -2
  endloop
endfacet
facet normal 0 0 -1
  outer loop
    vertex 44.80445099 44.30351257 -2
    vertex 47.57064056 45.78207397 -2
    vertex 53.69357681 31 -2
  endloop
endfacet
facet normal 0 0 -1
  outer loop
    vertex 53.69357681 31 -2
    vertex 47.57064056 45.78207397 -2
    vertex 50.5721283 46.69256592 -2
  endloop
endfacet
facet normal 0 0 -1
  outer loop
    vertex 53.69357681 31 -2
    vertex 50.5721283 46.69256592 -2
    vertex 53.69357681 47 -2
  endloop
endfacet
facet normal 0 0 -1
  outer loop
    vertex 53.69357681 31 -2
    vertex 53.69357681 47 -2
    vertex 56.81502151 46.69256592 -2
  endloop
endfacet
facet normal 0 0 -1
  outer loop
    vertex 53.69357681 31 -2
    vertex 56.81502151 46.69256592 -2
    vertex 59.81650925 45.78207397 -2
  endloop
endfacet
facet normal 0 0 -1
  outer loop
    vertex 53.69357681 31 -2
    vertex 59.81650925 45.78207397 -2
    vertex 62.58269882 44.30351257 -2
  endloop
endfacet
facet normal 0 -0 1
  outer loop
    vertex 3.614434004 2.680646896 0
    vertex 77.10792542 57.18713379 0
    vertex 74.20900726 60.90175629 0
  endloop
endfacet
facet normal 0 -0 1
  outer loop
    vertex 3.18198061 3.18198061 0
    vertex 71.13130951 64.4696579 0
    vertex 67.88224792 67.88224792 0
  endloop
endfacet
facet normal 0 -0 1
  outer loop
    vertex 3.478547096 2.854769707 0
    vertex 74.20900726 60.90175629 0
    vertex 71.13130951 64.4696579 0
  endloop
endfacet
facet normal 0 -0 1
  outer loop
    vertex 3.614434004 2.680646896 0
    vertex 79.82108307 53.3347435 0
    vertex 77.10792542 57.18713379 0
  endloop
endfacet
facet normal 0 0 -1
  outer loop
    vertex 65.00728607 19.68629074 -2
    vertex 53.69357681 31 -2
    vertex 66.99708557 22.11087608 -2
  endloop
endfacet
facet normal 0 0 -1
  outer loop
    vertex 66.99708557 22.11087608 -2
    vertex 53.69357681 31 -2
    vertex 68.47564697 24.87706566 -2
  endloop
endfacet
facet normal 0 -0 -1
  outer loop
    vertex 53.69357681 31 -2
    vertex 69.38613892 27.8785553 -2
    vertex 68.47564697 24.87706566 -2
  endloop
endfacet
facet normal 0 -0 -1
  outer loop
    vertex 53.69357681 31 -2
    vertex 69.693573 31 -2
    vertex 69.38613892 27.8785553 -2
  endloop
endfacet
facet normal 0 0 -1
  outer loop
    vertex 53.69357681 31 -2
    vertex 69.38613892 34.1214447 -2
    vertex 69.693573 31 -2
  endloop
endfacet
facet normal 0 0 -1
  outer loop
    vertex 53.69357681 31 -2
    vertex 68.47564697 37.12293625 -2
    vertex 69.38613892 34.1214447 -2
  endloop
endfacet
facet normal 0 -0 1
  outer loop
    vertex 4.157457829 1.722075462 0
    vertex 88.69243622 36.73760986 0
    vertex 86.78297424 41.04528809 0
  endloop
endfacet
facet normal 0 0 -1
  outer loop
    vertex 53.69357681 31 -2
    vertex 65.00728607 42.31370926 -2
    vertex 66.99708557 39.88912201 -2
  endloop
endfacet
facet normal 0 0 -1
  outer loop
    vertex 53.69357681 31 -2
    vertex 62.58269882 44.30351257 -2
    vertex 65.00728607 42.31370926 -2
  endloop
endfacet
facet normal 0 0 -1
  outer loop
    vertex 53.69357681 31 -2
    vertex 66.99708557 39.88912201 -2
    vertex 68.47564697 37.12293625 -2
  endloop
endfacet
facet normal 0.6895411886 0.72424647 -0
  outer loop
    vertex 64.4696579 71.13130951 -18
    vertex 64.4696579 71.13130951 0
    vertex 67.88224792 67.88224792 0
  endloop
endfacet
facet normal 0.72424647 0.6895411886 -0
  outer loop
    vertex 67.88224792 67.88224792 -18
    vertex 67.88224792 67.88224792 0
    vertex 71.13130951 64.4696579 0
  endloop
endfacet
facet normal 0.4928980955 0.8700870459 0
  outer loop
    vertex 45.25408554 84.66444397 -12
    vertex 49.35386276 82.34194946 0
    vertex 49.35386276 82.34194946 -12
  endloop
endfacet
facet normal 0.5349978424 0.8448534243 0
  outer loop
    vertex 49.35386276 82.34194946 -12
    vertex 53.3347435 79.82108307 0
    vertex 53.3347435 79.82108307 -12
  endloop
endfacet
facet normal 0.5758079499 0.8175849832 0
  outer loop
    vertex 57.18713379 77.10792542 -12
    vertex 53.3347435 79.82108307 -12
    vertex 57.18713379 77.10792542 0
  endloop
endfacet
facet normal 0.6152313597 0.7883466078 3.435667576e-09
  outer loop
    vertex 57.18713379 77.10792542 -12
    vertex 60.90175629 74.20900726 0
    vertex 59.5 75.302948 -12
  endloop
endfacet
facet normal -1 0 0
  outer loop
    vertex 49.65000153 80.76216125 -18
    vertex 49.65000153 66.4621582 0
    vertex 49.65000153 80.76216125 0
  endloop
endfacet
facet normal 0.6531734098 0.7572083575 -0
  outer loop
    vertex 60.90175629 74.20900726 -18
    vertex 60.90175629 74.20900726 0
    vertex 64.4696579 71.13130951 0
  endloop
endfacet
facet normal 0.7883466024 0.6152313666 -0
  outer loop
    vertex 74.20900726 60.90175629 -18
    vertex 74.20900726 60.90175629 0
    vertex 77.10792542 57.18713379 0
  endloop
endfacet
facet normal 0.8448534243 0.5349978424 -0
  outer loop
    vertex 79.82108307 53.3347435 -18
    vertex 79.82108307 53.3347435 0
    vertex 82.34194946 49.35386276 0
  endloop
endfacet
facet normal 0.8175849832 0.5758079499 -0
  outer loop
    vertex 77.10792542 57.18713379 -18
    vertex 77.10792542 57.18713379 0
    vertex 79.82108307 53.3347435 0
  endloop
endfacet
facet normal 0.7572083575 0.6531734098 -0
  outer loop
    vertex 71.13130951 64.4696579 -18
    vertex 71.13130951 64.4696579 0
    vertex 74.20900726 60.90175629 0
  endloop
endfacet
facet normal 0.4928980955 0.8700870459 -0
  outer loop
    vertex 45.25408554 84.66444397 -12
    vertex 45.25408554 84.66444397 0
    vertex 49.35386276 82.34194946 0
  endloop
endfacet
facet normal 0.5349978424 0.8448534243 -0
  outer loop
    vertex 49.35386276 82.34194946 -12
    vertex 49.35386276 82.34194946 0
    vertex 53.3347435 79.82108307 0
  endloop
endfacet
facet normal 0.6152313666 0.7883466024 -0
  outer loop
    vertex 57.18713379 77.10792542 -12
    vertex 57.18713379 77.10792542 0
    vertex 60.90175629 74.20900726 0
  endloop
endfacet
facet normal 0.5758079499 0.8175849832 -0
  outer loop
    vertex 53.3347435 79.82108307 -12
    vertex 53.3347435 79.82108307 0
    vertex 57.18713379 77.10792542 0
  endloop
endfacet
facet normal 0 -0 1
  outer loop
    vertex 49.65000153 66.4621582 0
    vertex 53.3347435 79.82108307 0
    vertex 49.65000153 80.76216125 0
  endloop
endfacet
facet normal -0 -0 1
  outer loop
    vertex 45.25408554 84.66444397 0
    vertex 49.65000153 80.76216125 0
    vertex 49.35386276 82.34194946 0
  endloop
endfacet
facet normal 0 0 1
  outer loop
    vertex 49.35386276 82.34194946 0
    vertex 49.65000153 80.76216125 0
    vertex 53.3347435 79.82108307 0
  endloop
endfacet
facet normal 0 -0 1
  outer loop
    vertex 49.65000153 66.4621582 0
    vertex 57.18713379 77.10792542 0
    vertex 53.3347435 79.82108307 0
  endloop
endfacet
facet normal 0 -0 1
  outer loop
    vertex 49.65000153 66.4621582 0
    vertex 60.90175629 74.20900726 0
    vertex 57.18713379 77.10792542 0
  endloop
endfacet
facet normal 0 1 -0
  outer loop
    vertex 49.65000153 -80.76216125 -18
    vertex 35.34999847 -80.76216125 -18
    vertex 35.34999847 -80.76216125 0
  endloop
endfacet
facet normal 1 0 0
  outer loop
    vertex 35.34999847 -80.76216125 -18
    vertex 35.34999847 -66.4621582 -18
    vertex 35.34999847 -66.4621582 0
  endloop
endfacet
facet normal 0 -1 0
  outer loop
    vertex 35.34999847 -66.4621582 -18
    vertex 49.65000153 -66.4621582 -18
    vertex 49.65000153 -66.4621582 0
  endloop
endfacet
facet normal -1 0 0
  outer loop
    vertex 49.65000153 -66.4621582 -18
    vertex 49.65000153 -80.76216125 -18
    vertex 49.65000153 -80.76216125 0
  endloop
endfacet
facet normal 1 0 0
  outer loop
    vertex 35.34999847 -66.4621582 0
    vertex 35.34999847 -80.76216125 0
    vertex 35.34999847 -80.76216125 -18
  endloop
endfacet
facet normal -0 1 0
  outer loop
    vertex 35.34999847 -80.76216125 0
    vertex 49.65000153 -80.76216125 0
    vertex 49.65000153 -80.76216125 -18
  endloop
endfacet
facet normal -0 -1 -0
  outer loop
    vertex 49.65000153 -66.4621582 0
    vertex 35.34999847 -66.4621582 0
    vertex 35.34999847 -66.4621582 -18
  endloop
endfacet
facet normal -1 0 0
  outer loop
    vertex 49.65000153 -80.76216125 0
    vertex 49.65000153 -66.4621582 0
    vertex 49.65000153 -66.4621582 -18
  endloop
endfacet
endsolid seavolt
