solid seavolt
facet normal 0 0 -1
  outer loop
    vertex -92 -7 -16
    vertex -92 7 -16
    vertex -78 -7 -16
  endloop
endfacet
facet normal 0 -1 0
  outer loop
    vertex -92 -7 -16
    vertex -78 -7 -16
    vertex -92 -7 0
  endloop
endfacet
facet normal -1 0 0
  outer loop
    vertex -92 -7 -16
    vertex -92 -7 0
    vertex -92 7 0
  endloop
endfacet
facet normal 0 -1 0
  outer loop
    vertex -78 -7 -16
    vertex -78 -7 0
    vertex -92 -7 0
  endloop
endfacet
facet normal 1 0 -0
  outer loop
    vertex -78 -7 -16
    vertex -78 7 -16
    vertex -78 -7 0
  endloop
endfacet
facet normal 0 0 -1
  outer loop
    vertex -97 -12 0
    vertex -97 12 0
    vertex -92 -7 0
  endloop
endfacet
facet normal 0 0 -1
  outer loop
    vertex -97 -12 0
    vertex -92 -7 0
    vertex -73 -12 0
  endloop
endfacet
facet normal 0 0 -1
  outer loop
    vertex -92 -7 0
    vertex -78 -7 0
    vertex -73 -12 0
  endloop
endfacet
facet normal 0 0 -1
  outer loop
    vertex -73 -12 0
    vertex -78 -7 0
    vertex -78 7 0
  endloop
endfacet
facet normal 0 0 -1
  outer loop
    vertex -48.5 -6 0
    vertex -48.5 6 0
    vertex -36.5 -6 0
  endloop
endfacet
facet normal 0 -1 0
  outer loop
    vertex -48.5 -6 0
    vertex -36.5 -6 0
    vertex -48.5 -6 12
  endloop
endfacet
facet normal 1 0 -0
  outer loop
    vertex -36.5 -6 0
    vertex -36.5 6 0
    vertex -36.5 -6 12
  endloop
endfacet
facet normal 0 -1 0
  outer loop
    vertex -97 -12 0
    vertex -73 -12 0
    vertex -97 -12 30
  endloop
endfacet
facet normal 1 0 -0
  outer loop
    vertex -73 -12 0
    vertex -73 12 0
    vertex -73 -12 30
  endloop
endfacet
facet normal -1 0 0
  outer loop
    vertex -97 -12 0
    vertex -97 -12 30
    vertex -97 12 30
  endloop
endfacet
facet normal 0 -1 0
  outer loop
    vertex -73 -12 0
    vertex -73 -12 30
    vertex -97 -12 30
  endloop
endfacet
facet normal 0 0 1
  outer loop
    vertex -97 -12 30
    vertex -73 -12 30
    vertex -73 12 30
  endloop
endfacet
facet normal -1 0 0
  outer loop
    vertex -48.5 -6 0
    vertex -48.5 -6 12
    vertex -48.5 6 12
  endloop
endfacet
facet normal 0 -1 0
  outer loop
    vertex -36.5 -6 0
    vertex -36.5 -6 12
    vertex -48.5 -6 12
  endloop
endfacet
facet normal 0 0 1
  outer loop
    vertex -48.5 -6 12
    vertex -36.5 -6 12
    vertex -36.5 6 12
  endloop
endfacet
facet normal -1 0 0
  outer loop
    vertex -92 -7 -16
    vertex -92 7 0
    vertex -92 7 -16
  endloop
endfacet
facet normal 0 0 -1
  outer loop
    vertex -78 -7 -16
    vertex -92 7 -16
    vertex -78 7 -16
  endloop
endfacet
facet normal -0 1 0
  outer loop
    vertex -92 7 -16
    vertex -78 7 0
    vertex -78 7 -16
  endloop
endfacet
facet normal 0 1 0
  outer loop
    vertex -92 7 -16
    vertex -92 7 0
    vertex -78 7 0
  endloop
endfacet
facet normal 1 -0 0
  outer loop
    vertex -78 -7 0
    vertex -78 7 -16
    vertex -78 7 0
  endloop
endfacet
facet normal 0 0 -1
  outer loop
    vertex -92 -7 0
    vertex -97 12 0
    vertex -92 7 0
  endloop
endfacet
facet normal 0 0 -1
  outer loop
    vertex -92 7 0
    vertex -97 12 0
    vertex -78 7 0
  endloop
endfacet
facet normal 0 -0 -1
  outer loop
    vertex -97 12 0
    vertex -73 12 0
    vertex -78 7 0
  endloop
endfacet
facet normal 0 0 -1
  outer loop
    vertex -73 -12 0
    vertex -78 7 0
    vertex -73 12 0
  endloop
endfacet
facet normal 0 0 -1
  outer loop
    vertex -36.5 -6 0
    vertex -48.5 6 0
    vertex -36.5 6 0
  endloop
endfacet
facet normal -1 0 0
  outer loop
    vertex -48.5 -6 0
    vertex -48.5 6 12
    vertex -48.5 6 0
  endloop
endfacet
facet normal -0 1 0
  outer loop
    vertex -48.5 6 0
    vertex -36.5 6 12
    vertex -36.5 6 0
  endloop
endfacet
facet normal -1 0 0
  outer loop
    vertex -97 -12 0
    vertex -97 12 30
    vertex -97 12 0
  endloop
endfacet
facet normal -0 1 0
  outer loop
    vertex -97 12 0
    vertex -73 12 30
    vertex -73 12 0
  endloop
endfacet
facet normal 0 1 0
  outer loop
    vertex -97 12 0
    vertex -97 12 30
    vertex -73 12 30
  endloop
endfacet
facet normal 0 -0 1
  outer loop
    vertex -97 -12 30
    vertex -73 12 30
    vertex -97 12 30
  endloop
endfacet
facet normal 1 -0 0
  outer loop
    vertex -73 -12 30
    vertex -73 12 0
    vertex -73 12 30
  endloop
endfacet
facet normal 0 1 0
  outer loop
    vertex -48.5 6 0
    vertex -48.5 6 12
    vertex -36.5 6 12
  endloop
endfacet
facet normal 0 -0 1
  outer loop
    vertex -48.5 -6 12
    vertex -36.5 6 12
    vertex -48.5 6 12
  endloop
endfacet
facet normal 1 -0 0
  outer loop
    vertex -36.5 -6 12
    vertex -36.5 6 0
    vertex -36.5 6 12
  endloop
endfacet
facet normal 0 0 -1
  outer loop
    vertex -14.81902218 -13.43117905 0
    vertex -15.46020889 -12.68786526 0
    vertex -8.187509537 -7.420726299 0
  endloop
endfacet
facet normal 0 -0 -1
  outer loop
    vertex -14.81902218 -13.43117905 0
    vertex -7.813529968 -7.813529968 0
    vertex -14.14213562 -14.14213562 0
  endloop
endfacet
facet normal 0 0 -1
  outer loop
    vertex -19.40062523 -4.859603405 0
    vertex -19.61570549 -3.901806355 0
    vertex -10.71884537 -2.68493104 0
  endloop
endfacet
facet normal 0 0 -1
  outer loop
    vertex -19.61570549 -3.901806355 0
    vertex -19.78352928 -2.934609413 0
    vertex -10.837677 -2.155748129 0
  endloop
endfacet
facet normal 0 0 -1
  outer loop
    vertex -19.78352928 -2.934609413 0
    vertex -19.90369415 -1.960342765 0
    vertex -10.93040085 -1.621371746 0
  endloop
endfacet
facet normal 0 0 -1
  outer loop
    vertex -19.90369415 -1.960342765 0
    vertex -19.97590828 -0.9813534617 0
    vertex -10.99679089 -1.083089352 0
  endloop
endfacet
facet normal 0 0 -1
  outer loop
    vertex -19.97590828 -0.9813534617 0
    vertex -20 2.449293599e-15 0
    vertex -11.03668976 -0.5421978235 0
  endloop
endfacet
facet normal 0 0 -1
  outer loop
    vertex -17.15457153 -10.2820549 0
    vertex -17.63842583 -9.427934647 0
    vertex -9.477901459 -5.680835247 0
  endloop
endfacet
facet normal 0 0 -1
  outer loop
    vertex -16.62939262 -11.11140442 0
    vertex -17.15457153 -10.2820549 0
    vertex -9.187739372 -6.139050961 0
  endloop
endfacet
facet normal 0 0 -1
  outer loop
    vertex -18.0797863 -8.551101685 0
    vertex -18.47759056 -7.65366888 0
    vertex -9.989081383 -4.724483967 0
  endloop
endfacet
facet normal 0 -0 -1
  outer loop
    vertex -19.1388073 -5.805693626 0
    vertex -10.40406227 -3.722632885 0
    vertex -18.83088112 -6.73779726 0
  endloop
endfacet
facet normal 0 0 -1
  outer loop
    vertex -18.47759056 -7.65366888 0
    vertex -18.83088112 -6.73779726 0
    vertex -10.20886898 -4.228652 0
  endloop
endfacet
facet normal 0 -0 -1
  outer loop
    vertex -18.0797863 -8.551101685 0
    vertex -9.745229721 -5.20893383 0
    vertex -17.63842583 -9.427934647 0
  endloop
endfacet
facet normal 0 -0 -1
  outer loop
    vertex -16.62939262 -11.11140442 0
    vertex -8.875443459 -6.582477093 0
    vertex -16.06414986 -11.91398621 0
  endloop
endfacet
facet normal 0 0 -1
  outer loop
    vertex -15.46020889 -12.68786526 0
    vertex -16.06414986 -11.91398621 0
    vertex -8.541765213 -7.010046005 0
  endloop
endfacet
facet normal 0 0 -1
  outer loop
    vertex -17.15457153 -10.2820549 0
    vertex -9.477901459 -5.680835247 0
    vertex -9.187739372 -6.139050961 0
  endloop
endfacet
facet normal 0 0 -1
  outer loop
    vertex -17.63842583 -9.427934647 0
    vertex -9.745229721 -5.20893383 0
    vertex -9.477901459 -5.680835247 0
  endloop
endfacet
facet normal 0 0 -1
  outer loop
    vertex -18.0797863 -8.551101685 0
    vertex -9.989081383 -4.724483967 0
    vertex -9.745229721 -5.20893383 0
  endloop
endfacet
facet normal 0 0 -1
  outer loop
    vertex -18.47759056 -7.65366888 0
    vertex -10.20886898 -4.228652 0
    vertex -9.989081383 -4.724483967 0
  endloop
endfacet
facet normal 0 0 -1
  outer loop
    vertex -19.1388073 -5.805693626 0
    vertex -19.40062523 -4.859603405 0
    vertex -10.57419109 -3.207645655 0
  endloop
endfacet
facet normal 0 0 -1
  outer loop
    vertex -18.83088112 -6.73779726 0
    vertex -10.40406227 -3.722632885 0
    vertex -10.20886898 -4.228652 0
  endloop
endfacet
facet normal 0 0 -1
  outer loop
    vertex -19.1388073 -5.805693626 0
    vertex -10.57419109 -3.207645655 0
    vertex -10.40406227 -3.722632885 0
  endloop
endfacet
facet normal 0 0 -1
  outer loop
    vertex -19.40062523 -4.859603405 0
    vertex -10.71884537 -2.68493104 0
    vertex -10.57419109 -3.207645655 0
  endloop
endfacet
facet normal 0 0 -1
  outer loop
    vertex -19.61570549 -3.901806355 0
    vertex -10.837677 -2.155748129 0
    vertex -10.71884537 -2.68493104 0
  endloop
endfacet
facet normal 0 0 -1
  outer loop
    vertex -19.78352928 -2.934609413 0
    vertex -10.93040085 -1.621371746 0
    vertex -10.837677 -2.155748129 0
  endloop
endfacet
facet normal 0 0 -1
  outer loop
    vertex -19.90369415 -1.960342765 0
    vertex -10.99679089 -1.083089352 0
    vertex -10.93040085 -1.621371746 0
  endloop
endfacet
facet normal 0 0 -1
  outer loop
    vertex -19.97590828 -0.9813534617 0
    vertex -11.03668976 -0.5421978235 0
    vertex -10.99679089 -1.083089352 0
  endloop
endfacet
facet normal 0 0 -1
  outer loop
    vertex -11.03668976 -0.5421978235 0
    vertex -20 2.449293599e-15 0
    vertex -11.05000019 1.353234765e-15 0
  endloop
endfacet
facet normal 0 0 -1
  outer loop
    vertex -11.91398621 -16.06414986 0
    vertex -12.68786526 -15.46020889 0
    vertex -6.582477093 -8.875443459 0
  endloop
endfacet
facet normal 0 -0 -1
  outer loop
    vertex -11.91398621 -16.06414986 0
    vertex -6.139050961 -9.187739372 0
    vertex -11.11140442 -16.62939262 0
  endloop
endfacet
facet normal 0 0 -1
  outer loop
    vertex -13.43117905 -14.81902218 0
    vertex -14.14213562 -14.14213562 0
    vertex -7.420726299 -8.187509537 0
  endloop
endfacet
facet normal 0 -0 -1
  outer loop
    vertex -13.43117905 -14.81902218 0
    vertex -7.010046005 -8.541765213 0
    vertex -12.68786526 -15.46020889 0
  endloop
endfacet
facet normal 0 0 -1
  outer loop
    vertex -9.427934647 -17.63842583 0
    vertex -10.2820549 -17.15457153 0
    vertex -5.20893383 -9.745229721 0
  endloop
endfacet
facet normal 0 -0 -1
  outer loop
    vertex -11.11140442 -16.62939262 0
    vertex -5.680835247 -9.477901459 0
    vertex -10.2820549 -17.15457153 0
  endloop
endfacet
facet normal 0 -0 -1
  outer loop
    vertex -9.427934647 -17.63842583 0
    vertex -4.724483967 -9.989081383 0
    vertex -8.551101685 -18.0797863 0
  endloop
endfacet
facet normal 0 0 -1
  outer loop
    vertex -12.68786526 -15.46020889 0
    vertex -7.010046005 -8.541765213 0
    vertex -6.582477093 -8.875443459 0
  endloop
endfacet
facet normal 0 0 -1
  outer loop
    vertex -10.2820549 -17.15457153 0
    vertex -5.680835247 -9.477901459 0
    vertex -5.20893383 -9.745229721 0
  endloop
endfacet
facet normal 0 0 -1
  outer loop
    vertex -11.91398621 -16.06414986 0
    vertex -6.582477093 -8.875443459 0
    vertex -6.139050961 -9.187739372 0
  endloop
endfacet
facet normal 0 0 -1
  outer loop
    vertex -11.11140442 -16.62939262 0
    vertex -6.139050961 -9.187739372 0
    vertex -5.680835247 -9.477901459 0
  endloop
endfacet
facet normal 0 -0 -1
  outer loop
    vertex -6.73779726 -18.83088112 0
    vertex -3.207645655 -10.57419109 0
    vertex -5.805693626 -19.1388073 0
  endloop
endfacet
facet normal 0 -0 -1
  outer loop
    vertex -5.805693626 -19.1388073 0
    vertex -2.68493104 -10.71884537 0
    vertex -4.859603405 -19.40062523 0
  endloop
endfacet
facet normal 0 -0 -1
  outer loop
    vertex -4.859603405 -19.40062523 0
    vertex -2.155748129 -10.837677 0
    vertex -3.901806355 -19.61570549 0
  endloop
endfacet
facet normal 0 -0 -1
  outer loop
    vertex -3.901806355 -19.61570549 0
    vertex -1.621371746 -10.93040085 0
    vertex -2.934609413 -19.78352928 0
  endloop
endfacet
facet normal 0 -0 -1
  outer loop
    vertex -8.551101685 -18.0797863 0
    vertex -4.228652 -10.20886898 0
    vertex -7.65366888 -18.47759056 0
  endloop
endfacet
facet normal 0 -0 -1
  outer loop
    vertex -7.65366888 -18.47759056 0
    vertex -3.722632885 -10.40406227 0
    vertex -6.73779726 -18.83088112 0
  endloop
endfacet
facet normal 0 0 -1
  outer loop
    vertex -9.427934647 -17.63842583 0
    vertex -5.20893383 -9.745229721 0
    vertex -4.724483967 -9.989081383 0
  endloop
endfacet
facet normal 0 0 -1
  outer loop
    vertex -8.551101685 -18.0797863 0
    vertex -4.724483967 -9.989081383 0
    vertex -4.228652 -10.20886898 0
  endloop
endfacet
facet normal 0 0 -1
  outer loop
    vertex -7.65366888 -18.47759056 0
    vertex -4.228652 -10.20886898 0
    vertex -3.722632885 -10.40406227 0
  endloop
endfacet
facet normal 0 0 -1
  outer loop
    vertex -5.805693626 -19.1388073 0
    vertex -3.207645655 -10.57419109 0
    vertex -2.68493104 -10.71884537 0
  endloop
endfacet
facet normal 0 0 -1
  outer loop
    vertex -4.859603405 -19.40062523 0
    vertex -2.68493104 -10.71884537 0
    vertex -2.155748129 -10.837677 0
  endloop
endfacet
facet normal 0 0 -1
  outer loop
    vertex -3.901806355 -19.61570549 0
    vertex -2.155748129 -10.837677 0
    vertex -1.621371746 -10.93040085 0
  endloop
endfacet
facet normal 0 0 -1
  outer loop
    vertex -6.73779726 -18.83088112 0
    vertex -3.722632885 -10.40406227 0
    vertex -3.207645655 -10.57419109 0
  endloop
endfacet
facet normal 0 0 -1
  outer loop
    vertex -15.46020889 -12.68786526 0
    vertex -8.541765213 -7.010046005 0
    vertex -8.187509537 -7.420726299 0
  endloop
endfacet
facet normal 0 0 -1
  outer loop
    vertex -16.06414986 -11.91398621 0
    vertex -8.875443459 -6.582477093 0
    vertex -8.541765213 -7.010046005 0
  endloop
endfacet
facet normal 0 0 -1
  outer loop
    vertex -14.81902218 -13.43117905 0
    vertex -8.187509537 -7.420726299 0
    vertex -7.813529968 -7.813529968 0
  endloop
endfacet
facet normal 0 0 -1
  outer loop
    vertex -14.14213562 -14.14213562 0
    vertex -7.813529968 -7.813529968 0
    vertex -7.420726299 -8.187509537 0
  endloop
endfacet
facet normal 0 0 -1
  outer loop
    vertex -16.62939262 -11.11140442 0
    vertex -9.187739372 -6.139050961 0
    vertex -8.875443459 -6.582477093 0
  endloop
endfacet
facet normal 0 0 -1
  outer loop
    vertex -13.43117905 -14.81902218 0
    vertex -7.420726299 -8.187509537 0
    vertex -7.010046005 -8.541765213 0
  endloop
endfacet
facet normal -0.7242472708 -0.6895403474 0
  outer loop
    vertex -14.81902218 -13.43117905 0
    vertex -14.14213562 -14.14213562 0
    vertex -14.81902218 -13.43117905 12
  endloop
endfacet
facet normal -0.7883465143 -0.6152314795 -0
  outer loop
    vertex -15.46020889 -12.68786526 0
    vertex -16.06414986 -11.91398621 12
    vertex -16.06414986 -11.91398621 0
  endloop
endfacet
facet normal -0.817584382 -0.5758088036 0
  outer loop
    vertex -16.62939262 -11.11140442 0
    vertex -16.06414986 -11.91398621 0
    vertex -16.62939262 -11.11140442 12
  endloop
endfacet
facet normal -0.7572089322 -0.6531727436 -0
  outer loop
    vertex -14.81902218 -13.43117905 0
    vertex -15.46020889 -12.68786526 12
    vertex -15.46020889 -12.68786526 0
  endloop
endfacet
facet normal -0.6531727436 -0.7572089322 0
  outer loop
    vertex -13.43117905 -14.81902218 0
    vertex -12.68786526 -15.46020889 0
    vertex -13.43117905 -14.81902218 12
  endloop
endfacet
facet normal -0.6895403474 -0.7242472708 -0
  outer loop
    vertex -13.43117905 -14.81902218 0
    vertex -14.14213562 -14.14213562 12
    vertex -14.14213562 -14.14213562 0
  endloop
endfacet
facet normal -0.6152314795 -0.7883465143 -0
  outer loop
    vertex -11.91398621 -16.06414986 0
    vertex -12.68786526 -15.46020889 12
    vertex -12.68786526 -15.46020889 0
  endloop
endfacet
facet normal -0.949527959 -0.3136824111 0
  outer loop
    vertex -19.1388073 -5.805693626 0
    vertex -18.83088112 -6.73779726 0
    vertex -19.1388073 -5.805693626 12
  endloop
endfacet
facet normal -0.8932243623 -0.4496112084 0
  outer loop
    vertex -18.0797863 -8.551101685 0
    vertex -17.63842583 -9.427934647 0
    vertex -18.0797863 -8.551101685 12
  endloop
endfacet
facet normal -0.8700864904 -0.4928990761 -0
  outer loop
    vertex -17.15457153 -10.2820549 0
    vertex -17.63842583 -9.427934647 12
    vertex -17.63842583 -9.427934647 0
  endloop
endfacet
facet normal -0.8448539708 -0.5349969794 -0
  outer loop
    vertex -16.62939262 -11.11140442 0
    vertex -17.15457153 -10.2820549 12
    vertex -17.15457153 -10.2820549 0
  endloop
endfacet
facet normal -0.914209885 -0.4052410223 -0
  outer loop
    vertex -18.0797863 -8.551101685 0
    vertex -18.47759056 -7.65366888 12
    vertex -18.47759056 -7.65366888 0
  endloop
endfacet
facet normal -0.9329928369 -0.3598949379 -0
  outer loop
    vertex -18.47759056 -7.65366888 0
    vertex -18.83088112 -6.73779726 12
    vertex -18.83088112 -6.73779726 0
  endloop
endfacet
facet normal -0.9757021864 -0.2191009891 -0
  outer loop
    vertex -19.40062523 -4.859603405 0
    vertex -19.61570549 -3.901806355 12
    vertex -19.61570549 -3.901806355 0
  endloop
endfacet
facet normal -0.9637761949 -0.2667122909 -0
  outer loop
    vertex -19.1388073 -5.805693626 0
    vertex -19.40062523 -4.859603405 12
    vertex -19.40062523 -4.859603405 0
  endloop
endfacet
facet normal -0.9852777793 -0.1709610996 -0
  outer loop
    vertex -19.61570549 -3.901806355 0
    vertex -19.78352928 -2.934609413 12
    vertex -19.78352928 -2.934609413 0
  endloop
endfacet
facet normal -0.9924794676 -0.1224112183 -0
  outer loop
    vertex -19.78352928 -2.934609413 0
    vertex -19.90369415 -1.960342765 12
    vertex -19.90369415 -1.960342765 0
  endloop
endfacet
facet normal -0.9972904913 -0.07356409468 -0
  outer loop
    vertex -19.90369415 -1.960342765 0
    vertex -19.97590828 -0.9813534617 12
    vertex -19.97590828 -0.9813534617 0
  endloop
endfacet
facet normal -0.9996987976 -0.0245420891 -0
  outer loop
    vertex -19.97590828 -0.9813534617 0
    vertex -20 2.449293599e-15 12
    vertex -20 2.449293599e-15 0
  endloop
endfacet
facet normal -0.5758088036 -0.817584382 0
  outer loop
    vertex -11.91398621 -16.06414986 0
    vertex -11.11140442 -16.62939262 0
    vertex -11.91398621 -16.06414986 12
  endloop
endfacet
facet normal -0.5349969794 -0.8448539708 0
  outer loop
    vertex -11.11140442 -16.62939262 0
    vertex -10.2820549 -17.15457153 0
    vertex -11.11140442 -16.62939262 12
  endloop
endfacet
facet normal -0.4928990761 -0.8700864904 -0
  outer loop
    vertex -9.427934647 -17.63842583 0
    vertex -10.2820549 -17.15457153 12
    vertex -10.2820549 -17.15457153 0
  endloop
endfacet
facet normal -0.4496112084 -0.8932243623 0
  outer loop
    vertex -9.427934647 -17.63842583 0
    vertex -8.551101685 -18.0797863 0
    vertex -9.427934647 -17.63842583 12
  endloop
endfacet
facet normal -0.4052410223 -0.914209885 0
  outer loop
    vertex -8.551101685 -18.0797863 0
    vertex -7.65366888 -18.47759056 0
    vertex -8.551101685 -18.0797863 12
  endloop
endfacet
facet normal -0.3598949379 -0.9329928369 0
  outer loop
    vertex -7.65366888 -18.47759056 0
    vertex -6.73779726 -18.83088112 0
    vertex -7.65366888 -18.47759056 12
  endloop
endfacet
facet normal -0.3136824111 -0.949527959 0
  outer loop
    vertex -6.73779726 -18.83088112 0
    vertex -5.805693626 -19.1388073 0
    vertex -6.73779726 -18.83088112 12
  endloop
endfacet
facet normal -0.2667122909 -0.9637761949 0
  outer loop
    vertex -5.805693626 -19.1388073 0
    vertex -4.859603405 -19.40062523 0
    vertex -5.805693626 -19.1388073 12
  endloop
endfacet
facet normal -0.2191009891 -0.9757021864 0
  outer loop
    vertex -4.859603405 -19.40062523 0
    vertex -3.901806355 -19.61570549 0
    vertex -4.859603405 -19.40062523 12
  endloop
endfacet
facet normal -0.1709610996 -0.9852777793 0
  outer loop
    vertex -3.901806355 -19.61570549 0
    vertex -2.934609413 -19.78352928 0
    vertex -3.901806355 -19.61570549 12
  endloop
endfacet
facet normal -0.1224112183 -0.9924794676 0
  outer loop
    vertex -2.934609413 -19.78352928 0
    vertex -1.960342765 -19.90369415 0
    vertex -2.934609413 -19.78352928 12
  endloop
endfacet
facet normal 0.2191006049 0.9757022727 -0
  outer loop
    vertex -2.68493104 -10.71884537 0
    vertex -2.68493104 -10.71884537 7.599999905
    vertex -2.155748129 -10.837677 0
  endloop
endfacet
facet normal 0.2191006049 0.9757022727 0
  outer loop
    vertex -2.155748129 -10.837677 0
    vertex -2.68493104 -10.71884537 7.599999905
    vertex -2.155748129 -10.837677 7.599999905
  endloop
endfacet
facet normal 0.8700874563 0.4928973711 -0
  outer loop
    vertex -9.477901459 -5.680835247 0
    vertex -9.745229721 -5.20893383 0
    vertex -9.745229721 -5.20893383 7.599999905
  endloop
endfacet
facet normal 0.6531732852 0.757208465 -0
  outer loop
    vertex -7.420726299 -8.187509537 0
    vertex -7.420726299 -8.187509537 7.599999905
    vertex -7.010046005 -8.541765213 0
  endloop
endfacet
facet normal 0.7883462566 0.6152318097 -0
  outer loop
    vertex -8.541765213 -7.010046005 0
    vertex -8.875443459 -6.582477093 0
    vertex -8.875443459 -6.582477093 7.599999905
  endloop
endfacet
facet normal 0.757208465 0.6531732852 -0
  outer loop
    vertex -8.541765213 -7.010046005 0
    vertex -8.541765213 -7.010046005 7.599999905
    vertex -8.187509537 -7.420726299 0
  endloop
endfacet
facet normal 0.8175848163 0.575808187 -0
  outer loop
    vertex -9.187739372 -6.139050961 0
    vertex -9.187739372 -6.139050961 7.599999905
    vertex -8.875443459 -6.582477093 0
  endloop
endfacet
facet normal 0.8448534102 0.5349978647 -0
  outer loop
    vertex -9.477901459 -5.680835247 0
    vertex -9.477901459 -5.680835247 7.599999905
    vertex -9.187739372 -6.139050961 0
  endloop
endfacet
facet normal 0.7242476479 0.6895399514 -0
  outer loop
    vertex -8.187509537 -7.420726299 0
    vertex -8.187509537 -7.420726299 7.599999905
    vertex -7.813529968 -7.813529968 0
  endloop
endfacet
facet normal 0.6895399514 0.7242476479 -0
  outer loop
    vertex -7.420726299 -8.187509537 0
    vertex -7.813529968 -7.813529968 0
    vertex -7.813529968 -7.813529968 7.599999905
  endloop
endfacet
facet normal 0.9637762277 0.2667121724 -0
  outer loop
    vertex -10.71884537 -2.68493104 0
    vertex -10.71884537 -2.68493104 7.599999905
    vertex -10.57419109 -3.207645655 0
  endloop
endfacet
facet normal 0.9142094805 0.4052419349 -0
  outer loop
    vertex -10.20886898 -4.228652 0
    vertex -10.20886898 -4.228652 7.599999905
    vertex -9.989081383 -4.724483967 0
  endloop
endfacet
facet normal 0.8932242325 0.4496114661 -0
  outer loop
    vertex -9.745229721 -5.20893383 0
    vertex -9.989081383 -4.724483967 0
    vertex -9.989081383 -4.724483967 7.599999905
  endloop
endfacet
facet normal 0.9329926883 0.3598953231 -0
  outer loop
    vertex -10.20886898 -4.228652 0
    vertex -10.40406227 -3.722632885 0
    vertex -10.40406227 -3.722632885 7.599999905
  endloop
endfacet
facet normal 0.9495281688 0.3136817762 -0
  outer loop
    vertex -10.40406227 -3.722632885 0
    vertex -10.57419109 -3.207645655 0
    vertex -10.57419109 -3.207645655 7.599999905
  endloop
endfacet
facet normal 0.9757022727 0.2191006049 -0
  outer loop
    vertex -10.71884537 -2.68493104 0
    vertex -10.837677 -2.155748129 0
    vertex -10.837677 -2.155748129 7.599999905
  endloop
endfacet
facet normal 0.98527741 0.1709632278 -0
  outer loop
    vertex -10.837677 -2.155748129 0
    vertex -10.93040085 -1.621371746 0
    vertex -10.93040085 -1.621371746 7.599999905
  endloop
endfacet
facet normal 0.9924797056 0.1224092885 -0
  outer loop
    vertex -10.93040085 -1.621371746 0
    vertex -10.99679089 -1.083089352 0
    vertex -10.99679089 -1.083089352 7.599999905
  endloop
endfacet
facet normal 0.9972904139 0.07356514361 -0
  outer loop
    vertex -10.99679089 -1.083089352 0
    vertex -11.03668976 -0.5421978235 0
    vertex -11.03668976 -0.5421978235 7.599999905
  endloop
endfacet
facet normal 0.9996988086 0.02454163936 -0
  outer loop
    vertex -11.03668976 -0.5421978235 0
    vertex -11.05000019 1.353234765e-15 0
    vertex -11.05000019 1.353234765e-15 7.599999905
  endloop
endfacet
facet normal 0.6152318097 0.7883462566 -0
  outer loop
    vertex -6.582477093 -8.875443459 0
    vertex -7.010046005 -8.541765213 0
    vertex -7.010046005 -8.541765213 7.599999905
  endloop
endfacet
facet normal 0.575808187 0.8175848163 -0
  outer loop
    vertex -6.582477093 -8.875443459 0
    vertex -6.582477093 -8.875443459 7.599999905
    vertex -6.139050961 -9.187739372 0
  endloop
endfacet
facet normal 0.5349978647 0.8448534102 -0
  outer loop
    vertex -6.139050961 -9.187739372 0
    vertex -6.139050961 -9.187739372 7.599999905
    vertex -5.680835247 -9.477901459 0
  endloop
endfacet
facet normal 0.4928973711 0.8700874563 -0
  outer loop
    vertex -5.680835247 -9.477901459 0
    vertex -5.680835247 -9.477901459 7.599999905
    vertex -5.20893383 -9.745229721 0
  endloop
endfacet
facet normal 0.4496114661 0.8932242325 -0
  outer loop
    vertex -5.20893383 -9.745229721 0
    vertex -5.20893383 -9.745229721 7.599999905
    vertex -4.724483967 -9.989081383 0
  endloop
endfacet
facet normal 0.4052419349 0.9142094805 -0
  outer loop
    vertex -4.724483967 -9.989081383 0
    vertex -4.724483967 -9.989081383 7.599999905
    vertex -4.228652 -10.20886898 0
  endloop
endfacet
facet normal 0.3598953231 0.9329926883 -0
  outer loop
    vertex -4.228652 -10.20886898 0
    vertex -4.228652 -10.20886898 7.599999905
    vertex -3.722632885 -10.40406227 0
  endloop
endfacet
facet normal 0.3136817762 0.9495281688 -0
  outer loop
    vertex -3.722632885 -10.40406227 0
    vertex -3.722632885 -10.40406227 7.599999905
    vertex -3.207645655 -10.57419109 0
  endloop
endfacet
facet normal 0.2667121724 0.9637762277 -0
  outer loop
    vertex -2.68493104 -10.71884537 0
    vertex -3.207645655 -10.57419109 0
    vertex -3.207645655 -10.57419109 7.599999905
  endloop
endfacet
facet normal 0.8700874563 0.4928973711 0
  outer loop
    vertex -9.477901459 -5.680835247 0
    vertex -9.745229721 -5.20893383 7.599999905
    vertex -9.477901459 -5.680835247 7.599999905
  endloop
endfacet
facet normal 0.6895399514 0.7242476479 0
  outer loop
    vertex -7.420726299 -8.187509537 0
    vertex -7.813529968 -7.813529968 7.599999905
    vertex -7.420726299 -8.187509537 7.599999905
  endloop
endfacet
facet normal 0.6531732852 0.757208465 0
  outer loop
    vertex -7.010046005 -8.541765213 0
    vertex -7.420726299 -8.187509537 7.599999905
    vertex -7.010046005 -8.541765213 7.599999905
  endloop
endfacet
facet normal 0.7883462566 0.6152318097 0
  outer loop
    vertex -8.541765213 -7.010046005 0
    vertex -8.875443459 -6.582477093 7.599999905
    vertex -8.541765213 -7.010046005 7.599999905
  endloop
endfacet
facet normal 0.757208465 0.6531732852 0
  outer loop
    vertex -8.187509537 -7.420726299 0
    vertex -8.541765213 -7.010046005 7.599999905
    vertex -8.187509537 -7.420726299 7.599999905
  endloop
endfacet
facet normal 0.8175848163 0.575808187 0
  outer loop
    vertex -8.875443459 -6.582477093 0
    vertex -9.187739372 -6.139050961 7.599999905
    vertex -8.875443459 -6.582477093 7.599999905
  endloop
endfacet
facet normal 0.8448534102 0.5349978647 0
  outer loop
    vertex -9.187739372 -6.139050961 0
    vertex -9.477901459 -5.680835247 7.599999905
    vertex -9.187739372 -6.139050961 7.599999905
  endloop
endfacet
facet normal 0.7242476479 0.6895399514 0
  outer loop
    vertex -7.813529968 -7.813529968 0
    vertex -8.187509537 -7.420726299 7.599999905
    vertex -7.813529968 -7.813529968 7.599999905
  endloop
endfacet
facet normal 0.9637762277 0.2667121724 0
  outer loop
    vertex -10.57419109 -3.207645655 0
    vertex -10.71884537 -2.68493104 7.599999905
    vertex -10.57419109 -3.207645655 7.599999905
  endloop
endfacet
facet normal 0.9142094805 0.4052419349 0
  outer loop
    vertex -9.989081383 -4.724483967 0
    vertex -10.20886898 -4.228652 7.599999905
    vertex -9.989081383 -4.724483967 7.599999905
  endloop
endfacet
facet normal 0.9329926883 0.3598953231 0
  outer loop
    vertex -10.20886898 -4.228652 0
    vertex -10.40406227 -3.722632885 7.599999905
    vertex -10.20886898 -4.228652 7.599999905
  endloop
endfacet
facet normal 0.8932242325 0.4496114661 0
  outer loop
    vertex -9.745229721 -5.20893383 0
    vertex -9.989081383 -4.724483967 7.599999905
    vertex -9.745229721 -5.20893383 7.599999905
  endloop
endfacet
facet normal 0.9495281688 0.3136817762 0
  outer loop
    vertex -10.40406227 -3.722632885 0
    vertex -10.57419109 -3.207645655 7.599999905
    vertex -10.40406227 -3.722632885 7.599999905
  endloop
endfacet
facet normal 0.9757022727 0.2191006049 0
  outer loop
    vertex -10.71884537 -2.68493104 0
    vertex -10.837677 -2.155748129 7.599999905
    vertex -10.71884537 -2.68493104 7.599999905
  endloop
endfacet
facet normal 0.9924797056 0.1224092885 0
  outer loop
    vertex -10.93040085 -1.621371746 0
    vertex -10.99679089 -1.083089352 7.599999905
    vertex -10.93040085 -1.621371746 7.599999905
  endloop
endfacet
facet normal 0.98527741 0.1709632278 0
  outer loop
    vertex -10.837677 -2.155748129 0
    vertex -10.93040085 -1.621371746 7.599999905
    vertex -10.837677 -2.155748129 7.599999905
  endloop
endfacet
facet normal 0.9972904139 0.07356514361 0
  outer loop
    vertex -10.99679089 -1.083089352 0
    vertex -11.03668976 -0.5421978235 7.599999905
    vertex -10.99679089 -1.083089352 7.599999905
  endloop
endfacet
facet normal 0.9996988086 0.02454163936 0
  outer loop
    vertex -11.03668976 -0.5421978235 0
    vertex -11.05000019 1.353234765e-15 7.599999905
    vertex -11.03668976 -0.5421978235 7.599999905
  endloop
endfacet
facet normal 0.6152318097 0.7883462566 0
  outer loop
    vertex -6.582477093 -8.875443459 0
    vertex -7.010046005 -8.541765213 7.599999905
    vertex -6.582477093 -8.875443459 7.599999905
  endloop
endfacet
facet normal 0.575808187 0.8175848163 0
  outer loop
    vertex -6.139050961 -9.187739372 0
    vertex -6.582477093 -8.875443459 7.599999905
    vertex -6.139050961 -9.187739372 7.599999905
  endloop
endfacet
facet normal 0.5349978647 0.8448534102 0
  outer loop
    vertex -5.680835247 -9.477901459 0
    vertex -6.139050961 -9.187739372 7.599999905
    vertex -5.680835247 -9.477901459 7.599999905
  endloop
endfacet
facet normal 0.4928973711 0.8700874563 0
  outer loop
    vertex -5.20893383 -9.745229721 0
    vertex -5.680835247 -9.477901459 7.599999905
    vertex -5.20893383 -9.745229721 7.599999905
  endloop
endfacet
facet normal 0.4496114661 0.8932242325 0
  outer loop
    vertex -4.724483967 -9.989081383 0
    vertex -5.20893383 -9.745229721 7.599999905
    vertex -4.724483967 -9.989081383 7.599999905
  endloop
endfacet
facet normal 0.4052419349 0.9142094805 0
  outer loop
    vertex -4.228652 -10.20886898 0
    vertex -4.724483967 -9.989081383 7.599999905
    vertex -4.228652 -10.20886898 7.599999905
  endloop
endfacet
facet normal 0.3598953231 0.9329926883 0
  outer loop
    vertex -3.722632885 -10.40406227 0
    vertex -4.228652 -10.20886898 7.599999905
    vertex -3.722632885 -10.40406227 7.599999905
  endloop
endfacet
facet normal 0.3136817762 0.9495281688 0
  outer loop
    vertex -3.207645655 -10.57419109 0
    vertex -3.722632885 -10.40406227 7.599999905
    vertex -3.207645655 -10.57419109 7.599999905
  endloop
endfacet
facet normal 0.2667121724 0.9637762277 0
  outer loop
    vertex -2.68493104 -10.71884537 0
    vertex -3.207645655 -10.57419109 7.599999905
    vertex -2.68493104 -10.71884537 7.599999905
  endloop
endfacet
facet normal -0.8660253407 -0.5000001094 0
  outer loop
    vertex 13.05384731 -34.60992813 0
    vertex 19.05384827 -45.0022316 0
    vertex 13.05384731 -34.60992813 12
  endloop
endfacet
facet normal 0 -0 -1
  outer loop
    vertex -2.934609413 -19.78352928 0
    vertex -1.083089352 -10.99679089 0
    vertex -1.960342765 -19.90369415 0
  endloop
endfacet
facet normal 0 -0 -1
  outer loop
    vertex -1.960342765 -19.90369415 0
    vertex -0.5421978235 -11.03668976 0
    vertex -0.9813534617 -19.97590828 0
  endloop
endfacet
facet normal 0 -0 -1
  outer loop
    vertex -0.9813534617 -19.97590828 0
    vertex -2.029851989e-15 -11.05000019 0
    vertex -3.673940187e-15 -20 0
  endloop
endfacet
facet normal 0 0 -1
  outer loop
    vertex -3.673940187e-15 -20 0
    vertex 0.5421978235 -11.03668976 0
    vertex 0.9813534617 -19.97590828 0
  endloop
endfacet
facet normal 0 0 -1
  outer loop
    vertex 0.9813534617 -19.97590828 0
    vertex 1.083089352 -10.99679089 0
    vertex 1.960342765 -19.90369415 0
  endloop
endfacet
facet normal 0 0 -1
  outer loop
    vertex 1.960342765 -19.90369415 0
    vertex 1.621371746 -10.93040085 0
    vertex 2.934609413 -19.78352928 0
  endloop
endfacet
facet normal 0 0 -1
  outer loop
    vertex -2.934609413 -19.78352928 0
    vertex -1.621371746 -10.93040085 0
    vertex -1.083089352 -10.99679089 0
  endloop
endfacet
facet normal 0 0 -1
  outer loop
    vertex -1.960342765 -19.90369415 0
    vertex -1.083089352 -10.99679089 0
    vertex -0.5421978235 -11.03668976 0
  endloop
endfacet
facet normal 0 0 -1
  outer loop
    vertex -0.9813534617 -19.97590828 0
    vertex -0.5421978235 -11.03668976 0
    vertex -2.029851989e-15 -11.05000019 0
  endloop
endfacet
facet normal 0 0 -1
  outer loop
    vertex -3.673940187e-15 -20 0
    vertex -2.029851989e-15 -11.05000019 0
    vertex 0.5421978235 -11.03668976 0
  endloop
endfacet
facet normal 0 0 -1
  outer loop
    vertex 0.9813534617 -19.97590828 0
    vertex 0.5421978235 -11.03668976 0
    vertex 1.083089352 -10.99679089 0
  endloop
endfacet
facet normal 0 0 -1
  outer loop
    vertex 1.960342765 -19.90369415 0
    vertex 1.083089352 -10.99679089 0
    vertex 1.621371746 -10.93040085 0
  endloop
endfacet
facet normal 0 0 -1
  outer loop
    vertex 1.621371746 -10.93040085 0
    vertex 2.155748129 -10.837677 0
    vertex 2.934609413 -19.78352928 0
  endloop
endfacet
facet normal 0 -0 -1
  outer loop
    vertex 2.155748129 -10.837677 0
    vertex 3.901806355 -19.61570549 0
    vertex 2.934609413 -19.78352928 0
  endloop
endfacet
facet normal 0 0 -1
  outer loop
    vertex 3.901806355 -19.61570549 0
    vertex 2.68493104 -10.71884537 0
    vertex 4.859603405 -19.40062523 0
  endloop
endfacet
facet normal 0 0 -1
  outer loop
    vertex 4.859603405 -19.40062523 0
    vertex 3.207645655 -10.57419109 0
    vertex 5.805693626 -19.1388073 0
  endloop
endfacet
facet normal 0 0 -1
  outer loop
    vertex 5.805693626 -19.1388073 0
    vertex 3.722632885 -10.40406227 0
    vertex 6.73779726 -18.83088112 0
  endloop
endfacet
facet normal 0 0 -1
  outer loop
    vertex 2.155748129 -10.837677 0
    vertex 2.68493104 -10.71884537 0
    vertex 3.901806355 -19.61570549 0
  endloop
endfacet
facet normal 0 0 -1
  outer loop
    vertex 4.859603405 -19.40062523 0
    vertex 2.68493104 -10.71884537 0
    vertex 3.207645655 -10.57419109 0
  endloop
endfacet
facet normal 0 0 -1
  outer loop
    vertex 5.805693626 -19.1388073 0
    vertex 3.207645655 -10.57419109 0
    vertex 3.722632885 -10.40406227 0
  endloop
endfacet
facet normal 0 0 -1
  outer loop
    vertex 6.73779726 -18.83088112 0
    vertex 4.228652 -10.20886898 0
    vertex 7.65366888 -18.47759056 0
  endloop
endfacet
facet normal 0 -0 -1
  outer loop
    vertex 4.724483967 -9.989081383 0
    vertex 8.551101685 -18.0797863 0
    vertex 7.65366888 -18.47759056 0
  endloop
endfacet
facet normal 0 0 -1
  outer loop
    vertex 6.73779726 -18.83088112 0
    vertex 3.722632885 -10.40406227 0
    vertex 4.228652 -10.20886898 0
  endloop
endfacet
facet normal 0 0 -1
  outer loop
    vertex 4.228652 -10.20886898 0
    vertex 4.724483967 -9.989081383 0
    vertex 7.65366888 -18.47759056 0
  endloop
endfacet
facet normal 0 0 -1
  outer loop
    vertex 4.724483967 -9.989081383 0
    vertex 5.20893383 -9.745229721 0
    vertex 8.551101685 -18.0797863 0
  endloop
endfacet
facet normal 0 0 -1
  outer loop
    vertex 5.20893383 -9.745229721 0
    vertex 5.680835247 -9.477901459 0
    vertex 9.427934647 -17.63842583 0
  endloop
endfacet
facet normal 0 -0 -1
  outer loop
    vertex 5.20893383 -9.745229721 0
    vertex 9.427934647 -17.63842583 0
    vertex 8.551101685 -18.0797863 0
  endloop
endfacet
facet normal 0 -0 -1
  outer loop
    vertex 5.680835247 -9.477901459 0
    vertex 10.2820549 -17.15457153 0
    vertex 9.427934647 -17.63842583 0
  endloop
endfacet
facet normal 0 -0 -1
  outer loop
    vertex 6.139050961 -9.187739372 0
    vertex 11.11140442 -16.62939262 0
    vertex 10.2820549 -17.15457153 0
  endloop
endfacet
facet normal 0 0 -1
  outer loop
    vertex 5.680835247 -9.477901459 0
    vertex 6.139050961 -9.187739372 0
    vertex 10.2820549 -17.15457153 0
  endloop
endfacet
facet normal 0 0 -1
  outer loop
    vertex 6.139050961 -9.187739372 0
    vertex 6.582477093 -8.875443459 0
    vertex 11.11140442 -16.62939262 0
  endloop
endfacet
facet normal 0 0 -1
  outer loop
    vertex 6.582477093 -8.875443459 0
    vertex 7.010046005 -8.541765213 0
    vertex 11.91398621 -16.06414986 0
  endloop
endfacet
facet normal 0 0 -1
  outer loop
    vertex 7.010046005 -8.541765213 0
    vertex 7.420726299 -8.187509537 0
    vertex 12.68786526 -15.46020889 0
  endloop
endfacet
facet normal 0 -0 -1
  outer loop
    vertex 6.582477093 -8.875443459 0
    vertex 11.91398621 -16.06414986 0
    vertex 11.11140442 -16.62939262 0
  endloop
endfacet
facet normal 0 -0 -1
  outer loop
    vertex 7.010046005 -8.541765213 0
    vertex 12.68786526 -15.46020889 0
    vertex 11.91398621 -16.06414986 0
  endloop
endfacet
facet normal 0 0 -1
  outer loop
    vertex 12.68786526 -15.46020889 0
    vertex 7.420726299 -8.187509537 0
    vertex 13.43117905 -14.81902218 0
  endloop
endfacet
facet normal 0 0 -1
  outer loop
    vertex 13.43117905 -14.81902218 0
    vertex 7.813529968 -7.813529968 0
    vertex 14.14213562 -14.14213562 0
  endloop
endfacet
facet normal 0 0 -1
  outer loop
    vertex 14.14213562 -14.14213562 0
    vertex 8.187509537 -7.420726299 0
    vertex 14.81902218 -13.43117905 0
  endloop
endfacet
facet normal 0 0 -1
  outer loop
    vertex 14.81902218 -13.43117905 0
    vertex 8.541765213 -7.010046005 0
    vertex 15.46020889 -12.68786526 0
  endloop
endfacet
facet normal 0 0 -1
  outer loop
    vertex 13.43117905 -14.81902218 0
    vertex 7.420726299 -8.187509537 0
    vertex 7.813529968 -7.813529968 0
  endloop
endfacet
facet normal 0 0 -1
  outer loop
    vertex 14.14213562 -14.14213562 0
    vertex 7.813529968 -7.813529968 0
    vertex 8.187509537 -7.420726299 0
  endloop
endfacet
facet normal 0 0 -1
  outer loop
    vertex 14.81902218 -13.43117905 0
    vertex 8.187509537 -7.420726299 0
    vertex 8.541765213 -7.010046005 0
  endloop
endfacet
facet normal 0 0 -1
  outer loop
    vertex 15.46020889 -12.68786526 0
    vertex 8.541765213 -7.010046005 0
    vertex 8.875443459 -6.582477093 0
  endloop
endfacet
facet normal 0 0 -1
  outer loop
    vertex 16.06414986 -11.91398621 0
    vertex 8.875443459 -6.582477093 0
    vertex 9.187739372 -6.139050961 0
  endloop
endfacet
facet normal 0 0 -1
  outer loop
    vertex 9.187739372 -6.139050961 0
    vertex 9.477901459 -5.680835247 0
    vertex 16.62939262 -11.11140442 0
  endloop
endfacet
facet normal 0 0 -1
  outer loop
    vertex 15.46020889 -12.68786526 0
    vertex 8.875443459 -6.582477093 0
    vertex 16.06414986 -11.91398621 0
  endloop
endfacet
facet normal 0 0 -1
  outer loop
    vertex 16.06414986 -11.91398621 0
    vertex 9.187739372 -6.139050961 0
    vertex 16.62939262 -11.11140442 0
  endloop
endfacet
facet normal 0 0 -1
  outer loop
    vertex 9.477901459 -5.680835247 0
    vertex 9.745229721 -5.20893383 0
    vertex 17.15457153 -10.2820549 0
  endloop
endfacet
facet normal 0 0 -1
  outer loop
    vertex 9.745229721 -5.20893383 0
    vertex 9.989081383 -4.724483967 0
    vertex 17.63842583 -9.427934647 0
  endloop
endfacet
facet normal 0 0 -1
  outer loop
    vertex 9.989081383 -4.724483967 0
    vertex 10.20886898 -4.228652 0
    vertex 18.0797863 -8.551101685 0
  endloop
endfacet
facet normal 0 -0 -1
  outer loop
    vertex 9.477901459 -5.680835247 0
    vertex 17.15457153 -10.2820549 0
    vertex 16.62939262 -11.11140442 0
  endloop
endfacet
facet normal 0 -0 -1
  outer loop
    vertex 9.745229721 -5.20893383 0
    vertex 17.63842583 -9.427934647 0
    vertex 17.15457153 -10.2820549 0
  endloop
endfacet
facet normal 0 -0 -1
  outer loop
    vertex 9.989081383 -4.724483967 0
    vertex 18.0797863 -8.551101685 0
    vertex 17.63842583 -9.427934647 0
  endloop
endfacet
facet normal 0 -0 -1
  outer loop
    vertex 10.20886898 -4.228652 0
    vertex 18.47759056 -7.65366888 0
    vertex 18.0797863 -8.551101685 0
  endloop
endfacet
facet normal 0 -0 -1
  outer loop
    vertex 10.40406227 -3.722632885 0
    vertex 18.83088112 -6.73779726 0
    vertex 18.47759056 -7.65366888 0
  endloop
endfacet
facet normal 0 0 -1
  outer loop
    vertex 10.20886898 -4.228652 0
    vertex 10.40406227 -3.722632885 0
    vertex 18.47759056 -7.65366888 0
  endloop
endfacet
facet normal 0 0 -1
  outer loop
    vertex 10.40406227 -3.722632885 0
    vertex 10.57419109 -3.207645655 0
    vertex 18.83088112 -6.73779726 0
  endloop
endfacet
facet normal 0 0 -1
  outer loop
    vertex 10.57419109 -3.207645655 0
    vertex 10.71884537 -2.68493104 0
    vertex 19.1388073 -5.805693626 0
  endloop
endfacet
facet normal 0 0 -1
  outer loop
    vertex 10.71884537 -2.68493104 0
    vertex 10.837677 -2.155748129 0
    vertex 19.40062523 -4.859603405 0
  endloop
endfacet
facet normal 0 0 -1
  outer loop
    vertex 10.837677 -2.155748129 0
    vertex 10.93040085 -1.621371746 0
    vertex 19.61570549 -3.901806355 0
  endloop
endfacet
facet normal 0 0 -1
  outer loop
    vertex 10.93040085 -1.621371746 0
    vertex 10.99679089 -1.083089352 0
    vertex 19.78352928 -2.934609413 0
  endloop
endfacet
facet normal 0 0 -1
  outer loop
    vertex 10.99679089 -1.083089352 0
    vertex 11.03668976 -0.5421978235 0
    vertex 19.90369415 -1.960342765 0
  endloop
endfacet
facet normal 0 0 -1
  outer loop
    vertex 11.03668976 -0.5421978235 0
    vertex 11.05000019 0 0
    vertex 19.97590828 -0.9813534617 0
  endloop
endfacet
facet normal 0 -0 -1
  outer loop
    vertex 10.57419109 -3.207645655 0
    vertex 19.1388073 -5.805693626 0
    vertex 18.83088112 -6.73779726 0
  endloop
endfacet
facet normal 0 -0 -1
  outer loop
    vertex 10.71884537 -2.68493104 0
    vertex 19.40062523 -4.859603405 0
    vertex 19.1388073 -5.805693626 0
  endloop
endfacet
facet normal 0 -0 -1
  outer loop
    vertex 10.837677 -2.155748129 0
    vertex 19.61570549 -3.901806355 0
    vertex 19.40062523 -4.859603405 0
  endloop
endfacet
facet normal -0.07356409468 -0.9972904913 0
  outer loop
    vertex -1.960342765 -19.90369415 0
    vertex -0.9813534617 -19.97590828 0
    vertex -1.960342765 -19.90369415 12
  endloop
endfacet
facet normal -0.0245420891 -0.9996987976 0
  outer loop
    vertex -0.9813534617 -19.97590828 0
    vertex -3.673940187e-15 -20 0
    vertex -0.9813534617 -19.97590828 12
  endloop
endfacet
facet normal 0.0245420891 -0.9996987976 0
  outer loop
    vertex -3.673940187e-15 -20 0
    vertex 0.9813534617 -19.97590828 0
    vertex -3.673940187e-15 -20 12
  endloop
endfacet
facet normal 0.07356409468 -0.9972904913 0
  outer loop
    vertex 0.9813534617 -19.97590828 0
    vertex 1.960342765 -19.90369415 0
    vertex 0.9813534617 -19.97590828 12
  endloop
endfacet
facet normal 0.1224112183 -0.9924794676 0
  outer loop
    vertex 1.960342765 -19.90369415 0
    vertex 2.934609413 -19.78352928 0
    vertex 1.960342765 -19.90369415 12
  endloop
endfacet
facet normal 0.1709632278 0.98527741 -0
  outer loop
    vertex -2.155748129 -10.837677 0
    vertex -2.155748129 -10.837677 7.599999905
    vertex -1.621371746 -10.93040085 0
  endloop
endfacet
facet normal 0.1224092885 0.9924797056 -0
  outer loop
    vertex -1.621371746 -10.93040085 0
    vertex -1.621371746 -10.93040085 7.599999905
    vertex -1.083089352 -10.99679089 0
  endloop
endfacet
facet normal 0.07356514361 0.9972904139 -0
  outer loop
    vertex -1.083089352 -10.99679089 0
    vertex -1.083089352 -10.99679089 7.599999905
    vertex -0.5421978235 -11.03668976 0
  endloop
endfacet
facet normal 0.02454163936 0.9996988086 -0
  outer loop
    vertex -0.5421978235 -11.03668976 0
    vertex -0.5421978235 -11.03668976 7.599999905
    vertex -2.029851989e-15 -11.05000019 0
  endloop
endfacet
facet normal -0.02454163936 0.9996988086 0
  outer loop
    vertex -2.029851989e-15 -11.05000019 0
    vertex -2.029851989e-15 -11.05000019 7.599999905
    vertex 0.5421978235 -11.03668976 0
  endloop
endfacet
facet normal -0.07356514361 0.9972904139 0
  outer loop
    vertex 0.5421978235 -11.03668976 0
    vertex 0.5421978235 -11.03668976 7.599999905
    vertex 1.083089352 -10.99679089 0
  endloop
endfacet
facet normal -0.1224092885 0.9924797056 0
  outer loop
    vertex 1.083089352 -10.99679089 0
    vertex 1.083089352 -10.99679089 7.599999905
    vertex 1.621371746 -10.93040085 0
  endloop
endfacet
facet normal -0.1709632278 0.98527741 0
  outer loop
    vertex 1.621371746 -10.93040085 0
    vertex 1.621371746 -10.93040085 7.599999905
    vertex 2.155748129 -10.837677 0
  endloop
endfacet
facet normal -0.2191006049 0.9757022727 0
  outer loop
    vertex 2.155748129 -10.837677 0
    vertex 2.155748129 -10.837677 7.599999905
    vertex 2.68493104 -10.71884537 0
  endloop
endfacet
facet normal 0.1709610996 -0.9852777793 0
  outer loop
    vertex 2.934609413 -19.78352928 0
    vertex 3.901806355 -19.61570549 0
    vertex 2.934609413 -19.78352928 12
  endloop
endfacet
facet normal 0.2191009891 -0.9757021864 0
  outer loop
    vertex 3.901806355 -19.61570549 0
    vertex 4.859603405 -19.40062523 0
    vertex 3.901806355 -19.61570549 12
  endloop
endfacet
facet normal 0.2667122909 -0.9637761949 0
  outer loop
    vertex 4.859603405 -19.40062523 0
    vertex 5.805693626 -19.1388073 0
    vertex 4.859603405 -19.40062523 12
  endloop
endfacet
facet normal 0.3136824111 -0.949527959 0
  outer loop
    vertex 5.805693626 -19.1388073 0
    vertex 6.73779726 -18.83088112 0
    vertex 5.805693626 -19.1388073 12
  endloop
endfacet
facet normal 0.3598949379 -0.9329928369 0
  outer loop
    vertex 6.73779726 -18.83088112 0
    vertex 7.65366888 -18.47759056 0
    vertex 6.73779726 -18.83088112 12
  endloop
endfacet
facet normal 0.1709632278 0.98527741 0
  outer loop
    vertex -1.621371746 -10.93040085 0
    vertex -2.155748129 -10.837677 7.599999905
    vertex -1.621371746 -10.93040085 7.599999905
  endloop
endfacet
facet normal 0.1224092885 0.9924797056 0
  outer loop
    vertex -1.083089352 -10.99679089 0
    vertex -1.621371746 -10.93040085 7.599999905
    vertex -1.083089352 -10.99679089 7.599999905
  endloop
endfacet
facet normal 0.07356514361 0.9972904139 0
  outer loop
    vertex -0.5421978235 -11.03668976 0
    vertex -1.083089352 -10.99679089 7.599999905
    vertex -0.5421978235 -11.03668976 7.599999905
  endloop
endfacet
facet normal 0.02454163936 0.9996988086 0
  outer loop
    vertex -2.029851989e-15 -11.05000019 0
    vertex -0.5421978235 -11.03668976 7.599999905
    vertex -2.029851989e-15 -11.05000019 7.599999905
  endloop
endfacet
facet normal -0.02454163936 0.9996988086 0
  outer loop
    vertex 0.5421978235 -11.03668976 0
    vertex -2.029851989e-15 -11.05000019 7.599999905
    vertex 0.5421978235 -11.03668976 7.599999905
  endloop
endfacet
facet normal -0.07356514361 0.9972904139 0
  outer loop
    vertex 1.083089352 -10.99679089 0
    vertex 0.5421978235 -11.03668976 7.599999905
    vertex 1.083089352 -10.99679089 7.599999905
  endloop
endfacet
facet normal -0.1224092885 0.9924797056 0
  outer loop
    vertex 1.621371746 -10.93040085 0
    vertex 1.083089352 -10.99679089 7.599999905
    vertex 1.621371746 -10.93040085 7.599999905
  endloop
endfacet
facet normal -0.1709632278 0.98527741 0
  outer loop
    vertex 2.155748129 -10.837677 0
    vertex 1.621371746 -10.93040085 7.599999905
    vertex 2.155748129 -10.837677 7.599999905
  endloop
endfacet
facet normal -0.2191006049 0.9757022727 0
  outer loop
    vertex 2.68493104 -10.71884537 0
    vertex 2.155748129 -10.837677 7.599999905
    vertex 2.68493104 -10.71884537 7.599999905
  endloop
endfacet
facet normal -0.2667121724 0.9637762277 0
  outer loop
    vertex 2.68493104 -10.71884537 0
    vertex 2.68493104 -10.71884537 7.599999905
    vertex 3.207645655 -10.57419109 0
  endloop
endfacet
facet normal -0.3136817762 0.9495281688 0
  outer loop
    vertex 3.207645655 -10.57419109 0
    vertex 3.207645655 -10.57419109 7.599999905
    vertex 3.722632885 -10.40406227 0
  endloop
endfacet
facet normal -0.3598953231 0.9329926883 0
  outer loop
    vertex 3.722632885 -10.40406227 0
    vertex 3.722632885 -10.40406227 7.599999905
    vertex 4.228652 -10.20886898 0
  endloop
endfacet
facet normal -0.4052419349 0.9142094805 0
  outer loop
    vertex 4.228652 -10.20886898 0
    vertex 4.228652 -10.20886898 7.599999905
    vertex 4.724483967 -9.989081383 0
  endloop
endfacet
facet normal -0.4496114661 0.8932242325 0
  outer loop
    vertex 4.724483967 -9.989081383 0
    vertex 4.724483967 -9.989081383 7.599999905
    vertex 5.20893383 -9.745229721 0
  endloop
endfacet
facet normal -0.4928973711 0.8700874563 0
  outer loop
    vertex 5.20893383 -9.745229721 0
    vertex 5.20893383 -9.745229721 7.599999905
    vertex 5.680835247 -9.477901459 0
  endloop
endfacet
facet normal -0.5349978647 0.8448534102 0
  outer loop
    vertex 5.680835247 -9.477901459 0
    vertex 5.680835247 -9.477901459 7.599999905
    vertex 6.139050961 -9.187739372 0
  endloop
endfacet
facet normal -0.575808187 0.8175848163 0
  outer loop
    vertex 6.139050961 -9.187739372 0
    vertex 6.139050961 -9.187739372 7.599999905
    vertex 6.582477093 -8.875443459 0
  endloop
endfacet
facet normal -0.6152318097 0.7883462566 0
  outer loop
    vertex 6.582477093 -8.875443459 0
    vertex 6.582477093 -8.875443459 7.599999905
    vertex 7.010046005 -8.541765213 0
  endloop
endfacet
facet normal -0.6531732852 0.757208465 0
  outer loop
    vertex 7.010046005 -8.541765213 0
    vertex 7.010046005 -8.541765213 7.599999905
    vertex 7.420726299 -8.187509537 0
  endloop
endfacet
facet normal -0.2667121724 0.9637762277 0
  outer loop
    vertex 3.207645655 -10.57419109 0
    vertex 2.68493104 -10.71884537 7.599999905
    vertex 3.207645655 -10.57419109 7.599999905
  endloop
endfacet
facet normal -0.3136817762 0.9495281688 0
  outer loop
    vertex 3.722632885 -10.40406227 0
    vertex 3.207645655 -10.57419109 7.599999905
    vertex 3.722632885 -10.40406227 7.599999905
  endloop
endfacet
facet normal -0.3598953231 0.9329926883 0
  outer loop
    vertex 4.228652 -10.20886898 0
    vertex 3.722632885 -10.40406227 7.599999905
    vertex 4.228652 -10.20886898 7.599999905
  endloop
endfacet
facet normal -0.4052419349 0.9142094805 0
  outer loop
    vertex 4.724483967 -9.989081383 0
    vertex 4.228652 -10.20886898 7.599999905
    vertex 4.724483967 -9.989081383 7.599999905
  endloop
endfacet
facet normal -0.4496114661 0.8932242325 0
  outer loop
    vertex 5.20893383 -9.745229721 0
    vertex 4.724483967 -9.989081383 7.599999905
    vertex 5.20893383 -9.745229721 7.599999905
  endloop
endfacet
facet normal -0.4928973711 0.8700874563 0
  outer loop
    vertex 5.680835247 -9.477901459 0
    vertex 5.20893383 -9.745229721 7.599999905
    vertex 5.680835247 -9.477901459 7.599999905
  endloop
endfacet
facet normal -0.5349978647 0.8448534102 0
  outer loop
    vertex 6.139050961 -9.187739372 0
    vertex 5.680835247 -9.477901459 7.599999905
    vertex 6.139050961 -9.187739372 7.599999905
  endloop
endfacet
facet normal -0.575808187 0.8175848163 0
  outer loop
    vertex 6.582477093 -8.875443459 0
    vertex 6.139050961 -9.187739372 7.599999905
    vertex 6.582477093 -8.875443459 7.599999905
  endloop
endfacet
facet normal -0.6152318097 0.7883462566 0
  outer loop
    vertex 7.010046005 -8.541765213 0
    vertex 6.582477093 -8.875443459 7.599999905
    vertex 7.010046005 -8.541765213 7.599999905
  endloop
endfacet
facet normal 0.4052410223 -0.914209885 0
  outer loop
    vertex 7.65366888 -18.47759056 0
    vertex 8.551101685 -18.0797863 0
    vertex 7.65366888 -18.47759056 12
  endloop
endfacet
facet normal 0.4496112084 -0.8932243623 0
  outer loop
    vertex 8.551101685 -18.0797863 0
    vertex 9.427934647 -17.63842583 0
    vertex 8.551101685 -18.0797863 12
  endloop
endfacet
facet normal 0.4928990761 -0.8700864904 0
  outer loop
    vertex 9.427934647 -17.63842583 0
    vertex 10.2820549 -17.15457153 0
    vertex 9.427934647 -17.63842583 12
  endloop
endfacet
facet normal 0.5349969794 -0.8448539708 0
  outer loop
    vertex 10.2820549 -17.15457153 0
    vertex 11.11140442 -16.62939262 0
    vertex 10.2820549 -17.15457153 12
  endloop
endfacet
facet normal 0.5758088036 -0.817584382 0
  outer loop
    vertex 11.11140442 -16.62939262 0
    vertex 11.91398621 -16.06414986 0
    vertex 11.11140442 -16.62939262 12
  endloop
endfacet
facet normal 0.6152314795 -0.7883465143 0
  outer loop
    vertex 11.91398621 -16.06414986 0
    vertex 12.68786526 -15.46020889 0
    vertex 11.91398621 -16.06414986 12
  endloop
endfacet
facet normal 0.6531727436 -0.7572089322 0
  outer loop
    vertex 12.68786526 -15.46020889 0
    vertex 13.43117905 -14.81902218 0
    vertex 12.68786526 -15.46020889 12
  endloop
endfacet
facet normal 0.6895403474 -0.7242472708 0
  outer loop
    vertex 13.43117905 -14.81902218 0
    vertex 14.14213562 -14.14213562 0
    vertex 13.43117905 -14.81902218 12
  endloop
endfacet
facet normal 0.7242472708 -0.6895403474 0
  outer loop
    vertex 14.14213562 -14.14213562 0
    vertex 14.81902218 -13.43117905 0
    vertex 14.14213562 -14.14213562 12
  endloop
endfacet
facet normal 0.7572089322 -0.6531727436 0
  outer loop
    vertex 14.81902218 -13.43117905 0
    vertex 15.46020889 -12.68786526 0
    vertex 14.81902218 -13.43117905 12
  endloop
endfacet
facet normal 0.7883465143 -0.6152314795 0
  outer loop
    vertex 15.46020889 -12.68786526 0
    vertex 16.06414986 -11.91398621 0
    vertex 15.46020889 -12.68786526 12
  endloop
endfacet
facet normal 0.817584382 -0.5758088036 0
  outer loop
    vertex 16.06414986 -11.91398621 0
    vertex 16.62939262 -11.11140442 0
    vertex 16.06414986 -11.91398621 12
  endloop
endfacet
facet normal -0.6895399514 0.7242476479 0
  outer loop
    vertex 7.420726299 -8.187509537 0
    vertex 7.420726299 -8.187509537 7.599999905
    vertex 7.813529968 -7.813529968 0
  endloop
endfacet
facet normal -0.7242476479 0.6895399514 0
  outer loop
    vertex 7.813529968 -7.813529968 0
    vertex 7.813529968 -7.813529968 7.599999905
    vertex 8.187509537 -7.420726299 0
  endloop
endfacet
facet normal -0.757208465 0.6531732852 0
  outer loop
    vertex 8.187509537 -7.420726299 0
    vertex 8.187509537 -7.420726299 7.599999905
    vertex 8.541765213 -7.010046005 0
  endloop
endfacet
facet normal -0.7883462566 0.6152318097 0
  outer loop
    vertex 8.541765213 -7.010046005 0
    vertex 8.541765213 -7.010046005 7.599999905
    vertex 8.875443459 -6.582477093 0
  endloop
endfacet
facet normal -0.8175848163 0.575808187 0
  outer loop
    vertex 8.875443459 -6.582477093 0
    vertex 8.875443459 -6.582477093 7.599999905
    vertex 9.187739372 -6.139050961 0
  endloop
endfacet
facet normal -0.8448534102 0.5349978647 0
  outer loop
    vertex 9.187739372 -6.139050961 0
    vertex 9.187739372 -6.139050961 7.599999905
    vertex 9.477901459 -5.680835247 0
  endloop
endfacet
facet normal -0.8700874563 0.4928973711 0
  outer loop
    vertex 9.477901459 -5.680835247 0
    vertex 9.477901459 -5.680835247 7.599999905
    vertex 9.745229721 -5.20893383 0
  endloop
endfacet
facet normal -0.8932242325 0.4496114661 0
  outer loop
    vertex 9.745229721 -5.20893383 0
    vertex 9.745229721 -5.20893383 7.599999905
    vertex 9.989081383 -4.724483967 0
  endloop
endfacet
facet normal -0.9142094805 0.4052419349 0
  outer loop
    vertex 9.989081383 -4.724483967 0
    vertex 9.989081383 -4.724483967 7.599999905
    vertex 10.20886898 -4.228652 0
  endloop
endfacet
facet normal -0.9329926883 0.3598953231 0
  outer loop
    vertex 10.20886898 -4.228652 0
    vertex 10.20886898 -4.228652 7.599999905
    vertex 10.40406227 -3.722632885 0
  endloop
endfacet
facet normal -0.9495281688 0.3136817762 0
  outer loop
    vertex 10.40406227 -3.722632885 0
    vertex 10.40406227 -3.722632885 7.599999905
    vertex 10.57419109 -3.207645655 0
  endloop
endfacet
facet normal -0.9637762277 0.2667121724 0
  outer loop
    vertex 10.57419109 -3.207645655 0
    vertex 10.57419109 -3.207645655 7.599999905
    vertex 10.71884537 -2.68493104 0
  endloop
endfacet
facet normal -0.9757022727 0.2191006049 0
  outer loop
    vertex 10.71884537 -2.68493104 0
    vertex 10.71884537 -2.68493104 7.599999905
    vertex 10.837677 -2.155748129 0
  endloop
endfacet
facet normal -0.98527741 0.1709632278 0
  outer loop
    vertex 10.837677 -2.155748129 0
    vertex 10.837677 -2.155748129 7.599999905
    vertex 10.93040085 -1.621371746 0
  endloop
endfacet
facet normal -0.9924797056 0.1224092885 0
  outer loop
    vertex 10.93040085 -1.621371746 0
    vertex 10.93040085 -1.621371746 7.599999905
    vertex 10.99679089 -1.083089352 0
  endloop
endfacet
facet normal -0.9972904139 0.07356514361 0
  outer loop
    vertex 10.99679089 -1.083089352 0
    vertex 10.99679089 -1.083089352 7.599999905
    vertex 11.03668976 -0.5421978235 0
  endloop
endfacet
facet normal -0.9996988086 0.02454163936 0
  outer loop
    vertex 11.03668976 -0.5421978235 0
    vertex 11.03668976 -0.5421978235 7.599999905
    vertex 11.05000019 0 0
  endloop
endfacet
facet normal -0.6531732852 0.757208465 0
  outer loop
    vertex 7.420726299 -8.187509537 0
    vertex 7.010046005 -8.541765213 7.599999905
    vertex 7.420726299 -8.187509537 7.599999905
  endloop
endfacet
facet normal -0.6895399514 0.7242476479 0
  outer loop
    vertex 7.813529968 -7.813529968 0
    vertex 7.420726299 -8.187509537 7.599999905
    vertex 7.813529968 -7.813529968 7.599999905
  endloop
endfacet
facet normal -0.7242476479 0.6895399514 0
  outer loop
    vertex 8.187509537 -7.420726299 0
    vertex 7.813529968 -7.813529968 7.599999905
    vertex 8.187509537 -7.420726299 7.599999905
  endloop
endfacet
facet normal -0.757208465 0.6531732852 0
  outer loop
    vertex 8.541765213 -7.010046005 0
    vertex 8.187509537 -7.420726299 7.599999905
    vertex 8.541765213 -7.010046005 7.599999905
  endloop
endfacet
facet normal -0.7883462566 0.6152318097 0
  outer loop
    vertex 8.875443459 -6.582477093 0
    vertex 8.541765213 -7.010046005 7.599999905
    vertex 8.875443459 -6.582477093 7.599999905
  endloop
endfacet
facet normal -0.8175848163 0.575808187 0
  outer loop
    vertex 9.187739372 -6.139050961 0
    vertex 8.875443459 -6.582477093 7.599999905
    vertex 9.187739372 -6.139050961 7.599999905
  endloop
endfacet
facet normal -0.8448534102 0.5349978647 0
  outer loop
    vertex 9.477901459 -5.680835247 0
    vertex 9.187739372 -6.139050961 7.599999905
    vertex 9.477901459 -5.680835247 7.599999905
  endloop
endfacet
facet normal -0.8700874563 0.4928973711 0
  outer loop
    vertex 9.745229721 -5.20893383 0
    vertex 9.477901459 -5.680835247 7.599999905
    vertex 9.745229721 -5.20893383 7.599999905
  endloop
endfacet
facet normal -0.8932242325 0.4496114661 0
  outer loop
    vertex 9.989081383 -4.724483967 0
    vertex 9.745229721 -5.20893383 7.599999905
    vertex 9.989081383 -4.724483967 7.599999905
  endloop
endfacet
facet normal -0.9142094805 0.4052419349 0
  outer loop
    vertex 10.20886898 -4.228652 0
    vertex 9.989081383 -4.724483967 7.599999905
    vertex 10.20886898 -4.228652 7.599999905
  endloop
endfacet
facet normal -0.9329926883 0.3598953231 0
  outer loop
    vertex 10.40406227 -3.722632885 0
    vertex 10.20886898 -4.228652 7.599999905
    vertex 10.40406227 -3.722632885 7.599999905
  endloop
endfacet
facet normal -0.9495281688 0.3136817762 0
  outer loop
    vertex 10.57419109 -3.207645655 0
    vertex 10.40406227 -3.722632885 7.599999905
    vertex 10.57419109 -3.207645655 7.599999905
  endloop
endfacet
facet normal -0.9637762277 0.2667121724 0
  outer loop
    vertex 10.71884537 -2.68493104 0
    vertex 10.57419109 -3.207645655 7.599999905
    vertex 10.71884537 -2.68493104 7.599999905
  endloop
endfacet
facet normal -0.9757022727 0.2191006049 0
  outer loop
    vertex 10.837677 -2.155748129 0
    vertex 10.71884537 -2.68493104 7.599999905
    vertex 10.837677 -2.155748129 7.599999905
  endloop
endfacet
facet normal -0.98527741 0.1709632278 0
  outer loop
    vertex 10.93040085 -1.621371746 0
    vertex 10.837677 -2.155748129 7.599999905
    vertex 10.93040085 -1.621371746 7.599999905
  endloop
endfacet
facet normal -0.9924797056 0.1224092885 0
  outer loop
    vertex 10.99679089 -1.083089352 0
    vertex 10.93040085 -1.621371746 7.599999905
    vertex 10.99679089 -1.083089352 7.599999905
  endloop
endfacet
facet normal -0.9972904139 0.07356514361 0
  outer loop
    vertex 11.03668976 -0.5421978235 0
    vertex 10.99679089 -1.083089352 7.599999905
    vertex 11.03668976 -0.5421978235 7.599999905
  endloop
endfacet
facet normal -0.9996988086 0.02454163936 0
  outer loop
    vertex 11.03668976 -0.5421978235 7.599999905
    vertex 11.05000019 0 7.599999905
    vertex 11.05000019 0 0
  endloop
endfacet
facet normal -1 0 0
  outer loop
    vertex 35.5 -80.61215973 -16
    vertex 35.5 -66.61215973 0
    vertex 35.5 -66.61215973 -16
  endloop
endfacet
facet normal -1 0 0
  outer loop
    vertex 35.5 -80.61215973 -16
    vertex 35.5 -80.61215973 0
    vertex 35.5 -66.61215973 0
  endloop
endfacet
facet normal 0 0 -1
  outer loop
    vertex 35.5 -80.61215973 -16
    vertex 35.5 -66.61215973 -16
    vertex 49.5 -80.61215973 -16
  endloop
endfacet
facet normal 0 -1 0
  outer loop
    vertex 35.5 -80.61215973 -16
    vertex 49.5 -80.61215973 -16
    vertex 35.5 -80.61215973 0
  endloop
endfacet
facet normal 0 0 -1
  outer loop
    vertex 35.5 -66.61215973 -16
    vertex 49.5 -66.61215973 -16
    vertex 49.5 -80.61215973 -16
  endloop
endfacet
facet normal -0 1 0
  outer loop
    vertex 35.5 -66.61215973 -16
    vertex 49.5 -66.61215973 0
    vertex 49.5 -66.61215973 -16
  endloop
endfacet
facet normal 1 0 -0
  outer loop
    vertex 49.5 -80.61215973 -16
    vertex 49.5 -66.61215973 -16
    vertex 49.5 -80.61215973 0
  endloop
endfacet
facet normal 0 -1 0
  outer loop
    vertex 49.5 -80.61215973 -16
    vertex 49.5 -80.61215973 0
    vertex 35.5 -80.61215973 0
  endloop
endfacet
facet normal 0 1 0
  outer loop
    vertex 35.5 -66.61215973 -16
    vertex 35.5 -66.61215973 0
    vertex 49.5 -66.61215973 0
  endloop
endfacet
facet normal 1 0 -0
  outer loop
    vertex 49.5 -66.61215973 -16
    vertex 49.5 -66.61215973 0
    vertex 49.5 -80.61215973 0
  endloop
endfacet
facet normal 0 0 -1
  outer loop
    vertex 30.5 -85.61215973 0
    vertex 30.5 -61.61215973 0
    vertex 35.5 -80.61215973 0
  endloop
endfacet
facet normal 0 0 -1
  outer loop
    vertex 35.5 -80.61215973 0
    vertex 30.5 -61.61215973 0
    vertex 35.5 -66.61215973 0
  endloop
endfacet
facet normal 0.5000000497 -0.8660253751 0
  outer loop
    vertex 19.05384827 -45.0022316 0
    vertex 29.44615173 -39.0022316 0
    vertex 19.05384827 -45.0022316 12
  endloop
endfacet
facet normal 0 0 -1
  outer loop
    vertex 30.5 -85.61215973 0
    vertex 35.5 -80.61215973 0
    vertex 54.5 -85.61215973 0
  endloop
endfacet
facet normal 0 0 -1
  outer loop
    vertex 35.5 -66.61215973 0
    vertex 30.5 -61.61215973 0
    vertex 49.5 -66.61215973 0
  endloop
endfacet
facet normal 0 0 -1
  outer loop
    vertex 35.5 -80.61215973 0
    vertex 49.5 -80.61215973 0
    vertex 54.5 -85.61215973 0
  endloop
endfacet
facet normal 0 0 -1
  outer loop
    vertex 49.5 -80.61215973 0
    vertex 49.5 -66.61215973 0
    vertex 54.5 -85.61215973 0
  endloop
endfacet
facet normal 0 0 -1
  outer loop
    vertex 54.5 -85.61215973 0
    vertex 49.5 -66.61215973 0
    vertex 54.5 -61.61215973 0
  endloop
endfacet
facet normal 0 -0 -1
  outer loop
    vertex 30.5 -61.61215973 0
    vertex 54.5 -61.61215973 0
    vertex 49.5 -66.61215973 0
  endloop
endfacet
facet normal 0 -0 -1
  outer loop
    vertex 13.05384731 -34.60992813 0
    vertex 23.44615173 -28.60992813 0
    vertex 19.05384827 -45.0022316 0
  endloop
endfacet
facet normal 0 0 -1
  outer loop
    vertex 19.05384827 -45.0022316 0
    vertex 23.44615173 -28.60992813 0
    vertex 29.44615173 -39.0022316 0
  endloop
endfacet
facet normal -0.5000000153 0.8660253949 0
  outer loop
    vertex 13.05384731 -34.60992813 0
    vertex 23.44615173 -28.60992813 12
    vertex 23.44615173 -28.60992813 0
  endloop
endfacet
facet normal 0.8660253751 0.5000000497 0
  outer loop
    vertex 23.44615173 -28.60992813 0
    vertex 29.44615173 -39.0022316 12
    vertex 29.44615173 -39.0022316 0
  endloop
endfacet
facet normal 0 -0 -1
  outer loop
    vertex 10.93040085 -1.621371746 0
    vertex 19.78352928 -2.934609413 0
    vertex 19.61570549 -3.901806355 0
  endloop
endfacet
facet normal 0 -0 -1
  outer loop
    vertex 10.99679089 -1.083089352 0
    vertex 19.90369415 -1.960342765 0
    vertex 19.78352928 -2.934609413 0
  endloop
endfacet
facet normal 0 -0 -1
  outer loop
    vertex 11.03668976 -0.5421978235 0
    vertex 19.97590828 -0.9813534617 0
    vertex 19.90369415 -1.960342765 0
  endloop
endfacet
facet normal 0 0 -1
  outer loop
    vertex 19.97590828 -0.9813534617 0
    vertex 11.05000019 0 0
    vertex 20 0 0
  endloop
endfacet
facet normal 0.8448539708 -0.5349969794 0
  outer loop
    vertex 16.62939262 -11.11140442 0
    vertex 17.15457153 -10.2820549 0
    vertex 16.62939262 -11.11140442 12
  endloop
endfacet
facet normal 0.8700864904 -0.4928990761 0
  outer loop
    vertex 17.15457153 -10.2820549 0
    vertex 17.63842583 -9.427934647 0
    vertex 17.15457153 -10.2820549 12
  endloop
endfacet
facet normal 0.8932243623 -0.4496112084 0
  outer loop
    vertex 17.63842583 -9.427934647 0
    vertex 18.0797863 -8.551101685 0
    vertex 17.63842583 -9.427934647 12
  endloop
endfacet
facet normal 0.914209885 -0.4052410223 0
  outer loop
    vertex 18.0797863 -8.551101685 0
    vertex 18.47759056 -7.65366888 0
    vertex 18.0797863 -8.551101685 12
  endloop
endfacet
facet normal 0.9329928369 -0.3598949379 0
  outer loop
    vertex 18.47759056 -7.65366888 0
    vertex 18.83088112 -6.73779726 0
    vertex 18.47759056 -7.65366888 12
  endloop
endfacet
facet normal 0.949527959 -0.3136824111 0
  outer loop
    vertex 18.83088112 -6.73779726 0
    vertex 19.1388073 -5.805693626 0
    vertex 18.83088112 -6.73779726 12
  endloop
endfacet
facet normal 0.9637761949 -0.2667122909 0
  outer loop
    vertex 19.1388073 -5.805693626 0
    vertex 19.40062523 -4.859603405 0
    vertex 19.1388073 -5.805693626 12
  endloop
endfacet
facet normal 0.9757021864 -0.2191009891 0
  outer loop
    vertex 19.40062523 -4.859603405 0
    vertex 19.61570549 -3.901806355 0
    vertex 19.40062523 -4.859603405 12
  endloop
endfacet
facet normal 0.9852777793 -0.1709610996 0
  outer loop
    vertex 19.61570549 -3.901806355 0
    vertex 19.78352928 -2.934609413 0
    vertex 19.61570549 -3.901806355 12
  endloop
endfacet
facet normal 0.9924794676 -0.1224112183 0
  outer loop
    vertex 19.78352928 -2.934609413 0
    vertex 19.90369415 -1.960342765 0
    vertex 19.78352928 -2.934609413 12
  endloop
endfacet
facet normal 0.9972904913 -0.07356409468 0
  outer loop
    vertex 19.90369415 -1.960342765 0
    vertex 19.97590828 -0.9813534617 0
    vertex 19.90369415 -1.960342765 12
  endloop
endfacet
facet normal 0.9996987976 -0.0245420891 0
  outer loop
    vertex 19.97590828 -0.9813534617 0
    vertex 20 0 0
    vertex 19.97590828 -0.9813534617 12
  endloop
endfacet
facet normal -0.8448539708 -0.5349969794 0
  outer loop
    vertex -16.62939262 -11.11140442 0
    vertex -16.62939262 -11.11140442 12
    vertex -17.15457153 -10.2820549 12
  endloop
endfacet
facet normal -0.7242472708 -0.6895403474 0
  outer loop
    vertex -14.14213562 -14.14213562 0
    vertex -14.14213562 -14.14213562 12
    vertex -14.81902218 -13.43117905 12
  endloop
endfacet
facet normal -0.7883465143 -0.6152314795 0
  outer loop
    vertex -15.46020889 -12.68786526 0
    vertex -15.46020889 -12.68786526 12
    vertex -16.06414986 -11.91398621 12
  endloop
endfacet
facet normal -0.817584382 -0.5758088036 0
  outer loop
    vertex -16.06414986 -11.91398621 0
    vertex -16.06414986 -11.91398621 12
    vertex -16.62939262 -11.11140442 12
  endloop
endfacet
facet normal -0.7572089322 -0.6531727436 0
  outer loop
    vertex -14.81902218 -13.43117905 0
    vertex -14.81902218 -13.43117905 12
    vertex -15.46020889 -12.68786526 12
  endloop
endfacet
facet normal -0.6895403474 -0.7242472708 0
  outer loop
    vertex -13.43117905 -14.81902218 0
    vertex -13.43117905 -14.81902218 12
    vertex -14.14213562 -14.14213562 12
  endloop
endfacet
facet normal -0.6531727436 -0.7572089322 0
  outer loop
    vertex -12.68786526 -15.46020889 0
    vertex -12.68786526 -15.46020889 12
    vertex -13.43117905 -14.81902218 12
  endloop
endfacet
facet normal -0.6152314795 -0.7883465143 0
  outer loop
    vertex -11.91398621 -16.06414986 0
    vertex -11.91398621 -16.06414986 12
    vertex -12.68786526 -15.46020889 12
  endloop
endfacet
facet normal -0.949527959 -0.3136824111 0
  outer loop
    vertex -18.83088112 -6.73779726 0
    vertex -18.83088112 -6.73779726 12
    vertex -19.1388073 -5.805693626 12
  endloop
endfacet
facet normal -0.9637761949 -0.2667122909 0
  outer loop
    vertex -19.1388073 -5.805693626 0
    vertex -19.1388073 -5.805693626 12
    vertex -19.40062523 -4.859603405 12
  endloop
endfacet
facet normal -0.8932243623 -0.4496112084 0
  outer loop
    vertex -17.63842583 -9.427934647 0
    vertex -17.63842583 -9.427934647 12
    vertex -18.0797863 -8.551101685 12
  endloop
endfacet
facet normal -0.914209885 -0.4052410223 0
  outer loop
    vertex -18.0797863 -8.551101685 0
    vertex -18.0797863 -8.551101685 12
    vertex -18.47759056 -7.65366888 12
  endloop
endfacet
facet normal -0.8700864904 -0.4928990761 0
  outer loop
    vertex -17.15457153 -10.2820549 0
    vertex -17.15457153 -10.2820549 12
    vertex -17.63842583 -9.427934647 12
  endloop
endfacet
facet normal -0.9329928369 -0.3598949379 0
  outer loop
    vertex -18.47759056 -7.65366888 0
    vertex -18.47759056 -7.65366888 12
    vertex -18.83088112 -6.73779726 12
  endloop
endfacet
facet normal -0.9757021864 -0.2191009891 0
  outer loop
    vertex -19.40062523 -4.859603405 0
    vertex -19.40062523 -4.859603405 12
    vertex -19.61570549 -3.901806355 12
  endloop
endfacet
facet normal -0.9852777793 -0.1709610996 0
  outer loop
    vertex -19.61570549 -3.901806355 0
    vertex -19.61570549 -3.901806355 12
    vertex -19.78352928 -2.934609413 12
  endloop
endfacet
facet normal -0.9924794676 -0.1224112183 0
  outer loop
    vertex -19.78352928 -2.934609413 0
    vertex -19.78352928 -2.934609413 12
    vertex -19.90369415 -1.960342765 12
  endloop
endfacet
facet normal -0.9972904913 -0.07356409468 0
  outer loop
    vertex -19.90369415 -1.960342765 0
    vertex -19.90369415 -1.960342765 12
    vertex -19.97590828 -0.9813534617 12
  endloop
endfacet
facet normal -0.9996987976 -0.0245420891 0
  outer loop
    vertex -19.97590828 -0.9813534617 0
    vertex -19.97590828 -0.9813534617 12
    vertex -20 2.449293599e-15 12
  endloop
endfacet
facet normal -0 0 1
  outer loop
    vertex -16.62939262 -11.11140442 12
    vertex -16.06414986 -11.91398621 12
    vertex -3.325878382 -2.222280979 12
  endloop
endfacet
facet normal -0 0 1
  outer loop
    vertex -18.0797863 -8.551101685 12
    vertex -17.63842583 -9.427934647 12
    vertex -3.61595726 -1.710220337 12
  endloop
endfacet
facet normal 0 -0 1
  outer loop
    vertex -18.0797863 -8.551101685 12
    vertex -3.61595726 -1.710220337 12
    vertex -18.47759056 -7.65366888 12
  endloop
endfacet
facet normal 0 -0 1
  outer loop
    vertex -16.62939262 -11.11140442 12
    vertex -3.430914402 -2.056411028 12
    vertex -17.15457153 -10.2820549 12
  endloop
endfacet
facet normal 0 -0 1
  outer loop
    vertex -17.15457153 -10.2820549 12
    vertex -3.527685165 -1.885586977 12
    vertex -17.63842583 -9.427934647 12
  endloop
endfacet
facet normal 0 -0 1
  outer loop
    vertex -19.40062523 -4.859603405 12
    vertex -3.923141003 -0.7803612947 12
    vertex -19.61570549 -3.901806355 12
  endloop
endfacet
facet normal 0 -0 1
  outer loop
    vertex -19.61570549 -3.901806355 12
    vertex -3.956706047 -0.5869218707 12
    vertex -19.78352928 -2.934609413 12
  endloop
endfacet
facet normal 0 -0 1
  outer loop
    vertex -19.78352928 -2.934609413 12
    vertex -3.956706047 -0.5869218707 12
    vertex -19.90369415 -1.960342765 12
  endloop
endfacet
facet normal 0 -0 1
  outer loop
    vertex -19.90369415 -1.960342765 12
    vertex -3.995181799 -0.1962707043 12
    vertex -19.97590828 -0.9813534617 12
  endloop
endfacet
facet normal 0 -0 1
  outer loop
    vertex -19.97590828 -0.9813534617 12
    vertex -4 4.89858741e-16 12
    vertex -20 2.449293599e-15 12
  endloop
endfacet
facet normal 0 -0 1
  outer loop
    vertex -18.47759056 -7.65366888 12
    vertex -3.766176224 -1.347559452 12
    vertex -18.83088112 -6.73779726 12
  endloop
endfacet
facet normal -0 0 1
  outer loop
    vertex -19.1388073 -5.805693626 12
    vertex -18.83088112 -6.73779726 12
    vertex -3.827761412 -1.161138654 12
  endloop
endfacet
facet normal 0 -0 1
  outer loop
    vertex -19.1388073 -5.805693626 12
    vertex -3.827761412 -1.161138654 12
    vertex -19.40062523 -4.859603405 12
  endloop
endfacet
facet normal -0.5758088036 -0.817584382 0
  outer loop
    vertex -11.11140442 -16.62939262 0
    vertex -11.11140442 -16.62939262 12
    vertex -11.91398621 -16.06414986 12
  endloop
endfacet
facet normal -0.4928990761 -0.8700864904 0
  outer loop
    vertex -9.427934647 -17.63842583 0
    vertex -9.427934647 -17.63842583 12
    vertex -10.2820549 -17.15457153 12
  endloop
endfacet
facet normal -0.5349969794 -0.8448539708 0
  outer loop
    vertex -10.2820549 -17.15457153 0
    vertex -10.2820549 -17.15457153 12
    vertex -11.11140442 -16.62939262 12
  endloop
endfacet
facet normal -0.4496112084 -0.8932243623 0
  outer loop
    vertex -8.551101685 -18.0797863 0
    vertex -8.551101685 -18.0797863 12
    vertex -9.427934647 -17.63842583 12
  endloop
endfacet
facet normal -0.4052410223 -0.914209885 0
  outer loop
    vertex -7.65366888 -18.47759056 0
    vertex -7.65366888 -18.47759056 12
    vertex -8.551101685 -18.0797863 12
  endloop
endfacet
facet normal -0.3136824111 -0.949527959 0
  outer loop
    vertex -5.805693626 -19.1388073 0
    vertex -5.805693626 -19.1388073 12
    vertex -6.73779726 -18.83088112 12
  endloop
endfacet
facet normal -0.2667122909 -0.9637761949 0
  outer loop
    vertex -4.859603405 -19.40062523 0
    vertex -4.859603405 -19.40062523 12
    vertex -5.805693626 -19.1388073 12
  endloop
endfacet
facet normal -0.3598949379 -0.9329928369 0
  outer loop
    vertex -6.73779726 -18.83088112 0
    vertex -6.73779726 -18.83088112 12
    vertex -7.65366888 -18.47759056 12
  endloop
endfacet
facet normal -0.2191009891 -0.9757021864 0
  outer loop
    vertex -3.901806355 -19.61570549 0
    vertex -3.901806355 -19.61570549 12
    vertex -4.859603405 -19.40062523 12
  endloop
endfacet
facet normal -0.1709610996 -0.9852777793 0
  outer loop
    vertex -2.934609413 -19.78352928 0
    vertex -2.934609413 -19.78352928 12
    vertex -3.901806355 -19.61570549 12
  endloop
endfacet
facet normal -0 0 1
  outer loop
    vertex -13.43117905 -14.81902218 12
    vertex -12.68786526 -15.46020889 12
    vertex -2.686235905 -2.963804483 12
  endloop
endfacet
facet normal 0 -0 1
  outer loop
    vertex -11.91398621 -16.06414986 12
    vertex -2.537573099 -3.092041731 12
    vertex -12.68786526 -15.46020889 12
  endloop
endfacet
facet normal -0 0 1
  outer loop
    vertex -11.91398621 -16.06414986 12
    vertex -11.11140442 -16.62939262 12
    vertex -2.222280979 -3.325878382 12
  endloop
endfacet
facet normal -0 0 1
  outer loop
    vertex -11.11140442 -16.62939262 12
    vertex -10.2820549 -17.15457153 12
    vertex -2.222280979 -3.325878382 12
  endloop
endfacet
facet normal 0 -0 1
  outer loop
    vertex -9.427934647 -17.63842583 12
    vertex -1.885586977 -3.527685165 12
    vertex -10.2820549 -17.15457153 12
  endloop
endfacet
facet normal -0 0 1
  outer loop
    vertex -8.551101685 -18.0797863 12
    vertex -7.65366888 -18.47759056 12
    vertex -1.710220337 -3.61595726 12
  endloop
endfacet
facet normal -0 0 1
  outer loop
    vertex -7.65366888 -18.47759056 12
    vertex -6.73779726 -18.83088112 12
    vertex -1.347559452 -3.766176224 12
  endloop
endfacet
facet normal -0 0 1
  outer loop
    vertex -9.427934647 -17.63842583 12
    vertex -8.551101685 -18.0797863 12
    vertex -1.885586977 -3.527685165 12
  endloop
endfacet
facet normal -0 0 1
  outer loop
    vertex -6.73779726 -18.83088112 12
    vertex -5.805693626 -19.1388073 12
    vertex -1.347559452 -3.766176224 12
  endloop
endfacet
facet normal -0 0 1
  outer loop
    vertex -5.805693626 -19.1388073 12
    vertex -4.859603405 -19.40062523 12
    vertex -1.161138654 -3.827761412 12
  endloop
endfacet
facet normal -0 0 1
  outer loop
    vertex -4.859603405 -19.40062523 12
    vertex -3.901806355 -19.61570549 12
    vertex -0.9719207287 -3.880125046 12
  endloop
endfacet
facet normal -0 0 1
  outer loop
    vertex -3.901806355 -19.61570549 12
    vertex -2.934609413 -19.78352928 12
    vertex -0.7803612947 -3.923141003 12
  endloop
endfacet
facet normal 0 0 -1
  outer loop
    vertex -10.40406227 -3.722632885 7.599999905
    vertex -10.57419109 -3.207645655 7.599999905
    vertex -3.766176224 -1.347559452 7.599999905
  endloop
endfacet
facet normal 0 -0 -1
  outer loop
    vertex -9.187739372 -6.139050961 7.599999905
    vertex -3.325878382 -2.222280979 7.599999905
    vertex -8.875443459 -6.582477093 7.599999905
  endloop
endfacet
facet normal 0 -0 -1
  outer loop
    vertex -9.477901459 -5.680835247 7.599999905
    vertex -3.430914402 -2.056411028 7.599999905
    vertex -9.187739372 -6.139050961 7.599999905
  endloop
endfacet
facet normal 0 0 -1
  outer loop
    vertex -9.477901459 -5.680835247 7.599999905
    vertex -9.745229721 -5.20893383 7.599999905
    vertex -3.430914402 -2.056411028 7.599999905
  endloop
endfacet
facet normal 0 -0 -1
  outer loop
    vertex -10.20886898 -4.228652 7.599999905
    vertex -3.61595726 -1.710220337 7.599999905
    vertex -9.989081383 -4.724483967 7.599999905
  endloop
endfacet
facet normal 0 0 -1
  outer loop
    vertex -9.745229721 -5.20893383 7.599999905
    vertex -9.989081383 -4.724483967 7.599999905
    vertex -3.527685165 -1.885586977 7.599999905
  endloop
endfacet
facet normal 0 0 -1
  outer loop
    vertex -10.20886898 -4.228652 7.599999905
    vertex -10.40406227 -3.722632885 7.599999905
    vertex -3.766176224 -1.347559452 7.599999905
  endloop
endfacet
facet normal 0 -0 -1
  outer loop
    vertex -10.71884537 -2.68493104 7.599999905
    vertex -3.827761412 -1.161138654 7.599999905
    vertex -10.57419109 -3.207645655 7.599999905
  endloop
endfacet
facet normal 0 0 -1
  outer loop
    vertex -10.837677 -2.155748129 7.599999905
    vertex -10.93040085 -1.621371746 7.599999905
    vertex -3.923141003 -0.7803612947 7.599999905
  endloop
endfacet
facet normal 0 0 -1
  outer loop
    vertex -10.71884537 -2.68493104 7.599999905
    vertex -10.837677 -2.155748129 7.599999905
    vertex -3.880125046 -0.9719207287 7.599999905
  endloop
endfacet
facet normal 0 0 -1
  outer loop
    vertex -10.93040085 -1.621371746 7.599999905
    vertex -10.99679089 -1.083089352 7.599999905
    vertex -3.956706047 -0.5869218707 7.599999905
  endloop
endfacet
facet normal 0 0 -1
  outer loop
    vertex -10.99679089 -1.083089352 7.599999905
    vertex -11.03668976 -0.5421978235 7.599999905
    vertex -3.980738878 -0.3920685649 7.599999905
  endloop
endfacet
facet normal 0 0 -1
  outer loop
    vertex -11.03668976 -0.5421978235 7.599999905
    vertex -11.05000019 1.353234765e-15 7.599999905
    vertex -4 4.89858741e-16 7.599999905
  endloop
endfacet
facet normal 0 -0 -1
  outer loop
    vertex -8.541765213 -7.010046005 7.599999905
    vertex -2.963804483 -2.686235905 7.599999905
    vertex -8.187509537 -7.420726299 7.599999905
  endloop
endfacet
facet normal 0 0 -1
  outer loop
    vertex -7.420726299 -8.187509537 7.599999905
    vertex -7.813529968 -7.813529968 7.599999905
    vertex -2.686235905 -2.963804483 7.599999905
  endloop
endfacet
facet normal 0 -0 -1
  outer loop
    vertex -8.187509537 -7.420726299 7.599999905
    vertex -2.963804483 -2.686235905 7.599999905
    vertex -7.813529968 -7.813529968 7.599999905
  endloop
endfacet
facet normal 0 0 -1
  outer loop
    vertex -6.582477093 -8.875443459 7.599999905
    vertex -7.010046005 -8.541765213 7.599999905
    vertex -2.382797241 -3.212830067 7.599999905
  endloop
endfacet
facet normal 0 -0 -1
  outer loop
    vertex -6.582477093 -8.875443459 7.599999905
    vertex -2.222280979 -3.325878382 7.599999905
    vertex -6.139050961 -9.187739372 7.599999905
  endloop
endfacet
facet normal 0 -0 -1
  outer loop
    vertex -7.420726299 -8.187509537 7.599999905
    vertex -2.537573099 -3.092041731 7.599999905
    vertex -7.010046005 -8.541765213 7.599999905
  endloop
endfacet
facet normal 0 -0 -1
  outer loop
    vertex -4.228652 -10.20886898 7.599999905
    vertex -1.347559452 -3.766176224 7.599999905
    vertex -3.722632885 -10.40406227 7.599999905
  endloop
endfacet
facet normal 0 -0 -1
  outer loop
    vertex -3.722632885 -10.40406227 7.599999905
    vertex -1.161138654 -3.827761412 7.599999905
    vertex -3.207645655 -10.57419109 7.599999905
  endloop
endfacet
facet normal 0 0 -1
  outer loop
    vertex -2.68493104 -10.71884537 7.599999905
    vertex -3.207645655 -10.57419109 7.599999905
    vertex -1.161138654 -3.827761412 7.599999905
  endloop
endfacet
facet normal 0 -0 -1
  outer loop
    vertex -6.139050961 -9.187739372 7.599999905
    vertex -2.056411028 -3.430914402 7.599999905
    vertex -5.680835247 -9.477901459 7.599999905
  endloop
endfacet
facet normal 0 -0 -1
  outer loop
    vertex -5.680835247 -9.477901459 7.599999905
    vertex -1.885586977 -3.527685165 7.599999905
    vertex -5.20893383 -9.745229721 7.599999905
  endloop
endfacet
facet normal 0 -0 -1
  outer loop
    vertex -5.20893383 -9.745229721 7.599999905
    vertex -1.885586977 -3.527685165 7.599999905
    vertex -4.724483967 -9.989081383 7.599999905
  endloop
endfacet
facet normal 0 -0 -1
  outer loop
    vertex -4.724483967 -9.989081383 7.599999905
    vertex -1.710220337 -3.61595726 7.599999905
    vertex -4.228652 -10.20886898 7.599999905
  endloop
endfacet
facet normal 0 0 -1
  outer loop
    vertex -5.680835247 -9.477901459 7.599999905
    vertex -2.056411028 -3.430914402 7.599999905
    vertex -1.885586977 -3.527685165 7.599999905
  endloop
endfacet
facet normal 0 0 -1
  outer loop
    vertex -4.724483967 -9.989081383 7.599999905
    vertex -1.885586977 -3.527685165 7.599999905
    vertex -1.710220337 -3.61595726 7.599999905
  endloop
endfacet
facet normal 0 0 -1
  outer loop
    vertex -4.228652 -10.20886898 7.599999905
    vertex -1.710220337 -3.61595726 7.599999905
    vertex -1.530733705 -3.695518017 7.599999905
  endloop
endfacet
facet normal 0 0 -1
  outer loop
    vertex -4.228652 -10.20886898 7.599999905
    vertex -1.530733705 -3.695518017 7.599999905
    vertex -1.347559452 -3.766176224 7.599999905
  endloop
endfacet
facet normal 0 0 -1
  outer loop
    vertex -8.541765213 -7.010046005 7.599999905
    vertex -8.875443459 -6.582477093 7.599999905
    vertex -3.212830067 -2.382797241 7.599999905
  endloop
endfacet
facet normal 0 0 -1
  outer loop
    vertex -8.541765213 -7.010046005 7.599999905
    vertex -3.092041731 -2.537573099 7.599999905
    vertex -2.963804483 -2.686235905 7.599999905
  endloop
endfacet
facet normal 0 0 -1
  outer loop
    vertex -9.187739372 -6.139050961 7.599999905
    vertex -3.430914402 -2.056411028 7.599999905
    vertex -3.325878382 -2.222280979 7.599999905
  endloop
endfacet
facet normal 0 0 -1
  outer loop
    vertex -9.745229721 -5.20893383 7.599999905
    vertex -3.527685165 -1.885586977 7.599999905
    vertex -3.430914402 -2.056411028 7.599999905
  endloop
endfacet
facet normal 0 0 -1
  outer loop
    vertex -9.989081383 -4.724483967 7.599999905
    vertex -3.61595726 -1.710220337 7.599999905
    vertex -3.527685165 -1.885586977 7.599999905
  endloop
endfacet
facet normal 0 0 -1
  outer loop
    vertex -8.875443459 -6.582477093 7.599999905
    vertex -3.325878382 -2.222280979 7.599999905
    vertex -3.212830067 -2.382797241 7.599999905
  endloop
endfacet
facet normal 0 0 -1
  outer loop
    vertex -8.541765213 -7.010046005 7.599999905
    vertex -3.212830067 -2.382797241 7.599999905
    vertex -3.092041731 -2.537573099 7.599999905
  endloop
endfacet
facet normal 0 0 -1
  outer loop
    vertex -10.20886898 -4.228652 7.599999905
    vertex -3.766176224 -1.347559452 7.599999905
    vertex -3.695518017 -1.530733705 7.599999905
  endloop
endfacet
facet normal 0 0 -1
  outer loop
    vertex -10.57419109 -3.207645655 7.599999905
    vertex -3.827761412 -1.161138654 7.599999905
    vertex -3.766176224 -1.347559452 7.599999905
  endloop
endfacet
facet normal 0 0 -1
  outer loop
    vertex -10.71884537 -2.68493104 7.599999905
    vertex -3.880125046 -0.9719207287 7.599999905
    vertex -3.827761412 -1.161138654 7.599999905
  endloop
endfacet
facet normal 0 0 -1
  outer loop
    vertex -10.837677 -2.155748129 7.599999905
    vertex -3.923141003 -0.7803612947 7.599999905
    vertex -3.880125046 -0.9719207287 7.599999905
  endloop
endfacet
facet normal 0 0 -1
  outer loop
    vertex -10.99679089 -1.083089352 7.599999905
    vertex -3.980738878 -0.3920685649 7.599999905
    vertex -3.956706047 -0.5869218707 7.599999905
  endloop
endfacet
facet normal 0 0 -1
  outer loop
    vertex -10.93040085 -1.621371746 7.599999905
    vertex -3.956706047 -0.5869218707 7.599999905
    vertex -3.923141003 -0.7803612947 7.599999905
  endloop
endfacet
facet normal 0 0 -1
  outer loop
    vertex -11.03668976 -0.5421978235 7.599999905
    vertex -3.995181799 -0.1962707043 7.599999905
    vertex -3.980738878 -0.3920685649 7.599999905
  endloop
endfacet
facet normal 0 0 -1
  outer loop
    vertex -11.03668976 -0.5421978235 7.599999905
    vertex -4 4.89858741e-16 7.599999905
    vertex -3.995181799 -0.1962707043 7.599999905
  endloop
endfacet
facet normal 0 0 -1
  outer loop
    vertex -10.20886898 -4.228652 7.599999905
    vertex -3.695518017 -1.530733705 7.599999905
    vertex -3.61595726 -1.710220337 7.599999905
  endloop
endfacet
facet normal 0 0 -1
  outer loop
    vertex -7.420726299 -8.187509537 7.599999905
    vertex -2.686235905 -2.963804483 7.599999905
    vertex -2.537573099 -3.092041731 7.599999905
  endloop
endfacet
facet normal 0 0 -1
  outer loop
    vertex -7.813529968 -7.813529968 7.599999905
    vertex -2.963804483 -2.686235905 7.599999905
    vertex -2.828427076 -2.828427076 7.599999905
  endloop
endfacet
facet normal 0 0 -1
  outer loop
    vertex -7.813529968 -7.813529968 7.599999905
    vertex -2.828427076 -2.828427076 7.599999905
    vertex -2.686235905 -2.963804483 7.599999905
  endloop
endfacet
facet normal 0 0 -1
  outer loop
    vertex -7.010046005 -8.541765213 7.599999905
    vertex -2.537573099 -3.092041731 7.599999905
    vertex -2.382797241 -3.212830067 7.599999905
  endloop
endfacet
facet normal 0 0 -1
  outer loop
    vertex -6.582477093 -8.875443459 7.599999905
    vertex -2.382797241 -3.212830067 7.599999905
    vertex -2.222280979 -3.325878382 7.599999905
  endloop
endfacet
facet normal 0 0 -1
  outer loop
    vertex -6.139050961 -9.187739372 7.599999905
    vertex -2.222280979 -3.325878382 7.599999905
    vertex -2.056411028 -3.430914402 7.599999905
  endloop
endfacet
facet normal -0 0 1
  outer loop
    vertex -14.81902218 -13.43117905 12
    vertex -14.14213562 -14.14213562 12
    vertex -2.963804483 -2.686235905 12
  endloop
endfacet
facet normal 0 -0 1
  outer loop
    vertex -14.81902218 -13.43117905 12
    vertex -3.092041731 -2.537573099 12
    vertex -15.46020889 -12.68786526 12
  endloop
endfacet
facet normal 0 -0 1
  outer loop
    vertex -15.46020889 -12.68786526 12
    vertex -3.212830067 -2.382797241 12
    vertex -16.06414986 -11.91398621 12
  endloop
endfacet
facet normal 0 -0 1
  outer loop
    vertex -13.43117905 -14.81902218 12
    vertex -2.686235905 -2.963804483 12
    vertex -14.14213562 -14.14213562 12
  endloop
endfacet
facet normal 0 -0 1
  outer loop
    vertex -16.06414986 -11.91398621 12
    vertex -3.212830067 -2.382797241 12
    vertex -3.325878382 -2.222280979 12
  endloop
endfacet
facet normal 0 -0 1
  outer loop
    vertex -15.46020889 -12.68786526 12
    vertex -3.092041731 -2.537573099 12
    vertex -3.212830067 -2.382797241 12
  endloop
endfacet
facet normal 0 -0 1
  outer loop
    vertex -17.63842583 -9.427934647 12
    vertex -3.527685165 -1.885586977 12
    vertex -3.61595726 -1.710220337 12
  endloop
endfacet
facet normal 0 -0 1
  outer loop
    vertex -18.47759056 -7.65366888 12
    vertex -3.61595726 -1.710220337 12
    vertex -3.695518017 -1.530733705 12
  endloop
endfacet
facet normal 0 -0 1
  outer loop
    vertex -18.47759056 -7.65366888 12
    vertex -3.695518017 -1.530733705 12
    vertex -3.766176224 -1.347559452 12
  endloop
endfacet
facet normal 0 -0 1
  outer loop
    vertex -18.83088112 -6.73779726 12
    vertex -3.766176224 -1.347559452 12
    vertex -3.827761412 -1.161138654 12
  endloop
endfacet
facet normal 0 -0 1
  outer loop
    vertex -17.15457153 -10.2820549 12
    vertex -3.430914402 -2.056411028 12
    vertex -3.527685165 -1.885586977 12
  endloop
endfacet
facet normal 0 -0 1
  outer loop
    vertex -16.62939262 -11.11140442 12
    vertex -3.325878382 -2.222280979 12
    vertex -3.430914402 -2.056411028 12
  endloop
endfacet
facet normal 0 -0 1
  outer loop
    vertex -19.40062523 -4.859603405 12
    vertex -3.880125046 -0.9719207287 12
    vertex -3.923141003 -0.7803612947 12
  endloop
endfacet
facet normal 0 -0 1
  outer loop
    vertex -19.40062523 -4.859603405 12
    vertex -3.827761412 -1.161138654 12
    vertex -3.880125046 -0.9719207287 12
  endloop
endfacet
facet normal 0 -0 1
  outer loop
    vertex -19.61570549 -3.901806355 12
    vertex -3.923141003 -0.7803612947 12
    vertex -3.956706047 -0.5869218707 12
  endloop
endfacet
facet normal 0 -0 1
  outer loop
    vertex -19.90369415 -1.960342765 12
    vertex -3.980738878 -0.3920685649 12
    vertex -3.995181799 -0.1962707043 12
  endloop
endfacet
facet normal 0 -0 1
  outer loop
    vertex -19.90369415 -1.960342765 12
    vertex -3.956706047 -0.5869218707 12
    vertex -3.980738878 -0.3920685649 12
  endloop
endfacet
facet normal 0 -0 1
  outer loop
    vertex -19.97590828 -0.9813534617 12
    vertex -3.995181799 -0.1962707043 12
    vertex -4 4.89858741e-16 12
  endloop
endfacet
facet normal 0 -0 1
  outer loop
    vertex -10.2820549 -17.15457153 12
    vertex -1.885586977 -3.527685165 12
    vertex -2.056411028 -3.430914402 12
  endloop
endfacet
facet normal 0 -0 1
  outer loop
    vertex -12.68786526 -15.46020889 12
    vertex -2.537573099 -3.092041731 12
    vertex -2.686235905 -2.963804483 12
  endloop
endfacet
facet normal 0 -0 1
  outer loop
    vertex -14.81902218 -13.43117905 12
    vertex -2.963804483 -2.686235905 12
    vertex -3.092041731 -2.537573099 12
  endloop
endfacet
facet normal 0 -0 1
  outer loop
    vertex -14.14213562 -14.14213562 12
    vertex -2.828427076 -2.828427076 12
    vertex -2.963804483 -2.686235905 12
  endloop
endfacet
facet normal 0 -0 1
  outer loop
    vertex -14.14213562 -14.14213562 12
    vertex -2.686235905 -2.963804483 12
    vertex -2.828427076 -2.828427076 12
  endloop
endfacet
facet normal 0 -0 1
  outer loop
    vertex -11.91398621 -16.06414986 12
    vertex -2.382797241 -3.212830067 12
    vertex -2.537573099 -3.092041731 12
  endloop
endfacet
facet normal 0 -0 1
  outer loop
    vertex -11.91398621 -16.06414986 12
    vertex -2.222280979 -3.325878382 12
    vertex -2.382797241 -3.212830067 12
  endloop
endfacet
facet normal 0 -0 1
  outer loop
    vertex -10.2820549 -17.15457153 12
    vertex -2.056411028 -3.430914402 12
    vertex -2.222280979 -3.325878382 12
  endloop
endfacet
facet normal 0 -0 1
  outer loop
    vertex -8.551101685 -18.0797863 12
    vertex -1.710220337 -3.61595726 12
    vertex -1.885586977 -3.527685165 12
  endloop
endfacet
facet normal 0 -0 1
  outer loop
    vertex -7.65366888 -18.47759056 12
    vertex -1.530733705 -3.695518017 12
    vertex -1.710220337 -3.61595726 12
  endloop
endfacet
facet normal 0 -0 1
  outer loop
    vertex -7.65366888 -18.47759056 12
    vertex -1.347559452 -3.766176224 12
    vertex -1.530733705 -3.695518017 12
  endloop
endfacet
facet normal 0 -0 1
  outer loop
    vertex -5.805693626 -19.1388073 12
    vertex -1.161138654 -3.827761412 12
    vertex -1.347559452 -3.766176224 12
  endloop
endfacet
facet normal 0 -0 1
  outer loop
    vertex -4.859603405 -19.40062523 12
    vertex -0.9719207287 -3.880125046 12
    vertex -1.161138654 -3.827761412 12
  endloop
endfacet
facet normal -0.5000000153 0.8660253949 0
  outer loop
    vertex 13.05384731 -34.60992813 0
    vertex 13.05384731 -34.60992813 12
    vertex 23.44615173 -28.60992813 12
  endloop
endfacet
facet normal -0.1224112183 -0.9924794676 0
  outer loop
    vertex -1.960342765 -19.90369415 0
    vertex -1.960342765 -19.90369415 12
    vertex -2.934609413 -19.78352928 12
  endloop
endfacet
facet normal -0.07356409468 -0.9972904913 0
  outer loop
    vertex -0.9813534617 -19.97590828 0
    vertex -0.9813534617 -19.97590828 12
    vertex -1.960342765 -19.90369415 12
  endloop
endfacet
facet normal -0.0245420891 -0.9996987976 0
  outer loop
    vertex -3.673940187e-15 -20 0
    vertex -3.673940187e-15 -20 12
    vertex -0.9813534617 -19.97590828 12
  endloop
endfacet
facet normal 0.0245420891 -0.9996987976 0
  outer loop
    vertex 0.9813534617 -19.97590828 0
    vertex 0.9813534617 -19.97590828 12
    vertex -3.673940187e-15 -20 12
  endloop
endfacet
facet normal 0.07356409468 -0.9972904913 0
  outer loop
    vertex 1.960342765 -19.90369415 0
    vertex 1.960342765 -19.90369415 12
    vertex 0.9813534617 -19.97590828 12
  endloop
endfacet
facet normal 0.1224112183 -0.9924794676 0
  outer loop
    vertex 2.934609413 -19.78352928 0
    vertex 2.934609413 -19.78352928 12
    vertex 1.960342765 -19.90369415 12
  endloop
endfacet
facet normal 0.1709610996 -0.9852777793 0
  outer loop
    vertex 3.901806355 -19.61570549 0
    vertex 3.901806355 -19.61570549 12
    vertex 2.934609413 -19.78352928 12
  endloop
endfacet
facet normal 0.2191009891 -0.9757021864 0
  outer loop
    vertex 4.859603405 -19.40062523 0
    vertex 4.859603405 -19.40062523 12
    vertex 3.901806355 -19.61570549 12
  endloop
endfacet
facet normal 0.2667122909 -0.9637761949 0
  outer loop
    vertex 5.805693626 -19.1388073 0
    vertex 5.805693626 -19.1388073 12
    vertex 4.859603405 -19.40062523 12
  endloop
endfacet
facet normal 0.3136824111 -0.949527959 0
  outer loop
    vertex 6.73779726 -18.83088112 0
    vertex 6.73779726 -18.83088112 12
    vertex 5.805693626 -19.1388073 12
  endloop
endfacet
facet normal -0 0 1
  outer loop
    vertex -2.934609413 -19.78352928 12
    vertex -1.960342765 -19.90369415 12
    vertex -0.5869218707 -3.956706047 12
  endloop
endfacet
facet normal -0 0 1
  outer loop
    vertex -1.960342765 -19.90369415 12
    vertex -0.9813534617 -19.97590828 12
    vertex -0.1962707043 -3.995181799 12
  endloop
endfacet
facet normal -0 0 1
  outer loop
    vertex -0.9813534617 -19.97590828 12
    vertex -3.673940187e-15 -20 12
    vertex -7.347880586e-16 -4 12
  endloop
endfacet
facet normal 0 -0 1
  outer loop
    vertex -3.673940187e-15 -20 12
    vertex 0.9813534617 -19.97590828 12
    vertex -7.347880586e-16 -4 12
  endloop
endfacet
facet normal 0 -0 1
  outer loop
    vertex 0.9813534617 -19.97590828 12
    vertex 1.960342765 -19.90369415 12
    vertex 0.1962707043 -3.995181799 12
  endloop
endfacet
facet normal 0 -0 1
  outer loop
    vertex 1.960342765 -19.90369415 12
    vertex 2.934609413 -19.78352928 12
    vertex 0.5869218707 -3.956706047 12
  endloop
endfacet
facet normal 0 -0 1
  outer loop
    vertex 2.934609413 -19.78352928 12
    vertex 3.901806355 -19.61570549 12
    vertex 0.5869218707 -3.956706047 12
  endloop
endfacet
facet normal 0 -0 1
  outer loop
    vertex 3.901806355 -19.61570549 12
    vertex 4.859603405 -19.40062523 12
    vertex 0.7803612947 -3.923141003 12
  endloop
endfacet
facet normal 0 -0 1
  outer loop
    vertex 4.859603405 -19.40062523 12
    vertex 5.805693626 -19.1388073 12
    vertex 1.161138654 -3.827761412 12
  endloop
endfacet
facet normal 0 -0 1
  outer loop
    vertex 5.805693626 -19.1388073 12
    vertex 6.73779726 -18.83088112 12
    vertex 1.161138654 -3.827761412 12
  endloop
endfacet
facet normal 0 -0 1
  outer loop
    vertex 6.73779726 -18.83088112 12
    vertex 7.65366888 -18.47759056 12
    vertex 1.347559452 -3.766176224 12
  endloop
endfacet
facet normal 0 -0 1
  outer loop
    vertex 7.65366888 -18.47759056 12
    vertex 8.551101685 -18.0797863 12
    vertex 1.710220337 -3.61595726 12
  endloop
endfacet
facet normal 0 -0 1
  outer loop
    vertex 8.551101685 -18.0797863 12
    vertex 9.427934647 -17.63842583 12
    vertex 1.710220337 -3.61595726 12
  endloop
endfacet
facet normal 0 -0 -1
  outer loop
    vertex -2.68493104 -10.71884537 7.599999905
    vertex -0.9719207287 -3.880125046 7.599999905
    vertex -2.155748129 -10.837677 7.599999905
  endloop
endfacet
facet normal 0 -0 -1
  outer loop
    vertex -2.155748129 -10.837677 7.599999905
    vertex -0.5869218707 -3.956706047 7.599999905
    vertex -1.621371746 -10.93040085 7.599999905
  endloop
endfacet
facet normal 0 -0 -1
  outer loop
    vertex -1.621371746 -10.93040085 7.599999905
    vertex -0.5869218707 -3.956706047 7.599999905
    vertex -1.083089352 -10.99679089 7.599999905
  endloop
endfacet
facet normal 0 -0 -1
  outer loop
    vertex -1.083089352 -10.99679089 7.599999905
    vertex -0.1962707043 -3.995181799 7.599999905
    vertex -0.5421978235 -11.03668976 7.599999905
  endloop
endfacet
facet normal 0 -0 -1
  outer loop
    vertex -0.5421978235 -11.03668976 7.599999905
    vertex -7.347880586e-16 -4 7.599999905
    vertex -2.029851989e-15 -11.05000019 7.599999905
  endloop
endfacet
facet normal 0 0 -1
  outer loop
    vertex -3.722632885 -10.40406227 7.599999905
    vertex -1.347559452 -3.766176224 7.599999905
    vertex -1.161138654 -3.827761412 7.599999905
  endloop
endfacet
facet normal 0 0 -1
  outer loop
    vertex -2.68493104 -10.71884537 7.599999905
    vertex -1.161138654 -3.827761412 7.599999905
    vertex -0.9719207287 -3.880125046 7.599999905
  endloop
endfacet
facet normal 0 0 -1
  outer loop
    vertex -2.155748129 -10.837677 7.599999905
    vertex -0.9719207287 -3.880125046 7.599999905
    vertex -0.7803612947 -3.923141003 7.599999905
  endloop
endfacet
facet normal 0 0 -1
  outer loop
    vertex -2.155748129 -10.837677 7.599999905
    vertex -0.7803612947 -3.923141003 7.599999905
    vertex -0.5869218707 -3.956706047 7.599999905
  endloop
endfacet
facet normal 0 0 -1
  outer loop
    vertex -1.083089352 -10.99679089 7.599999905
    vertex -0.5869218707 -3.956706047 7.599999905
    vertex -0.3920685649 -3.980738878 7.599999905
  endloop
endfacet
facet normal 0 0 -1
  outer loop
    vertex -1.083089352 -10.99679089 7.599999905
    vertex -0.3920685649 -3.980738878 7.599999905
    vertex -0.1962707043 -3.995181799 7.599999905
  endloop
endfacet
facet normal 0 0 -1
  outer loop
    vertex -0.5421978235 -11.03668976 7.599999905
    vertex -0.1962707043 -3.995181799 7.599999905
    vertex -7.347880586e-16 -4 7.599999905
  endloop
endfacet
facet normal 0 0 -1
  outer loop
    vertex -2.029851989e-15 -11.05000019 7.599999905
    vertex -7.347880586e-16 -4 7.599999905
    vertex 0.5421978235 -11.03668976 7.599999905
  endloop
endfacet
facet normal 0 0 -1
  outer loop
    vertex 0.5421978235 -11.03668976 7.599999905
    vertex 0.3920685649 -3.980738878 7.599999905
    vertex 1.083089352 -10.99679089 7.599999905
  endloop
endfacet
facet normal 0 0 -1
  outer loop
    vertex 1.083089352 -10.99679089 7.599999905
    vertex 0.5869218707 -3.956706047 7.599999905
    vertex 1.621371746 -10.93040085 7.599999905
  endloop
endfacet
facet normal 0 0 -1
  outer loop
    vertex 1.621371746 -10.93040085 7.599999905
    vertex 0.7803612947 -3.923141003 7.599999905
    vertex 2.155748129 -10.837677 7.599999905
  endloop
endfacet
facet normal 0 0 -1
  outer loop
    vertex 2.155748129 -10.837677 7.599999905
    vertex 0.9719207287 -3.880125046 7.599999905
    vertex 2.68493104 -10.71884537 7.599999905
  endloop
endfacet
facet normal 0 0 -1
  outer loop
    vertex 2.68493104 -10.71884537 7.599999905
    vertex 1.161138654 -3.827761412 7.599999905
    vertex 3.207645655 -10.57419109 7.599999905
  endloop
endfacet
facet normal 0 0 -1
  outer loop
    vertex 0.5421978235 -11.03668976 7.599999905
    vertex -7.347880586e-16 -4 7.599999905
    vertex 0.1962707043 -3.995181799 7.599999905
  endloop
endfacet
facet normal 0 0 -1
  outer loop
    vertex 0.5421978235 -11.03668976 7.599999905
    vertex 0.1962707043 -3.995181799 7.599999905
    vertex 0.3920685649 -3.980738878 7.599999905
  endloop
endfacet
facet normal 0 0 -1
  outer loop
    vertex 1.083089352 -10.99679089 7.599999905
    vertex 0.3920685649 -3.980738878 7.599999905
    vertex 0.5869218707 -3.956706047 7.599999905
  endloop
endfacet
facet normal 0 0 -1
  outer loop
    vertex 1.621371746 -10.93040085 7.599999905
    vertex 0.5869218707 -3.956706047 7.599999905
    vertex 0.7803612947 -3.923141003 7.599999905
  endloop
endfacet
facet normal 0 0 -1
  outer loop
    vertex 2.155748129 -10.837677 7.599999905
    vertex 0.7803612947 -3.923141003 7.599999905
    vertex 0.9719207287 -3.880125046 7.599999905
  endloop
endfacet
facet normal 0 0 -1
  outer loop
    vertex 2.68493104 -10.71884537 7.599999905
    vertex 0.9719207287 -3.880125046 7.599999905
    vertex 1.161138654 -3.827761412 7.599999905
  endloop
endfacet
facet normal 0 0 -1
  outer loop
    vertex 3.207645655 -10.57419109 7.599999905
    vertex 1.161138654 -3.827761412 7.599999905
    vertex 1.347559452 -3.766176224 7.599999905
  endloop
endfacet
facet normal 0 0 -1
  outer loop
    vertex 4.228652 -10.20886898 7.599999905
    vertex 1.347559452 -3.766176224 7.599999905
    vertex 1.530733705 -3.695518017 7.599999905
  endloop
endfacet
facet normal 0 0 -1
  outer loop
    vertex 3.207645655 -10.57419109 7.599999905
    vertex 1.347559452 -3.766176224 7.599999905
    vertex 3.722632885 -10.40406227 7.599999905
  endloop
endfacet
facet normal 0 0 -1
  outer loop
    vertex 3.722632885 -10.40406227 7.599999905
    vertex 1.347559452 -3.766176224 7.599999905
    vertex 4.228652 -10.20886898 7.599999905
  endloop
endfacet
facet normal 0 0 -1
  outer loop
    vertex 4.228652 -10.20886898 7.599999905
    vertex 1.710220337 -3.61595726 7.599999905
    vertex 4.724483967 -9.989081383 7.599999905
  endloop
endfacet
facet normal 0 0 -1
  outer loop
    vertex 4.228652 -10.20886898 7.599999905
    vertex 1.530733705 -3.695518017 7.599999905
    vertex 1.710220337 -3.61595726 7.599999905
  endloop
endfacet
facet normal 0 0 -1
  outer loop
    vertex 4.724483967 -9.989081383 7.599999905
    vertex 1.710220337 -3.61595726 7.599999905
    vertex 1.885586977 -3.527685165 7.599999905
  endloop
endfacet
facet normal 0 0 -1
  outer loop
    vertex 5.20893383 -9.745229721 7.599999905
    vertex 1.885586977 -3.527685165 7.599999905
    vertex 2.056411028 -3.430914402 7.599999905
  endloop
endfacet
facet normal 0 0 -1
  outer loop
    vertex 4.724483967 -9.989081383 7.599999905
    vertex 1.885586977 -3.527685165 7.599999905
    vertex 5.20893383 -9.745229721 7.599999905
  endloop
endfacet
facet normal 0 0 -1
  outer loop
    vertex 5.20893383 -9.745229721 7.599999905
    vertex 2.056411028 -3.430914402 7.599999905
    vertex 5.680835247 -9.477901459 7.599999905
  endloop
endfacet
facet normal 0 0 -1
  outer loop
    vertex 5.680835247 -9.477901459 7.599999905
    vertex 2.056411028 -3.430914402 7.599999905
    vertex 6.139050961 -9.187739372 7.599999905
  endloop
endfacet
facet normal 0 0 -1
  outer loop
    vertex 6.139050961 -9.187739372 7.599999905
    vertex 2.222280979 -3.325878382 7.599999905
    vertex 6.582477093 -8.875443459 7.599999905
  endloop
endfacet
facet normal 0 0 -1
  outer loop
    vertex 6.582477093 -8.875443459 7.599999905
    vertex 2.382797241 -3.212830067 7.599999905
    vertex 7.010046005 -8.541765213 7.599999905
  endloop
endfacet
facet normal 0 0 -1
  outer loop
    vertex 7.010046005 -8.541765213 7.599999905
    vertex 2.686235905 -2.963804483 7.599999905
    vertex 7.420726299 -8.187509537 7.599999905
  endloop
endfacet
facet normal 0 0 -1
  outer loop
    vertex 7.420726299 -8.187509537 7.599999905
    vertex 2.686235905 -2.963804483 7.599999905
    vertex 7.813529968 -7.813529968 7.599999905
  endloop
endfacet
facet normal 0 0 -1
  outer loop
    vertex 7.813529968 -7.813529968 7.599999905
    vertex 2.963804483 -2.686235905 7.599999905
    vertex 8.187509537 -7.420726299 7.599999905
  endloop
endfacet
facet normal 0 0 -1
  outer loop
    vertex 8.187509537 -7.420726299 7.599999905
    vertex 3.092041731 -2.537573099 7.599999905
    vertex 8.541765213 -7.010046005 7.599999905
  endloop
endfacet
facet normal 0 0 -1
  outer loop
    vertex 6.139050961 -9.187739372 7.599999905
    vertex 2.056411028 -3.430914402 7.599999905
    vertex 2.222280979 -3.325878382 7.599999905
  endloop
endfacet
facet normal 0 0 -1
  outer loop
    vertex 6.582477093 -8.875443459 7.599999905
    vertex 2.222280979 -3.325878382 7.599999905
    vertex 2.382797241 -3.212830067 7.599999905
  endloop
endfacet
facet normal 0 0 -1
  outer loop
    vertex 7.010046005 -8.541765213 7.599999905
    vertex 2.382797241 -3.212830067 7.599999905
    vertex 2.537573099 -3.092041731 7.599999905
  endloop
endfacet
facet normal 0 0 -1
  outer loop
    vertex 7.010046005 -8.541765213 7.599999905
    vertex 2.537573099 -3.092041731 7.599999905
    vertex 2.686235905 -2.963804483 7.599999905
  endloop
endfacet
facet normal 0 0 -1
  outer loop
    vertex 7.813529968 -7.813529968 7.599999905
    vertex 2.686235905 -2.963804483 7.599999905
    vertex 2.828427076 -2.828427076 7.599999905
  endloop
endfacet
facet normal 0 0 -1
  outer loop
    vertex 7.813529968 -7.813529968 7.599999905
    vertex 2.828427076 -2.828427076 7.599999905
    vertex 2.963804483 -2.686235905 7.599999905
  endloop
endfacet
facet normal 0 0 -1
  outer loop
    vertex 8.187509537 -7.420726299 7.599999905
    vertex 2.963804483 -2.686235905 7.599999905
    vertex 3.092041731 -2.537573099 7.599999905
  endloop
endfacet
facet normal 0 0 -1
  outer loop
    vertex 8.541765213 -7.010046005 7.599999905
    vertex 3.092041731 -2.537573099 7.599999905
    vertex 3.212830067 -2.382797241 7.599999905
  endloop
endfacet
facet normal 0 0 -1
  outer loop
    vertex 8.875443459 -6.582477093 7.599999905
    vertex 3.212830067 -2.382797241 7.599999905
    vertex 3.325878382 -2.222280979 7.599999905
  endloop
endfacet
facet normal 0 0 -1
  outer loop
    vertex 9.187739372 -6.139050961 7.599999905
    vertex 3.325878382 -2.222280979 7.599999905
    vertex 3.430914402 -2.056411028 7.599999905
  endloop
endfacet
facet normal 0 0 -1
  outer loop
    vertex 9.477901459 -5.680835247 7.599999905
    vertex 3.430914402 -2.056411028 7.599999905
    vertex 3.527685165 -1.885586977 7.599999905
  endloop
endfacet
facet normal 0 0 -1
  outer loop
    vertex 9.989081383 -4.724483967 7.599999905
    vertex 3.527685165 -1.885586977 7.599999905
    vertex 3.61595726 -1.710220337 7.599999905
  endloop
endfacet
facet normal 0 0 -1
  outer loop
    vertex 8.541765213 -7.010046005 7.599999905
    vertex 3.212830067 -2.382797241 7.599999905
    vertex 8.875443459 -6.582477093 7.599999905
  endloop
endfacet
facet normal 0 0 -1
  outer loop
    vertex 8.875443459 -6.582477093 7.599999905
    vertex 3.325878382 -2.222280979 7.599999905
    vertex 9.187739372 -6.139050961 7.599999905
  endloop
endfacet
facet normal 0 0 -1
  outer loop
    vertex 10.20886898 -4.228652 7.599999905
    vertex 3.695518017 -1.530733705 7.599999905
    vertex 3.766176224 -1.347559452 7.599999905
  endloop
endfacet
facet normal 0 0 -1
  outer loop
    vertex 10.20886898 -4.228652 7.599999905
    vertex 3.61595726 -1.710220337 7.599999905
    vertex 3.695518017 -1.530733705 7.599999905
  endloop
endfacet
facet normal 0 0 -1
  outer loop
    vertex 10.40406227 -3.722632885 7.599999905
    vertex 3.766176224 -1.347559452 7.599999905
    vertex 3.827761412 -1.161138654 7.599999905
  endloop
endfacet
facet normal 0 0 -1
  outer loop
    vertex 10.71884537 -2.68493104 7.599999905
    vertex 3.827761412 -1.161138654 7.599999905
    vertex 3.880125046 -0.9719207287 7.599999905
  endloop
endfacet
facet normal 0 0 -1
  outer loop
    vertex 10.837677 -2.155748129 7.599999905
    vertex 3.880125046 -0.9719207287 7.599999905
    vertex 3.923141003 -0.7803612947 7.599999905
  endloop
endfacet
facet normal 0 0 -1
  outer loop
    vertex 10.837677 -2.155748129 7.599999905
    vertex 3.923141003 -0.7803612947 7.599999905
    vertex 3.956706047 -0.5869218707 7.599999905
  endloop
endfacet
facet normal 0 0 -1
  outer loop
    vertex 10.99679089 -1.083089352 7.599999905
    vertex 3.956706047 -0.5869218707 7.599999905
    vertex 3.980738878 -0.3920685649 7.599999905
  endloop
endfacet
facet normal 0 0 -1
  outer loop
    vertex 10.99679089 -1.083089352 7.599999905
    vertex 3.980738878 -0.3920685649 7.599999905
    vertex 3.995181799 -0.1962707043 7.599999905
  endloop
endfacet
facet normal 0 0 -1
  outer loop
    vertex 11.03668976 -0.5421978235 7.599999905
    vertex 3.995181799 -0.1962707043 7.599999905
    vertex 4 0 7.599999905
  endloop
endfacet
facet normal 0 -0 1
  outer loop
    vertex -3.901806355 -19.61570549 12
    vertex -0.7803612947 -3.923141003 12
    vertex -0.9719207287 -3.880125046 12
  endloop
endfacet
facet normal 0 -0 1
  outer loop
    vertex -2.934609413 -19.78352928 12
    vertex -0.5869218707 -3.956706047 12
    vertex -0.7803612947 -3.923141003 12
  endloop
endfacet
facet normal 0 -0 1
  outer loop
    vertex -1.960342765 -19.90369415 12
    vertex -0.3920685649 -3.980738878 12
    vertex -0.5869218707 -3.956706047 12
  endloop
endfacet
facet normal 0 -0 1
  outer loop
    vertex -1.960342765 -19.90369415 12
    vertex -0.1962707043 -3.995181799 12
    vertex -0.3920685649 -3.980738878 12
  endloop
endfacet
facet normal 0 -0 1
  outer loop
    vertex -0.9813534617 -19.97590828 12
    vertex -7.347880586e-16 -4 12
    vertex -0.1962707043 -3.995181799 12
  endloop
endfacet
facet normal 0 0 1
  outer loop
    vertex 0.9813534617 -19.97590828 12
    vertex 0.1962707043 -3.995181799 12
    vertex -7.347880586e-16 -4 12
  endloop
endfacet
facet normal 0 0 1
  outer loop
    vertex 1.960342765 -19.90369415 12
    vertex 0.3920685649 -3.980738878 12
    vertex 0.1962707043 -3.995181799 12
  endloop
endfacet
facet normal 0 0 1
  outer loop
    vertex 1.960342765 -19.90369415 12
    vertex 0.5869218707 -3.956706047 12
    vertex 0.3920685649 -3.980738878 12
  endloop
endfacet
facet normal 0 0 1
  outer loop
    vertex 3.901806355 -19.61570549 12
    vertex 0.7803612947 -3.923141003 12
    vertex 0.5869218707 -3.956706047 12
  endloop
endfacet
facet normal 0 0 1
  outer loop
    vertex 4.859603405 -19.40062523 12
    vertex 0.9719207287 -3.880125046 12
    vertex 0.7803612947 -3.923141003 12
  endloop
endfacet
facet normal 0 0 1
  outer loop
    vertex 4.859603405 -19.40062523 12
    vertex 1.161138654 -3.827761412 12
    vertex 0.9719207287 -3.880125046 12
  endloop
endfacet
facet normal 0 0 1
  outer loop
    vertex 6.73779726 -18.83088112 12
    vertex 1.347559452 -3.766176224 12
    vertex 1.161138654 -3.827761412 12
  endloop
endfacet
facet normal 0 0 1
  outer loop
    vertex 7.65366888 -18.47759056 12
    vertex 1.530733705 -3.695518017 12
    vertex 1.347559452 -3.766176224 12
  endloop
endfacet
facet normal 0 0 1
  outer loop
    vertex 7.65366888 -18.47759056 12
    vertex 1.710220337 -3.61595726 12
    vertex 1.530733705 -3.695518017 12
  endloop
endfacet
facet normal 0 0 1
  outer loop
    vertex 9.427934647 -17.63842583 12
    vertex 1.885586977 -3.527685165 12
    vertex 1.710220337 -3.61595726 12
  endloop
endfacet
facet normal 0 0 1
  outer loop
    vertex 10.2820549 -17.15457153 12
    vertex 2.056411028 -3.430914402 12
    vertex 1.885586977 -3.527685165 12
  endloop
endfacet
facet normal 0 0 1
  outer loop
    vertex 11.11140442 -16.62939262 12
    vertex 2.222280979 -3.325878382 12
    vertex 2.056411028 -3.430914402 12
  endloop
endfacet
facet normal 0 0 1
  outer loop
    vertex 11.91398621 -16.06414986 12
    vertex 2.382797241 -3.212830067 12
    vertex 2.222280979 -3.325878382 12
  endloop
endfacet
facet normal 0 0 1
  outer loop
    vertex 12.68786526 -15.46020889 12
    vertex 2.537573099 -3.092041731 12
    vertex 2.382797241 -3.212830067 12
  endloop
endfacet
facet normal 0 0 1
  outer loop
    vertex 13.43117905 -14.81902218 12
    vertex 2.686235905 -2.963804483 12
    vertex 2.537573099 -3.092041731 12
  endloop
endfacet
facet normal 0 0 1
  outer loop
    vertex 14.14213562 -14.14213562 12
    vertex 2.828427076 -2.828427076 12
    vertex 2.686235905 -2.963804483 12
  endloop
endfacet
facet normal 0 0 1
  outer loop
    vertex 14.14213562 -14.14213562 12
    vertex 2.963804483 -2.686235905 12
    vertex 2.828427076 -2.828427076 12
  endloop
endfacet
facet normal 0.3598949379 -0.9329928369 0
  outer loop
    vertex 7.65366888 -18.47759056 0
    vertex 7.65366888 -18.47759056 12
    vertex 6.73779726 -18.83088112 12
  endloop
endfacet
facet normal 0.4052410223 -0.914209885 0
  outer loop
    vertex 8.551101685 -18.0797863 0
    vertex 8.551101685 -18.0797863 12
    vertex 7.65366888 -18.47759056 12
  endloop
endfacet
facet normal 0.4496112084 -0.8932243623 0
  outer loop
    vertex 9.427934647 -17.63842583 0
    vertex 9.427934647 -17.63842583 12
    vertex 8.551101685 -18.0797863 12
  endloop
endfacet
facet normal 0.4928990761 -0.8700864904 0
  outer loop
    vertex 10.2820549 -17.15457153 0
    vertex 10.2820549 -17.15457153 12
    vertex 9.427934647 -17.63842583 12
  endloop
endfacet
facet normal 0.5349969794 -0.8448539708 0
  outer loop
    vertex 11.11140442 -16.62939262 0
    vertex 11.11140442 -16.62939262 12
    vertex 10.2820549 -17.15457153 12
  endloop
endfacet
facet normal 0.5758088036 -0.817584382 0
  outer loop
    vertex 11.91398621 -16.06414986 0
    vertex 11.91398621 -16.06414986 12
    vertex 11.11140442 -16.62939262 12
  endloop
endfacet
facet normal 0.6152314795 -0.7883465143 0
  outer loop
    vertex 12.68786526 -15.46020889 0
    vertex 12.68786526 -15.46020889 12
    vertex 11.91398621 -16.06414986 12
  endloop
endfacet
facet normal 0.6531727436 -0.7572089322 0
  outer loop
    vertex 13.43117905 -14.81902218 0
    vertex 13.43117905 -14.81902218 12
    vertex 12.68786526 -15.46020889 12
  endloop
endfacet
facet normal 0.6895403474 -0.7242472708 0
  outer loop
    vertex 14.14213562 -14.14213562 0
    vertex 14.14213562 -14.14213562 12
    vertex 13.43117905 -14.81902218 12
  endloop
endfacet
facet normal 0.7242472708 -0.6895403474 0
  outer loop
    vertex 14.81902218 -13.43117905 0
    vertex 14.81902218 -13.43117905 12
    vertex 14.14213562 -14.14213562 12
  endloop
endfacet
facet normal 0.7572089322 -0.6531727436 0
  outer loop
    vertex 15.46020889 -12.68786526 0
    vertex 15.46020889 -12.68786526 12
    vertex 14.81902218 -13.43117905 12
  endloop
endfacet
facet normal 0.7883465143 -0.6152314795 0
  outer loop
    vertex 16.06414986 -11.91398621 0
    vertex 16.06414986 -11.91398621 12
    vertex 15.46020889 -12.68786526 12
  endloop
endfacet
facet normal 0.817584382 -0.5758088036 0
  outer loop
    vertex 16.62939262 -11.11140442 0
    vertex 16.62939262 -11.11140442 12
    vertex 16.06414986 -11.91398621 12
  endloop
endfacet
facet normal 0 -0 1
  outer loop
    vertex 9.427934647 -17.63842583 12
    vertex 10.2820549 -17.15457153 12
    vertex 1.885586977 -3.527685165 12
  endloop
endfacet
facet normal 0 -0 1
  outer loop
    vertex 10.2820549 -17.15457153 12
    vertex 11.11140442 -16.62939262 12
    vertex 2.056411028 -3.430914402 12
  endloop
endfacet
facet normal 0 -0 1
  outer loop
    vertex 11.11140442 -16.62939262 12
    vertex 11.91398621 -16.06414986 12
    vertex 2.222280979 -3.325878382 12
  endloop
endfacet
facet normal 0 -0 1
  outer loop
    vertex 11.91398621 -16.06414986 12
    vertex 12.68786526 -15.46020889 12
    vertex 2.382797241 -3.212830067 12
  endloop
endfacet
facet normal 0 -0 1
  outer loop
    vertex 12.68786526 -15.46020889 12
    vertex 13.43117905 -14.81902218 12
    vertex 2.537573099 -3.092041731 12
  endloop
endfacet
facet normal 0 0 -1
  outer loop
    vertex 9.187739372 -6.139050961 7.599999905
    vertex 3.430914402 -2.056411028 7.599999905
    vertex 9.477901459 -5.680835247 7.599999905
  endloop
endfacet
facet normal 0 0 -1
  outer loop
    vertex 9.477901459 -5.680835247 7.599999905
    vertex 3.527685165 -1.885586977 7.599999905
    vertex 9.745229721 -5.20893383 7.599999905
  endloop
endfacet
facet normal 0 0 -1
  outer loop
    vertex 9.745229721 -5.20893383 7.599999905
    vertex 3.527685165 -1.885586977 7.599999905
    vertex 9.989081383 -4.724483967 7.599999905
  endloop
endfacet
facet normal 0 0 -1
  outer loop
    vertex 9.989081383 -4.724483967 7.599999905
    vertex 3.61595726 -1.710220337 7.599999905
    vertex 10.20886898 -4.228652 7.599999905
  endloop
endfacet
facet normal 0 0 -1
  outer loop
    vertex 10.20886898 -4.228652 7.599999905
    vertex 3.766176224 -1.347559452 7.599999905
    vertex 10.40406227 -3.722632885 7.599999905
  endloop
endfacet
facet normal 0 0 -1
  outer loop
    vertex 10.40406227 -3.722632885 7.599999905
    vertex 3.827761412 -1.161138654 7.599999905
    vertex 10.57419109 -3.207645655 7.599999905
  endloop
endfacet
facet normal 0 0 -1
  outer loop
    vertex 10.57419109 -3.207645655 7.599999905
    vertex 3.827761412 -1.161138654 7.599999905
    vertex 10.71884537 -2.68493104 7.599999905
  endloop
endfacet
facet normal 0 0 -1
  outer loop
    vertex 10.71884537 -2.68493104 7.599999905
    vertex 3.880125046 -0.9719207287 7.599999905
    vertex 10.837677 -2.155748129 7.599999905
  endloop
endfacet
facet normal 0 0 -1
  outer loop
    vertex 10.837677 -2.155748129 7.599999905
    vertex 3.956706047 -0.5869218707 7.599999905
    vertex 10.93040085 -1.621371746 7.599999905
  endloop
endfacet
facet normal 0 0 -1
  outer loop
    vertex 10.93040085 -1.621371746 7.599999905
    vertex 3.956706047 -0.5869218707 7.599999905
    vertex 10.99679089 -1.083089352 7.599999905
  endloop
endfacet
facet normal 0 0 -1
  outer loop
    vertex 10.99679089 -1.083089352 7.599999905
    vertex 3.995181799 -0.1962707043 7.599999905
    vertex 11.03668976 -0.5421978235 7.599999905
  endloop
endfacet
facet normal 0 0 -1
  outer loop
    vertex 11.03668976 -0.5421978235 7.599999905
    vertex 4 0 7.599999905
    vertex 11.05000019 0 7.599999905
  endloop
endfacet
facet normal 0 0 1
  outer loop
    vertex 15.46020889 -12.68786526 12
    vertex 3.092041731 -2.537573099 12
    vertex 2.963804483 -2.686235905 12
  endloop
endfacet
facet normal 0 0 1
  outer loop
    vertex 16.06414986 -11.91398621 12
    vertex 3.212830067 -2.382797241 12
    vertex 3.092041731 -2.537573099 12
  endloop
endfacet
facet normal 0 0 1
  outer loop
    vertex 16.06414986 -11.91398621 12
    vertex 3.325878382 -2.222280979 12
    vertex 3.212830067 -2.382797241 12
  endloop
endfacet
facet normal 0 -0 1
  outer loop
    vertex 13.43117905 -14.81902218 12
    vertex 14.14213562 -14.14213562 12
    vertex 2.686235905 -2.963804483 12
  endloop
endfacet
facet normal 0 -0 1
  outer loop
    vertex 14.14213562 -14.14213562 12
    vertex 14.81902218 -13.43117905 12
    vertex 2.963804483 -2.686235905 12
  endloop
endfacet
facet normal 0 -0 1
  outer loop
    vertex 14.81902218 -13.43117905 12
    vertex 15.46020889 -12.68786526 12
    vertex 2.963804483 -2.686235905 12
  endloop
endfacet
facet normal 0 -0 1
  outer loop
    vertex 15.46020889 -12.68786526 12
    vertex 16.06414986 -11.91398621 12
    vertex 3.092041731 -2.537573099 12
  endloop
endfacet
facet normal 0 0 1
  outer loop
    vertex 17.15457153 -10.2820549 12
    vertex 3.430914402 -2.056411028 12
    vertex 3.325878382 -2.222280979 12
  endloop
endfacet
facet normal 0 0 1
  outer loop
    vertex 17.15457153 -10.2820549 12
    vertex 3.527685165 -1.885586977 12
    vertex 3.430914402 -2.056411028 12
  endloop
endfacet
facet normal 0 0 1
  outer loop
    vertex 18.0797863 -8.551101685 12
    vertex 3.61595726 -1.710220337 12
    vertex 3.527685165 -1.885586977 12
  endloop
endfacet
facet normal 0 0 1
  outer loop
    vertex 18.47759056 -7.65366888 12
    vertex 3.695518017 -1.530733705 12
    vertex 3.61595726 -1.710220337 12
  endloop
endfacet
facet normal 0 0 1
  outer loop
    vertex 18.47759056 -7.65366888 12
    vertex 3.766176224 -1.347559452 12
    vertex 3.695518017 -1.530733705 12
  endloop
endfacet
facet normal 0 0 1
  outer loop
    vertex 19.1388073 -5.805693626 12
    vertex 3.827761412 -1.161138654 12
    vertex 3.766176224 -1.347559452 12
  endloop
endfacet
facet normal 0 0 1
  outer loop
    vertex 19.40062523 -4.859603405 12
    vertex 3.880125046 -0.9719207287 12
    vertex 3.827761412 -1.161138654 12
  endloop
endfacet
facet normal 0 0 1
  outer loop
    vertex 19.61570549 -3.901806355 12
    vertex 3.923141003 -0.7803612947 12
    vertex 3.880125046 -0.9719207287 12
  endloop
endfacet
facet normal 0 0 1
  outer loop
    vertex 19.78352928 -2.934609413 12
    vertex 3.956706047 -0.5869218707 12
    vertex 3.923141003 -0.7803612947 12
  endloop
endfacet
facet normal 0 0 1
  outer loop
    vertex 19.90369415 -1.960342765 12
    vertex 3.980738878 -0.3920685649 12
    vertex 3.956706047 -0.5869218707 12
  endloop
endfacet
facet normal 0 0 1
  outer loop
    vertex 19.90369415 -1.960342765 12
    vertex 3.995181799 -0.1962707043 12
    vertex 3.980738878 -0.3920685649 12
  endloop
endfacet
facet normal 0 0 1
  outer loop
    vertex 19.97590828 -0.9813534617 12
    vertex 4 0 12
    vertex 3.995181799 -0.1962707043 12
  endloop
endfacet
facet normal 0 -0 1
  outer loop
    vertex 16.06414986 -11.91398621 12
    vertex 16.62939262 -11.11140442 12
    vertex 3.325878382 -2.222280979 12
  endloop
endfacet
facet normal 0 -0 1
  outer loop
    vertex 16.62939262 -11.11140442 12
    vertex 17.15457153 -10.2820549 12
    vertex 3.325878382 -2.222280979 12
  endloop
endfacet
facet normal 0 -0 1
  outer loop
    vertex 17.15457153 -10.2820549 12
    vertex 17.63842583 -9.427934647 12
    vertex 3.527685165 -1.885586977 12
  endloop
endfacet
facet normal 0 -0 1
  outer loop
    vertex 17.63842583 -9.427934647 12
    vertex 18.0797863 -8.551101685 12
    vertex 3.527685165 -1.885586977 12
  endloop
endfacet
facet normal 0 -0 1
  outer loop
    vertex 18.0797863 -8.551101685 12
    vertex 18.47759056 -7.65366888 12
    vertex 3.61595726 -1.710220337 12
  endloop
endfacet
facet normal 0 -0 1
  outer loop
    vertex 18.47759056 -7.65366888 12
    vertex 18.83088112 -6.73779726 12
    vertex 3.766176224 -1.347559452 12
  endloop
endfacet
facet normal 0 -0 1
  outer loop
    vertex 18.83088112 -6.73779726 12
    vertex 19.1388073 -5.805693626 12
    vertex 3.766176224 -1.347559452 12
  endloop
endfacet
facet normal 0 -0 1
  outer loop
    vertex 19.1388073 -5.805693626 12
    vertex 19.40062523 -4.859603405 12
    vertex 3.827761412 -1.161138654 12
  endloop
endfacet
facet normal 0 -0 1
  outer loop
    vertex 19.40062523 -4.859603405 12
    vertex 19.61570549 -3.901806355 12
    vertex 3.880125046 -0.9719207287 12
  endloop
endfacet
facet normal 0 -0 1
  outer loop
    vertex 19.61570549 -3.901806355 12
    vertex 19.78352928 -2.934609413 12
    vertex 3.923141003 -0.7803612947 12
  endloop
endfacet
facet normal 0 -0 1
  outer loop
    vertex 19.78352928 -2.934609413 12
    vertex 19.90369415 -1.960342765 12
    vertex 3.956706047 -0.5869218707 12
  endloop
endfacet
facet normal 0 -0 1
  outer loop
    vertex 19.90369415 -1.960342765 12
    vertex 19.97590828 -0.9813534617 12
    vertex 3.995181799 -0.1962707043 12
  endloop
endfacet
facet normal 0 -0 1
  outer loop
    vertex 19.97590828 -0.9813534617 12
    vertex 20 0 12
    vertex 4 0 12
  endloop
endfacet
facet normal -1 0 0
  outer loop
    vertex 30.5 -85.61215973 0
    vertex 30.5 -61.61215973 30
    vertex 30.5 -61.61215973 0
  endloop
endfacet
facet normal 0 -1 0
  outer loop
    vertex 30.5 -85.61215973 0
    vertex 54.5 -85.61215973 0
    vertex 30.5 -85.61215973 30
  endloop
endfacet
facet normal 1 0 -0
  outer loop
    vertex 54.5 -85.61215973 0
    vertex 54.5 -61.61215973 0
    vertex 54.5 -85.61215973 30
  endloop
endfacet
facet normal -0 1 0
  outer loop
    vertex 30.5 -61.61215973 0
    vertex 54.5 -61.61215973 30
    vertex 54.5 -61.61215973 0
  endloop
endfacet
facet normal -1 0 0
  outer loop
    vertex 30.5 -85.61215973 0
    vertex 30.5 -85.61215973 30
    vertex 30.5 -61.61215973 30
  endloop
endfacet
facet normal 0 -1 0
  outer loop
    vertex 54.5 -85.61215973 0
    vertex 54.5 -85.61215973 30
    vertex 30.5 -85.61215973 30
  endloop
endfacet
facet normal 1 0 -0
  outer loop
    vertex 54.5 -61.61215973 0
    vertex 54.5 -61.61215973 30
    vertex 54.5 -85.61215973 30
  endloop
endfacet
facet normal 0 -0 1
  outer loop
    vertex 30.5 -85.61215973 30
    vertex 54.5 -61.61215973 30
    vertex 30.5 -61.61215973 30
  endloop
endfacet
facet normal 0 0 1
  outer loop
    vertex 30.5 -85.61215973 30
    vertex 54.5 -85.61215973 30
    vertex 54.5 -61.61215973 30
  endloop
endfacet
facet normal 0 1 0
  outer loop
    vertex 30.5 -61.61215973 0
    vertex 30.5 -61.61215973 30
    vertex 54.5 -61.61215973 30
  endloop
endfacet
facet normal -0.8660253407 -0.5000001094 0
  outer loop
    vertex 19.05384827 -45.0022316 0
    vertex 19.05384827 -45.0022316 12
    vertex 13.05384731 -34.60992813 12
  endloop
endfacet
facet normal 0.5000000497 -0.8660253751 0
  outer loop
    vertex 29.44615173 -39.0022316 0
    vertex 29.44615173 -39.0022316 12
    vertex 19.05384827 -45.0022316 12
  endloop
endfacet
facet normal -0 0 1
  outer loop
    vertex 13.05384731 -34.60992813 12
    vertex 19.05384827 -45.0022316 12
    vertex 29.44615173 -39.0022316 12
  endloop
endfacet
facet normal -0 -0 1
  outer loop
    vertex 13.05384731 -34.60992813 12
    vertex 29.44615173 -39.0022316 12
    vertex 23.44615173 -28.60992813 12
  endloop
endfacet
facet normal 0.8660253751 0.5000000497 -0
  outer loop
    vertex 23.44615173 -28.60992813 0
    vertex 23.44615173 -28.60992813 12
    vertex 29.44615173 -39.0022316 12
  endloop
endfacet
facet normal 0.8448539708 -0.5349969794 0
  outer loop
    vertex 17.15457153 -10.2820549 0
    vertex 17.15457153 -10.2820549 12
    vertex 16.62939262 -11.11140442 12
  endloop
endfacet
facet normal 0.8700864904 -0.4928990761 0
  outer loop
    vertex 17.63842583 -9.427934647 0
    vertex 17.63842583 -9.427934647 12
    vertex 17.15457153 -10.2820549 12
  endloop
endfacet
facet normal 0.8932243623 -0.4496112084 0
  outer loop
    vertex 18.0797863 -8.551101685 0
    vertex 18.0797863 -8.551101685 12
    vertex 17.63842583 -9.427934647 12
  endloop
endfacet
facet normal 0.914209885 -0.4052410223 0
  outer loop
    vertex 18.47759056 -7.65366888 0
    vertex 18.47759056 -7.65366888 12
    vertex 18.0797863 -8.551101685 12
  endloop
endfacet
facet normal 0.9329928369 -0.3598949379 0
  outer loop
    vertex 18.83088112 -6.73779726 0
    vertex 18.83088112 -6.73779726 12
    vertex 18.47759056 -7.65366888 12
  endloop
endfacet
facet normal 0.949527959 -0.3136824111 0
  outer loop
    vertex 19.1388073 -5.805693626 0
    vertex 19.1388073 -5.805693626 12
    vertex 18.83088112 -6.73779726 12
  endloop
endfacet
facet normal 0.9637761949 -0.2667122909 0
  outer loop
    vertex 19.40062523 -4.859603405 0
    vertex 19.40062523 -4.859603405 12
    vertex 19.1388073 -5.805693626 12
  endloop
endfacet
facet normal 0.9757021864 -0.2191009891 0
  outer loop
    vertex 19.61570549 -3.901806355 0
    vertex 19.61570549 -3.901806355 12
    vertex 19.40062523 -4.859603405 12
  endloop
endfacet
facet normal 0.9852777793 -0.1709610996 0
  outer loop
    vertex 19.78352928 -2.934609413 0
    vertex 19.78352928 -2.934609413 12
    vertex 19.61570549 -3.901806355 12
  endloop
endfacet
facet normal 0.9924794676 -0.1224112183 0
  outer loop
    vertex 19.90369415 -1.960342765 0
    vertex 19.90369415 -1.960342765 12
    vertex 19.78352928 -2.934609413 12
  endloop
endfacet
facet normal 0.9972904913 -0.07356409468 0
  outer loop
    vertex 19.97590828 -0.9813534617 0
    vertex 19.97590828 -0.9813534617 12
    vertex 19.90369415 -1.960342765 12
  endloop
endfacet
facet normal 0.9996987976 -0.0245420891 0
  outer loop
    vertex 19.97590828 -0.9813534617 12
    vertex 20 0 0
    vertex 20 0 12
  endloop
endfacet
facet normal 0 0 -1
  outer loop
    vertex -20 2.449293599e-15 0
    vertex -19.97590828 0.9813534617 0
    vertex -11.05000019 1.353234765e-15 0
  endloop
endfacet
facet normal 0 0 -1
  outer loop
    vertex -19.97590828 0.9813534617 0
    vertex -19.90369415 1.960342765 0
    vertex -11.03668976 0.5421978235 0
  endloop
endfacet
facet normal 0 0 -1
  outer loop
    vertex -19.90369415 1.960342765 0
    vertex -19.78352928 2.934609413 0
    vertex -10.99679089 1.083089352 0
  endloop
endfacet
facet normal 0 0 -1
  outer loop
    vertex -19.78352928 2.934609413 0
    vertex -19.61570549 3.901806355 0
    vertex -10.93040085 1.621371746 0
  endloop
endfacet
facet normal 0 0 -1
  outer loop
    vertex -19.61570549 3.901806355 0
    vertex -19.40062523 4.859603405 0
    vertex -10.837677 2.155748129 0
  endloop
endfacet
facet normal 0 0 -1
  outer loop
    vertex -19.40062523 4.859603405 0
    vertex -19.1388073 5.805693626 0
    vertex -10.71884537 2.68493104 0
  endloop
endfacet
facet normal 0 0 -1
  outer loop
    vertex -19.1388073 5.805693626 0
    vertex -18.83088112 6.73779726 0
    vertex -10.57419109 3.207645655 0
  endloop
endfacet
facet normal 0 -0 -1
  outer loop
    vertex -19.97590828 0.9813534617 0
    vertex -11.03668976 0.5421978235 0
    vertex -11.05000019 1.353234765e-15 0
  endloop
endfacet
facet normal 0 -0 -1
  outer loop
    vertex -19.90369415 1.960342765 0
    vertex -10.99679089 1.083089352 0
    vertex -11.03668976 0.5421978235 0
  endloop
endfacet
facet normal 0 -0 -1
  outer loop
    vertex -19.78352928 2.934609413 0
    vertex -10.93040085 1.621371746 0
    vertex -10.99679089 1.083089352 0
  endloop
endfacet
facet normal 0 -0 -1
  outer loop
    vertex -19.61570549 3.901806355 0
    vertex -10.837677 2.155748129 0
    vertex -10.93040085 1.621371746 0
  endloop
endfacet
facet normal 0 -0 -1
  outer loop
    vertex -19.40062523 4.859603405 0
    vertex -10.71884537 2.68493104 0
    vertex -10.837677 2.155748129 0
  endloop
endfacet
facet normal 0 -0 -1
  outer loop
    vertex -19.1388073 5.805693626 0
    vertex -10.57419109 3.207645655 0
    vertex -10.71884537 2.68493104 0
  endloop
endfacet
facet normal 0 -0 -1
  outer loop
    vertex -18.83088112 6.73779726 0
    vertex -10.40406227 3.722632885 0
    vertex -10.57419109 3.207645655 0
  endloop
endfacet
facet normal 0 -0 -1
  outer loop
    vertex -18.47759056 7.65366888 0
    vertex -10.20886898 4.228652 0
    vertex -10.40406227 3.722632885 0
  endloop
endfacet
facet normal 0 0 -1
  outer loop
    vertex -18.83088112 6.73779726 0
    vertex -18.47759056 7.65366888 0
    vertex -10.40406227 3.722632885 0
  endloop
endfacet
facet normal 0 0 -1
  outer loop
    vertex -18.47759056 7.65366888 0
    vertex -18.0797863 8.551101685 0
    vertex -10.20886898 4.228652 0
  endloop
endfacet
facet normal 0 0 -1
  outer loop
    vertex -18.0797863 8.551101685 0
    vertex -17.63842583 9.427934647 0
    vertex -9.989081383 4.724483967 0
  endloop
endfacet
facet normal 0 0 -1
  outer loop
    vertex -17.63842583 9.427934647 0
    vertex -17.15457153 10.2820549 0
    vertex -9.745229721 5.20893383 0
  endloop
endfacet
facet normal 0 0 -1
  outer loop
    vertex -17.15457153 10.2820549 0
    vertex -16.62939262 11.11140442 0
    vertex -9.477901459 5.680835247 0
  endloop
endfacet
facet normal 0 -0 -1
  outer loop
    vertex -18.0797863 8.551101685 0
    vertex -9.989081383 4.724483967 0
    vertex -10.20886898 4.228652 0
  endloop
endfacet
facet normal 0 -0 -1
  outer loop
    vertex -17.63842583 9.427934647 0
    vertex -9.745229721 5.20893383 0
    vertex -9.989081383 4.724483967 0
  endloop
endfacet
facet normal 0 -0 -1
  outer loop
    vertex -17.15457153 10.2820549 0
    vertex -9.477901459 5.680835247 0
    vertex -9.745229721 5.20893383 0
  endloop
endfacet
facet normal 0 0 -1
  outer loop
    vertex -16.62939262 11.11140442 0
    vertex -16.06414986 11.91398621 0
    vertex -9.187739372 6.139050961 0
  endloop
endfacet
facet normal 0 0 -1
  outer loop
    vertex -16.06414986 11.91398621 0
    vertex -15.46020889 12.68786526 0
    vertex -8.875443459 6.582477093 0
  endloop
endfacet
facet normal 0 0 -1
  outer loop
    vertex -15.46020889 12.68786526 0
    vertex -14.81902218 13.43117905 0
    vertex -8.541765213 7.010046005 0
  endloop
endfacet
facet normal 0 0 -1
  outer loop
    vertex -14.81902218 13.43117905 0
    vertex -14.14213562 14.14213562 0
    vertex -8.187509537 7.420726299 0
  endloop
endfacet
facet normal 0 0 -1
  outer loop
    vertex -14.14213562 14.14213562 0
    vertex -13.43117905 14.81902218 0
    vertex -7.813529968 7.813529968 0
  endloop
endfacet
facet normal 0 -0 -1
  outer loop
    vertex -16.62939262 11.11140442 0
    vertex -9.187739372 6.139050961 0
    vertex -9.477901459 5.680835247 0
  endloop
endfacet
facet normal 0 -0 -1
  outer loop
    vertex -16.06414986 11.91398621 0
    vertex -8.875443459 6.582477093 0
    vertex -9.187739372 6.139050961 0
  endloop
endfacet
facet normal 0 -0 -1
  outer loop
    vertex -15.46020889 12.68786526 0
    vertex -8.541765213 7.010046005 0
    vertex -8.875443459 6.582477093 0
  endloop
endfacet
facet normal 0 -0 -1
  outer loop
    vertex -14.81902218 13.43117905 0
    vertex -8.187509537 7.420726299 0
    vertex -8.541765213 7.010046005 0
  endloop
endfacet
facet normal 0 -0 -1
  outer loop
    vertex -14.14213562 14.14213562 0
    vertex -7.813529968 7.813529968 0
    vertex -8.187509537 7.420726299 0
  endloop
endfacet
facet normal 0 -0 -1
  outer loop
    vertex -13.43117905 14.81902218 0
    vertex -7.420726299 8.187509537 0
    vertex -7.813529968 7.813529968 0
  endloop
endfacet
facet normal 0 0 -1
  outer loop
    vertex -13.43117905 14.81902218 0
    vertex -12.68786526 15.46020889 0
    vertex -7.420726299 8.187509537 0
  endloop
endfacet
facet normal 0 0 -1
  outer loop
    vertex -12.68786526 15.46020889 0
    vertex -11.91398621 16.06414986 0
    vertex -7.010046005 8.541765213 0
  endloop
endfacet
facet normal 0 0 -1
  outer loop
    vertex -11.91398621 16.06414986 0
    vertex -11.11140442 16.62939262 0
    vertex -6.582477093 8.875443459 0
  endloop
endfacet
facet normal 0 -0 -1
  outer loop
    vertex -12.68786526 15.46020889 0
    vertex -7.010046005 8.541765213 0
    vertex -7.420726299 8.187509537 0
  endloop
endfacet
facet normal 0 -0 -1
  outer loop
    vertex -11.91398621 16.06414986 0
    vertex -6.582477093 8.875443459 0
    vertex -7.010046005 8.541765213 0
  endloop
endfacet
facet normal 0 0 -1
  outer loop
    vertex -6.582477093 8.875443459 0
    vertex -11.11140442 16.62939262 0
    vertex -6.139050961 9.187739372 0
  endloop
endfacet
facet normal 0 0 -1
  outer loop
    vertex -6.139050961 9.187739372 0
    vertex -10.2820549 17.15457153 0
    vertex -5.680835247 9.477901459 0
  endloop
endfacet
facet normal 0 0 -1
  outer loop
    vertex -6.139050961 9.187739372 0
    vertex -11.11140442 16.62939262 0
    vertex -10.2820549 17.15457153 0
  endloop
endfacet
facet normal 0 0 -1
  outer loop
    vertex -5.680835247 9.477901459 0
    vertex -10.2820549 17.15457153 0
    vertex -9.427934647 17.63842583 0
  endloop
endfacet
facet normal 0 0 -1
  outer loop
    vertex -5.20893383 9.745229721 0
    vertex -9.427934647 17.63842583 0
    vertex -8.551101685 18.0797863 0
  endloop
endfacet
facet normal 0 0 -1
  outer loop
    vertex -5.680835247 9.477901459 0
    vertex -9.427934647 17.63842583 0
    vertex -5.20893383 9.745229721 0
  endloop
endfacet
facet normal 0 0 -1
  outer loop
    vertex -5.20893383 9.745229721 0
    vertex -8.551101685 18.0797863 0
    vertex -4.724483967 9.989081383 0
  endloop
endfacet
facet normal 0 0 -1
  outer loop
    vertex -4.724483967 9.989081383 0
    vertex -7.65366888 18.47759056 0
    vertex -4.228652 10.20886898 0
  endloop
endfacet
facet normal 0 0 -1
  outer loop
    vertex -4.228652 10.20886898 0
    vertex -6.73779726 18.83088112 0
    vertex -3.722632885 10.40406227 0
  endloop
endfacet
facet normal 0 0 -1
  outer loop
    vertex -4.724483967 9.989081383 0
    vertex -8.551101685 18.0797863 0
    vertex -7.65366888 18.47759056 0
  endloop
endfacet
facet normal 0 0 -1
  outer loop
    vertex -4.228652 10.20886898 0
    vertex -7.65366888 18.47759056 0
    vertex -6.73779726 18.83088112 0
  endloop
endfacet
facet normal 0 0 -1
  outer loop
    vertex -3.722632885 10.40406227 0
    vertex -5.805693626 19.1388073 0
    vertex -3.207645655 10.57419109 0
  endloop
endfacet
facet normal 0 0 -1
  outer loop
    vertex -3.207645655 10.57419109 0
    vertex -4.859603405 19.40062523 0
    vertex -2.68493104 10.71884537 0
  endloop
endfacet
facet normal 0 0 -1
  outer loop
    vertex -2.68493104 10.71884537 0
    vertex -3.901806355 19.61570549 0
    vertex -2.155748129 10.837677 0
  endloop
endfacet
facet normal 0 0 -1
  outer loop
    vertex -3.722632885 10.40406227 0
    vertex -6.73779726 18.83088112 0
    vertex -5.805693626 19.1388073 0
  endloop
endfacet
facet normal 0 0 -1
  outer loop
    vertex -3.207645655 10.57419109 0
    vertex -5.805693626 19.1388073 0
    vertex -4.859603405 19.40062523 0
  endloop
endfacet
facet normal 0 0 -1
  outer loop
    vertex -2.68493104 10.71884537 0
    vertex -4.859603405 19.40062523 0
    vertex -3.901806355 19.61570549 0
  endloop
endfacet
facet normal 0 0 -1
  outer loop
    vertex -3.901806355 19.61570549 0
    vertex -2.934609413 19.78352928 0
    vertex -2.155748129 10.837677 0
  endloop
endfacet
facet normal -0.9996987976 0.0245420891 0
  outer loop
    vertex -20 2.449293599e-15 0
    vertex -19.97590828 0.9813534617 12
    vertex -19.97590828 0.9813534617 0
  endloop
endfacet
facet normal -0.9972904913 0.07356409468 0
  outer loop
    vertex -19.97590828 0.9813534617 0
    vertex -19.90369415 1.960342765 12
    vertex -19.90369415 1.960342765 0
  endloop
endfacet
facet normal -0.9924794676 0.1224112183 0
  outer loop
    vertex -19.90369415 1.960342765 0
    vertex -19.78352928 2.934609413 12
    vertex -19.78352928 2.934609413 0
  endloop
endfacet
facet normal -0.9852777793 0.1709610996 0
  outer loop
    vertex -19.78352928 2.934609413 0
    vertex -19.61570549 3.901806355 12
    vertex -19.61570549 3.901806355 0
  endloop
endfacet
facet normal -0.9757021864 0.2191009891 0
  outer loop
    vertex -19.61570549 3.901806355 0
    vertex -19.40062523 4.859603405 12
    vertex -19.40062523 4.859603405 0
  endloop
endfacet
facet normal -0.9637761949 0.2667122909 0
  outer loop
    vertex -19.40062523 4.859603405 0
    vertex -19.1388073 5.805693626 12
    vertex -19.1388073 5.805693626 0
  endloop
endfacet
facet normal -0.949527959 0.3136824111 0
  outer loop
    vertex -19.1388073 5.805693626 0
    vertex -18.83088112 6.73779726 12
    vertex -18.83088112 6.73779726 0
  endloop
endfacet
facet normal -0.9329928369 0.3598949379 0
  outer loop
    vertex -18.83088112 6.73779726 0
    vertex -18.47759056 7.65366888 12
    vertex -18.47759056 7.65366888 0
  endloop
endfacet
facet normal -0.914209885 0.4052410223 0
  outer loop
    vertex -18.47759056 7.65366888 0
    vertex -18.0797863 8.551101685 12
    vertex -18.0797863 8.551101685 0
  endloop
endfacet
facet normal -0.8932243623 0.4496112084 0
  outer loop
    vertex -18.0797863 8.551101685 0
    vertex -17.63842583 9.427934647 12
    vertex -17.63842583 9.427934647 0
  endloop
endfacet
facet normal -0.8700864904 0.4928990761 0
  outer loop
    vertex -17.63842583 9.427934647 0
    vertex -17.15457153 10.2820549 12
    vertex -17.15457153 10.2820549 0
  endloop
endfacet
facet normal -0.8448539708 0.5349969794 0
  outer loop
    vertex -17.15457153 10.2820549 0
    vertex -16.62939262 11.11140442 12
    vertex -16.62939262 11.11140442 0
  endloop
endfacet
facet normal -0.817584382 0.5758088036 0
  outer loop
    vertex -16.62939262 11.11140442 0
    vertex -16.06414986 11.91398621 12
    vertex -16.06414986 11.91398621 0
  endloop
endfacet
facet normal -0.7883465143 0.6152314795 0
  outer loop
    vertex -16.06414986 11.91398621 0
    vertex -15.46020889 12.68786526 12
    vertex -15.46020889 12.68786526 0
  endloop
endfacet
facet normal -0.7572089322 0.6531727436 0
  outer loop
    vertex -15.46020889 12.68786526 0
    vertex -14.81902218 13.43117905 12
    vertex -14.81902218 13.43117905 0
  endloop
endfacet
facet normal -0.7242472708 0.6895403474 0
  outer loop
    vertex -14.81902218 13.43117905 0
    vertex -14.14213562 14.14213562 12
    vertex -14.14213562 14.14213562 0
  endloop
endfacet
facet normal -0.6895403474 0.7242472708 0
  outer loop
    vertex -14.14213562 14.14213562 0
    vertex -13.43117905 14.81902218 12
    vertex -13.43117905 14.81902218 0
  endloop
endfacet
facet normal -0.6531727436 0.7572089322 0
  outer loop
    vertex -13.43117905 14.81902218 0
    vertex -12.68786526 15.46020889 12
    vertex -12.68786526 15.46020889 0
  endloop
endfacet
facet normal -0.6152314795 0.7883465143 0
  outer loop
    vertex -12.68786526 15.46020889 0
    vertex -11.91398621 16.06414986 12
    vertex -11.91398621 16.06414986 0
  endloop
endfacet
facet normal 0.9996988086 -0.02454163936 0
  outer loop
    vertex -11.05000019 1.353234765e-15 0
    vertex -11.03668976 0.5421978235 0
    vertex -11.03668976 0.5421978235 7.599999905
  endloop
endfacet
facet normal 0.9972904139 -0.07356514361 0
  outer loop
    vertex -11.03668976 0.5421978235 0
    vertex -10.99679089 1.083089352 0
    vertex -10.99679089 1.083089352 7.599999905
  endloop
endfacet
facet normal 0.9924797056 -0.1224092885 0
  outer loop
    vertex -10.99679089 1.083089352 0
    vertex -10.93040085 1.621371746 0
    vertex -10.93040085 1.621371746 7.599999905
  endloop
endfacet
facet normal 0.98527741 -0.1709632278 0
  outer loop
    vertex -10.93040085 1.621371746 0
    vertex -10.837677 2.155748129 0
    vertex -10.837677 2.155748129 7.599999905
  endloop
endfacet
facet normal 0.9757022727 -0.2191006049 0
  outer loop
    vertex -10.837677 2.155748129 0
    vertex -10.71884537 2.68493104 0
    vertex -10.71884537 2.68493104 7.599999905
  endloop
endfacet
facet normal 0.9637762277 -0.2667121724 0
  outer loop
    vertex -10.71884537 2.68493104 0
    vertex -10.57419109 3.207645655 0
    vertex -10.57419109 3.207645655 7.599999905
  endloop
endfacet
facet normal 0.9495281688 -0.3136817762 0
  outer loop
    vertex -10.57419109 3.207645655 0
    vertex -10.40406227 3.722632885 0
    vertex -10.40406227 3.722632885 7.599999905
  endloop
endfacet
facet normal 0.9329926883 -0.3598953231 0
  outer loop
    vertex -10.40406227 3.722632885 0
    vertex -10.20886898 4.228652 0
    vertex -10.20886898 4.228652 7.599999905
  endloop
endfacet
facet normal 0.9142094805 -0.4052419349 0
  outer loop
    vertex -10.20886898 4.228652 0
    vertex -9.989081383 4.724483967 0
    vertex -9.989081383 4.724483967 7.599999905
  endloop
endfacet
facet normal 0.8932242325 -0.4496114661 0
  outer loop
    vertex -9.989081383 4.724483967 0
    vertex -9.745229721 5.20893383 0
    vertex -9.745229721 5.20893383 7.599999905
  endloop
endfacet
facet normal 0.8700874563 -0.4928973711 0
  outer loop
    vertex -9.745229721 5.20893383 0
    vertex -9.477901459 5.680835247 0
    vertex -9.477901459 5.680835247 7.599999905
  endloop
endfacet
facet normal 0.8448534102 -0.5349978647 0
  outer loop
    vertex -9.477901459 5.680835247 0
    vertex -9.187739372 6.139050961 0
    vertex -9.187739372 6.139050961 7.599999905
  endloop
endfacet
facet normal 0.8175848163 -0.575808187 0
  outer loop
    vertex -9.187739372 6.139050961 0
    vertex -8.875443459 6.582477093 0
    vertex -8.875443459 6.582477093 7.599999905
  endloop
endfacet
facet normal 0.7883462566 -0.6152318097 0
  outer loop
    vertex -8.875443459 6.582477093 0
    vertex -8.541765213 7.010046005 0
    vertex -8.541765213 7.010046005 7.599999905
  endloop
endfacet
facet normal 0.757208465 -0.6531732852 0
  outer loop
    vertex -8.541765213 7.010046005 0
    vertex -8.187509537 7.420726299 0
    vertex -8.187509537 7.420726299 7.599999905
  endloop
endfacet
facet normal 0.7242476479 -0.6895399514 0
  outer loop
    vertex -8.187509537 7.420726299 0
    vertex -7.813529968 7.813529968 0
    vertex -7.813529968 7.813529968 7.599999905
  endloop
endfacet
facet normal 0.6895399514 -0.7242476479 0
  outer loop
    vertex -7.813529968 7.813529968 0
    vertex -7.420726299 8.187509537 0
    vertex -7.420726299 8.187509537 7.599999905
  endloop
endfacet
facet normal 0.6531732852 -0.757208465 0
  outer loop
    vertex -7.420726299 8.187509537 0
    vertex -7.010046005 8.541765213 0
    vertex -7.010046005 8.541765213 7.599999905
  endloop
endfacet
facet normal 0.6152318097 -0.7883462566 0
  outer loop
    vertex -7.010046005 8.541765213 0
    vertex -6.582477093 8.875443459 0
    vertex -6.582477093 8.875443459 7.599999905
  endloop
endfacet
facet normal 0.575808187 -0.8175848163 0
  outer loop
    vertex -6.582477093 8.875443459 0
    vertex -6.139050961 9.187739372 0
    vertex -6.139050961 9.187739372 7.599999905
  endloop
endfacet
facet normal 0.5349978647 -0.8448534102 0
  outer loop
    vertex -6.139050961 9.187739372 0
    vertex -5.680835247 9.477901459 0
    vertex -5.680835247 9.477901459 7.599999905
  endloop
endfacet
facet normal 0.4928973711 -0.8700874563 0
  outer loop
    vertex -5.680835247 9.477901459 0
    vertex -5.20893383 9.745229721 0
    vertex -5.20893383 9.745229721 7.599999905
  endloop
endfacet
facet normal 0.4496114661 -0.8932242325 0
  outer loop
    vertex -5.20893383 9.745229721 0
    vertex -4.724483967 9.989081383 0
    vertex -4.724483967 9.989081383 7.599999905
  endloop
endfacet
facet normal 0.4052419349 -0.9142094805 0
  outer loop
    vertex -4.724483967 9.989081383 0
    vertex -4.228652 10.20886898 0
    vertex -4.228652 10.20886898 7.599999905
  endloop
endfacet
facet normal 0.3598953231 -0.9329926883 0
  outer loop
    vertex -4.228652 10.20886898 0
    vertex -3.722632885 10.40406227 0
    vertex -3.722632885 10.40406227 7.599999905
  endloop
endfacet
facet normal 0.3136817762 -0.9495281688 0
  outer loop
    vertex -3.722632885 10.40406227 0
    vertex -3.207645655 10.57419109 0
    vertex -3.207645655 10.57419109 7.599999905
  endloop
endfacet
facet normal 0.2667121724 -0.9637762277 0
  outer loop
    vertex -3.207645655 10.57419109 0
    vertex -2.68493104 10.71884537 0
    vertex -2.68493104 10.71884537 7.599999905
  endloop
endfacet
facet normal 0.9996988086 -0.02454163936 0
  outer loop
    vertex -11.05000019 1.353234765e-15 0
    vertex -11.03668976 0.5421978235 7.599999905
    vertex -11.05000019 1.353234765e-15 7.599999905
  endloop
endfacet
facet normal 0.9972904139 -0.07356514361 0
  outer loop
    vertex -11.03668976 0.5421978235 0
    vertex -10.99679089 1.083089352 7.599999905
    vertex -11.03668976 0.5421978235 7.599999905
  endloop
endfacet
facet normal 0.9924797056 -0.1224092885 0
  outer loop
    vertex -10.99679089 1.083089352 0
    vertex -10.93040085 1.621371746 7.599999905
    vertex -10.99679089 1.083089352 7.599999905
  endloop
endfacet
facet normal 0.98527741 -0.1709632278 0
  outer loop
    vertex -10.93040085 1.621371746 0
    vertex -10.837677 2.155748129 7.599999905
    vertex -10.93040085 1.621371746 7.599999905
  endloop
endfacet
facet normal 0.9757022727 -0.2191006049 0
  outer loop
    vertex -10.837677 2.155748129 0
    vertex -10.71884537 2.68493104 7.599999905
    vertex -10.837677 2.155748129 7.599999905
  endloop
endfacet
facet normal 0.9637762277 -0.2667121724 0
  outer loop
    vertex -10.71884537 2.68493104 0
    vertex -10.57419109 3.207645655 7.599999905
    vertex -10.71884537 2.68493104 7.599999905
  endloop
endfacet
facet normal 0.9495281688 -0.3136817762 0
  outer loop
    vertex -10.57419109 3.207645655 0
    vertex -10.40406227 3.722632885 7.599999905
    vertex -10.57419109 3.207645655 7.599999905
  endloop
endfacet
facet normal 0.9329926883 -0.3598953231 0
  outer loop
    vertex -10.40406227 3.722632885 0
    vertex -10.20886898 4.228652 7.599999905
    vertex -10.40406227 3.722632885 7.599999905
  endloop
endfacet
facet normal 0.9142094805 -0.4052419349 0
  outer loop
    vertex -10.20886898 4.228652 0
    vertex -9.989081383 4.724483967 7.599999905
    vertex -10.20886898 4.228652 7.599999905
  endloop
endfacet
facet normal 0.8932242325 -0.4496114661 0
  outer loop
    vertex -9.989081383 4.724483967 0
    vertex -9.745229721 5.20893383 7.599999905
    vertex -9.989081383 4.724483967 7.599999905
  endloop
endfacet
facet normal 0.8700874563 -0.4928973711 0
  outer loop
    vertex -9.745229721 5.20893383 0
    vertex -9.477901459 5.680835247 7.599999905
    vertex -9.745229721 5.20893383 7.599999905
  endloop
endfacet
facet normal 0.8448534102 -0.5349978647 0
  outer loop
    vertex -9.477901459 5.680835247 0
    vertex -9.187739372 6.139050961 7.599999905
    vertex -9.477901459 5.680835247 7.599999905
  endloop
endfacet
facet normal 0.8175848163 -0.575808187 0
  outer loop
    vertex -9.187739372 6.139050961 0
    vertex -8.875443459 6.582477093 7.599999905
    vertex -9.187739372 6.139050961 7.599999905
  endloop
endfacet
facet normal 0.7883462566 -0.6152318097 0
  outer loop
    vertex -8.875443459 6.582477093 0
    vertex -8.541765213 7.010046005 7.599999905
    vertex -8.875443459 6.582477093 7.599999905
  endloop
endfacet
facet normal 0.757208465 -0.6531732852 0
  outer loop
    vertex -8.541765213 7.010046005 0
    vertex -8.187509537 7.420726299 7.599999905
    vertex -8.541765213 7.010046005 7.599999905
  endloop
endfacet
facet normal 0.7242476479 -0.6895399514 0
  outer loop
    vertex -8.187509537 7.420726299 0
    vertex -7.813529968 7.813529968 7.599999905
    vertex -8.187509537 7.420726299 7.599999905
  endloop
endfacet
facet normal 0.6895399514 -0.7242476479 0
  outer loop
    vertex -7.813529968 7.813529968 0
    vertex -7.420726299 8.187509537 7.599999905
    vertex -7.813529968 7.813529968 7.599999905
  endloop
endfacet
facet normal 0.6531732852 -0.757208465 0
  outer loop
    vertex -7.420726299 8.187509537 0
    vertex -7.010046005 8.541765213 7.599999905
    vertex -7.420726299 8.187509537 7.599999905
  endloop
endfacet
facet normal 0.6152318097 -0.7883462566 0
  outer loop
    vertex -7.010046005 8.541765213 0
    vertex -6.582477093 8.875443459 7.599999905
    vertex -7.010046005 8.541765213 7.599999905
  endloop
endfacet
facet normal 0.575808187 -0.8175848163 0
  outer loop
    vertex -6.582477093 8.875443459 0
    vertex -6.139050961 9.187739372 7.599999905
    vertex -6.582477093 8.875443459 7.599999905
  endloop
endfacet
facet normal 0.5349978647 -0.8448534102 0
  outer loop
    vertex -6.139050961 9.187739372 0
    vertex -5.680835247 9.477901459 7.599999905
    vertex -6.139050961 9.187739372 7.599999905
  endloop
endfacet
facet normal 0.4928973711 -0.8700874563 0
  outer loop
    vertex -5.680835247 9.477901459 0
    vertex -5.20893383 9.745229721 7.599999905
    vertex -5.680835247 9.477901459 7.599999905
  endloop
endfacet
facet normal 0.4496114661 -0.8932242325 0
  outer loop
    vertex -5.20893383 9.745229721 0
    vertex -4.724483967 9.989081383 7.599999905
    vertex -5.20893383 9.745229721 7.599999905
  endloop
endfacet
facet normal 0.4052419349 -0.9142094805 0
  outer loop
    vertex -4.724483967 9.989081383 0
    vertex -4.228652 10.20886898 7.599999905
    vertex -4.724483967 9.989081383 7.599999905
  endloop
endfacet
facet normal 0.3598953231 -0.9329926883 0
  outer loop
    vertex -4.228652 10.20886898 0
    vertex -3.722632885 10.40406227 7.599999905
    vertex -4.228652 10.20886898 7.599999905
  endloop
endfacet
facet normal 0.3136817762 -0.9495281688 0
  outer loop
    vertex -3.722632885 10.40406227 0
    vertex -3.207645655 10.57419109 7.599999905
    vertex -3.722632885 10.40406227 7.599999905
  endloop
endfacet
facet normal 0.2667121724 -0.9637762277 0
  outer loop
    vertex -3.207645655 10.57419109 0
    vertex -2.68493104 10.71884537 7.599999905
    vertex -3.207645655 10.57419109 7.599999905
  endloop
endfacet
facet normal -0.5758088036 0.817584382 0
  outer loop
    vertex -11.91398621 16.06414986 0
    vertex -11.11140442 16.62939262 12
    vertex -11.11140442 16.62939262 0
  endloop
endfacet
facet normal -0.5349969794 0.8448539708 0
  outer loop
    vertex -11.11140442 16.62939262 0
    vertex -10.2820549 17.15457153 12
    vertex -10.2820549 17.15457153 0
  endloop
endfacet
facet normal -0.4928990761 0.8700864904 0
  outer loop
    vertex -10.2820549 17.15457153 0
    vertex -9.427934647 17.63842583 12
    vertex -9.427934647 17.63842583 0
  endloop
endfacet
facet normal -0.4496112084 0.8932243623 0
  outer loop
    vertex -9.427934647 17.63842583 0
    vertex -8.551101685 18.0797863 12
    vertex -8.551101685 18.0797863 0
  endloop
endfacet
facet normal -0.4052410223 0.914209885 0
  outer loop
    vertex -8.551101685 18.0797863 0
    vertex -7.65366888 18.47759056 12
    vertex -7.65366888 18.47759056 0
  endloop
endfacet
facet normal 0.2191006049 -0.9757022727 0
  outer loop
    vertex -2.68493104 10.71884537 0
    vertex -2.155748129 10.837677 0
    vertex -2.155748129 10.837677 7.599999905
  endloop
endfacet
facet normal -0.3598949379 0.9329928369 0
  outer loop
    vertex -7.65366888 18.47759056 0
    vertex -6.73779726 18.83088112 12
    vertex -6.73779726 18.83088112 0
  endloop
endfacet
facet normal -0.3136824111 0.949527959 0
  outer loop
    vertex -6.73779726 18.83088112 0
    vertex -5.805693626 19.1388073 12
    vertex -5.805693626 19.1388073 0
  endloop
endfacet
facet normal -0.2667122909 0.9637761949 0
  outer loop
    vertex -5.805693626 19.1388073 0
    vertex -4.859603405 19.40062523 12
    vertex -4.859603405 19.40062523 0
  endloop
endfacet
facet normal -0.2191009891 0.9757021864 0
  outer loop
    vertex -4.859603405 19.40062523 0
    vertex -3.901806355 19.61570549 12
    vertex -3.901806355 19.61570549 0
  endloop
endfacet
facet normal -0.1709610996 0.9852777793 0
  outer loop
    vertex -3.901806355 19.61570549 0
    vertex -2.934609413 19.78352928 12
    vertex -2.934609413 19.78352928 0
  endloop
endfacet
facet normal 0.2191006049 -0.9757022727 0
  outer loop
    vertex -2.68493104 10.71884537 0
    vertex -2.155748129 10.837677 7.599999905
    vertex -2.68493104 10.71884537 7.599999905
  endloop
endfacet
facet normal 0 -0 -1
  outer loop
    vertex -2.934609413 19.78352928 0
    vertex -1.621371746 10.93040085 0
    vertex -2.155748129 10.837677 0
  endloop
endfacet
facet normal 0 0 -1
  outer loop
    vertex -1.621371746 10.93040085 0
    vertex -1.960342765 19.90369415 0
    vertex -1.083089352 10.99679089 0
  endloop
endfacet
facet normal 0 0 -1
  outer loop
    vertex -1.083089352 10.99679089 0
    vertex -0.9813534617 19.97590828 0
    vertex -0.5421978235 11.03668976 0
  endloop
endfacet
facet normal 0 -0 -1
  outer loop
    vertex -0.5421978235 11.03668976 0
    vertex 1.2246468e-15 20 0
    vertex 6.766173827e-16 11.05000019 0
  endloop
endfacet
facet normal 0 -0 -1
  outer loop
    vertex 6.766173827e-16 11.05000019 0
    vertex 0.9813534617 19.97590828 0
    vertex 0.5421978235 11.03668976 0
  endloop
endfacet
facet normal 0 -0 -1
  outer loop
    vertex 0.5421978235 11.03668976 0
    vertex 1.960342765 19.90369415 0
    vertex 1.083089352 10.99679089 0
  endloop
endfacet
facet normal 0 -0 -1
  outer loop
    vertex 1.083089352 10.99679089 0
    vertex 2.934609413 19.78352928 0
    vertex 1.621371746 10.93040085 0
  endloop
endfacet
facet normal 0 0 -1
  outer loop
    vertex -2.934609413 19.78352928 0
    vertex -1.960342765 19.90369415 0
    vertex -1.621371746 10.93040085 0
  endloop
endfacet
facet normal 0 0 -1
  outer loop
    vertex -1.083089352 10.99679089 0
    vertex -1.960342765 19.90369415 0
    vertex -0.9813534617 19.97590828 0
  endloop
endfacet
facet normal 0 0 -1
  outer loop
    vertex -0.5421978235 11.03668976 0
    vertex -0.9813534617 19.97590828 0
    vertex 1.2246468e-15 20 0
  endloop
endfacet
facet normal 0 0 -1
  outer loop
    vertex 6.766173827e-16 11.05000019 0
    vertex 1.2246468e-15 20 0
    vertex 0.9813534617 19.97590828 0
  endloop
endfacet
facet normal 0 0 -1
  outer loop
    vertex 0.5421978235 11.03668976 0
    vertex 0.9813534617 19.97590828 0
    vertex 1.960342765 19.90369415 0
  endloop
endfacet
facet normal 0 0 -1
  outer loop
    vertex 1.083089352 10.99679089 0
    vertex 1.960342765 19.90369415 0
    vertex 2.934609413 19.78352928 0
  endloop
endfacet
facet normal 0 -0 -1
  outer loop
    vertex 3.207645655 10.57419109 0
    vertex 6.73779726 18.83088112 0
    vertex 3.722632885 10.40406227 0
  endloop
endfacet
facet normal 0 -0 -1
  outer loop
    vertex 1.621371746 10.93040085 0
    vertex 3.901806355 19.61570549 0
    vertex 2.155748129 10.837677 0
  endloop
endfacet
facet normal 0 -0 -1
  outer loop
    vertex 2.155748129 10.837677 0
    vertex 4.859603405 19.40062523 0
    vertex 2.68493104 10.71884537 0
  endloop
endfacet
facet normal 0 0 -1
  outer loop
    vertex 3.207645655 10.57419109 0
    vertex 2.68493104 10.71884537 0
    vertex 5.805693626 19.1388073 0
  endloop
endfacet
facet normal 0 -0 -1
  outer loop
    vertex 3.722632885 10.40406227 0
    vertex 7.65366888 18.47759056 0
    vertex 4.228652 10.20886898 0
  endloop
endfacet
facet normal 0 0 -1
  outer loop
    vertex 4.724483967 9.989081383 0
    vertex 4.228652 10.20886898 0
    vertex 8.551101685 18.0797863 0
  endloop
endfacet
facet normal 0 -0 -1
  outer loop
    vertex 4.724483967 9.989081383 0
    vertex 9.427934647 17.63842583 0
    vertex 5.20893383 9.745229721 0
  endloop
endfacet
facet normal 0 -0 -1
  outer loop
    vertex 5.20893383 9.745229721 0
    vertex 10.2820549 17.15457153 0
    vertex 5.680835247 9.477901459 0
  endloop
endfacet
facet normal 0 0 -1
  outer loop
    vertex 3.722632885 10.40406227 0
    vertex 6.73779726 18.83088112 0
    vertex 7.65366888 18.47759056 0
  endloop
endfacet
facet normal 0 0 -1
  outer loop
    vertex 4.228652 10.20886898 0
    vertex 7.65366888 18.47759056 0
    vertex 8.551101685 18.0797863 0
  endloop
endfacet
facet normal 0 0 -1
  outer loop
    vertex 1.621371746 10.93040085 0
    vertex 2.934609413 19.78352928 0
    vertex 3.901806355 19.61570549 0
  endloop
endfacet
facet normal 0 0 -1
  outer loop
    vertex 2.155748129 10.837677 0
    vertex 3.901806355 19.61570549 0
    vertex 4.859603405 19.40062523 0
  endloop
endfacet
facet normal 0 0 -1
  outer loop
    vertex 2.68493104 10.71884537 0
    vertex 4.859603405 19.40062523 0
    vertex 5.805693626 19.1388073 0
  endloop
endfacet
facet normal 0 0 -1
  outer loop
    vertex 3.207645655 10.57419109 0
    vertex 5.805693626 19.1388073 0
    vertex 6.73779726 18.83088112 0
  endloop
endfacet
facet normal 0 -0 -1
  outer loop
    vertex 7.010046005 8.541765213 0
    vertex 13.43117905 14.81902218 0
    vertex 7.420726299 8.187509537 0
  endloop
endfacet
facet normal 0 -0 -1
  outer loop
    vertex 8.875443459 6.582477093 0
    vertex 16.62939262 11.11140442 0
    vertex 9.187739372 6.139050961 0
  endloop
endfacet
facet normal 0 0 -1
  outer loop
    vertex 7.813529968 7.813529968 0
    vertex 7.420726299 8.187509537 0
    vertex 14.14213562 14.14213562 0
  endloop
endfacet
facet normal 0 -0 -1
  outer loop
    vertex 7.813529968 7.813529968 0
    vertex 14.81902218 13.43117905 0
    vertex 8.187509537 7.420726299 0
  endloop
endfacet
facet normal 0 0 -1
  outer loop
    vertex 8.875443459 6.582477093 0
    vertex 8.541765213 7.010046005 0
    vertex 16.06414986 11.91398621 0
  endloop
endfacet
facet normal 0 -0 -1
  outer loop
    vertex 8.187509537 7.420726299 0
    vertex 15.46020889 12.68786526 0
    vertex 8.541765213 7.010046005 0
  endloop
endfacet
facet normal 0 0 -1
  outer loop
    vertex 11.05000019 0 0
    vertex 11.03668976 0.5421978235 0
    vertex 20 0 0
  endloop
endfacet
facet normal 0 0 -1
  outer loop
    vertex 11.03668976 0.5421978235 0
    vertex 10.99679089 1.083089352 0
    vertex 19.97590828 0.9813534617 0
  endloop
endfacet
facet normal 0 0 -1
  outer loop
    vertex 10.99679089 1.083089352 0
    vertex 10.93040085 1.621371746 0
    vertex 19.90369415 1.960342765 0
  endloop
endfacet
facet normal 0 0 -1
  outer loop
    vertex 10.93040085 1.621371746 0
    vertex 10.837677 2.155748129 0
    vertex 19.78352928 2.934609413 0
  endloop
endfacet
facet normal 0 -0 -1
  outer loop
    vertex 10.57419109 3.207645655 0
    vertex 19.40062523 4.859603405 0
    vertex 10.71884537 2.68493104 0
  endloop
endfacet
facet normal 0 0 -1
  outer loop
    vertex 10.837677 2.155748129 0
    vertex 10.71884537 2.68493104 0
    vertex 19.61570549 3.901806355 0
  endloop
endfacet
facet normal 0 0 -1
  outer loop
    vertex 10.57419109 3.207645655 0
    vertex 10.40406227 3.722632885 0
    vertex 19.1388073 5.805693626 0
  endloop
endfacet
facet normal 0 0 -1
  outer loop
    vertex 10.40406227 3.722632885 0
    vertex 10.20886898 4.228652 0
    vertex 18.83088112 6.73779726 0
  endloop
endfacet
facet normal 0 0 -1
  outer loop
    vertex 10.71884537 2.68493104 0
    vertex 19.40062523 4.859603405 0
    vertex 19.61570549 3.901806355 0
  endloop
endfacet
facet normal 0 0 -1
  outer loop
    vertex 10.57419109 3.207645655 0
    vertex 19.1388073 5.805693626 0
    vertex 19.40062523 4.859603405 0
  endloop
endfacet
facet normal 0 -0 -1
  outer loop
    vertex 9.989081383 4.724483967 0
    vertex 18.47759056 7.65366888 0
    vertex 10.20886898 4.228652 0
  endloop
endfacet
facet normal 0 -0 -1
  outer loop
    vertex 9.745229721 5.20893383 0
    vertex 18.0797863 8.551101685 0
    vertex 9.989081383 4.724483967 0
  endloop
endfacet
facet normal 0 0 -1
  outer loop
    vertex 9.745229721 5.20893383 0
    vertex 9.477901459 5.680835247 0
    vertex 17.63842583 9.427934647 0
  endloop
endfacet
facet normal 0 0 -1
  outer loop
    vertex 9.477901459 5.680835247 0
    vertex 9.187739372 6.139050961 0
    vertex 17.15457153 10.2820549 0
  endloop
endfacet
facet normal 0 0 -1
  outer loop
    vertex 8.541765213 7.010046005 0
    vertex 15.46020889 12.68786526 0
    vertex 16.06414986 11.91398621 0
  endloop
endfacet
facet normal 0 0 -1
  outer loop
    vertex 8.875443459 6.582477093 0
    vertex 16.06414986 11.91398621 0
    vertex 16.62939262 11.11140442 0
  endloop
endfacet
facet normal 0 0 -1
  outer loop
    vertex 9.745229721 5.20893383 0
    vertex 17.63842583 9.427934647 0
    vertex 18.0797863 8.551101685 0
  endloop
endfacet
facet normal 0 0 -1
  outer loop
    vertex 10.20886898 4.228652 0
    vertex 18.47759056 7.65366888 0
    vertex 18.83088112 6.73779726 0
  endloop
endfacet
facet normal 0 0 -1
  outer loop
    vertex 10.40406227 3.722632885 0
    vertex 18.83088112 6.73779726 0
    vertex 19.1388073 5.805693626 0
  endloop
endfacet
facet normal 0 0 -1
  outer loop
    vertex 9.989081383 4.724483967 0
    vertex 18.0797863 8.551101685 0
    vertex 18.47759056 7.65366888 0
  endloop
endfacet
facet normal 0 0 -1
  outer loop
    vertex 9.477901459 5.680835247 0
    vertex 17.15457153 10.2820549 0
    vertex 17.63842583 9.427934647 0
  endloop
endfacet
facet normal 0 0 -1
  outer loop
    vertex 9.187739372 6.139050961 0
    vertex 16.62939262 11.11140442 0
    vertex 17.15457153 10.2820549 0
  endloop
endfacet
facet normal 0 -0 -1
  outer loop
    vertex 5.680835247 9.477901459 0
    vertex 11.11140442 16.62939262 0
    vertex 6.139050961 9.187739372 0
  endloop
endfacet
facet normal 0 -0 -1
  outer loop
    vertex 6.139050961 9.187739372 0
    vertex 11.91398621 16.06414986 0
    vertex 6.582477093 8.875443459 0
  endloop
endfacet
facet normal 0 0 -1
  outer loop
    vertex 7.010046005 8.541765213 0
    vertex 6.582477093 8.875443459 0
    vertex 12.68786526 15.46020889 0
  endloop
endfacet
facet normal 0 0 -1
  outer loop
    vertex 4.724483967 9.989081383 0
    vertex 8.551101685 18.0797863 0
    vertex 9.427934647 17.63842583 0
  endloop
endfacet
facet normal 0 0 -1
  outer loop
    vertex 5.20893383 9.745229721 0
    vertex 9.427934647 17.63842583 0
    vertex 10.2820549 17.15457153 0
  endloop
endfacet
facet normal 0 0 -1
  outer loop
    vertex 5.680835247 9.477901459 0
    vertex 10.2820549 17.15457153 0
    vertex 11.11140442 16.62939262 0
  endloop
endfacet
facet normal 0 0 -1
  outer loop
    vertex 7.010046005 8.541765213 0
    vertex 12.68786526 15.46020889 0
    vertex 13.43117905 14.81902218 0
  endloop
endfacet
facet normal 0 0 -1
  outer loop
    vertex 7.420726299 8.187509537 0
    vertex 13.43117905 14.81902218 0
    vertex 14.14213562 14.14213562 0
  endloop
endfacet
facet normal 0 0 -1
  outer loop
    vertex 6.139050961 9.187739372 0
    vertex 11.11140442 16.62939262 0
    vertex 11.91398621 16.06414986 0
  endloop
endfacet
facet normal 0 0 -1
  outer loop
    vertex 6.582477093 8.875443459 0
    vertex 11.91398621 16.06414986 0
    vertex 12.68786526 15.46020889 0
  endloop
endfacet
facet normal 0 0 -1
  outer loop
    vertex 7.813529968 7.813529968 0
    vertex 14.14213562 14.14213562 0
    vertex 14.81902218 13.43117905 0
  endloop
endfacet
facet normal 0 0 -1
  outer loop
    vertex 8.187509537 7.420726299 0
    vertex 14.81902218 13.43117905 0
    vertex 15.46020889 12.68786526 0
  endloop
endfacet
facet normal -0.2667121724 -0.9637762277 0
  outer loop
    vertex 3.207645655 10.57419109 0
    vertex 3.207645655 10.57419109 7.599999905
    vertex 2.68493104 10.71884537 0
  endloop
endfacet
facet normal -0.3136817762 -0.9495281688 0
  outer loop
    vertex 3.207645655 10.57419109 0
    vertex 3.722632885 10.40406227 0
    vertex 3.722632885 10.40406227 7.599999905
  endloop
endfacet
facet normal -0.3598953231 -0.9329926883 0
  outer loop
    vertex 3.722632885 10.40406227 0
    vertex 4.228652 10.20886898 0
    vertex 4.228652 10.20886898 7.599999905
  endloop
endfacet
facet normal -0.4052419349 -0.9142094805 0
  outer loop
    vertex 4.724483967 9.989081383 0
    vertex 4.724483967 9.989081383 7.599999905
    vertex 4.228652 10.20886898 0
  endloop
endfacet
facet normal -0.4496114661 -0.8932242325 0
  outer loop
    vertex 4.724483967 9.989081383 0
    vertex 5.20893383 9.745229721 0
    vertex 5.20893383 9.745229721 7.599999905
  endloop
endfacet
facet normal -0.4928973711 -0.8700874563 0
  outer loop
    vertex 5.20893383 9.745229721 0
    vertex 5.680835247 9.477901459 0
    vertex 5.680835247 9.477901459 7.599999905
  endloop
endfacet
facet normal -0.5349978647 -0.8448534102 0
  outer loop
    vertex 5.680835247 9.477901459 0
    vertex 6.139050961 9.187739372 0
    vertex 6.139050961 9.187739372 7.599999905
  endloop
endfacet
facet normal -0.575808187 -0.8175848163 0
  outer loop
    vertex 6.139050961 9.187739372 0
    vertex 6.582477093 8.875443459 0
    vertex 6.582477093 8.875443459 7.599999905
  endloop
endfacet
facet normal -0.6152318097 -0.7883462566 0
  outer loop
    vertex 7.010046005 8.541765213 0
    vertex 7.010046005 8.541765213 7.599999905
    vertex 6.582477093 8.875443459 0
  endloop
endfacet
facet normal -0.2667121724 -0.9637762277 0
  outer loop
    vertex 2.68493104 10.71884537 0
    vertex 3.207645655 10.57419109 7.599999905
    vertex 2.68493104 10.71884537 7.599999905
  endloop
endfacet
facet normal -0.3136817762 -0.9495281688 0
  outer loop
    vertex 3.207645655 10.57419109 0
    vertex 3.722632885 10.40406227 7.599999905
    vertex 3.207645655 10.57419109 7.599999905
  endloop
endfacet
facet normal -0.3598953231 -0.9329926883 0
  outer loop
    vertex 3.722632885 10.40406227 0
    vertex 4.228652 10.20886898 7.599999905
    vertex 3.722632885 10.40406227 7.599999905
  endloop
endfacet
facet normal -0.4052419349 -0.9142094805 0
  outer loop
    vertex 4.228652 10.20886898 0
    vertex 4.724483967 9.989081383 7.599999905
    vertex 4.228652 10.20886898 7.599999905
  endloop
endfacet
facet normal -0.4496114661 -0.8932242325 0
  outer loop
    vertex 4.724483967 9.989081383 0
    vertex 5.20893383 9.745229721 7.599999905
    vertex 4.724483967 9.989081383 7.599999905
  endloop
endfacet
facet normal -0.4928973711 -0.8700874563 0
  outer loop
    vertex 5.20893383 9.745229721 0
    vertex 5.680835247 9.477901459 7.599999905
    vertex 5.20893383 9.745229721 7.599999905
  endloop
endfacet
facet normal -0.5349978647 -0.8448534102 0
  outer loop
    vertex 5.680835247 9.477901459 0
    vertex 6.139050961 9.187739372 7.599999905
    vertex 5.680835247 9.477901459 7.599999905
  endloop
endfacet
facet normal -0.575808187 -0.8175848163 0
  outer loop
    vertex 6.139050961 9.187739372 0
    vertex 6.582477093 8.875443459 7.599999905
    vertex 6.139050961 9.187739372 7.599999905
  endloop
endfacet
facet normal -0.6531732852 -0.757208465 0
  outer loop
    vertex 7.010046005 8.541765213 0
    vertex 7.420726299 8.187509537 7.599999905
    vertex 7.010046005 8.541765213 7.599999905
  endloop
endfacet
facet normal -0.6152318097 -0.7883462566 0
  outer loop
    vertex 6.582477093 8.875443459 0
    vertex 7.010046005 8.541765213 7.599999905
    vertex 6.582477093 8.875443459 7.599999905
  endloop
endfacet
facet normal 0.1709632278 -0.98527741 0
  outer loop
    vertex -2.155748129 10.837677 0
    vertex -1.621371746 10.93040085 0
    vertex -1.621371746 10.93040085 7.599999905
  endloop
endfacet
facet normal 0.1224092885 -0.9924797056 0
  outer loop
    vertex -1.621371746 10.93040085 0
    vertex -1.083089352 10.99679089 0
    vertex -1.083089352 10.99679089 7.599999905
  endloop
endfacet
facet normal 0.07356514361 -0.9972904139 0
  outer loop
    vertex -1.083089352 10.99679089 0
    vertex -0.5421978235 11.03668976 0
    vertex -0.5421978235 11.03668976 7.599999905
  endloop
endfacet
facet normal 0.02454163936 -0.9996988086 0
  outer loop
    vertex -0.5421978235 11.03668976 0
    vertex 6.766173827e-16 11.05000019 0
    vertex 6.766173827e-16 11.05000019 7.599999905
  endloop
endfacet
facet normal -0.02454163936 -0.9996988086 0
  outer loop
    vertex 6.766173827e-16 11.05000019 0
    vertex 0.5421978235 11.03668976 0
    vertex 0.5421978235 11.03668976 7.599999905
  endloop
endfacet
facet normal -0.07356514361 -0.9972904139 0
  outer loop
    vertex 0.5421978235 11.03668976 0
    vertex 1.083089352 10.99679089 0
    vertex 1.083089352 10.99679089 7.599999905
  endloop
endfacet
facet normal -0.1224092885 -0.9924797056 0
  outer loop
    vertex 1.083089352 10.99679089 0
    vertex 1.621371746 10.93040085 0
    vertex 1.621371746 10.93040085 7.599999905
  endloop
endfacet
facet normal -0.1709632278 -0.98527741 0
  outer loop
    vertex 1.621371746 10.93040085 0
    vertex 2.155748129 10.837677 0
    vertex 2.155748129 10.837677 7.599999905
  endloop
endfacet
facet normal -0.1224112183 0.9924794676 0
  outer loop
    vertex -2.934609413 19.78352928 0
    vertex -1.960342765 19.90369415 12
    vertex -1.960342765 19.90369415 0
  endloop
endfacet
facet normal -0.07356409468 0.9972904913 0
  outer loop
    vertex -1.960342765 19.90369415 0
    vertex -0.9813534617 19.97590828 12
    vertex -0.9813534617 19.97590828 0
  endloop
endfacet
facet normal -0.0245420891 0.9996987976 0
  outer loop
    vertex -0.9813534617 19.97590828 0
    vertex 1.2246468e-15 20 12
    vertex 1.2246468e-15 20 0
  endloop
endfacet
facet normal 0.0245420891 0.9996987976 0
  outer loop
    vertex 1.2246468e-15 20 0
    vertex 0.9813534617 19.97590828 12
    vertex 0.9813534617 19.97590828 0
  endloop
endfacet
facet normal 0.07356409468 0.9972904913 0
  outer loop
    vertex 0.9813534617 19.97590828 0
    vertex 1.960342765 19.90369415 12
    vertex 1.960342765 19.90369415 0
  endloop
endfacet
facet normal -0.2191006049 -0.9757022727 0
  outer loop
    vertex 2.155748129 10.837677 0
    vertex 2.68493104 10.71884537 0
    vertex 2.68493104 10.71884537 7.599999905
  endloop
endfacet
facet normal 0.1224112183 0.9924794676 0
  outer loop
    vertex 1.960342765 19.90369415 0
    vertex 2.934609413 19.78352928 12
    vertex 2.934609413 19.78352928 0
  endloop
endfacet
facet normal 0.1709610996 0.9852777793 0
  outer loop
    vertex 2.934609413 19.78352928 0
    vertex 3.901806355 19.61570549 12
    vertex 3.901806355 19.61570549 0
  endloop
endfacet
facet normal 0.2191009891 0.9757021864 0
  outer loop
    vertex 3.901806355 19.61570549 0
    vertex 4.859603405 19.40062523 12
    vertex 4.859603405 19.40062523 0
  endloop
endfacet
facet normal 0.2667122909 0.9637761949 0
  outer loop
    vertex 4.859603405 19.40062523 0
    vertex 5.805693626 19.1388073 12
    vertex 5.805693626 19.1388073 0
  endloop
endfacet
facet normal 0.3136824111 0.949527959 0
  outer loop
    vertex 5.805693626 19.1388073 0
    vertex 6.73779726 18.83088112 12
    vertex 6.73779726 18.83088112 0
  endloop
endfacet
facet normal 0.1709632278 -0.98527741 0
  outer loop
    vertex -2.155748129 10.837677 0
    vertex -1.621371746 10.93040085 7.599999905
    vertex -2.155748129 10.837677 7.599999905
  endloop
endfacet
facet normal 0.1224092885 -0.9924797056 0
  outer loop
    vertex -1.621371746 10.93040085 0
    vertex -1.083089352 10.99679089 7.599999905
    vertex -1.621371746 10.93040085 7.599999905
  endloop
endfacet
facet normal 0.07356514361 -0.9972904139 0
  outer loop
    vertex -1.083089352 10.99679089 0
    vertex -0.5421978235 11.03668976 7.599999905
    vertex -1.083089352 10.99679089 7.599999905
  endloop
endfacet
facet normal 0.02454163936 -0.9996988086 0
  outer loop
    vertex -0.5421978235 11.03668976 0
    vertex 6.766173827e-16 11.05000019 7.599999905
    vertex -0.5421978235 11.03668976 7.599999905
  endloop
endfacet
facet normal -0.02454163936 -0.9996988086 0
  outer loop
    vertex 6.766173827e-16 11.05000019 0
    vertex 0.5421978235 11.03668976 7.599999905
    vertex 6.766173827e-16 11.05000019 7.599999905
  endloop
endfacet
facet normal -0.07356514361 -0.9972904139 0
  outer loop
    vertex 0.5421978235 11.03668976 0
    vertex 1.083089352 10.99679089 7.599999905
    vertex 0.5421978235 11.03668976 7.599999905
  endloop
endfacet
facet normal -0.1224092885 -0.9924797056 0
  outer loop
    vertex 1.083089352 10.99679089 0
    vertex 1.621371746 10.93040085 7.599999905
    vertex 1.083089352 10.99679089 7.599999905
  endloop
endfacet
facet normal -0.1709632278 -0.98527741 0
  outer loop
    vertex 1.621371746 10.93040085 0
    vertex 2.155748129 10.837677 7.599999905
    vertex 1.621371746 10.93040085 7.599999905
  endloop
endfacet
facet normal -0.2191006049 -0.9757022727 0
  outer loop
    vertex 2.155748129 10.837677 0
    vertex 2.68493104 10.71884537 7.599999905
    vertex 2.155748129 10.837677 7.599999905
  endloop
endfacet
facet normal -0.9996988086 -0.02454163936 0
  outer loop
    vertex 11.05000019 0 0
    vertex 11.05000019 0 7.599999905
    vertex 11.03668976 0.5421978235 0
  endloop
endfacet
facet normal -0.9924797056 -0.1224092885 0
  outer loop
    vertex 10.99679089 1.083089352 0
    vertex 10.99679089 1.083089352 7.599999905
    vertex 10.93040085 1.621371746 0
  endloop
endfacet
facet normal -0.9972904139 -0.07356514361 0
  outer loop
    vertex 11.03668976 0.5421978235 0
    vertex 11.03668976 0.5421978235 7.599999905
    vertex 10.99679089 1.083089352 0
  endloop
endfacet
facet normal -0.98527741 -0.1709632278 0
  outer loop
    vertex 10.93040085 1.621371746 0
    vertex 10.93040085 1.621371746 7.599999905
    vertex 10.837677 2.155748129 0
  endloop
endfacet
facet normal -0.9757022727 -0.2191006049 0
  outer loop
    vertex 10.837677 2.155748129 0
    vertex 10.837677 2.155748129 7.599999905
    vertex 10.71884537 2.68493104 0
  endloop
endfacet
facet normal -0.9637762277 -0.2667121724 0
  outer loop
    vertex 10.57419109 3.207645655 0
    vertex 10.71884537 2.68493104 0
    vertex 10.71884537 2.68493104 7.599999905
  endloop
endfacet
facet normal -0.9329926883 -0.3598953231 0
  outer loop
    vertex 10.40406227 3.722632885 0
    vertex 10.40406227 3.722632885 7.599999905
    vertex 10.20886898 4.228652 0
  endloop
endfacet
facet normal -0.9495281688 -0.3136817762 0
  outer loop
    vertex 10.57419109 3.207645655 0
    vertex 10.57419109 3.207645655 7.599999905
    vertex 10.40406227 3.722632885 0
  endloop
endfacet
facet normal -0.8932242325 -0.4496114661 0
  outer loop
    vertex 9.745229721 5.20893383 0
    vertex 9.989081383 4.724483967 0
    vertex 9.989081383 4.724483967 7.599999905
  endloop
endfacet
facet normal -0.9142094805 -0.4052419349 0
  outer loop
    vertex 9.989081383 4.724483967 0
    vertex 10.20886898 4.228652 0
    vertex 10.20886898 4.228652 7.599999905
  endloop
endfacet
facet normal -0.6895399514 -0.7242476479 0
  outer loop
    vertex 7.813529968 7.813529968 0
    vertex 7.813529968 7.813529968 7.599999905
    vertex 7.420726299 8.187509537 0
  endloop
endfacet
facet normal -0.7242476479 -0.6895399514 0
  outer loop
    vertex 7.813529968 7.813529968 0
    vertex 8.187509537 7.420726299 0
    vertex 8.187509537 7.420726299 7.599999905
  endloop
endfacet
facet normal -0.8448534102 -0.5349978647 0
  outer loop
    vertex 9.477901459 5.680835247 0
    vertex 9.477901459 5.680835247 7.599999905
    vertex 9.187739372 6.139050961 0
  endloop
endfacet
facet normal -0.8175848163 -0.575808187 0
  outer loop
    vertex 8.875443459 6.582477093 0
    vertex 9.187739372 6.139050961 0
    vertex 9.187739372 6.139050961 7.599999905
  endloop
endfacet
facet normal -0.757208465 -0.6531732852 0
  outer loop
    vertex 8.187509537 7.420726299 0
    vertex 8.541765213 7.010046005 0
    vertex 8.541765213 7.010046005 7.599999905
  endloop
endfacet
facet normal -0.7883462566 -0.6152318097 0
  outer loop
    vertex 8.875443459 6.582477093 0
    vertex 8.875443459 6.582477093 7.599999905
    vertex 8.541765213 7.010046005 0
  endloop
endfacet
facet normal -0.6531732852 -0.757208465 0
  outer loop
    vertex 7.010046005 8.541765213 0
    vertex 7.420726299 8.187509537 0
    vertex 7.420726299 8.187509537 7.599999905
  endloop
endfacet
facet normal -0.8700874563 -0.4928973711 0
  outer loop
    vertex 9.745229721 5.20893383 0
    vertex 9.745229721 5.20893383 7.599999905
    vertex 9.477901459 5.680835247 0
  endloop
endfacet
facet normal -0.9996988086 -0.02454163936 0
  outer loop
    vertex 11.03668976 0.5421978235 0
    vertex 11.05000019 0 7.599999905
    vertex 11.03668976 0.5421978235 7.599999905
  endloop
endfacet
facet normal -0.9972904139 -0.07356514361 0
  outer loop
    vertex 10.99679089 1.083089352 0
    vertex 11.03668976 0.5421978235 7.599999905
    vertex 10.99679089 1.083089352 7.599999905
  endloop
endfacet
facet normal -0.9924797056 -0.1224092885 0
  outer loop
    vertex 10.93040085 1.621371746 0
    vertex 10.99679089 1.083089352 7.599999905
    vertex 10.93040085 1.621371746 7.599999905
  endloop
endfacet
facet normal -0.98527741 -0.1709632278 0
  outer loop
    vertex 10.837677 2.155748129 0
    vertex 10.93040085 1.621371746 7.599999905
    vertex 10.837677 2.155748129 7.599999905
  endloop
endfacet
facet normal -0.9757022727 -0.2191006049 0
  outer loop
    vertex 10.71884537 2.68493104 0
    vertex 10.837677 2.155748129 7.599999905
    vertex 10.71884537 2.68493104 7.599999905
  endloop
endfacet
facet normal -0.9637762277 -0.2667121724 0
  outer loop
    vertex 10.57419109 3.207645655 0
    vertex 10.71884537 2.68493104 7.599999905
    vertex 10.57419109 3.207645655 7.599999905
  endloop
endfacet
facet normal -0.9495281688 -0.3136817762 0
  outer loop
    vertex 10.40406227 3.722632885 0
    vertex 10.57419109 3.207645655 7.599999905
    vertex 10.40406227 3.722632885 7.599999905
  endloop
endfacet
facet normal -0.9142094805 -0.4052419349 0
  outer loop
    vertex 9.989081383 4.724483967 0
    vertex 10.20886898 4.228652 7.599999905
    vertex 9.989081383 4.724483967 7.599999905
  endloop
endfacet
facet normal -0.8932242325 -0.4496114661 0
  outer loop
    vertex 9.745229721 5.20893383 0
    vertex 9.989081383 4.724483967 7.599999905
    vertex 9.745229721 5.20893383 7.599999905
  endloop
endfacet
facet normal -0.9329926883 -0.3598953231 0
  outer loop
    vertex 10.20886898 4.228652 0
    vertex 10.40406227 3.722632885 7.599999905
    vertex 10.20886898 4.228652 7.599999905
  endloop
endfacet
facet normal -0.757208465 -0.6531732852 0
  outer loop
    vertex 8.187509537 7.420726299 0
    vertex 8.541765213 7.010046005 7.599999905
    vertex 8.187509537 7.420726299 7.599999905
  endloop
endfacet
facet normal -0.7242476479 -0.6895399514 0
  outer loop
    vertex 7.813529968 7.813529968 0
    vertex 8.187509537 7.420726299 7.599999905
    vertex 7.813529968 7.813529968 7.599999905
  endloop
endfacet
facet normal -0.8448534102 -0.5349978647 0
  outer loop
    vertex 9.187739372 6.139050961 0
    vertex 9.477901459 5.680835247 7.599999905
    vertex 9.187739372 6.139050961 7.599999905
  endloop
endfacet
facet normal -0.8175848163 -0.575808187 0
  outer loop
    vertex 8.875443459 6.582477093 0
    vertex 9.187739372 6.139050961 7.599999905
    vertex 8.875443459 6.582477093 7.599999905
  endloop
endfacet
facet normal -0.7883462566 -0.6152318097 0
  outer loop
    vertex 8.541765213 7.010046005 0
    vertex 8.875443459 6.582477093 7.599999905
    vertex 8.541765213 7.010046005 7.599999905
  endloop
endfacet
facet normal -0.6895399514 -0.7242476479 0
  outer loop
    vertex 7.420726299 8.187509537 0
    vertex 7.813529968 7.813529968 7.599999905
    vertex 7.420726299 8.187509537 7.599999905
  endloop
endfacet
facet normal -0.8700874563 -0.4928973711 0
  outer loop
    vertex 9.477901459 5.680835247 0
    vertex 9.745229721 5.20893383 7.599999905
    vertex 9.477901459 5.680835247 7.599999905
  endloop
endfacet
facet normal 0.3598949379 0.9329928369 0
  outer loop
    vertex 6.73779726 18.83088112 0
    vertex 7.65366888 18.47759056 12
    vertex 7.65366888 18.47759056 0
  endloop
endfacet
facet normal 0.4052410223 0.914209885 0
  outer loop
    vertex 7.65366888 18.47759056 0
    vertex 8.551101685 18.0797863 12
    vertex 8.551101685 18.0797863 0
  endloop
endfacet
facet normal 0.4496112084 0.8932243623 0
  outer loop
    vertex 8.551101685 18.0797863 0
    vertex 9.427934647 17.63842583 12
    vertex 9.427934647 17.63842583 0
  endloop
endfacet
facet normal 0.4928990761 0.8700864904 0
  outer loop
    vertex 9.427934647 17.63842583 0
    vertex 10.2820549 17.15457153 12
    vertex 10.2820549 17.15457153 0
  endloop
endfacet
facet normal 0.5349969794 0.8448539708 0
  outer loop
    vertex 10.2820549 17.15457153 0
    vertex 11.11140442 16.62939262 12
    vertex 11.11140442 16.62939262 0
  endloop
endfacet
facet normal 0.5758088036 0.817584382 0
  outer loop
    vertex 11.11140442 16.62939262 0
    vertex 11.91398621 16.06414986 12
    vertex 11.91398621 16.06414986 0
  endloop
endfacet
facet normal 0.6152314795 0.7883465143 0
  outer loop
    vertex 12.68786526 15.46020889 0
    vertex 11.91398621 16.06414986 0
    vertex 12.68786526 15.46020889 12
  endloop
endfacet
facet normal 0.6895403474 0.7242472708 0
  outer loop
    vertex 14.14213562 14.14213562 0
    vertex 13.43117905 14.81902218 0
    vertex 14.14213562 14.14213562 12
  endloop
endfacet
facet normal 0.6531727436 0.7572089322 0
  outer loop
    vertex 12.68786526 15.46020889 0
    vertex 13.43117905 14.81902218 12
    vertex 13.43117905 14.81902218 0
  endloop
endfacet
facet normal 0.7572089322 0.6531727436 0
  outer loop
    vertex 15.46020889 12.68786526 0
    vertex 14.81902218 13.43117905 0
    vertex 15.46020889 12.68786526 12
  endloop
endfacet
facet normal 0.817584382 0.5758088036 0
  outer loop
    vertex 16.06414986 11.91398621 0
    vertex 16.62939262 11.11140442 12
    vertex 16.62939262 11.11140442 0
  endloop
endfacet
facet normal 0.7883465143 0.6152314795 0
  outer loop
    vertex 16.06414986 11.91398621 0
    vertex 15.46020889 12.68786526 0
    vertex 16.06414986 11.91398621 12
  endloop
endfacet
facet normal 0.7242472708 0.6895403474 0
  outer loop
    vertex 14.14213562 14.14213562 0
    vertex 14.81902218 13.43117905 12
    vertex 14.81902218 13.43117905 0
  endloop
endfacet
facet normal -0.5000000153 -0.8660253949 0
  outer loop
    vertex 13.05384731 34.60992813 0
    vertex 23.44615173 28.60992813 0
    vertex 13.05384731 34.60992813 12
  endloop
endfacet
facet normal 0 0 -1
  outer loop
    vertex 11.03668976 0.5421978235 0
    vertex 19.97590828 0.9813534617 0
    vertex 20 0 0
  endloop
endfacet
facet normal 0 0 -1
  outer loop
    vertex 10.99679089 1.083089352 0
    vertex 19.90369415 1.960342765 0
    vertex 19.97590828 0.9813534617 0
  endloop
endfacet
facet normal 0 0 -1
  outer loop
    vertex 10.93040085 1.621371746 0
    vertex 19.78352928 2.934609413 0
    vertex 19.90369415 1.960342765 0
  endloop
endfacet
facet normal 0 0 -1
  outer loop
    vertex 10.837677 2.155748129 0
    vertex 19.61570549 3.901806355 0
    vertex 19.78352928 2.934609413 0
  endloop
endfacet
facet normal 0.9996987976 0.0245420891 0
  outer loop
    vertex 20 0 0
    vertex 19.97590828 0.9813534617 0
    vertex 20 0 12
  endloop
endfacet
facet normal 0.9972904913 0.07356409468 0
  outer loop
    vertex 19.97590828 0.9813534617 0
    vertex 19.90369415 1.960342765 0
    vertex 19.97590828 0.9813534617 12
  endloop
endfacet
facet normal 0.9924794676 0.1224112183 0
  outer loop
    vertex 19.90369415 1.960342765 0
    vertex 19.78352928 2.934609413 0
    vertex 19.90369415 1.960342765 12
  endloop
endfacet
facet normal 0.9852777793 0.1709610996 0
  outer loop
    vertex 19.78352928 2.934609413 0
    vertex 19.61570549 3.901806355 0
    vertex 19.78352928 2.934609413 12
  endloop
endfacet
facet normal 0.9757021864 0.2191009891 0
  outer loop
    vertex 19.61570549 3.901806355 0
    vertex 19.40062523 4.859603405 0
    vertex 19.61570549 3.901806355 12
  endloop
endfacet
facet normal 0.9637761949 0.2667122909 0
  outer loop
    vertex 19.40062523 4.859603405 0
    vertex 19.1388073 5.805693626 0
    vertex 19.40062523 4.859603405 12
  endloop
endfacet
facet normal 0.914209885 0.4052410223 0
  outer loop
    vertex 18.47759056 7.65366888 0
    vertex 18.0797863 8.551101685 0
    vertex 18.47759056 7.65366888 12
  endloop
endfacet
facet normal 0.9329928369 0.3598949379 0
  outer loop
    vertex 18.83088112 6.73779726 0
    vertex 18.47759056 7.65366888 0
    vertex 18.83088112 6.73779726 12
  endloop
endfacet
facet normal 0.8448539708 0.5349969794 0
  outer loop
    vertex 17.15457153 10.2820549 0
    vertex 16.62939262 11.11140442 0
    vertex 17.15457153 10.2820549 12
  endloop
endfacet
facet normal 0.8700864904 0.4928990761 0
  outer loop
    vertex 17.15457153 10.2820549 0
    vertex 17.63842583 9.427934647 12
    vertex 17.63842583 9.427934647 0
  endloop
endfacet
facet normal 0.8932243623 0.4496112084 0
  outer loop
    vertex 17.63842583 9.427934647 0
    vertex 18.0797863 8.551101685 12
    vertex 18.0797863 8.551101685 0
  endloop
endfacet
facet normal 0.949527959 0.3136824111 0
  outer loop
    vertex 18.83088112 6.73779726 0
    vertex 19.1388073 5.805693626 12
    vertex 19.1388073 5.805693626 0
  endloop
endfacet
facet normal 0 0 -1
  outer loop
    vertex 13.05384731 34.60992813 0
    vertex 19.05384827 45.0022316 0
    vertex 29.44615173 39.0022316 0
  endloop
endfacet
facet normal 0 -0 -1
  outer loop
    vertex 13.05384731 34.60992813 0
    vertex 29.44615173 39.0022316 0
    vertex 23.44615173 28.60992813 0
  endloop
endfacet
facet normal 0.8660253751 -0.5000000497 0
  outer loop
    vertex 23.44615173 28.60992813 0
    vertex 29.44615173 39.0022316 0
    vertex 23.44615173 28.60992813 12
  endloop
endfacet
facet normal -0.8660253407 0.5000001094 0
  outer loop
    vertex 13.05384731 34.60992813 0
    vertex 19.05384827 45.0022316 12
    vertex 19.05384827 45.0022316 0
  endloop
endfacet
facet normal 0.5000000497 0.8660253751 0
  outer loop
    vertex 29.44615173 39.0022316 0
    vertex 19.05384827 45.0022316 0
    vertex 29.44615173 39.0022316 12
  endloop
endfacet
facet normal -1 0 0
  outer loop
    vertex 35.5 66.61215973 -16
    vertex 35.5 80.61215973 0
    vertex 35.5 80.61215973 -16
  endloop
endfacet
facet normal -1 0 0
  outer loop
    vertex 35.5 66.61215973 -16
    vertex 35.5 66.61215973 0
    vertex 35.5 80.61215973 0
  endloop
endfacet
facet normal 0 0 -1
  outer loop
    vertex 35.5 66.61215973 -16
    vertex 35.5 80.61215973 -16
    vertex 49.5 66.61215973 -16
  endloop
endfacet
facet normal 0 -1 0
  outer loop
    vertex 35.5 66.61215973 -16
    vertex 49.5 66.61215973 -16
    vertex 35.5 66.61215973 0
  endloop
endfacet
facet normal 0 0 -1
  outer loop
    vertex 35.5 80.61215973 -16
    vertex 49.5 80.61215973 -16
    vertex 49.5 66.61215973 -16
  endloop
endfacet
facet normal -0 1 0
  outer loop
    vertex 35.5 80.61215973 -16
    vertex 49.5 80.61215973 0
    vertex 49.5 80.61215973 -16
  endloop
endfacet
facet normal 1 0 -0
  outer loop
    vertex 49.5 66.61215973 -16
    vertex 49.5 80.61215973 -16
    vertex 49.5 66.61215973 0
  endloop
endfacet
facet normal 0 -1 0
  outer loop
    vertex 49.5 66.61215973 -16
    vertex 49.5 66.61215973 0
    vertex 35.5 66.61215973 0
  endloop
endfacet
facet normal 0 1 0
  outer loop
    vertex 35.5 80.61215973 -16
    vertex 35.5 80.61215973 0
    vertex 49.5 80.61215973 0
  endloop
endfacet
facet normal 1 0 -0
  outer loop
    vertex 49.5 80.61215973 -16
    vertex 49.5 80.61215973 0
    vertex 49.5 66.61215973 0
  endloop
endfacet
facet normal 0 0 -1
  outer loop
    vertex 30.5 61.61215973 0
    vertex 30.5 85.61215973 0
    vertex 35.5 66.61215973 0
  endloop
endfacet
facet normal 0 0 -1
  outer loop
    vertex 35.5 66.61215973 0
    vertex 30.5 85.61215973 0
    vertex 35.5 80.61215973 0
  endloop
endfacet
facet normal 0 0 -1
  outer loop
    vertex 30.5 61.61215973 0
    vertex 35.5 66.61215973 0
    vertex 54.5 61.61215973 0
  endloop
endfacet
facet normal -0 -0 -1
  outer loop
    vertex 30.5 85.61215973 0
    vertex 49.5 80.61215973 0
    vertex 35.5 80.61215973 0
  endloop
endfacet
facet normal 0 -0 -1
  outer loop
    vertex 30.5 85.61215973 0
    vertex 54.5 85.61215973 0
    vertex 49.5 80.61215973 0
  endloop
endfacet
facet normal 0 0 -1
  outer loop
    vertex 35.5 66.61215973 0
    vertex 49.5 66.61215973 0
    vertex 54.5 61.61215973 0
  endloop
endfacet
facet normal 0 0 -1
  outer loop
    vertex 54.5 61.61215973 0
    vertex 49.5 66.61215973 0
    vertex 49.5 80.61215973 0
  endloop
endfacet
facet normal 0 0 -1
  outer loop
    vertex 54.5 61.61215973 0
    vertex 49.5 80.61215973 0
    vertex 54.5 85.61215973 0
  endloop
endfacet
facet normal -0.9996987976 0.0245420891 0
  outer loop
    vertex -20 2.449293599e-15 0
    vertex -20 2.449293599e-15 12
    vertex -19.97590828 0.9813534617 12
  endloop
endfacet
facet normal -0.9972904913 0.07356409468 0
  outer loop
    vertex -19.97590828 0.9813534617 0
    vertex -19.97590828 0.9813534617 12
    vertex -19.90369415 1.960342765 12
  endloop
endfacet
facet normal -0.9924794676 0.1224112183 0
  outer loop
    vertex -19.90369415 1.960342765 0
    vertex -19.90369415 1.960342765 12
    vertex -19.78352928 2.934609413 12
  endloop
endfacet
facet normal -0.9852777793 0.1709610996 0
  outer loop
    vertex -19.78352928 2.934609413 0
    vertex -19.78352928 2.934609413 12
    vertex -19.61570549 3.901806355 12
  endloop
endfacet
facet normal -0.9757021864 0.2191009891 0
  outer loop
    vertex -19.61570549 3.901806355 0
    vertex -19.61570549 3.901806355 12
    vertex -19.40062523 4.859603405 12
  endloop
endfacet
facet normal -0.9637761949 0.2667122909 0
  outer loop
    vertex -19.40062523 4.859603405 0
    vertex -19.40062523 4.859603405 12
    vertex -19.1388073 5.805693626 12
  endloop
endfacet
facet normal -0.949527959 0.3136824111 0
  outer loop
    vertex -19.1388073 5.805693626 0
    vertex -19.1388073 5.805693626 12
    vertex -18.83088112 6.73779726 12
  endloop
endfacet
facet normal -0.9329928369 0.3598949379 0
  outer loop
    vertex -18.83088112 6.73779726 0
    vertex -18.83088112 6.73779726 12
    vertex -18.47759056 7.65366888 12
  endloop
endfacet
facet normal -0.914209885 0.4052410223 0
  outer loop
    vertex -18.47759056 7.65366888 0
    vertex -18.47759056 7.65366888 12
    vertex -18.0797863 8.551101685 12
  endloop
endfacet
facet normal -0.8932243623 0.4496112084 0
  outer loop
    vertex -18.0797863 8.551101685 0
    vertex -18.0797863 8.551101685 12
    vertex -17.63842583 9.427934647 12
  endloop
endfacet
facet normal -0.8700864904 0.4928990761 0
  outer loop
    vertex -17.63842583 9.427934647 0
    vertex -17.63842583 9.427934647 12
    vertex -17.15457153 10.2820549 12
  endloop
endfacet
facet normal -0.8448539708 0.5349969794 0
  outer loop
    vertex -17.15457153 10.2820549 0
    vertex -17.15457153 10.2820549 12
    vertex -16.62939262 11.11140442 12
  endloop
endfacet
facet normal -0 -0 1
  outer loop
    vertex -20 2.449293599e-15 12
    vertex -4 4.89858741e-16 12
    vertex -19.97590828 0.9813534617 12
  endloop
endfacet
facet normal -0 -0 1
  outer loop
    vertex -19.97590828 0.9813534617 12
    vertex -3.995181799 0.1962707043 12
    vertex -19.90369415 1.960342765 12
  endloop
endfacet
facet normal -0 -0 1
  outer loop
    vertex -19.90369415 1.960342765 12
    vertex -3.956706047 0.5869218707 12
    vertex -19.78352928 2.934609413 12
  endloop
endfacet
facet normal -0 -0 1
  outer loop
    vertex -19.78352928 2.934609413 12
    vertex -3.923141003 0.7803612947 12
    vertex -19.61570549 3.901806355 12
  endloop
endfacet
facet normal -0 -0 1
  outer loop
    vertex -19.61570549 3.901806355 12
    vertex -3.880125046 0.9719207287 12
    vertex -19.40062523 4.859603405 12
  endloop
endfacet
facet normal -0 -0 1
  outer loop
    vertex -19.40062523 4.859603405 12
    vertex -3.827761412 1.161138654 12
    vertex -19.1388073 5.805693626 12
  endloop
endfacet
facet normal -0 -0 1
  outer loop
    vertex -19.1388073 5.805693626 12
    vertex -3.766176224 1.347559452 12
    vertex -18.83088112 6.73779726 12
  endloop
endfacet
facet normal -0 -0 1
  outer loop
    vertex -18.83088112 6.73779726 12
    vertex -3.766176224 1.347559452 12
    vertex -18.47759056 7.65366888 12
  endloop
endfacet
facet normal -0 -0 1
  outer loop
    vertex -18.47759056 7.65366888 12
    vertex -3.61595726 1.710220337 12
    vertex -18.0797863 8.551101685 12
  endloop
endfacet
facet normal -0 -0 1
  outer loop
    vertex -18.0797863 8.551101685 12
    vertex -3.527685165 1.885586977 12
    vertex -17.63842583 9.427934647 12
  endloop
endfacet
facet normal -0 -0 1
  outer loop
    vertex -17.63842583 9.427934647 12
    vertex -3.527685165 1.885586977 12
    vertex -17.15457153 10.2820549 12
  endloop
endfacet
facet normal -0 -0 1
  outer loop
    vertex -17.15457153 10.2820549 12
    vertex -3.325878382 2.222280979 12
    vertex -16.62939262 11.11140442 12
  endloop
endfacet
facet normal -0 -0 1
  outer loop
    vertex -16.62939262 11.11140442 12
    vertex -3.325878382 2.222280979 12
    vertex -16.06414986 11.91398621 12
  endloop
endfacet
facet normal -0.817584382 0.5758088036 0
  outer loop
    vertex -16.62939262 11.11140442 0
    vertex -16.62939262 11.11140442 12
    vertex -16.06414986 11.91398621 12
  endloop
endfacet
facet normal -0.7883465143 0.6152314795 0
  outer loop
    vertex -16.06414986 11.91398621 0
    vertex -16.06414986 11.91398621 12
    vertex -15.46020889 12.68786526 12
  endloop
endfacet
facet normal -0.7572089322 0.6531727436 0
  outer loop
    vertex -15.46020889 12.68786526 0
    vertex -15.46020889 12.68786526 12
    vertex -14.81902218 13.43117905 12
  endloop
endfacet
facet normal -0.7242472708 0.6895403474 0
  outer loop
    vertex -14.81902218 13.43117905 0
    vertex -14.81902218 13.43117905 12
    vertex -14.14213562 14.14213562 12
  endloop
endfacet
facet normal -0.6895403474 0.7242472708 0
  outer loop
    vertex -14.14213562 14.14213562 0
    vertex -14.14213562 14.14213562 12
    vertex -13.43117905 14.81902218 12
  endloop
endfacet
facet normal -0.6531727436 0.7572089322 0
  outer loop
    vertex -13.43117905 14.81902218 0
    vertex -13.43117905 14.81902218 12
    vertex -12.68786526 15.46020889 12
  endloop
endfacet
facet normal -0.6152314795 0.7883465143 0
  outer loop
    vertex -12.68786526 15.46020889 0
    vertex -12.68786526 15.46020889 12
    vertex -11.91398621 16.06414986 12
  endloop
endfacet
facet normal 0 0 -1
  outer loop
    vertex -11.05000019 1.353234765e-15 7.599999905
    vertex -11.03668976 0.5421978235 7.599999905
    vertex -4 4.89858741e-16 7.599999905
  endloop
endfacet
facet normal 0 0 -1
  outer loop
    vertex -11.03668976 0.5421978235 7.599999905
    vertex -10.99679089 1.083089352 7.599999905
    vertex -3.995181799 0.1962707043 7.599999905
  endloop
endfacet
facet normal 0 0 -1
  outer loop
    vertex -10.99679089 1.083089352 7.599999905
    vertex -10.93040085 1.621371746 7.599999905
    vertex -3.956706047 0.5869218707 7.599999905
  endloop
endfacet
facet normal 0 0 -1
  outer loop
    vertex -10.93040085 1.621371746 7.599999905
    vertex -10.837677 2.155748129 7.599999905
    vertex -3.956706047 0.5869218707 7.599999905
  endloop
endfacet
facet normal 0 0 -1
  outer loop
    vertex -10.837677 2.155748129 7.599999905
    vertex -10.71884537 2.68493104 7.599999905
    vertex -3.880125046 0.9719207287 7.599999905
  endloop
endfacet
facet normal 0 0 -1
  outer loop
    vertex -10.71884537 2.68493104 7.599999905
    vertex -10.57419109 3.207645655 7.599999905
    vertex -3.827761412 1.161138654 7.599999905
  endloop
endfacet
facet normal 0 0 -1
  outer loop
    vertex -10.57419109 3.207645655 7.599999905
    vertex -10.40406227 3.722632885 7.599999905
    vertex -3.827761412 1.161138654 7.599999905
  endloop
endfacet
facet normal 0 0 -1
  outer loop
    vertex -10.40406227 3.722632885 7.599999905
    vertex -10.20886898 4.228652 7.599999905
    vertex -3.766176224 1.347559452 7.599999905
  endloop
endfacet
facet normal 0 0 -1
  outer loop
    vertex -10.20886898 4.228652 7.599999905
    vertex -9.989081383 4.724483967 7.599999905
    vertex -3.61595726 1.710220337 7.599999905
  endloop
endfacet
facet normal 0 0 -1
  outer loop
    vertex -9.989081383 4.724483967 7.599999905
    vertex -9.745229721 5.20893383 7.599999905
    vertex -3.527685165 1.885586977 7.599999905
  endloop
endfacet
facet normal 0 0 -1
  outer loop
    vertex -9.745229721 5.20893383 7.599999905
    vertex -9.477901459 5.680835247 7.599999905
    vertex -3.527685165 1.885586977 7.599999905
  endloop
endfacet
facet normal 0 0 -1
  outer loop
    vertex -9.477901459 5.680835247 7.599999905
    vertex -9.187739372 6.139050961 7.599999905
    vertex -3.430914402 2.056411028 7.599999905
  endloop
endfacet
facet normal 0 0 -1
  outer loop
    vertex -9.187739372 6.139050961 7.599999905
    vertex -8.875443459 6.582477093 7.599999905
    vertex -3.325878382 2.222280979 7.599999905
  endloop
endfacet
facet normal 0 -0 -1
  outer loop
    vertex -11.03668976 0.5421978235 7.599999905
    vertex -3.995181799 0.1962707043 7.599999905
    vertex -4 4.89858741e-16 7.599999905
  endloop
endfacet
facet normal 0 -0 -1
  outer loop
    vertex -10.99679089 1.083089352 7.599999905
    vertex -3.980738878 0.3920685649 7.599999905
    vertex -3.995181799 0.1962707043 7.599999905
  endloop
endfacet
facet normal 0 -0 -1
  outer loop
    vertex -10.99679089 1.083089352 7.599999905
    vertex -3.956706047 0.5869218707 7.599999905
    vertex -3.980738878 0.3920685649 7.599999905
  endloop
endfacet
facet normal 0 -0 -1
  outer loop
    vertex -10.837677 2.155748129 7.599999905
    vertex -3.923141003 0.7803612947 7.599999905
    vertex -3.956706047 0.5869218707 7.599999905
  endloop
endfacet
facet normal 0 -0 -1
  outer loop
    vertex -10.837677 2.155748129 7.599999905
    vertex -3.880125046 0.9719207287 7.599999905
    vertex -3.923141003 0.7803612947 7.599999905
  endloop
endfacet
facet normal 0 -0 -1
  outer loop
    vertex -10.71884537 2.68493104 7.599999905
    vertex -3.827761412 1.161138654 7.599999905
    vertex -3.880125046 0.9719207287 7.599999905
  endloop
endfacet
facet normal 0 -0 -1
  outer loop
    vertex -10.40406227 3.722632885 7.599999905
    vertex -3.766176224 1.347559452 7.599999905
    vertex -3.827761412 1.161138654 7.599999905
  endloop
endfacet
facet normal 0 -0 -1
  outer loop
    vertex -10.20886898 4.228652 7.599999905
    vertex -3.695518017 1.530733705 7.599999905
    vertex -3.766176224 1.347559452 7.599999905
  endloop
endfacet
facet normal 0 -0 -1
  outer loop
    vertex -10.20886898 4.228652 7.599999905
    vertex -3.61595726 1.710220337 7.599999905
    vertex -3.695518017 1.530733705 7.599999905
  endloop
endfacet
facet normal 0 0 -1
  outer loop
    vertex -8.875443459 6.582477093 7.599999905
    vertex -8.541765213 7.010046005 7.599999905
    vertex -3.212830067 2.382797241 7.599999905
  endloop
endfacet
facet normal 0 -0 -1
  outer loop
    vertex -9.989081383 4.724483967 7.599999905
    vertex -3.527685165 1.885586977 7.599999905
    vertex -3.61595726 1.710220337 7.599999905
  endloop
endfacet
facet normal 0 -0 -1
  outer loop
    vertex -9.477901459 5.680835247 7.599999905
    vertex -3.430914402 2.056411028 7.599999905
    vertex -3.527685165 1.885586977 7.599999905
  endloop
endfacet
facet normal 0 -0 -1
  outer loop
    vertex -9.187739372 6.139050961 7.599999905
    vertex -3.325878382 2.222280979 7.599999905
    vertex -3.430914402 2.056411028 7.599999905
  endloop
endfacet
facet normal 0 -0 -1
  outer loop
    vertex -8.875443459 6.582477093 7.599999905
    vertex -3.212830067 2.382797241 7.599999905
    vertex -3.325878382 2.222280979 7.599999905
  endloop
endfacet
facet normal 0 -0 -1
  outer loop
    vertex -8.541765213 7.010046005 7.599999905
    vertex -3.092041731 2.537573099 7.599999905
    vertex -3.212830067 2.382797241 7.599999905
  endloop
endfacet
facet normal 0 -0 -1
  outer loop
    vertex -8.187509537 7.420726299 7.599999905
    vertex -2.963804483 2.686235905 7.599999905
    vertex -3.092041731 2.537573099 7.599999905
  endloop
endfacet
facet normal 0 -0 -1
  outer loop
    vertex -7.813529968 7.813529968 7.599999905
    vertex -2.828427076 2.828427076 7.599999905
    vertex -2.963804483 2.686235905 7.599999905
  endloop
endfacet
facet normal 0 -0 -1
  outer loop
    vertex -7.813529968 7.813529968 7.599999905
    vertex -2.686235905 2.963804483 7.599999905
    vertex -2.828427076 2.828427076 7.599999905
  endloop
endfacet
facet normal 0 -0 -1
  outer loop
    vertex -7.010046005 8.541765213 7.599999905
    vertex -2.537573099 3.092041731 7.599999905
    vertex -2.686235905 2.963804483 7.599999905
  endloop
endfacet
facet normal 0 -0 -1
  outer loop
    vertex -7.010046005 8.541765213 7.599999905
    vertex -2.382797241 3.212830067 7.599999905
    vertex -2.537573099 3.092041731 7.599999905
  endloop
endfacet
facet normal 0 -0 -1
  outer loop
    vertex -6.582477093 8.875443459 7.599999905
    vertex -2.222280979 3.325878382 7.599999905
    vertex -2.382797241 3.212830067 7.599999905
  endloop
endfacet
facet normal 0 -0 -1
  outer loop
    vertex -6.139050961 9.187739372 7.599999905
    vertex -2.056411028 3.430914402 7.599999905
    vertex -2.222280979 3.325878382 7.599999905
  endloop
endfacet
facet normal 0 0 -1
  outer loop
    vertex -8.541765213 7.010046005 7.599999905
    vertex -8.187509537 7.420726299 7.599999905
    vertex -3.092041731 2.537573099 7.599999905
  endloop
endfacet
facet normal 0 0 -1
  outer loop
    vertex -8.187509537 7.420726299 7.599999905
    vertex -7.813529968 7.813529968 7.599999905
    vertex -2.963804483 2.686235905 7.599999905
  endloop
endfacet
facet normal 0 0 -1
  outer loop
    vertex -7.813529968 7.813529968 7.599999905
    vertex -7.420726299 8.187509537 7.599999905
    vertex -2.686235905 2.963804483 7.599999905
  endloop
endfacet
facet normal 0 0 -1
  outer loop
    vertex -7.420726299 8.187509537 7.599999905
    vertex -7.010046005 8.541765213 7.599999905
    vertex -2.686235905 2.963804483 7.599999905
  endloop
endfacet
facet normal 0 0 -1
  outer loop
    vertex -7.010046005 8.541765213 7.599999905
    vertex -6.582477093 8.875443459 7.599999905
    vertex -2.382797241 3.212830067 7.599999905
  endloop
endfacet
facet normal 0 0 -1
  outer loop
    vertex -6.582477093 8.875443459 7.599999905
    vertex -6.139050961 9.187739372 7.599999905
    vertex -2.222280979 3.325878382 7.599999905
  endloop
endfacet
facet normal 0 0 -1
  outer loop
    vertex -6.139050961 9.187739372 7.599999905
    vertex -5.680835247 9.477901459 7.599999905
    vertex -2.056411028 3.430914402 7.599999905
  endloop
endfacet
facet normal 0 0 -1
  outer loop
    vertex -5.680835247 9.477901459 7.599999905
    vertex -5.20893383 9.745229721 7.599999905
    vertex -2.056411028 3.430914402 7.599999905
  endloop
endfacet
facet normal 0 0 -1
  outer loop
    vertex -5.20893383 9.745229721 7.599999905
    vertex -4.724483967 9.989081383 7.599999905
    vertex -1.885586977 3.527685165 7.599999905
  endloop
endfacet
facet normal 0 0 -1
  outer loop
    vertex -4.724483967 9.989081383 7.599999905
    vertex -4.228652 10.20886898 7.599999905
    vertex -1.710220337 3.61595726 7.599999905
  endloop
endfacet
facet normal 0 -0 -1
  outer loop
    vertex -5.20893383 9.745229721 7.599999905
    vertex -1.885586977 3.527685165 7.599999905
    vertex -2.056411028 3.430914402 7.599999905
  endloop
endfacet
facet normal 0 -0 -1
  outer loop
    vertex -4.724483967 9.989081383 7.599999905
    vertex -1.710220337 3.61595726 7.599999905
    vertex -1.885586977 3.527685165 7.599999905
  endloop
endfacet
facet normal 0 -0 -1
  outer loop
    vertex -4.228652 10.20886898 7.599999905
    vertex -1.530733705 3.695518017 7.599999905
    vertex -1.710220337 3.61595726 7.599999905
  endloop
endfacet
facet normal 0 -0 -1
  outer loop
    vertex -4.228652 10.20886898 7.599999905
    vertex -1.347559452 3.766176224 7.599999905
    vertex -1.530733705 3.695518017 7.599999905
  endloop
endfacet
facet normal 0 0 -1
  outer loop
    vertex -4.228652 10.20886898 7.599999905
    vertex -3.722632885 10.40406227 7.599999905
    vertex -1.347559452 3.766176224 7.599999905
  endloop
endfacet
facet normal 0 0 -1
  outer loop
    vertex -3.722632885 10.40406227 7.599999905
    vertex -3.207645655 10.57419109 7.599999905
    vertex -1.347559452 3.766176224 7.599999905
  endloop
endfacet
facet normal 0 0 -1
  outer loop
    vertex -3.207645655 10.57419109 7.599999905
    vertex -2.68493104 10.71884537 7.599999905
    vertex -1.161138654 3.827761412 7.599999905
  endloop
endfacet
facet normal -0 0 1
  outer loop
    vertex -19.97590828 0.9813534617 12
    vertex -4 4.89858741e-16 12
    vertex -3.995181799 0.1962707043 12
  endloop
endfacet
facet normal -0 0 1
  outer loop
    vertex -19.90369415 1.960342765 12
    vertex -3.995181799 0.1962707043 12
    vertex -3.980738878 0.3920685649 12
  endloop
endfacet
facet normal -0 0 1
  outer loop
    vertex -19.90369415 1.960342765 12
    vertex -3.980738878 0.3920685649 12
    vertex -3.956706047 0.5869218707 12
  endloop
endfacet
facet normal -0 0 1
  outer loop
    vertex -19.78352928 2.934609413 12
    vertex -3.956706047 0.5869218707 12
    vertex -3.923141003 0.7803612947 12
  endloop
endfacet
facet normal -0 0 1
  outer loop
    vertex -19.61570549 3.901806355 12
    vertex -3.923141003 0.7803612947 12
    vertex -3.880125046 0.9719207287 12
  endloop
endfacet
facet normal -0 0 1
  outer loop
    vertex -19.40062523 4.859603405 12
    vertex -3.880125046 0.9719207287 12
    vertex -3.827761412 1.161138654 12
  endloop
endfacet
facet normal -0 0 1
  outer loop
    vertex -19.1388073 5.805693626 12
    vertex -3.827761412 1.161138654 12
    vertex -3.766176224 1.347559452 12
  endloop
endfacet
facet normal -0 0 1
  outer loop
    vertex -18.47759056 7.65366888 12
    vertex -3.766176224 1.347559452 12
    vertex -3.695518017 1.530733705 12
  endloop
endfacet
facet normal -0 0 1
  outer loop
    vertex -18.47759056 7.65366888 12
    vertex -3.695518017 1.530733705 12
    vertex -3.61595726 1.710220337 12
  endloop
endfacet
facet normal -0 0 1
  outer loop
    vertex -18.0797863 8.551101685 12
    vertex -3.61595726 1.710220337 12
    vertex -3.527685165 1.885586977 12
  endloop
endfacet
facet normal -0 0 1
  outer loop
    vertex -17.15457153 10.2820549 12
    vertex -3.527685165 1.885586977 12
    vertex -3.430914402 2.056411028 12
  endloop
endfacet
facet normal -0 0 1
  outer loop
    vertex -17.15457153 10.2820549 12
    vertex -3.430914402 2.056411028 12
    vertex -3.325878382 2.222280979 12
  endloop
endfacet
facet normal -0 -0 1
  outer loop
    vertex -16.06414986 11.91398621 12
    vertex -3.092041731 2.537573099 12
    vertex -15.46020889 12.68786526 12
  endloop
endfacet
facet normal -0 -0 1
  outer loop
    vertex -15.46020889 12.68786526 12
    vertex -2.963804483 2.686235905 12
    vertex -14.81902218 13.43117905 12
  endloop
endfacet
facet normal -0 -0 1
  outer loop
    vertex -14.81902218 13.43117905 12
    vertex -2.963804483 2.686235905 12
    vertex -14.14213562 14.14213562 12
  endloop
endfacet
facet normal -0 -0 1
  outer loop
    vertex -14.14213562 14.14213562 12
    vertex -2.686235905 2.963804483 12
    vertex -13.43117905 14.81902218 12
  endloop
endfacet
facet normal -0 0 1
  outer loop
    vertex -16.06414986 11.91398621 12
    vertex -3.325878382 2.222280979 12
    vertex -3.212830067 2.382797241 12
  endloop
endfacet
facet normal -0 0 1
  outer loop
    vertex -16.06414986 11.91398621 12
    vertex -3.212830067 2.382797241 12
    vertex -3.092041731 2.537573099 12
  endloop
endfacet
facet normal -0 0 1
  outer loop
    vertex -15.46020889 12.68786526 12
    vertex -3.092041731 2.537573099 12
    vertex -2.963804483 2.686235905 12
  endloop
endfacet
facet normal -0 0 1
  outer loop
    vertex -14.14213562 14.14213562 12
    vertex -2.963804483 2.686235905 12
    vertex -2.828427076 2.828427076 12
  endloop
endfacet
facet normal -0 0 1
  outer loop
    vertex -14.14213562 14.14213562 12
    vertex -2.828427076 2.828427076 12
    vertex -2.686235905 2.963804483 12
  endloop
endfacet
facet normal -0 0 1
  outer loop
    vertex -13.43117905 14.81902218 12
    vertex -2.686235905 2.963804483 12
    vertex -2.537573099 3.092041731 12
  endloop
endfacet
facet normal -0 0 1
  outer loop
    vertex -12.68786526 15.46020889 12
    vertex -2.537573099 3.092041731 12
    vertex -2.382797241 3.212830067 12
  endloop
endfacet
facet normal -0 0 1
  outer loop
    vertex -11.91398621 16.06414986 12
    vertex -2.382797241 3.212830067 12
    vertex -2.222280979 3.325878382 12
  endloop
endfacet
facet normal -0 0 1
  outer loop
    vertex -11.11140442 16.62939262 12
    vertex -2.222280979 3.325878382 12
    vertex -2.056411028 3.430914402 12
  endloop
endfacet
facet normal -0 0 1
  outer loop
    vertex -10.2820549 17.15457153 12
    vertex -2.056411028 3.430914402 12
    vertex -1.885586977 3.527685165 12
  endloop
endfacet
facet normal -0 0 1
  outer loop
    vertex -9.427934647 17.63842583 12
    vertex -1.885586977 3.527685165 12
    vertex -1.710220337 3.61595726 12
  endloop
endfacet
facet normal -0 0 1
  outer loop
    vertex -7.65366888 18.47759056 12
    vertex -1.710220337 3.61595726 12
    vertex -1.530733705 3.695518017 12
  endloop
endfacet
facet normal -0 0 1
  outer loop
    vertex -7.65366888 18.47759056 12
    vertex -1.530733705 3.695518017 12
    vertex -1.347559452 3.766176224 12
  endloop
endfacet
facet normal -0 0 1
  outer loop
    vertex -6.73779726 18.83088112 12
    vertex -1.347559452 3.766176224 12
    vertex -1.161138654 3.827761412 12
  endloop
endfacet
facet normal -0 0 1
  outer loop
    vertex -4.859603405 19.40062523 12
    vertex -1.161138654 3.827761412 12
    vertex -0.9719207287 3.880125046 12
  endloop
endfacet
facet normal -0.5758088036 0.817584382 0
  outer loop
    vertex -11.91398621 16.06414986 0
    vertex -11.91398621 16.06414986 12
    vertex -11.11140442 16.62939262 12
  endloop
endfacet
facet normal -0.5349969794 0.8448539708 0
  outer loop
    vertex -11.11140442 16.62939262 0
    vertex -11.11140442 16.62939262 12
    vertex -10.2820549 17.15457153 12
  endloop
endfacet
facet normal -0.4928990761 0.8700864904 0
  outer loop
    vertex -10.2820549 17.15457153 0
    vertex -10.2820549 17.15457153 12
    vertex -9.427934647 17.63842583 12
  endloop
endfacet
facet normal -0.4496112084 0.8932243623 0
  outer loop
    vertex -9.427934647 17.63842583 0
    vertex -9.427934647 17.63842583 12
    vertex -8.551101685 18.0797863 12
  endloop
endfacet
facet normal -0.4052410223 0.914209885 0
  outer loop
    vertex -8.551101685 18.0797863 0
    vertex -8.551101685 18.0797863 12
    vertex -7.65366888 18.47759056 12
  endloop
endfacet
facet normal -0.3598949379 0.9329928369 0
  outer loop
    vertex -7.65366888 18.47759056 0
    vertex -7.65366888 18.47759056 12
    vertex -6.73779726 18.83088112 12
  endloop
endfacet
facet normal -0.3136824111 0.949527959 0
  outer loop
    vertex -6.73779726 18.83088112 0
    vertex -6.73779726 18.83088112 12
    vertex -5.805693626 19.1388073 12
  endloop
endfacet
facet normal -0.2667122909 0.9637761949 0
  outer loop
    vertex -5.805693626 19.1388073 0
    vertex -5.805693626 19.1388073 12
    vertex -4.859603405 19.40062523 12
  endloop
endfacet
facet normal -0.2191009891 0.9757021864 0
  outer loop
    vertex -4.859603405 19.40062523 0
    vertex -4.859603405 19.40062523 12
    vertex -3.901806355 19.61570549 12
  endloop
endfacet
facet normal -0.1709610996 0.9852777793 0
  outer loop
    vertex -3.901806355 19.61570549 0
    vertex -3.901806355 19.61570549 12
    vertex -2.934609413 19.78352928 12
  endloop
endfacet
facet normal -0.1224112183 0.9924794676 0
  outer loop
    vertex -2.934609413 19.78352928 0
    vertex -2.934609413 19.78352928 12
    vertex -1.960342765 19.90369415 12
  endloop
endfacet
facet normal -0 -0 1
  outer loop
    vertex -13.43117905 14.81902218 12
    vertex -2.537573099 3.092041731 12
    vertex -12.68786526 15.46020889 12
  endloop
endfacet
facet normal -0 -0 1
  outer loop
    vertex -12.68786526 15.46020889 12
    vertex -2.382797241 3.212830067 12
    vertex -11.91398621 16.06414986 12
  endloop
endfacet
facet normal -0 -0 1
  outer loop
    vertex -11.91398621 16.06414986 12
    vertex -2.222280979 3.325878382 12
    vertex -11.11140442 16.62939262 12
  endloop
endfacet
facet normal -0 -0 1
  outer loop
    vertex -11.11140442 16.62939262 12
    vertex -2.056411028 3.430914402 12
    vertex -10.2820549 17.15457153 12
  endloop
endfacet
facet normal -0 -0 1
  outer loop
    vertex -10.2820549 17.15457153 12
    vertex -1.885586977 3.527685165 12
    vertex -9.427934647 17.63842583 12
  endloop
endfacet
facet normal -0 -0 1
  outer loop
    vertex -9.427934647 17.63842583 12
    vertex -1.710220337 3.61595726 12
    vertex -8.551101685 18.0797863 12
  endloop
endfacet
facet normal -0 -0 1
  outer loop
    vertex -8.551101685 18.0797863 12
    vertex -1.710220337 3.61595726 12
    vertex -7.65366888 18.47759056 12
  endloop
endfacet
facet normal -0 -0 1
  outer loop
    vertex -7.65366888 18.47759056 12
    vertex -1.347559452 3.766176224 12
    vertex -6.73779726 18.83088112 12
  endloop
endfacet
facet normal -0 -0 1
  outer loop
    vertex -6.73779726 18.83088112 12
    vertex -1.161138654 3.827761412 12
    vertex -5.805693626 19.1388073 12
  endloop
endfacet
facet normal -0 -0 1
  outer loop
    vertex -5.805693626 19.1388073 12
    vertex -1.161138654 3.827761412 12
    vertex -4.859603405 19.40062523 12
  endloop
endfacet
facet normal -0 -0 1
  outer loop
    vertex -4.859603405 19.40062523 12
    vertex -0.7803612947 3.923141003 12
    vertex -3.901806355 19.61570549 12
  endloop
endfacet
facet normal -0 -0 1
  outer loop
    vertex -3.901806355 19.61570549 12
    vertex -0.5869218707 3.956706047 12
    vertex -2.934609413 19.78352928 12
  endloop
endfacet
facet normal 0 -0 -1
  outer loop
    vertex -3.207645655 10.57419109 7.599999905
    vertex -1.161138654 3.827761412 7.599999905
    vertex -1.347559452 3.766176224 7.599999905
  endloop
endfacet
facet normal 0 -0 -1
  outer loop
    vertex -2.68493104 10.71884537 7.599999905
    vertex -0.9719207287 3.880125046 7.599999905
    vertex -1.161138654 3.827761412 7.599999905
  endloop
endfacet
facet normal 0 -0 -1
  outer loop
    vertex -2.155748129 10.837677 7.599999905
    vertex -0.7803612947 3.923141003 7.599999905
    vertex -0.9719207287 3.880125046 7.599999905
  endloop
endfacet
facet normal 0 -0 -1
  outer loop
    vertex -1.621371746 10.93040085 7.599999905
    vertex -0.5869218707 3.956706047 7.599999905
    vertex -0.7803612947 3.923141003 7.599999905
  endloop
endfacet
facet normal 0 -0 -1
  outer loop
    vertex -1.083089352 10.99679089 7.599999905
    vertex -0.3920685649 3.980738878 7.599999905
    vertex -0.5869218707 3.956706047 7.599999905
  endloop
endfacet
facet normal 0 -0 -1
  outer loop
    vertex -0.5421978235 11.03668976 7.599999905
    vertex -0.1962707043 3.995181799 7.599999905
    vertex -0.3920685649 3.980738878 7.599999905
  endloop
endfacet
facet normal 0 -0 -1
  outer loop
    vertex -0.5421978235 11.03668976 7.599999905
    vertex 2.449293705e-16 4 7.599999905
    vertex -0.1962707043 3.995181799 7.599999905
  endloop
endfacet
facet normal 0 0 -1
  outer loop
    vertex -2.68493104 10.71884537 7.599999905
    vertex -2.155748129 10.837677 7.599999905
    vertex -0.9719207287 3.880125046 7.599999905
  endloop
endfacet
facet normal 0 0 -1
  outer loop
    vertex -2.155748129 10.837677 7.599999905
    vertex -1.621371746 10.93040085 7.599999905
    vertex -0.7803612947 3.923141003 7.599999905
  endloop
endfacet
facet normal 0 0 -1
  outer loop
    vertex -1.621371746 10.93040085 7.599999905
    vertex -1.083089352 10.99679089 7.599999905
    vertex -0.5869218707 3.956706047 7.599999905
  endloop
endfacet
facet normal 0 0 -1
  outer loop
    vertex -1.083089352 10.99679089 7.599999905
    vertex -0.5421978235 11.03668976 7.599999905
    vertex -0.3920685649 3.980738878 7.599999905
  endloop
endfacet
facet normal 0 -0 -1
  outer loop
    vertex -0.5421978235 11.03668976 7.599999905
    vertex 6.766173827e-16 11.05000019 7.599999905
    vertex 2.449293705e-16 4 7.599999905
  endloop
endfacet
facet normal -0 0 -1
  outer loop
    vertex 0.5421978235 11.03668976 7.599999905
    vertex 0.1962707043 3.995181799 7.599999905
    vertex 2.449293705e-16 4 7.599999905
  endloop
endfacet
facet normal -0 0 -1
  outer loop
    vertex 1.083089352 10.99679089 7.599999905
    vertex 0.3920685649 3.980738878 7.599999905
    vertex 0.1962707043 3.995181799 7.599999905
  endloop
endfacet
facet normal -0 0 -1
  outer loop
    vertex 1.083089352 10.99679089 7.599999905
    vertex 0.5869218707 3.956706047 7.599999905
    vertex 0.3920685649 3.980738878 7.599999905
  endloop
endfacet
facet normal -0 0 -1
  outer loop
    vertex 2.155748129 10.837677 7.599999905
    vertex 0.7803612947 3.923141003 7.599999905
    vertex 0.5869218707 3.956706047 7.599999905
  endloop
endfacet
facet normal -0 0 -1
  outer loop
    vertex 2.155748129 10.837677 7.599999905
    vertex 0.9719207287 3.880125046 7.599999905
    vertex 0.7803612947 3.923141003 7.599999905
  endloop
endfacet
facet normal -0 0 -1
  outer loop
    vertex 2.68493104 10.71884537 7.599999905
    vertex 1.161138654 3.827761412 7.599999905
    vertex 0.9719207287 3.880125046 7.599999905
  endloop
endfacet
facet normal -0 0 -1
  outer loop
    vertex 3.722632885 10.40406227 7.599999905
    vertex 1.347559452 3.766176224 7.599999905
    vertex 1.161138654 3.827761412 7.599999905
  endloop
endfacet
facet normal -0 0 -1
  outer loop
    vertex 4.228652 10.20886898 7.599999905
    vertex 1.530733705 3.695518017 7.599999905
    vertex 1.347559452 3.766176224 7.599999905
  endloop
endfacet
facet normal 0 -0 -1
  outer loop
    vertex 0.5421978235 11.03668976 7.599999905
    vertex 1.083089352 10.99679089 7.599999905
    vertex 0.1962707043 3.995181799 7.599999905
  endloop
endfacet
facet normal 0 -0 -1
  outer loop
    vertex 6.766173827e-16 11.05000019 7.599999905
    vertex 0.5421978235 11.03668976 7.599999905
    vertex 2.449293705e-16 4 7.599999905
  endloop
endfacet
facet normal 0 -0 -1
  outer loop
    vertex 1.083089352 10.99679089 7.599999905
    vertex 1.621371746 10.93040085 7.599999905
    vertex 0.5869218707 3.956706047 7.599999905
  endloop
endfacet
facet normal 0 -0 -1
  outer loop
    vertex 1.621371746 10.93040085 7.599999905
    vertex 2.155748129 10.837677 7.599999905
    vertex 0.5869218707 3.956706047 7.599999905
  endloop
endfacet
facet normal 0 -0 -1
  outer loop
    vertex 2.155748129 10.837677 7.599999905
    vertex 2.68493104 10.71884537 7.599999905
    vertex 0.9719207287 3.880125046 7.599999905
  endloop
endfacet
facet normal -0 0 -1
  outer loop
    vertex 3.207645655 10.57419109 7.599999905
    vertex 1.161138654 3.827761412 7.599999905
    vertex 2.68493104 10.71884537 7.599999905
  endloop
endfacet
facet normal -0 0 -1
  outer loop
    vertex 6.139050961 9.187739372 7.599999905
    vertex 2.222280979 3.325878382 7.599999905
    vertex 2.056411028 3.430914402 7.599999905
  endloop
endfacet
facet normal -0 0 -1
  outer loop
    vertex 6.582477093 8.875443459 7.599999905
    vertex 2.382797241 3.212830067 7.599999905
    vertex 2.222280979 3.325878382 7.599999905
  endloop
endfacet
facet normal -0 0 -1
  outer loop
    vertex 7.010046005 8.541765213 7.599999905
    vertex 2.537573099 3.092041731 7.599999905
    vertex 2.382797241 3.212830067 7.599999905
  endloop
endfacet
facet normal -0 0 -1
  outer loop
    vertex 7.813529968 7.813529968 7.599999905
    vertex 2.828427076 2.828427076 7.599999905
    vertex 2.686235905 2.963804483 7.599999905
  endloop
endfacet
facet normal -0 0 -1
  outer loop
    vertex 7.813529968 7.813529968 7.599999905
    vertex 2.963804483 2.686235905 7.599999905
    vertex 2.828427076 2.828427076 7.599999905
  endloop
endfacet
facet normal -0 0 -1
  outer loop
    vertex 7.420726299 8.187509537 7.599999905
    vertex 2.686235905 2.963804483 7.599999905
    vertex 2.537573099 3.092041731 7.599999905
  endloop
endfacet
facet normal -0 0 -1
  outer loop
    vertex 10.20886898 4.228652 7.599999905
    vertex 3.766176224 1.347559452 7.599999905
    vertex 3.695518017 1.530733705 7.599999905
  endloop
endfacet
facet normal -0 0 -1
  outer loop
    vertex 10.20886898 4.228652 7.599999905
    vertex 3.695518017 1.530733705 7.599999905
    vertex 3.61595726 1.710220337 7.599999905
  endloop
endfacet
facet normal -0 0 -1
  outer loop
    vertex 11.03668976 0.5421978235 7.599999905
    vertex 4 0 7.599999905
    vertex 3.995181799 0.1962707043 7.599999905
  endloop
endfacet
facet normal -0 0 -1
  outer loop
    vertex 11.03668976 0.5421978235 7.599999905
    vertex 3.995181799 0.1962707043 7.599999905
    vertex 3.980738878 0.3920685649 7.599999905
  endloop
endfacet
facet normal -0 0 -1
  outer loop
    vertex 10.837677 2.155748129 7.599999905
    vertex 3.923141003 0.7803612947 7.599999905
    vertex 3.880125046 0.9719207287 7.599999905
  endloop
endfacet
facet normal -0 0 -1
  outer loop
    vertex 10.99679089 1.083089352 7.599999905
    vertex 3.980738878 0.3920685649 7.599999905
    vertex 3.956706047 0.5869218707 7.599999905
  endloop
endfacet
facet normal -0 0 -1
  outer loop
    vertex 10.93040085 1.621371746 7.599999905
    vertex 3.956706047 0.5869218707 7.599999905
    vertex 3.923141003 0.7803612947 7.599999905
  endloop
endfacet
facet normal -0 0 -1
  outer loop
    vertex 10.71884537 2.68493104 7.599999905
    vertex 3.880125046 0.9719207287 7.599999905
    vertex 3.827761412 1.161138654 7.599999905
  endloop
endfacet
facet normal -0 0 -1
  outer loop
    vertex 10.57419109 3.207645655 7.599999905
    vertex 3.827761412 1.161138654 7.599999905
    vertex 3.766176224 1.347559452 7.599999905
  endloop
endfacet
facet normal -0 0 -1
  outer loop
    vertex 8.541765213 7.010046005 7.599999905
    vertex 3.212830067 2.382797241 7.599999905
    vertex 3.092041731 2.537573099 7.599999905
  endloop
endfacet
facet normal -0 0 -1
  outer loop
    vertex 9.187739372 6.139050961 7.599999905
    vertex 3.430914402 2.056411028 7.599999905
    vertex 3.325878382 2.222280979 7.599999905
  endloop
endfacet
facet normal -0 0 -1
  outer loop
    vertex 8.875443459 6.582477093 7.599999905
    vertex 3.325878382 2.222280979 7.599999905
    vertex 3.212830067 2.382797241 7.599999905
  endloop
endfacet
facet normal -0 0 -1
  outer loop
    vertex 9.745229721 5.20893383 7.599999905
    vertex 3.527685165 1.885586977 7.599999905
    vertex 3.430914402 2.056411028 7.599999905
  endloop
endfacet
facet normal -0 0 -1
  outer loop
    vertex 9.989081383 4.724483967 7.599999905
    vertex 3.61595726 1.710220337 7.599999905
    vertex 3.527685165 1.885586977 7.599999905
  endloop
endfacet
facet normal -0 0 -1
  outer loop
    vertex 8.541765213 7.010046005 7.599999905
    vertex 3.092041731 2.537573099 7.599999905
    vertex 2.963804483 2.686235905 7.599999905
  endloop
endfacet
facet normal 0 -0 -1
  outer loop
    vertex 8.875443459 6.582477093 7.599999905
    vertex 9.187739372 6.139050961 7.599999905
    vertex 3.325878382 2.222280979 7.599999905
  endloop
endfacet
facet normal -0 0 -1
  outer loop
    vertex 8.875443459 6.582477093 7.599999905
    vertex 3.212830067 2.382797241 7.599999905
    vertex 8.541765213 7.010046005 7.599999905
  endloop
endfacet
facet normal -0 0 -1
  outer loop
    vertex 4.228652 10.20886898 7.599999905
    vertex 1.710220337 3.61595726 7.599999905
    vertex 1.530733705 3.695518017 7.599999905
  endloop
endfacet
facet normal -0 0 -1
  outer loop
    vertex 4.724483967 9.989081383 7.599999905
    vertex 1.885586977 3.527685165 7.599999905
    vertex 1.710220337 3.61595726 7.599999905
  endloop
endfacet
facet normal -0 0 -1
  outer loop
    vertex 5.680835247 9.477901459 7.599999905
    vertex 2.056411028 3.430914402 7.599999905
    vertex 1.885586977 3.527685165 7.599999905
  endloop
endfacet
facet normal -0 0 -1
  outer loop
    vertex 4.724483967 9.989081383 7.599999905
    vertex 1.710220337 3.61595726 7.599999905
    vertex 4.228652 10.20886898 7.599999905
  endloop
endfacet
facet normal 0 -0 -1
  outer loop
    vertex 4.724483967 9.989081383 7.599999905
    vertex 5.20893383 9.745229721 7.599999905
    vertex 1.885586977 3.527685165 7.599999905
  endloop
endfacet
facet normal 0 -0 -1
  outer loop
    vertex 5.20893383 9.745229721 7.599999905
    vertex 5.680835247 9.477901459 7.599999905
    vertex 1.885586977 3.527685165 7.599999905
  endloop
endfacet
facet normal 0 -0 -1
  outer loop
    vertex 5.680835247 9.477901459 7.599999905
    vertex 6.139050961 9.187739372 7.599999905
    vertex 2.056411028 3.430914402 7.599999905
  endloop
endfacet
facet normal 0 -0 -1
  outer loop
    vertex 3.207645655 10.57419109 7.599999905
    vertex 3.722632885 10.40406227 7.599999905
    vertex 1.161138654 3.827761412 7.599999905
  endloop
endfacet
facet normal 0 -0 -1
  outer loop
    vertex 3.722632885 10.40406227 7.599999905
    vertex 4.228652 10.20886898 7.599999905
    vertex 1.347559452 3.766176224 7.599999905
  endloop
endfacet
facet normal 0 -0 -1
  outer loop
    vertex 7.010046005 8.541765213 7.599999905
    vertex 7.420726299 8.187509537 7.599999905
    vertex 2.537573099 3.092041731 7.599999905
  endloop
endfacet
facet normal 0 -0 -1
  outer loop
    vertex 6.139050961 9.187739372 7.599999905
    vertex 6.582477093 8.875443459 7.599999905
    vertex 2.222280979 3.325878382 7.599999905
  endloop
endfacet
facet normal -0 0 -1
  outer loop
    vertex 7.010046005 8.541765213 7.599999905
    vertex 2.382797241 3.212830067 7.599999905
    vertex 6.582477093 8.875443459 7.599999905
  endloop
endfacet
facet normal 0 -0 -1
  outer loop
    vertex 7.813529968 7.813529968 7.599999905
    vertex 8.187509537 7.420726299 7.599999905
    vertex 2.963804483 2.686235905 7.599999905
  endloop
endfacet
facet normal 0 -0 -1
  outer loop
    vertex 8.187509537 7.420726299 7.599999905
    vertex 8.541765213 7.010046005 7.599999905
    vertex 2.963804483 2.686235905 7.599999905
  endloop
endfacet
facet normal -0 0 -1
  outer loop
    vertex 7.813529968 7.813529968 7.599999905
    vertex 2.686235905 2.963804483 7.599999905
    vertex 7.420726299 8.187509537 7.599999905
  endloop
endfacet
facet normal -0 0 1
  outer loop
    vertex -4.859603405 19.40062523 12
    vertex -0.9719207287 3.880125046 12
    vertex -0.7803612947 3.923141003 12
  endloop
endfacet
facet normal -0 0 1
  outer loop
    vertex -3.901806355 19.61570549 12
    vertex -0.7803612947 3.923141003 12
    vertex -0.5869218707 3.956706047 12
  endloop
endfacet
facet normal -0 0 1
  outer loop
    vertex -1.960342765 19.90369415 12
    vertex -0.3920685649 3.980738878 12
    vertex -0.1962707043 3.995181799 12
  endloop
endfacet
facet normal -0 0 1
  outer loop
    vertex -1.960342765 19.90369415 12
    vertex -0.5869218707 3.956706047 12
    vertex -0.3920685649 3.980738878 12
  endloop
endfacet
facet normal -0 0 1
  outer loop
    vertex -0.9813534617 19.97590828 12
    vertex -0.1962707043 3.995181799 12
    vertex 2.449293705e-16 4 12
  endloop
endfacet
facet normal 0 0 1
  outer loop
    vertex 0.9813534617 19.97590828 12
    vertex 2.449293705e-16 4 12
    vertex 0.1962707043 3.995181799 12
  endloop
endfacet
facet normal 0 0 1
  outer loop
    vertex 1.960342765 19.90369415 12
    vertex 0.1962707043 3.995181799 12
    vertex 0.3920685649 3.980738878 12
  endloop
endfacet
facet normal 0 0 1
  outer loop
    vertex 1.960342765 19.90369415 12
    vertex 0.3920685649 3.980738878 12
    vertex 0.5869218707 3.956706047 12
  endloop
endfacet
facet normal 0 0 1
  outer loop
    vertex 2.934609413 19.78352928 12
    vertex 0.5869218707 3.956706047 12
    vertex 0.7803612947 3.923141003 12
  endloop
endfacet
facet normal 0 0 1
  outer loop
    vertex 3.901806355 19.61570549 12
    vertex 0.7803612947 3.923141003 12
    vertex 0.9719207287 3.880125046 12
  endloop
endfacet
facet normal 0 0 1
  outer loop
    vertex 4.859603405 19.40062523 12
    vertex 0.9719207287 3.880125046 12
    vertex 1.161138654 3.827761412 12
  endloop
endfacet
facet normal 0 0 1
  outer loop
    vertex 5.805693626 19.1388073 12
    vertex 1.161138654 3.827761412 12
    vertex 1.347559452 3.766176224 12
  endloop
endfacet
facet normal 0 0 1
  outer loop
    vertex 7.65366888 18.47759056 12
    vertex 1.347559452 3.766176224 12
    vertex 1.530733705 3.695518017 12
  endloop
endfacet
facet normal 0 0 1
  outer loop
    vertex 7.65366888 18.47759056 12
    vertex 1.530733705 3.695518017 12
    vertex 1.710220337 3.61595726 12
  endloop
endfacet
facet normal 0 0 1
  outer loop
    vertex 8.551101685 18.0797863 12
    vertex 1.710220337 3.61595726 12
    vertex 1.885586977 3.527685165 12
  endloop
endfacet
facet normal 0 0 1
  outer loop
    vertex 10.2820549 17.15457153 12
    vertex 1.885586977 3.527685165 12
    vertex 2.056411028 3.430914402 12
  endloop
endfacet
facet normal 0 0 1
  outer loop
    vertex 10.2820549 17.15457153 12
    vertex 2.056411028 3.430914402 12
    vertex 2.222280979 3.325878382 12
  endloop
endfacet
facet normal 0 0 1
  outer loop
    vertex 12.68786526 15.46020889 12
    vertex 2.537573099 3.092041731 12
    vertex 2.686235905 2.963804483 12
  endloop
endfacet
facet normal 0 0 1
  outer loop
    vertex 11.91398621 16.06414986 12
    vertex 2.222280979 3.325878382 12
    vertex 2.382797241 3.212830067 12
  endloop
endfacet
facet normal 0 0 1
  outer loop
    vertex 11.91398621 16.06414986 12
    vertex 2.382797241 3.212830067 12
    vertex 2.537573099 3.092041731 12
  endloop
endfacet
facet normal 0 0 1
  outer loop
    vertex 14.14213562 14.14213562 12
    vertex 2.686235905 2.963804483 12
    vertex 2.828427076 2.828427076 12
  endloop
endfacet
facet normal 0 0 1
  outer loop
    vertex 14.14213562 14.14213562 12
    vertex 2.828427076 2.828427076 12
    vertex 2.963804483 2.686235905 12
  endloop
endfacet
facet normal 0 0 1
  outer loop
    vertex 14.81902218 13.43117905 12
    vertex 2.963804483 2.686235905 12
    vertex 3.092041731 2.537573099 12
  endloop
endfacet
facet normal -0.07356409468 0.9972904913 0
  outer loop
    vertex -1.960342765 19.90369415 0
    vertex -1.960342765 19.90369415 12
    vertex -0.9813534617 19.97590828 12
  endloop
endfacet
facet normal -0.0245420891 0.9996987976 0
  outer loop
    vertex -0.9813534617 19.97590828 0
    vertex -0.9813534617 19.97590828 12
    vertex 1.2246468e-15 20 12
  endloop
endfacet
facet normal 0.0245420891 0.9996987976 -0
  outer loop
    vertex 1.2246468e-15 20 0
    vertex 1.2246468e-15 20 12
    vertex 0.9813534617 19.97590828 12
  endloop
endfacet
facet normal 0.07356409468 0.9972904913 -0
  outer loop
    vertex 0.9813534617 19.97590828 0
    vertex 0.9813534617 19.97590828 12
    vertex 1.960342765 19.90369415 12
  endloop
endfacet
facet normal 0.1224112183 0.9924794676 -0
  outer loop
    vertex 1.960342765 19.90369415 0
    vertex 1.960342765 19.90369415 12
    vertex 2.934609413 19.78352928 12
  endloop
endfacet
facet normal 0.1709610996 0.9852777793 -0
  outer loop
    vertex 2.934609413 19.78352928 0
    vertex 2.934609413 19.78352928 12
    vertex 3.901806355 19.61570549 12
  endloop
endfacet
facet normal 0.2191009891 0.9757021864 -0
  outer loop
    vertex 3.901806355 19.61570549 0
    vertex 3.901806355 19.61570549 12
    vertex 4.859603405 19.40062523 12
  endloop
endfacet
facet normal 0.3598949379 0.9329928369 -0
  outer loop
    vertex 6.73779726 18.83088112 0
    vertex 6.73779726 18.83088112 12
    vertex 7.65366888 18.47759056 12
  endloop
endfacet
facet normal 0.2667122909 0.9637761949 -0
  outer loop
    vertex 4.859603405 19.40062523 0
    vertex 4.859603405 19.40062523 12
    vertex 5.805693626 19.1388073 12
  endloop
endfacet
facet normal 0.3136824111 0.949527959 -0
  outer loop
    vertex 5.805693626 19.1388073 0
    vertex 5.805693626 19.1388073 12
    vertex 6.73779726 18.83088112 12
  endloop
endfacet
facet normal -0 -0 1
  outer loop
    vertex -2.934609413 19.78352928 12
    vertex -0.5869218707 3.956706047 12
    vertex -1.960342765 19.90369415 12
  endloop
endfacet
facet normal -0 -0 1
  outer loop
    vertex -1.960342765 19.90369415 12
    vertex -0.1962707043 3.995181799 12
    vertex -0.9813534617 19.97590828 12
  endloop
endfacet
facet normal -0 0 1
  outer loop
    vertex -0.9813534617 19.97590828 12
    vertex 2.449293705e-16 4 12
    vertex 1.2246468e-15 20 12
  endloop
endfacet
facet normal -0 0 1
  outer loop
    vertex 1.2246468e-15 20 12
    vertex 2.449293705e-16 4 12
    vertex 0.9813534617 19.97590828 12
  endloop
endfacet
facet normal -0 0 1
  outer loop
    vertex 0.9813534617 19.97590828 12
    vertex 0.1962707043 3.995181799 12
    vertex 1.960342765 19.90369415 12
  endloop
endfacet
facet normal -0 0 1
  outer loop
    vertex 1.960342765 19.90369415 12
    vertex 0.5869218707 3.956706047 12
    vertex 2.934609413 19.78352928 12
  endloop
endfacet
facet normal -0 0 1
  outer loop
    vertex 2.934609413 19.78352928 12
    vertex 0.7803612947 3.923141003 12
    vertex 3.901806355 19.61570549 12
  endloop
endfacet
facet normal -0 0 1
  outer loop
    vertex 3.901806355 19.61570549 12
    vertex 0.9719207287 3.880125046 12
    vertex 4.859603405 19.40062523 12
  endloop
endfacet
facet normal -0 0 1
  outer loop
    vertex 4.859603405 19.40062523 12
    vertex 1.161138654 3.827761412 12
    vertex 5.805693626 19.1388073 12
  endloop
endfacet
facet normal -0 0 1
  outer loop
    vertex 5.805693626 19.1388073 12
    vertex 1.347559452 3.766176224 12
    vertex 6.73779726 18.83088112 12
  endloop
endfacet
facet normal -0 0 1
  outer loop
    vertex 8.551101685 18.0797863 12
    vertex 1.885586977 3.527685165 12
    vertex 9.427934647 17.63842583 12
  endloop
endfacet
facet normal -0 0 1
  outer loop
    vertex 6.73779726 18.83088112 12
    vertex 1.347559452 3.766176224 12
    vertex 7.65366888 18.47759056 12
  endloop
endfacet
facet normal -0 0 1
  outer loop
    vertex 7.65366888 18.47759056 12
    vertex 1.710220337 3.61595726 12
    vertex 8.551101685 18.0797863 12
  endloop
endfacet
facet normal 0 0 -1
  outer loop
    vertex 11.05000019 0 7.599999905
    vertex 4 0 7.599999905
    vertex 11.03668976 0.5421978235 7.599999905
  endloop
endfacet
facet normal -0 0 -1
  outer loop
    vertex 10.99679089 1.083089352 7.599999905
    vertex 3.956706047 0.5869218707 7.599999905
    vertex 10.93040085 1.621371746 7.599999905
  endloop
endfacet
facet normal -0 0 -1
  outer loop
    vertex 11.03668976 0.5421978235 7.599999905
    vertex 3.980738878 0.3920685649 7.599999905
    vertex 10.99679089 1.083089352 7.599999905
  endloop
endfacet
facet normal -0 0 -1
  outer loop
    vertex 10.93040085 1.621371746 7.599999905
    vertex 3.923141003 0.7803612947 7.599999905
    vertex 10.837677 2.155748129 7.599999905
  endloop
endfacet
facet normal -0 0 -1
  outer loop
    vertex 10.837677 2.155748129 7.599999905
    vertex 3.880125046 0.9719207287 7.599999905
    vertex 10.71884537 2.68493104 7.599999905
  endloop
endfacet
facet normal 0 -0 -1
  outer loop
    vertex 10.57419109 3.207645655 7.599999905
    vertex 10.71884537 2.68493104 7.599999905
    vertex 3.827761412 1.161138654 7.599999905
  endloop
endfacet
facet normal -0 0 -1
  outer loop
    vertex 10.57419109 3.207645655 7.599999905
    vertex 3.766176224 1.347559452 7.599999905
    vertex 10.40406227 3.722632885 7.599999905
  endloop
endfacet
facet normal -0 0 -1
  outer loop
    vertex 10.40406227 3.722632885 7.599999905
    vertex 3.766176224 1.347559452 7.599999905
    vertex 10.20886898 4.228652 7.599999905
  endloop
endfacet
facet normal 0 -0 -1
  outer loop
    vertex 9.989081383 4.724483967 7.599999905
    vertex 10.20886898 4.228652 7.599999905
    vertex 3.61595726 1.710220337 7.599999905
  endloop
endfacet
facet normal 0 -0 -1
  outer loop
    vertex 9.745229721 5.20893383 7.599999905
    vertex 9.989081383 4.724483967 7.599999905
    vertex 3.527685165 1.885586977 7.599999905
  endloop
endfacet
facet normal -0 0 -1
  outer loop
    vertex 9.477901459 5.680835247 7.599999905
    vertex 3.430914402 2.056411028 7.599999905
    vertex 9.187739372 6.139050961 7.599999905
  endloop
endfacet
facet normal -0 0 -1
  outer loop
    vertex 9.745229721 5.20893383 7.599999905
    vertex 3.430914402 2.056411028 7.599999905
    vertex 9.477901459 5.680835247 7.599999905
  endloop
endfacet
facet normal 0 0 1
  outer loop
    vertex 19.97590828 0.9813534617 12
    vertex 3.995181799 0.1962707043 12
    vertex 4 0 12
  endloop
endfacet
facet normal 0 0 1
  outer loop
    vertex 19.90369415 1.960342765 12
    vertex 3.980738878 0.3920685649 12
    vertex 3.995181799 0.1962707043 12
  endloop
endfacet
facet normal 0 0 1
  outer loop
    vertex 19.90369415 1.960342765 12
    vertex 3.956706047 0.5869218707 12
    vertex 3.980738878 0.3920685649 12
  endloop
endfacet
facet normal 0 0 1
  outer loop
    vertex 19.61570549 3.901806355 12
    vertex 3.923141003 0.7803612947 12
    vertex 3.956706047 0.5869218707 12
  endloop
endfacet
facet normal 0 0 1
  outer loop
    vertex 19.40062523 4.859603405 12
    vertex 3.880125046 0.9719207287 12
    vertex 3.923141003 0.7803612947 12
  endloop
endfacet
facet normal 0 0 1
  outer loop
    vertex 19.40062523 4.859603405 12
    vertex 3.827761412 1.161138654 12
    vertex 3.880125046 0.9719207287 12
  endloop
endfacet
facet normal 0 0 1
  outer loop
    vertex 17.63842583 9.427934647 12
    vertex 3.527685165 1.885586977 12
    vertex 3.61595726 1.710220337 12
  endloop
endfacet
facet normal 0 0 1
  outer loop
    vertex 17.15457153 10.2820549 12
    vertex 3.430914402 2.056411028 12
    vertex 3.527685165 1.885586977 12
  endloop
endfacet
facet normal 0 0 1
  outer loop
    vertex 16.62939262 11.11140442 12
    vertex 3.325878382 2.222280979 12
    vertex 3.430914402 2.056411028 12
  endloop
endfacet
facet normal 0 0 1
  outer loop
    vertex 18.83088112 6.73779726 12
    vertex 3.766176224 1.347559452 12
    vertex 3.827761412 1.161138654 12
  endloop
endfacet
facet normal 0 0 1
  outer loop
    vertex 18.47759056 7.65366888 12
    vertex 3.61595726 1.710220337 12
    vertex 3.695518017 1.530733705 12
  endloop
endfacet
facet normal 0 0 1
  outer loop
    vertex 18.47759056 7.65366888 12
    vertex 3.695518017 1.530733705 12
    vertex 3.766176224 1.347559452 12
  endloop
endfacet
facet normal 0 0 1
  outer loop
    vertex 15.46020889 12.68786526 12
    vertex 3.092041731 2.537573099 12
    vertex 3.212830067 2.382797241 12
  endloop
endfacet
facet normal 0 0 1
  outer loop
    vertex 16.06414986 11.91398621 12
    vertex 3.212830067 2.382797241 12
    vertex 3.325878382 2.222280979 12
  endloop
endfacet
facet normal 0 0 1
  outer loop
    vertex 14.14213562 14.14213562 12
    vertex 13.43117905 14.81902218 12
    vertex 2.686235905 2.963804483 12
  endloop
endfacet
facet normal -0 0 1
  outer loop
    vertex 14.14213562 14.14213562 12
    vertex 2.963804483 2.686235905 12
    vertex 14.81902218 13.43117905 12
  endloop
endfacet
facet normal 0 0 1
  outer loop
    vertex 16.06414986 11.91398621 12
    vertex 15.46020889 12.68786526 12
    vertex 3.212830067 2.382797241 12
  endloop
endfacet
facet normal 0 0 1
  outer loop
    vertex 15.46020889 12.68786526 12
    vertex 14.81902218 13.43117905 12
    vertex 3.092041731 2.537573099 12
  endloop
endfacet
facet normal 0 0 1
  outer loop
    vertex 19.40062523 4.859603405 12
    vertex 19.1388073 5.805693626 12
    vertex 3.827761412 1.161138654 12
  endloop
endfacet
facet normal -0 0 1
  outer loop
    vertex 18.83088112 6.73779726 12
    vertex 3.827761412 1.161138654 12
    vertex 19.1388073 5.805693626 12
  endloop
endfacet
facet normal 0 0 1
  outer loop
    vertex 18.83088112 6.73779726 12
    vertex 18.47759056 7.65366888 12
    vertex 3.766176224 1.347559452 12
  endloop
endfacet
facet normal 0 0 1
  outer loop
    vertex 20 0 12
    vertex 19.97590828 0.9813534617 12
    vertex 4 0 12
  endloop
endfacet
facet normal 0 0 1
  outer loop
    vertex 19.97590828 0.9813534617 12
    vertex 19.90369415 1.960342765 12
    vertex 3.995181799 0.1962707043 12
  endloop
endfacet
facet normal 0 0 1
  outer loop
    vertex 19.90369415 1.960342765 12
    vertex 19.78352928 2.934609413 12
    vertex 3.956706047 0.5869218707 12
  endloop
endfacet
facet normal 0 0 1
  outer loop
    vertex 19.78352928 2.934609413 12
    vertex 19.61570549 3.901806355 12
    vertex 3.956706047 0.5869218707 12
  endloop
endfacet
facet normal 0 0 1
  outer loop
    vertex 19.61570549 3.901806355 12
    vertex 19.40062523 4.859603405 12
    vertex 3.923141003 0.7803612947 12
  endloop
endfacet
facet normal 0 0 1
  outer loop
    vertex 17.15457153 10.2820549 12
    vertex 16.62939262 11.11140442 12
    vertex 3.430914402 2.056411028 12
  endloop
endfacet
facet normal -0 0 1
  outer loop
    vertex 17.15457153 10.2820549 12
    vertex 3.527685165 1.885586977 12
    vertex 17.63842583 9.427934647 12
  endloop
endfacet
facet normal 0 0 1
  outer loop
    vertex 18.47759056 7.65366888 12
    vertex 18.0797863 8.551101685 12
    vertex 3.61595726 1.710220337 12
  endloop
endfacet
facet normal -0 0 1
  outer loop
    vertex 17.63842583 9.427934647 12
    vertex 3.61595726 1.710220337 12
    vertex 18.0797863 8.551101685 12
  endloop
endfacet
facet normal -0 0 1
  outer loop
    vertex 16.06414986 11.91398621 12
    vertex 3.325878382 2.222280979 12
    vertex 16.62939262 11.11140442 12
  endloop
endfacet
facet normal 0.4052410223 0.914209885 -0
  outer loop
    vertex 7.65366888 18.47759056 0
    vertex 7.65366888 18.47759056 12
    vertex 8.551101685 18.0797863 12
  endloop
endfacet
facet normal 0.4496112084 0.8932243623 -0
  outer loop
    vertex 8.551101685 18.0797863 0
    vertex 8.551101685 18.0797863 12
    vertex 9.427934647 17.63842583 12
  endloop
endfacet
facet normal 0.5349969794 0.8448539708 -0
  outer loop
    vertex 10.2820549 17.15457153 0
    vertex 10.2820549 17.15457153 12
    vertex 11.11140442 16.62939262 12
  endloop
endfacet
facet normal 0.4928990761 0.8700864904 -0
  outer loop
    vertex 9.427934647 17.63842583 0
    vertex 9.427934647 17.63842583 12
    vertex 10.2820549 17.15457153 12
  endloop
endfacet
facet normal 0.5758088036 0.817584382 -0
  outer loop
    vertex 11.11140442 16.62939262 0
    vertex 11.11140442 16.62939262 12
    vertex 11.91398621 16.06414986 12
  endloop
endfacet
facet normal 0.6152314795 0.7883465143 -0
  outer loop
    vertex 11.91398621 16.06414986 0
    vertex 11.91398621 16.06414986 12
    vertex 12.68786526 15.46020889 12
  endloop
endfacet
facet normal 0.6531727436 0.7572089322 -0
  outer loop
    vertex 12.68786526 15.46020889 0
    vertex 12.68786526 15.46020889 12
    vertex 13.43117905 14.81902218 12
  endloop
endfacet
facet normal 0.6895403474 0.7242472708 -0
  outer loop
    vertex 13.43117905 14.81902218 0
    vertex 13.43117905 14.81902218 12
    vertex 14.14213562 14.14213562 12
  endloop
endfacet
facet normal 0.7572089322 0.6531727436 -0
  outer loop
    vertex 14.81902218 13.43117905 0
    vertex 14.81902218 13.43117905 12
    vertex 15.46020889 12.68786526 12
  endloop
endfacet
facet normal 0.817584382 0.5758088036 -0
  outer loop
    vertex 16.06414986 11.91398621 0
    vertex 16.06414986 11.91398621 12
    vertex 16.62939262 11.11140442 12
  endloop
endfacet
facet normal 0.7883465143 0.6152314795 -0
  outer loop
    vertex 15.46020889 12.68786526 0
    vertex 15.46020889 12.68786526 12
    vertex 16.06414986 11.91398621 12
  endloop
endfacet
facet normal 0.7242472708 0.6895403474 -0
  outer loop
    vertex 14.14213562 14.14213562 0
    vertex 14.14213562 14.14213562 12
    vertex 14.81902218 13.43117905 12
  endloop
endfacet
facet normal -0 0 1
  outer loop
    vertex 9.427934647 17.63842583 12
    vertex 1.885586977 3.527685165 12
    vertex 10.2820549 17.15457153 12
  endloop
endfacet
facet normal -0 0 1
  outer loop
    vertex 10.2820549 17.15457153 12
    vertex 2.222280979 3.325878382 12
    vertex 11.11140442 16.62939262 12
  endloop
endfacet
facet normal -0 0 1
  outer loop
    vertex 11.11140442 16.62939262 12
    vertex 2.222280979 3.325878382 12
    vertex 11.91398621 16.06414986 12
  endloop
endfacet
facet normal 0 0 1
  outer loop
    vertex 12.68786526 15.46020889 12
    vertex 11.91398621 16.06414986 12
    vertex 2.537573099 3.092041731 12
  endloop
endfacet
facet normal -0 0 1
  outer loop
    vertex 12.68786526 15.46020889 12
    vertex 2.686235905 2.963804483 12
    vertex 13.43117905 14.81902218 12
  endloop
endfacet
facet normal -0.8660253407 0.5000001094 0
  outer loop
    vertex 13.05384731 34.60992813 0
    vertex 13.05384731 34.60992813 12
    vertex 19.05384827 45.0022316 12
  endloop
endfacet
facet normal 0.9996987976 0.0245420891 -0
  outer loop
    vertex 19.97590828 0.9813534617 0
    vertex 19.97590828 0.9813534617 12
    vertex 20 0 12
  endloop
endfacet
facet normal 0.9972904913 0.07356409468 -0
  outer loop
    vertex 19.90369415 1.960342765 0
    vertex 19.90369415 1.960342765 12
    vertex 19.97590828 0.9813534617 12
  endloop
endfacet
facet normal 0.9924794676 0.1224112183 -0
  outer loop
    vertex 19.78352928 2.934609413 0
    vertex 19.78352928 2.934609413 12
    vertex 19.90369415 1.960342765 12
  endloop
endfacet
facet normal 0.9852777793 0.1709610996 -0
  outer loop
    vertex 19.61570549 3.901806355 0
    vertex 19.61570549 3.901806355 12
    vertex 19.78352928 2.934609413 12
  endloop
endfacet
facet normal 0.9757021864 0.2191009891 -0
  outer loop
    vertex 19.40062523 4.859603405 0
    vertex 19.40062523 4.859603405 12
    vertex 19.61570549 3.901806355 12
  endloop
endfacet
facet normal 0.949527959 0.3136824111 -0
  outer loop
    vertex 18.83088112 6.73779726 0
    vertex 18.83088112 6.73779726 12
    vertex 19.1388073 5.805693626 12
  endloop
endfacet
facet normal 0.9329928369 0.3598949379 -0
  outer loop
    vertex 18.47759056 7.65366888 0
    vertex 18.47759056 7.65366888 12
    vertex 18.83088112 6.73779726 12
  endloop
endfacet
facet normal 0.8932243623 0.4496112084 -0
  outer loop
    vertex 17.63842583 9.427934647 0
    vertex 17.63842583 9.427934647 12
    vertex 18.0797863 8.551101685 12
  endloop
endfacet
facet normal 0.8700864904 0.4928990761 -0
  outer loop
    vertex 17.15457153 10.2820549 0
    vertex 17.15457153 10.2820549 12
    vertex 17.63842583 9.427934647 12
  endloop
endfacet
facet normal 0.914209885 0.4052410223 -0
  outer loop
    vertex 18.0797863 8.551101685 0
    vertex 18.0797863 8.551101685 12
    vertex 18.47759056 7.65366888 12
  endloop
endfacet
facet normal 0.9637761949 0.2667122909 -0
  outer loop
    vertex 19.1388073 5.805693626 0
    vertex 19.1388073 5.805693626 12
    vertex 19.40062523 4.859603405 12
  endloop
endfacet
facet normal 0.8448539708 0.5349969794 -0
  outer loop
    vertex 16.62939262 11.11140442 0
    vertex 16.62939262 11.11140442 12
    vertex 17.15457153 10.2820549 12
  endloop
endfacet
facet normal -0.5000000153 -0.8660253949 0
  outer loop
    vertex 23.44615173 28.60992813 0
    vertex 23.44615173 28.60992813 12
    vertex 13.05384731 34.60992813 12
  endloop
endfacet
facet normal -0 -0 1
  outer loop
    vertex 13.05384731 34.60992813 12
    vertex 23.44615173 28.60992813 12
    vertex 19.05384827 45.0022316 12
  endloop
endfacet
facet normal 0 -0 1
  outer loop
    vertex 23.44615173 28.60992813 12
    vertex 29.44615173 39.0022316 12
    vertex 19.05384827 45.0022316 12
  endloop
endfacet
facet normal 0.8660253751 -0.5000000497 0
  outer loop
    vertex 29.44615173 39.0022316 0
    vertex 29.44615173 39.0022316 12
    vertex 23.44615173 28.60992813 12
  endloop
endfacet
facet normal 0.5000000497 0.8660253751 -0
  outer loop
    vertex 19.05384827 45.0022316 0
    vertex 19.05384827 45.0022316 12
    vertex 29.44615173 39.0022316 12
  endloop
endfacet
facet normal -1 0 0
  outer loop
    vertex 30.5 61.61215973 0
    vertex 30.5 85.61215973 30
    vertex 30.5 85.61215973 0
  endloop
endfacet
facet normal 0 -1 0
  outer loop
    vertex 30.5 61.61215973 0
    vertex 54.5 61.61215973 0
    vertex 30.5 61.61215973 30
  endloop
endfacet
facet normal 1 0 -0
  outer loop
    vertex 54.5 61.61215973 0
    vertex 54.5 85.61215973 0
    vertex 54.5 61.61215973 30
  endloop
endfacet
facet normal -0 1 0
  outer loop
    vertex 30.5 85.61215973 0
    vertex 54.5 85.61215973 30
    vertex 54.5 85.61215973 0
  endloop
endfacet
facet normal -1 0 0
  outer loop
    vertex 30.5 61.61215973 0
    vertex 30.5 61.61215973 30
    vertex 30.5 85.61215973 30
  endloop
endfacet
facet normal 0 -1 0
  outer loop
    vertex 54.5 61.61215973 0
    vertex 54.5 61.61215973 30
    vertex 30.5 61.61215973 30
  endloop
endfacet
facet normal 0 1 0
  outer loop
    vertex 30.5 85.61215973 0
    vertex 30.5 85.61215973 30
    vertex 54.5 85.61215973 30
  endloop
endfacet
facet normal 1 0 -0
  outer loop
    vertex 54.5 85.61215973 0
    vertex 54.5 85.61215973 30
    vertex 54.5 61.61215973 30
  endloop
endfacet
facet normal 0 -0 1
  outer loop
    vertex 30.5 61.61215973 30
    vertex 54.5 85.61215973 30
    vertex 30.5 85.61215973 30
  endloop
endfacet
facet normal 0 0 1
  outer loop
    vertex 30.5 61.61215973 30
    vertex 54.5 61.61215973 30
    vertex 54.5 85.61215973 30
  endloop
endfacet
facet normal 0.7242466818 0.6895409661 -0
  outer loop
    vertex -2.828427076 -2.828427076 7.599999905
    vertex -2.963804483 -2.686235905 7.599999905
    vertex -2.963804483 -2.686235905 12
  endloop
endfacet
facet normal 0.6895409661 0.7242466818 -0
  outer loop
    vertex -2.686235905 -2.963804483 7.599999905
    vertex -2.828427076 -2.828427076 7.599999905
    vertex -2.828427076 -2.828427076 12
  endloop
endfacet
facet normal 0.653172345 0.7572092761 -0
  outer loop
    vertex -2.537573099 -3.092041731 7.599999905
    vertex -2.686235905 -2.963804483 7.599999905
    vertex -2.686235905 -2.963804483 12
  endloop
endfacet
facet normal 0.6152318145 0.7883462529 -0
  outer loop
    vertex -2.382797241 -3.212830067 7.599999905
    vertex -2.537573099 -3.092041731 7.599999905
    vertex -2.537573099 -3.092041731 12
  endloop
endfacet
facet normal 0.5758082205 0.8175847927 -0
  outer loop
    vertex -2.222280979 -3.325878382 7.599999905
    vertex -2.382797241 -3.212830067 7.599999905
    vertex -2.382797241 -3.212830067 12
  endloop
endfacet
facet normal 0.8932244114 0.4496111108 -0
  outer loop
    vertex -3.527685165 -1.885586977 7.599999905
    vertex -3.61595726 -1.710220337 7.599999905
    vertex -3.61595726 -1.710220337 12
  endloop
endfacet
facet normal 0.9142101248 0.4052404814 0
  outer loop
    vertex -3.695518017 -1.530733705 12
    vertex -3.61595726 -1.710220337 7.599999905
    vertex -3.695518017 -1.530733705 7.599999905
  endloop
endfacet
facet normal 0.9329926266 0.359895483 0
  outer loop
    vertex -3.766176224 -1.347559452 12
    vertex -3.695518017 -1.530733705 7.599999905
    vertex -3.766176224 -1.347559452 7.599999905
  endloop
endfacet
facet normal 0.9495280672 0.3136820836 -0
  outer loop
    vertex -3.766176224 -1.347559452 7.599999905
    vertex -3.827761412 -1.161138654 7.599999905
    vertex -3.827761412 -1.161138654 12
  endloop
endfacet
facet normal 0.9637760893 0.2667126726 -0
  outer loop
    vertex -3.827761412 -1.161138654 7.599999905
    vertex -3.880125046 -0.9719207287 7.599999905
    vertex -3.880125046 -0.9719207287 12
  endloop
endfacet
facet normal 0.9757022961 0.2191005007 -0
  outer loop
    vertex -3.880125046 -0.9719207287 7.599999905
    vertex -3.923141003 -0.7803612947 7.599999905
    vertex -3.923141003 -0.7803612947 12
  endloop
endfacet
facet normal 0.9852775392 0.1709624836 -0
  outer loop
    vertex -3.923141003 -0.7803612947 7.599999905
    vertex -3.956706047 -0.5869218707 7.599999905
    vertex -3.956706047 -0.5869218707 12
  endloop
endfacet
facet normal 0.9924795543 0.1224105154 0
  outer loop
    vertex -3.980738878 -0.3920685649 12
    vertex -3.956706047 -0.5869218707 7.599999905
    vertex -3.980738878 -0.3920685649 7.599999905
  endloop
endfacet
facet normal 0.9972904556 0.0735645778 -0
  outer loop
    vertex -3.980738878 -0.3920685649 7.599999905
    vertex -3.995181799 -0.1962707043 7.599999905
    vertex -3.995181799 -0.1962707043 12
  endloop
endfacet
facet normal 0.9996988155 0.02454135942 0
  outer loop
    vertex -4 4.89858741e-16 12
    vertex -3.995181799 -0.1962707043 7.599999905
    vertex -4 4.89858741e-16 7.599999905
  endloop
endfacet
facet normal 0.8448534914 0.5349977364 -0
  outer loop
    vertex -3.325878382 -2.222280979 7.599999905
    vertex -3.430914402 -2.056411028 7.599999905
    vertex -3.430914402 -2.056411028 12
  endloop
endfacet
facet normal 0.8175847927 0.5758082205 -0
  outer loop
    vertex -3.212830067 -2.382797241 7.599999905
    vertex -3.325878382 -2.222280979 7.599999905
    vertex -3.325878382 -2.222280979 12
  endloop
endfacet
facet normal 0.7883462529 0.6152318145 -0
  outer loop
    vertex -3.092041731 -2.537573099 7.599999905
    vertex -3.212830067 -2.382797241 7.599999905
    vertex -3.212830067 -2.382797241 12
  endloop
endfacet
facet normal 0.7572092761 0.653172345 -0
  outer loop
    vertex -2.963804483 -2.686235905 7.599999905
    vertex -3.092041731 -2.537573099 7.599999905
    vertex -3.092041731 -2.537573099 12
  endloop
endfacet
facet normal 0.8700866987 0.4928987084 -0
  outer loop
    vertex -3.430914402 -2.056411028 7.599999905
    vertex -3.527685165 -1.885586977 7.599999905
    vertex -3.527685165 -1.885586977 12
  endloop
endfacet
facet normal 0.7242466818 0.6895409661 0
  outer loop
    vertex -2.828427076 -2.828427076 7.599999905
    vertex -2.963804483 -2.686235905 12
    vertex -2.828427076 -2.828427076 12
  endloop
endfacet
facet normal 0.6895409661 0.7242466818 0
  outer loop
    vertex -2.686235905 -2.963804483 7.599999905
    vertex -2.828427076 -2.828427076 12
    vertex -2.686235905 -2.963804483 12
  endloop
endfacet
facet normal 0.653172345 0.7572092761 0
  outer loop
    vertex -2.537573099 -3.092041731 7.599999905
    vertex -2.686235905 -2.963804483 12
    vertex -2.537573099 -3.092041731 12
  endloop
endfacet
facet normal 0.6152318145 0.7883462529 0
  outer loop
    vertex -2.537573099 -3.092041731 12
    vertex -2.382797241 -3.212830067 12
    vertex -2.382797241 -3.212830067 7.599999905
  endloop
endfacet
facet normal 0.8932244114 0.4496111108 0
  outer loop
    vertex -3.61595726 -1.710220337 12
    vertex -3.527685165 -1.885586977 12
    vertex -3.527685165 -1.885586977 7.599999905
  endloop
endfacet
facet normal 0.9329926266 0.359895483 0
  outer loop
    vertex -3.766176224 -1.347559452 12
    vertex -3.695518017 -1.530733705 12
    vertex -3.695518017 -1.530733705 7.599999905
  endloop
endfacet
facet normal 0.9142101248 0.4052404814 0
  outer loop
    vertex -3.695518017 -1.530733705 12
    vertex -3.61595726 -1.710220337 12
    vertex -3.61595726 -1.710220337 7.599999905
  endloop
endfacet
facet normal 0.9637760893 0.2667126726 0
  outer loop
    vertex -3.880125046 -0.9719207287 12
    vertex -3.827761412 -1.161138654 12
    vertex -3.827761412 -1.161138654 7.599999905
  endloop
endfacet
facet normal 0.9757022961 0.2191005007 0
  outer loop
    vertex -3.923141003 -0.7803612947 12
    vertex -3.880125046 -0.9719207287 12
    vertex -3.880125046 -0.9719207287 7.599999905
  endloop
endfacet
facet normal 0.9852775392 0.1709624836 0
  outer loop
    vertex -3.956706047 -0.5869218707 12
    vertex -3.923141003 -0.7803612947 12
    vertex -3.923141003 -0.7803612947 7.599999905
  endloop
endfacet
facet normal 0.9495280672 0.3136820836 0
  outer loop
    vertex -3.827761412 -1.161138654 12
    vertex -3.766176224 -1.347559452 12
    vertex -3.766176224 -1.347559452 7.599999905
  endloop
endfacet
facet normal 0.9924795543 0.1224105154 0
  outer loop
    vertex -3.980738878 -0.3920685649 12
    vertex -3.956706047 -0.5869218707 12
    vertex -3.956706047 -0.5869218707 7.599999905
  endloop
endfacet
facet normal 0.9972904556 0.0735645778 0
  outer loop
    vertex -3.995181799 -0.1962707043 12
    vertex -3.980738878 -0.3920685649 12
    vertex -3.980738878 -0.3920685649 7.599999905
  endloop
endfacet
facet normal 0.9996988155 0.02454135942 0
  outer loop
    vertex -4 4.89858741e-16 12
    vertex -3.995181799 -0.1962707043 12
    vertex -3.995181799 -0.1962707043 7.599999905
  endloop
endfacet
facet normal 0.8448534914 0.5349977364 0
  outer loop
    vertex -3.325878382 -2.222280979 7.599999905
    vertex -3.430914402 -2.056411028 12
    vertex -3.325878382 -2.222280979 12
  endloop
endfacet
facet normal 0.8175847927 0.5758082205 0
  outer loop
    vertex -3.212830067 -2.382797241 7.599999905
    vertex -3.325878382 -2.222280979 12
    vertex -3.212830067 -2.382797241 12
  endloop
endfacet
facet normal 0.7883462529 0.6152318145 0
  outer loop
    vertex -3.212830067 -2.382797241 12
    vertex -3.092041731 -2.537573099 12
    vertex -3.092041731 -2.537573099 7.599999905
  endloop
endfacet
facet normal 0.7572092761 0.653172345 0
  outer loop
    vertex -3.092041731 -2.537573099 12
    vertex -2.963804483 -2.686235905 12
    vertex -2.963804483 -2.686235905 7.599999905
  endloop
endfacet
facet normal 0.8700866987 0.4928987084 0
  outer loop
    vertex -3.430914402 -2.056411028 7.599999905
    vertex -3.527685165 -1.885586977 12
    vertex -3.430914402 -2.056411028 12
  endloop
endfacet
facet normal 0.5349977364 0.8448534914 -0
  outer loop
    vertex -2.056411028 -3.430914402 7.599999905
    vertex -2.222280979 -3.325878382 7.599999905
    vertex -2.222280979 -3.325878382 12
  endloop
endfacet
facet normal 0.4928987084 0.8700866987 -0
  outer loop
    vertex -1.885586977 -3.527685165 7.599999905
    vertex -2.056411028 -3.430914402 7.599999905
    vertex -2.056411028 -3.430914402 12
  endloop
endfacet
facet normal 0.4496111108 0.8932244114 0
  outer loop
    vertex -1.885586977 -3.527685165 12
    vertex -1.710220337 -3.61595726 7.599999905
    vertex -1.885586977 -3.527685165 7.599999905
  endloop
endfacet
facet normal 0.359895483 0.9329926266 -0
  outer loop
    vertex -1.347559452 -3.766176224 7.599999905
    vertex -1.530733705 -3.695518017 7.599999905
    vertex -1.530733705 -3.695518017 12
  endloop
endfacet
facet normal 0.4052404814 0.9142101248 0
  outer loop
    vertex -1.710220337 -3.61595726 12
    vertex -1.530733705 -3.695518017 7.599999905
    vertex -1.710220337 -3.61595726 7.599999905
  endloop
endfacet
facet normal 0.3136820836 0.9495280672 -0
  outer loop
    vertex -1.161138654 -3.827761412 7.599999905
    vertex -1.347559452 -3.766176224 7.599999905
    vertex -1.347559452 -3.766176224 12
  endloop
endfacet
facet normal 0.2667126726 0.9637760893 0
  outer loop
    vertex -1.161138654 -3.827761412 12
    vertex -0.9719207287 -3.880125046 7.599999905
    vertex -1.161138654 -3.827761412 7.599999905
  endloop
endfacet
facet normal 0.2191005007 0.9757022961 0
  outer loop
    vertex -0.9719207287 -3.880125046 12
    vertex -0.7803612947 -3.923141003 7.599999905
    vertex -0.9719207287 -3.880125046 7.599999905
  endloop
endfacet
facet normal 0.1709624836 0.9852775392 0
  outer loop
    vertex -0.7803612947 -3.923141003 12
    vertex -0.5869218707 -3.956706047 7.599999905
    vertex -0.7803612947 -3.923141003 7.599999905
  endloop
endfacet
facet normal 0.1224105154 0.9924795543 0
  outer loop
    vertex -0.5869218707 -3.956706047 12
    vertex -0.3920685649 -3.980738878 7.599999905
    vertex -0.5869218707 -3.956706047 7.599999905
  endloop
endfacet
facet normal 0.0735645778 0.9972904556 -0
  outer loop
    vertex -0.1962707043 -3.995181799 7.599999905
    vertex -0.3920685649 -3.980738878 7.599999905
    vertex -0.3920685649 -3.980738878 12
  endloop
endfacet
facet normal 0.02454135942 0.9996988155 0
  outer loop
    vertex -0.1962707043 -3.995181799 12
    vertex -7.347880586e-16 -4 7.599999905
    vertex -0.1962707043 -3.995181799 7.599999905
  endloop
endfacet
facet normal -0.02454135942 0.9996988155 0
  outer loop
    vertex -7.347880586e-16 -4 7.599999905
    vertex -7.347880586e-16 -4 12
    vertex 0.1962707043 -3.995181799 7.599999905
  endloop
endfacet
facet normal -0.0735645778 0.9972904556 0
  outer loop
    vertex 0.3920685649 -3.980738878 7.599999905
    vertex 0.1962707043 -3.995181799 7.599999905
    vertex 0.1962707043 -3.995181799 12
  endloop
endfacet
facet normal -0.1224105154 0.9924795543 0
  outer loop
    vertex 0.3920685649 -3.980738878 12
    vertex 0.5869218707 -3.956706047 7.599999905
    vertex 0.3920685649 -3.980738878 7.599999905
  endloop
endfacet
facet normal -0.1709624836 0.9852775392 0
  outer loop
    vertex 0.7803612947 -3.923141003 7.599999905
    vertex 0.5869218707 -3.956706047 7.599999905
    vertex 0.5869218707 -3.956706047 12
  endloop
endfacet
facet normal -0.2191005007 0.9757022961 0
  outer loop
    vertex 0.9719207287 -3.880125046 7.599999905
    vertex 0.7803612947 -3.923141003 7.599999905
    vertex 0.7803612947 -3.923141003 12
  endloop
endfacet
facet normal -0.2667126726 0.9637760893 0
  outer loop
    vertex 1.161138654 -3.827761412 7.599999905
    vertex 0.9719207287 -3.880125046 7.599999905
    vertex 0.9719207287 -3.880125046 12
  endloop
endfacet
facet normal -0.3136820836 0.9495280672 0
  outer loop
    vertex 1.347559452 -3.766176224 7.599999905
    vertex 1.161138654 -3.827761412 7.599999905
    vertex 1.161138654 -3.827761412 12
  endloop
endfacet
facet normal -0.359895483 0.9329926266 0
  outer loop
    vertex 1.347559452 -3.766176224 12
    vertex 1.530733705 -3.695518017 7.599999905
    vertex 1.347559452 -3.766176224 7.599999905
  endloop
endfacet
facet normal -0.4052404814 0.9142101248 0
  outer loop
    vertex 1.530733705 -3.695518017 12
    vertex 1.710220337 -3.61595726 7.599999905
    vertex 1.530733705 -3.695518017 7.599999905
  endloop
endfacet
facet normal -0.4496111108 0.8932244114 0
  outer loop
    vertex 1.710220337 -3.61595726 12
    vertex 1.885586977 -3.527685165 7.599999905
    vertex 1.710220337 -3.61595726 7.599999905
  endloop
endfacet
facet normal -0.4928987084 0.8700866987 0
  outer loop
    vertex 2.056411028 -3.430914402 7.599999905
    vertex 1.885586977 -3.527685165 7.599999905
    vertex 1.885586977 -3.527685165 12
  endloop
endfacet
facet normal -0.5349977364 0.8448534914 0
  outer loop
    vertex 2.056411028 -3.430914402 12
    vertex 2.222280979 -3.325878382 7.599999905
    vertex 2.056411028 -3.430914402 7.599999905
  endloop
endfacet
facet normal -0.5758082205 0.8175847927 0
  outer loop
    vertex 2.382797241 -3.212830067 7.599999905
    vertex 2.222280979 -3.325878382 7.599999905
    vertex 2.222280979 -3.325878382 12
  endloop
endfacet
facet normal -0.6152318145 0.7883462529 0
  outer loop
    vertex 2.537573099 -3.092041731 7.599999905
    vertex 2.382797241 -3.212830067 7.599999905
    vertex 2.382797241 -3.212830067 12
  endloop
endfacet
facet normal -0.653172345 0.7572092761 0
  outer loop
    vertex 2.686235905 -2.963804483 7.599999905
    vertex 2.537573099 -3.092041731 7.599999905
    vertex 2.537573099 -3.092041731 12
  endloop
endfacet
facet normal -0.6895409661 0.7242466818 0
  outer loop
    vertex 2.828427076 -2.828427076 7.599999905
    vertex 2.686235905 -2.963804483 7.599999905
    vertex 2.686235905 -2.963804483 12
  endloop
endfacet
facet normal -0.7242466818 0.6895409661 0
  outer loop
    vertex 2.963804483 -2.686235905 7.599999905
    vertex 2.828427076 -2.828427076 7.599999905
    vertex 2.828427076 -2.828427076 12
  endloop
endfacet
facet normal -0.7572092761 0.653172345 0
  outer loop
    vertex 3.092041731 -2.537573099 7.599999905
    vertex 2.963804483 -2.686235905 7.599999905
    vertex 2.963804483 -2.686235905 12
  endloop
endfacet
facet normal -0.7883462529 0.6152318145 0
  outer loop
    vertex 3.212830067 -2.382797241 7.599999905
    vertex 3.092041731 -2.537573099 7.599999905
    vertex 3.092041731 -2.537573099 12
  endloop
endfacet
facet normal -0.8175847927 0.5758082205 0
  outer loop
    vertex 3.325878382 -2.222280979 7.599999905
    vertex 3.212830067 -2.382797241 7.599999905
    vertex 3.212830067 -2.382797241 12
  endloop
endfacet
facet normal -0.8448534914 0.5349977364 0
  outer loop
    vertex 3.430914402 -2.056411028 7.599999905
    vertex 3.325878382 -2.222280979 7.599999905
    vertex 3.325878382 -2.222280979 12
  endloop
endfacet
facet normal -0.8700866987 0.4928987084 0
  outer loop
    vertex 3.527685165 -1.885586977 7.599999905
    vertex 3.430914402 -2.056411028 7.599999905
    vertex 3.430914402 -2.056411028 12
  endloop
endfacet
facet normal -0.8932244114 0.4496111108 0
  outer loop
    vertex 3.61595726 -1.710220337 7.599999905
    vertex 3.527685165 -1.885586977 7.599999905
    vertex 3.527685165 -1.885586977 12
  endloop
endfacet
facet normal -0.9142101248 0.4052404814 0
  outer loop
    vertex 3.695518017 -1.530733705 7.599999905
    vertex 3.61595726 -1.710220337 7.599999905
    vertex 3.61595726 -1.710220337 12
  endloop
endfacet
facet normal -0.9329926266 0.359895483 0
  outer loop
    vertex 3.766176224 -1.347559452 7.599999905
    vertex 3.695518017 -1.530733705 7.599999905
    vertex 3.695518017 -1.530733705 12
  endloop
endfacet
facet normal -0.9495280672 0.3136820836 0
  outer loop
    vertex 3.827761412 -1.161138654 7.599999905
    vertex 3.766176224 -1.347559452 7.599999905
    vertex 3.766176224 -1.347559452 12
  endloop
endfacet
facet normal -0.9637760893 0.2667126726 0
  outer loop
    vertex 3.880125046 -0.9719207287 7.599999905
    vertex 3.827761412 -1.161138654 7.599999905
    vertex 3.827761412 -1.161138654 12
  endloop
endfacet
facet normal -0.9757022961 0.2191005007 0
  outer loop
    vertex 3.923141003 -0.7803612947 7.599999905
    vertex 3.880125046 -0.9719207287 7.599999905
    vertex 3.880125046 -0.9719207287 12
  endloop
endfacet
facet normal -0.9852775392 0.1709624836 0
  outer loop
    vertex 3.956706047 -0.5869218707 7.599999905
    vertex 3.923141003 -0.7803612947 7.599999905
    vertex 3.923141003 -0.7803612947 12
  endloop
endfacet
facet normal -0.9924795543 0.1224105154 0
  outer loop
    vertex 3.980738878 -0.3920685649 7.599999905
    vertex 3.956706047 -0.5869218707 7.599999905
    vertex 3.956706047 -0.5869218707 12
  endloop
endfacet
facet normal -0.9972904556 0.0735645778 0
  outer loop
    vertex 3.995181799 -0.1962707043 7.599999905
    vertex 3.980738878 -0.3920685649 7.599999905
    vertex 3.980738878 -0.3920685649 12
  endloop
endfacet
facet normal -0.9996988155 0.02454135942 0
  outer loop
    vertex 3.995181799 -0.1962707043 7.599999905
    vertex 3.995181799 -0.1962707043 12
    vertex 4 0 7.599999905
  endloop
endfacet
facet normal 0.5349977364 0.8448534914 0
  outer loop
    vertex -2.222280979 -3.325878382 12
    vertex -2.056411028 -3.430914402 12
    vertex -2.056411028 -3.430914402 7.599999905
  endloop
endfacet
facet normal 0.4928987084 0.8700866987 0
  outer loop
    vertex -2.056411028 -3.430914402 12
    vertex -1.885586977 -3.527685165 12
    vertex -1.885586977 -3.527685165 7.599999905
  endloop
endfacet
facet normal 0.4496111108 0.8932244114 0
  outer loop
    vertex -1.885586977 -3.527685165 12
    vertex -1.710220337 -3.61595726 12
    vertex -1.710220337 -3.61595726 7.599999905
  endloop
endfacet
facet normal 0.5758082205 0.8175847927 0
  outer loop
    vertex -2.382797241 -3.212830067 12
    vertex -2.222280979 -3.325878382 12
    vertex -2.222280979 -3.325878382 7.599999905
  endloop
endfacet
facet normal 0.4052404814 0.9142101248 0
  outer loop
    vertex -1.710220337 -3.61595726 12
    vertex -1.530733705 -3.695518017 12
    vertex -1.530733705 -3.695518017 7.599999905
  endloop
endfacet
facet normal 0.359895483 0.9329926266 0
  outer loop
    vertex -1.530733705 -3.695518017 12
    vertex -1.347559452 -3.766176224 12
    vertex -1.347559452 -3.766176224 7.599999905
  endloop
endfacet
facet normal 0.3136820836 0.9495280672 0
  outer loop
    vertex -1.347559452 -3.766176224 12
    vertex -1.161138654 -3.827761412 12
    vertex -1.161138654 -3.827761412 7.599999905
  endloop
endfacet
facet normal 0.2667126726 0.9637760893 0
  outer loop
    vertex -1.161138654 -3.827761412 12
    vertex -0.9719207287 -3.880125046 12
    vertex -0.9719207287 -3.880125046 7.599999905
  endloop
endfacet
facet normal 0.2191005007 0.9757022961 0
  outer loop
    vertex -0.9719207287 -3.880125046 12
    vertex -0.7803612947 -3.923141003 12
    vertex -0.7803612947 -3.923141003 7.599999905
  endloop
endfacet
facet normal 0.1709624836 0.9852775392 0
  outer loop
    vertex -0.7803612947 -3.923141003 12
    vertex -0.5869218707 -3.956706047 12
    vertex -0.5869218707 -3.956706047 7.599999905
  endloop
endfacet
facet normal 0.1224105154 0.9924795543 0
  outer loop
    vertex -0.5869218707 -3.956706047 12
    vertex -0.3920685649 -3.980738878 12
    vertex -0.3920685649 -3.980738878 7.599999905
  endloop
endfacet
facet normal 0.0735645778 0.9972904556 0
  outer loop
    vertex -0.3920685649 -3.980738878 12
    vertex -0.1962707043 -3.995181799 12
    vertex -0.1962707043 -3.995181799 7.599999905
  endloop
endfacet
facet normal 0.02454135942 0.9996988155 0
  outer loop
    vertex -0.1962707043 -3.995181799 12
    vertex -7.347880586e-16 -4 12
    vertex -7.347880586e-16 -4 7.599999905
  endloop
endfacet
facet normal -0.02454135942 0.9996988155 0
  outer loop
    vertex -7.347880586e-16 -4 12
    vertex 0.1962707043 -3.995181799 12
    vertex 0.1962707043 -3.995181799 7.599999905
  endloop
endfacet
facet normal -0.0735645778 0.9972904556 0
  outer loop
    vertex 0.1962707043 -3.995181799 12
    vertex 0.3920685649 -3.980738878 12
    vertex 0.3920685649 -3.980738878 7.599999905
  endloop
endfacet
facet normal -0.1224105154 0.9924795543 0
  outer loop
    vertex 0.3920685649 -3.980738878 12
    vertex 0.5869218707 -3.956706047 12
    vertex 0.5869218707 -3.956706047 7.599999905
  endloop
endfacet
facet normal -0.1709624836 0.9852775392 0
  outer loop
    vertex 0.5869218707 -3.956706047 12
    vertex 0.7803612947 -3.923141003 12
    vertex 0.7803612947 -3.923141003 7.599999905
  endloop
endfacet
facet normal -0.2191005007 0.9757022961 0
  outer loop
    vertex 0.7803612947 -3.923141003 12
    vertex 0.9719207287 -3.880125046 12
    vertex 0.9719207287 -3.880125046 7.599999905
  endloop
endfacet
facet normal -0.2667126726 0.9637760893 0
  outer loop
    vertex 0.9719207287 -3.880125046 12
    vertex 1.161138654 -3.827761412 12
    vertex 1.161138654 -3.827761412 7.599999905
  endloop
endfacet
facet normal -0.3136820836 0.9495280672 0
  outer loop
    vertex 1.161138654 -3.827761412 12
    vertex 1.347559452 -3.766176224 12
    vertex 1.347559452 -3.766176224 7.599999905
  endloop
endfacet
facet normal -0.359895483 0.9329926266 0
  outer loop
    vertex 1.347559452 -3.766176224 12
    vertex 1.530733705 -3.695518017 12
    vertex 1.530733705 -3.695518017 7.599999905
  endloop
endfacet
facet normal -0.4052404814 0.9142101248 0
  outer loop
    vertex 1.530733705 -3.695518017 12
    vertex 1.710220337 -3.61595726 12
    vertex 1.710220337 -3.61595726 7.599999905
  endloop
endfacet
facet normal -0.4496111108 0.8932244114 0
  outer loop
    vertex 1.710220337 -3.61595726 12
    vertex 1.885586977 -3.527685165 12
    vertex 1.885586977 -3.527685165 7.599999905
  endloop
endfacet
facet normal -0.4928987084 0.8700866987 0
  outer loop
    vertex 1.885586977 -3.527685165 12
    vertex 2.056411028 -3.430914402 12
    vertex 2.056411028 -3.430914402 7.599999905
  endloop
endfacet
facet normal -0.5349977364 0.8448534914 0
  outer loop
    vertex 2.056411028 -3.430914402 12
    vertex 2.222280979 -3.325878382 12
    vertex 2.222280979 -3.325878382 7.599999905
  endloop
endfacet
facet normal -0.5758082205 0.8175847927 0
  outer loop
    vertex 2.382797241 -3.212830067 7.599999905
    vertex 2.222280979 -3.325878382 12
    vertex 2.382797241 -3.212830067 12
  endloop
endfacet
facet normal -0.6152318145 0.7883462529 0
  outer loop
    vertex 2.382797241 -3.212830067 12
    vertex 2.537573099 -3.092041731 12
    vertex 2.537573099 -3.092041731 7.599999905
  endloop
endfacet
facet normal -0.653172345 0.7572092761 0
  outer loop
    vertex 2.537573099 -3.092041731 12
    vertex 2.686235905 -2.963804483 12
    vertex 2.686235905 -2.963804483 7.599999905
  endloop
endfacet
facet normal -0.6895409661 0.7242466818 0
  outer loop
    vertex 2.828427076 -2.828427076 7.599999905
    vertex 2.686235905 -2.963804483 12
    vertex 2.828427076 -2.828427076 12
  endloop
endfacet
facet normal -0.7242466818 0.6895409661 0
  outer loop
    vertex 2.963804483 -2.686235905 7.599999905
    vertex 2.828427076 -2.828427076 12
    vertex 2.963804483 -2.686235905 12
  endloop
endfacet
facet normal -0.7572092761 0.653172345 0
  outer loop
    vertex 3.092041731 -2.537573099 7.599999905
    vertex 2.963804483 -2.686235905 12
    vertex 3.092041731 -2.537573099 12
  endloop
endfacet
facet normal -0.7883462529 0.6152318145 0
  outer loop
    vertex 3.092041731 -2.537573099 12
    vertex 3.212830067 -2.382797241 12
    vertex 3.212830067 -2.382797241 7.599999905
  endloop
endfacet
facet normal -0.8175847927 0.5758082205 0
  outer loop
    vertex 3.325878382 -2.222280979 7.599999905
    vertex 3.212830067 -2.382797241 12
    vertex 3.325878382 -2.222280979 12
  endloop
endfacet
facet normal -0.8448534914 0.5349977364 0
  outer loop
    vertex 3.325878382 -2.222280979 12
    vertex 3.430914402 -2.056411028 12
    vertex 3.430914402 -2.056411028 7.599999905
  endloop
endfacet
facet normal -0.8700866987 0.4928987084 0
  outer loop
    vertex 3.527685165 -1.885586977 7.599999905
    vertex 3.430914402 -2.056411028 12
    vertex 3.527685165 -1.885586977 12
  endloop
endfacet
facet normal -0.8932244114 0.4496111108 0
  outer loop
    vertex 3.61595726 -1.710220337 7.599999905
    vertex 3.527685165 -1.885586977 12
    vertex 3.61595726 -1.710220337 12
  endloop
endfacet
facet normal -0.9142101248 0.4052404814 0
  outer loop
    vertex 3.61595726 -1.710220337 12
    vertex 3.695518017 -1.530733705 12
    vertex 3.695518017 -1.530733705 7.599999905
  endloop
endfacet
facet normal -0.9329926266 0.359895483 0
  outer loop
    vertex 3.766176224 -1.347559452 7.599999905
    vertex 3.695518017 -1.530733705 12
    vertex 3.766176224 -1.347559452 12
  endloop
endfacet
facet normal -0.9495280672 0.3136820836 0
  outer loop
    vertex 3.827761412 -1.161138654 7.599999905
    vertex 3.766176224 -1.347559452 12
    vertex 3.827761412 -1.161138654 12
  endloop
endfacet
facet normal -0.9637760893 0.2667126726 0
  outer loop
    vertex 3.880125046 -0.9719207287 7.599999905
    vertex 3.827761412 -1.161138654 12
    vertex 3.880125046 -0.9719207287 12
  endloop
endfacet
facet normal -0.9757022961 0.2191005007 0
  outer loop
    vertex 3.923141003 -0.7803612947 7.599999905
    vertex 3.880125046 -0.9719207287 12
    vertex 3.923141003 -0.7803612947 12
  endloop
endfacet
facet normal -0.9852775392 0.1709624836 0
  outer loop
    vertex 3.923141003 -0.7803612947 12
    vertex 3.956706047 -0.5869218707 12
    vertex 3.956706047 -0.5869218707 7.599999905
  endloop
endfacet
facet normal -0.9924795543 0.1224105154 0
  outer loop
    vertex 3.980738878 -0.3920685649 7.599999905
    vertex 3.956706047 -0.5869218707 12
    vertex 3.980738878 -0.3920685649 12
  endloop
endfacet
facet normal -0.9972904556 0.0735645778 0
  outer loop
    vertex 3.995181799 -0.1962707043 7.599999905
    vertex 3.980738878 -0.3920685649 12
    vertex 3.995181799 -0.1962707043 12
  endloop
endfacet
facet normal -0.9996988155 0.02454135942 0
  outer loop
    vertex 4 0 7.599999905
    vertex 3.995181799 -0.1962707043 12
    vertex 4 0 12
  endloop
endfacet
facet normal 0.9996988155 -0.02454135942 0
  outer loop
    vertex -3.995181799 0.1962707043 12
    vertex -4 4.89858741e-16 7.599999905
    vertex -3.995181799 0.1962707043 7.599999905
  endloop
endfacet
facet normal 0.9972904556 -0.0735645778 0
  outer loop
    vertex -3.995181799 0.1962707043 7.599999905
    vertex -3.980738878 0.3920685649 7.599999905
    vertex -3.980738878 0.3920685649 12
  endloop
endfacet
facet normal 0.9924795543 -0.1224105154 0
  outer loop
    vertex -3.956706047 0.5869218707 12
    vertex -3.980738878 0.3920685649 7.599999905
    vertex -3.956706047 0.5869218707 7.599999905
  endloop
endfacet
facet normal 0.9852775392 -0.1709624836 0
  outer loop
    vertex -3.923141003 0.7803612947 12
    vertex -3.956706047 0.5869218707 7.599999905
    vertex -3.923141003 0.7803612947 7.599999905
  endloop
endfacet
facet normal 0.9757022961 -0.2191005007 0
  outer loop
    vertex -3.880125046 0.9719207287 12
    vertex -3.923141003 0.7803612947 7.599999905
    vertex -3.880125046 0.9719207287 7.599999905
  endloop
endfacet
facet normal 0.9637760893 -0.2667126726 0
  outer loop
    vertex -3.827761412 1.161138654 12
    vertex -3.880125046 0.9719207287 7.599999905
    vertex -3.827761412 1.161138654 7.599999905
  endloop
endfacet
facet normal 0.9495280672 -0.3136820836 0
  outer loop
    vertex -3.827761412 1.161138654 7.599999905
    vertex -3.766176224 1.347559452 7.599999905
    vertex -3.766176224 1.347559452 12
  endloop
endfacet
facet normal 0.9329926266 -0.359895483 0
  outer loop
    vertex -3.766176224 1.347559452 7.599999905
    vertex -3.695518017 1.530733705 7.599999905
    vertex -3.695518017 1.530733705 12
  endloop
endfacet
facet normal 0.9142101248 -0.4052404814 0
  outer loop
    vertex -3.61595726 1.710220337 12
    vertex -3.695518017 1.530733705 7.599999905
    vertex -3.61595726 1.710220337 7.599999905
  endloop
endfacet
facet normal 0.8932244114 -0.4496111108 0
  outer loop
    vertex -3.527685165 1.885586977 12
    vertex -3.61595726 1.710220337 7.599999905
    vertex -3.527685165 1.885586977 7.599999905
  endloop
endfacet
facet normal 0.8700866987 -0.4928987084 0
  outer loop
    vertex -3.527685165 1.885586977 7.599999905
    vertex -3.430914402 2.056411028 7.599999905
    vertex -3.430914402 2.056411028 12
  endloop
endfacet
facet normal 0.8448534914 -0.5349977364 0
  outer loop
    vertex -3.430914402 2.056411028 7.599999905
    vertex -3.325878382 2.222280979 7.599999905
    vertex -3.325878382 2.222280979 12
  endloop
endfacet
facet normal 0.8175847927 -0.5758082205 0
  outer loop
    vertex -3.325878382 2.222280979 7.599999905
    vertex -3.212830067 2.382797241 7.599999905
    vertex -3.212830067 2.382797241 12
  endloop
endfacet
facet normal 0.7883462529 -0.6152318145 0
  outer loop
    vertex -3.212830067 2.382797241 7.599999905
    vertex -3.092041731 2.537573099 7.599999905
    vertex -3.092041731 2.537573099 12
  endloop
endfacet
facet normal 0.7572092761 -0.653172345 0
  outer loop
    vertex -3.092041731 2.537573099 7.599999905
    vertex -2.963804483 2.686235905 7.599999905
    vertex -2.963804483 2.686235905 12
  endloop
endfacet
facet normal 0.7242466818 -0.6895409661 0
  outer loop
    vertex -2.963804483 2.686235905 7.599999905
    vertex -2.828427076 2.828427076 7.599999905
    vertex -2.828427076 2.828427076 12
  endloop
endfacet
facet normal 0.6895409661 -0.7242466818 0
  outer loop
    vertex -2.828427076 2.828427076 7.599999905
    vertex -2.686235905 2.963804483 7.599999905
    vertex -2.686235905 2.963804483 12
  endloop
endfacet
facet normal 0.653172345 -0.7572092761 0
  outer loop
    vertex -2.686235905 2.963804483 7.599999905
    vertex -2.537573099 3.092041731 7.599999905
    vertex -2.537573099 3.092041731 12
  endloop
endfacet
facet normal 0.6152318145 -0.7883462529 0
  outer loop
    vertex -2.537573099 3.092041731 7.599999905
    vertex -2.382797241 3.212830067 7.599999905
    vertex -2.382797241 3.212830067 12
  endloop
endfacet
facet normal 0.9996988155 -0.02454135942 0
  outer loop
    vertex -3.995181799 0.1962707043 12
    vertex -4 4.89858741e-16 12
    vertex -4 4.89858741e-16 7.599999905
  endloop
endfacet
facet normal 0.9972904556 -0.0735645778 0
  outer loop
    vertex -3.980738878 0.3920685649 12
    vertex -3.995181799 0.1962707043 12
    vertex -3.995181799 0.1962707043 7.599999905
  endloop
endfacet
facet normal 0.9924795543 -0.1224105154 0
  outer loop
    vertex -3.956706047 0.5869218707 12
    vertex -3.980738878 0.3920685649 12
    vertex -3.980738878 0.3920685649 7.599999905
  endloop
endfacet
facet normal 0.9852775392 -0.1709624836 0
  outer loop
    vertex -3.923141003 0.7803612947 12
    vertex -3.956706047 0.5869218707 12
    vertex -3.956706047 0.5869218707 7.599999905
  endloop
endfacet
facet normal 0.9757022961 -0.2191005007 0
  outer loop
    vertex -3.880125046 0.9719207287 12
    vertex -3.923141003 0.7803612947 12
    vertex -3.923141003 0.7803612947 7.599999905
  endloop
endfacet
facet normal 0.9637760893 -0.2667126726 0
  outer loop
    vertex -3.827761412 1.161138654 12
    vertex -3.880125046 0.9719207287 12
    vertex -3.880125046 0.9719207287 7.599999905
  endloop
endfacet
facet normal 0.9495280672 -0.3136820836 0
  outer loop
    vertex -3.766176224 1.347559452 12
    vertex -3.827761412 1.161138654 12
    vertex -3.827761412 1.161138654 7.599999905
  endloop
endfacet
facet normal 0.9329926266 -0.359895483 0
  outer loop
    vertex -3.695518017 1.530733705 12
    vertex -3.766176224 1.347559452 12
    vertex -3.766176224 1.347559452 7.599999905
  endloop
endfacet
facet normal 0.9142101248 -0.4052404814 0
  outer loop
    vertex -3.61595726 1.710220337 12
    vertex -3.695518017 1.530733705 12
    vertex -3.695518017 1.530733705 7.599999905
  endloop
endfacet
facet normal 0.8932244114 -0.4496111108 0
  outer loop
    vertex -3.527685165 1.885586977 12
    vertex -3.61595726 1.710220337 12
    vertex -3.61595726 1.710220337 7.599999905
  endloop
endfacet
facet normal 0.8700866987 -0.4928987084 0
  outer loop
    vertex -3.527685165 1.885586977 7.599999905
    vertex -3.430914402 2.056411028 12
    vertex -3.527685165 1.885586977 12
  endloop
endfacet
facet normal 0.8448534914 -0.5349977364 0
  outer loop
    vertex -3.325878382 2.222280979 12
    vertex -3.430914402 2.056411028 12
    vertex -3.430914402 2.056411028 7.599999905
  endloop
endfacet
facet normal 0.8175847927 -0.5758082205 0
  outer loop
    vertex -3.325878382 2.222280979 7.599999905
    vertex -3.212830067 2.382797241 12
    vertex -3.325878382 2.222280979 12
  endloop
endfacet
facet normal 0.7883462529 -0.6152318145 0
  outer loop
    vertex -3.092041731 2.537573099 12
    vertex -3.212830067 2.382797241 12
    vertex -3.212830067 2.382797241 7.599999905
  endloop
endfacet
facet normal 0.7572092761 -0.653172345 0
  outer loop
    vertex -3.092041731 2.537573099 7.599999905
    vertex -2.963804483 2.686235905 12
    vertex -3.092041731 2.537573099 12
  endloop
endfacet
facet normal 0.7242466818 -0.6895409661 0
  outer loop
    vertex -2.963804483 2.686235905 7.599999905
    vertex -2.828427076 2.828427076 12
    vertex -2.963804483 2.686235905 12
  endloop
endfacet
facet normal 0.6895409661 -0.7242466818 0
  outer loop
    vertex -2.828427076 2.828427076 7.599999905
    vertex -2.686235905 2.963804483 12
    vertex -2.828427076 2.828427076 12
  endloop
endfacet
facet normal 0.653172345 -0.7572092761 0
  outer loop
    vertex -2.537573099 3.092041731 12
    vertex -2.686235905 2.963804483 12
    vertex -2.686235905 2.963804483 7.599999905
  endloop
endfacet
facet normal 0.6152318145 -0.7883462529 0
  outer loop
    vertex -2.382797241 3.212830067 12
    vertex -2.537573099 3.092041731 12
    vertex -2.537573099 3.092041731 7.599999905
  endloop
endfacet
facet normal 0.5758082205 -0.8175847927 0
  outer loop
    vertex -2.382797241 3.212830067 7.599999905
    vertex -2.222280979 3.325878382 12
    vertex -2.382797241 3.212830067 12
  endloop
endfacet
facet normal 0.5758082205 -0.8175847927 0
  outer loop
    vertex -2.382797241 3.212830067 7.599999905
    vertex -2.222280979 3.325878382 7.599999905
    vertex -2.222280979 3.325878382 12
  endloop
endfacet
facet normal 0.5349977364 -0.8448534914 0
  outer loop
    vertex -2.222280979 3.325878382 7.599999905
    vertex -2.056411028 3.430914402 7.599999905
    vertex -2.056411028 3.430914402 12
  endloop
endfacet
facet normal 0.4928987084 -0.8700866987 0
  outer loop
    vertex -2.056411028 3.430914402 7.599999905
    vertex -1.885586977 3.527685165 7.599999905
    vertex -1.885586977 3.527685165 12
  endloop
endfacet
facet normal 0.4496111108 -0.8932244114 0
  outer loop
    vertex -1.885586977 3.527685165 7.599999905
    vertex -1.710220337 3.61595726 7.599999905
    vertex -1.710220337 3.61595726 12
  endloop
endfacet
facet normal 0.4052404814 -0.9142101248 0
  outer loop
    vertex -1.710220337 3.61595726 7.599999905
    vertex -1.530733705 3.695518017 7.599999905
    vertex -1.530733705 3.695518017 12
  endloop
endfacet
facet normal 0.359895483 -0.9329926266 0
  outer loop
    vertex -1.530733705 3.695518017 7.599999905
    vertex -1.347559452 3.766176224 7.599999905
    vertex -1.347559452 3.766176224 12
  endloop
endfacet
facet normal 0.3136820836 -0.9495280672 0
  outer loop
    vertex -1.347559452 3.766176224 7.599999905
    vertex -1.161138654 3.827761412 7.599999905
    vertex -1.161138654 3.827761412 12
  endloop
endfacet
facet normal 0.2667126726 -0.9637760893 0
  outer loop
    vertex -1.161138654 3.827761412 7.599999905
    vertex -0.9719207287 3.880125046 7.599999905
    vertex -0.9719207287 3.880125046 12
  endloop
endfacet
facet normal 0.2191005007 -0.9757022961 0
  outer loop
    vertex -0.9719207287 3.880125046 7.599999905
    vertex -0.7803612947 3.923141003 7.599999905
    vertex -0.7803612947 3.923141003 12
  endloop
endfacet
facet normal 0.1709624836 -0.9852775392 0
  outer loop
    vertex -0.7803612947 3.923141003 7.599999905
    vertex -0.5869218707 3.956706047 7.599999905
    vertex -0.5869218707 3.956706047 12
  endloop
endfacet
facet normal 0.1224105154 -0.9924795543 0
  outer loop
    vertex -0.5869218707 3.956706047 7.599999905
    vertex -0.3920685649 3.980738878 7.599999905
    vertex -0.3920685649 3.980738878 12
  endloop
endfacet
facet normal 0.0735645778 -0.9972904556 0
  outer loop
    vertex -0.3920685649 3.980738878 7.599999905
    vertex -0.1962707043 3.995181799 7.599999905
    vertex -0.1962707043 3.995181799 12
  endloop
endfacet
facet normal 0.02454135942 -0.9996988155 0
  outer loop
    vertex -0.1962707043 3.995181799 7.599999905
    vertex 2.449293705e-16 4 7.599999905
    vertex 2.449293705e-16 4 12
  endloop
endfacet
facet normal -0.02454135942 -0.9996988155 0
  outer loop
    vertex 2.449293705e-16 4 7.599999905
    vertex 0.1962707043 3.995181799 7.599999905
    vertex 0.1962707043 3.995181799 12
  endloop
endfacet
facet normal -0.0735645778 -0.9972904556 0
  outer loop
    vertex 0.1962707043 3.995181799 7.599999905
    vertex 0.3920685649 3.980738878 7.599999905
    vertex 0.3920685649 3.980738878 12
  endloop
endfacet
facet normal -0.1224105154 -0.9924795543 0
  outer loop
    vertex 0.3920685649 3.980738878 7.599999905
    vertex 0.5869218707 3.956706047 7.599999905
    vertex 0.5869218707 3.956706047 12
  endloop
endfacet
facet normal -0.1709624836 -0.9852775392 0
  outer loop
    vertex 0.5869218707 3.956706047 7.599999905
    vertex 0.7803612947 3.923141003 7.599999905
    vertex 0.7803612947 3.923141003 12
  endloop
endfacet
facet normal -0.2191005007 -0.9757022961 0
  outer loop
    vertex 0.7803612947 3.923141003 7.599999905
    vertex 0.9719207287 3.880125046 7.599999905
    vertex 0.9719207287 3.880125046 12
  endloop
endfacet
facet normal -0.2667126726 -0.9637760893 0
  outer loop
    vertex 0.9719207287 3.880125046 7.599999905
    vertex 1.161138654 3.827761412 7.599999905
    vertex 1.161138654 3.827761412 12
  endloop
endfacet
facet normal -0.3136820836 -0.9495280672 0
  outer loop
    vertex 1.161138654 3.827761412 7.599999905
    vertex 1.347559452 3.766176224 7.599999905
    vertex 1.347559452 3.766176224 12
  endloop
endfacet
facet normal -0.359895483 -0.9329926266 0
  outer loop
    vertex 1.347559452 3.766176224 7.599999905
    vertex 1.530733705 3.695518017 7.599999905
    vertex 1.530733705 3.695518017 12
  endloop
endfacet
facet normal -0.4052404814 -0.9142101248 0
  outer loop
    vertex 1.530733705 3.695518017 7.599999905
    vertex 1.710220337 3.61595726 7.599999905
    vertex 1.710220337 3.61595726 12
  endloop
endfacet
facet normal -0.4496111108 -0.8932244114 0
  outer loop
    vertex 1.710220337 3.61595726 7.599999905
    vertex 1.885586977 3.527685165 7.599999905
    vertex 1.885586977 3.527685165 12
  endloop
endfacet
facet normal -0.5758082205 -0.8175847927 0
  outer loop
    vertex 2.222280979 3.325878382 7.599999905
    vertex 2.382797241 3.212830067 7.599999905
    vertex 2.382797241 3.212830067 12
  endloop
endfacet
facet normal -0.4928987084 -0.8700866987 0
  outer loop
    vertex 1.885586977 3.527685165 7.599999905
    vertex 2.056411028 3.430914402 7.599999905
    vertex 2.056411028 3.430914402 12
  endloop
endfacet
facet normal -0.5349977364 -0.8448534914 0
  outer loop
    vertex 2.056411028 3.430914402 7.599999905
    vertex 2.222280979 3.325878382 7.599999905
    vertex 2.222280979 3.325878382 12
  endloop
endfacet
facet normal -0.8932244114 -0.4496111108 0
  outer loop
    vertex 3.527685165 1.885586977 7.599999905
    vertex 3.61595726 1.710220337 7.599999905
    vertex 3.61595726 1.710220337 12
  endloop
endfacet
facet normal -0.8700866987 -0.4928987084 0
  outer loop
    vertex 3.430914402 2.056411028 7.599999905
    vertex 3.527685165 1.885586977 7.599999905
    vertex 3.527685165 1.885586977 12
  endloop
endfacet
facet normal -0.8175847927 -0.5758082205 0
  outer loop
    vertex 3.212830067 2.382797241 7.599999905
    vertex 3.325878382 2.222280979 7.599999905
    vertex 3.325878382 2.222280979 12
  endloop
endfacet
facet normal -0.7572092761 -0.653172345 0
  outer loop
    vertex 2.963804483 2.686235905 7.599999905
    vertex 3.092041731 2.537573099 7.599999905
    vertex 3.092041731 2.537573099 12
  endloop
endfacet
facet normal -0.7883462529 -0.6152318145 0
  outer loop
    vertex 3.092041731 2.537573099 7.599999905
    vertex 3.212830067 2.382797241 7.599999905
    vertex 3.212830067 2.382797241 12
  endloop
endfacet
facet normal -0.8448534914 -0.5349977364 0
  outer loop
    vertex 3.325878382 2.222280979 7.599999905
    vertex 3.430914402 2.056411028 7.599999905
    vertex 3.430914402 2.056411028 12
  endloop
endfacet
facet normal -0.9996988155 -0.02454135942 0
  outer loop
    vertex 4 0 7.599999905
    vertex 4 0 12
    vertex 3.995181799 0.1962707043 7.599999905
  endloop
endfacet
facet normal -0.9972904556 -0.0735645778 0
  outer loop
    vertex 3.980738878 0.3920685649 7.599999905
    vertex 3.995181799 0.1962707043 7.599999905
    vertex 3.995181799 0.1962707043 12
  endloop
endfacet
facet normal -0.9924795543 -0.1224105154 0
  outer loop
    vertex 3.956706047 0.5869218707 7.599999905
    vertex 3.980738878 0.3920685649 7.599999905
    vertex 3.980738878 0.3920685649 12
  endloop
endfacet
facet normal -0.9852775392 -0.1709624836 0
  outer loop
    vertex 3.923141003 0.7803612947 7.599999905
    vertex 3.956706047 0.5869218707 7.599999905
    vertex 3.956706047 0.5869218707 12
  endloop
endfacet
facet normal -0.9637760893 -0.2667126726 0
  outer loop
    vertex 3.827761412 1.161138654 7.599999905
    vertex 3.880125046 0.9719207287 7.599999905
    vertex 3.880125046 0.9719207287 12
  endloop
endfacet
facet normal -0.9495280672 -0.3136820836 0
  outer loop
    vertex 3.766176224 1.347559452 7.599999905
    vertex 3.827761412 1.161138654 7.599999905
    vertex 3.827761412 1.161138654 12
  endloop
endfacet
facet normal -0.9757022961 -0.2191005007 0
  outer loop
    vertex 3.880125046 0.9719207287 7.599999905
    vertex 3.923141003 0.7803612947 7.599999905
    vertex 3.923141003 0.7803612947 12
  endloop
endfacet
facet normal -0.9329926266 -0.359895483 0
  outer loop
    vertex 3.695518017 1.530733705 7.599999905
    vertex 3.766176224 1.347559452 7.599999905
    vertex 3.766176224 1.347559452 12
  endloop
endfacet
facet normal -0.9142101248 -0.4052404814 0
  outer loop
    vertex 3.61595726 1.710220337 7.599999905
    vertex 3.695518017 1.530733705 7.599999905
    vertex 3.695518017 1.530733705 12
  endloop
endfacet
facet normal -0.653172345 -0.7572092761 0
  outer loop
    vertex 2.537573099 3.092041731 7.599999905
    vertex 2.686235905 2.963804483 7.599999905
    vertex 2.686235905 2.963804483 12
  endloop
endfacet
facet normal -0.6152318145 -0.7883462529 0
  outer loop
    vertex 2.382797241 3.212830067 7.599999905
    vertex 2.537573099 3.092041731 7.599999905
    vertex 2.537573099 3.092041731 12
  endloop
endfacet
facet normal -0.6895409661 -0.7242466818 0
  outer loop
    vertex 2.686235905 2.963804483 7.599999905
    vertex 2.828427076 2.828427076 7.599999905
    vertex 2.828427076 2.828427076 12
  endloop
endfacet
facet normal -0.7242466818 -0.6895409661 0
  outer loop
    vertex 2.828427076 2.828427076 7.599999905
    vertex 2.963804483 2.686235905 7.599999905
    vertex 2.963804483 2.686235905 12
  endloop
endfacet
facet normal 0.5349977364 -0.8448534914 0
  outer loop
    vertex -2.222280979 3.325878382 7.599999905
    vertex -2.056411028 3.430914402 12
    vertex -2.222280979 3.325878382 12
  endloop
endfacet
facet normal 0.4928987084 -0.8700866987 0
  outer loop
    vertex -2.056411028 3.430914402 7.599999905
    vertex -1.885586977 3.527685165 12
    vertex -2.056411028 3.430914402 12
  endloop
endfacet
facet normal 0.4496111108 -0.8932244114 0
  outer loop
    vertex -1.710220337 3.61595726 12
    vertex -1.885586977 3.527685165 12
    vertex -1.885586977 3.527685165 7.599999905
  endloop
endfacet
facet normal 0.4052404814 -0.9142101248 0
  outer loop
    vertex -1.710220337 3.61595726 7.599999905
    vertex -1.530733705 3.695518017 12
    vertex -1.710220337 3.61595726 12
  endloop
endfacet
facet normal 0.359895483 -0.9329926266 0
  outer loop
    vertex -1.530733705 3.695518017 7.599999905
    vertex -1.347559452 3.766176224 12
    vertex -1.530733705 3.695518017 12
  endloop
endfacet
facet normal 0.3136820836 -0.9495280672 0
  outer loop
    vertex -1.161138654 3.827761412 12
    vertex -1.347559452 3.766176224 12
    vertex -1.347559452 3.766176224 7.599999905
  endloop
endfacet
facet normal 0.2667126726 -0.9637760893 0
  outer loop
    vertex -0.9719207287 3.880125046 12
    vertex -1.161138654 3.827761412 12
    vertex -1.161138654 3.827761412 7.599999905
  endloop
endfacet
facet normal 0.2191005007 -0.9757022961 0
  outer loop
    vertex -0.7803612947 3.923141003 12
    vertex -0.9719207287 3.880125046 12
    vertex -0.9719207287 3.880125046 7.599999905
  endloop
endfacet
facet normal 0.1709624836 -0.9852775392 0
  outer loop
    vertex -0.5869218707 3.956706047 12
    vertex -0.7803612947 3.923141003 12
    vertex -0.7803612947 3.923141003 7.599999905
  endloop
endfacet
facet normal 0.1224105154 -0.9924795543 0
  outer loop
    vertex -0.5869218707 3.956706047 7.599999905
    vertex -0.3920685649 3.980738878 12
    vertex -0.5869218707 3.956706047 12
  endloop
endfacet
facet normal 0.0735645778 -0.9972904556 0
  outer loop
    vertex -0.1962707043 3.995181799 12
    vertex -0.3920685649 3.980738878 12
    vertex -0.3920685649 3.980738878 7.599999905
  endloop
endfacet
facet normal 0.02454135942 -0.9996988155 0
  outer loop
    vertex 2.449293705e-16 4 12
    vertex -0.1962707043 3.995181799 12
    vertex -0.1962707043 3.995181799 7.599999905
  endloop
endfacet
facet normal -0.02454135942 -0.9996988155 0
  outer loop
    vertex 2.449293705e-16 4 7.599999905
    vertex 0.1962707043 3.995181799 12
    vertex 2.449293705e-16 4 12
  endloop
endfacet
facet normal -0.0735645778 -0.9972904556 0
  outer loop
    vertex 0.1962707043 3.995181799 7.599999905
    vertex 0.3920685649 3.980738878 12
    vertex 0.1962707043 3.995181799 12
  endloop
endfacet
facet normal -0.1224105154 -0.9924795543 0
  outer loop
    vertex 0.3920685649 3.980738878 7.599999905
    vertex 0.5869218707 3.956706047 12
    vertex 0.3920685649 3.980738878 12
  endloop
endfacet
facet normal -0.1709624836 -0.9852775392 -0
  outer loop
    vertex 0.7803612947 3.923141003 12
    vertex 0.5869218707 3.956706047 12
    vertex 0.5869218707 3.956706047 7.599999905
  endloop
endfacet
facet normal -0.2191005007 -0.9757022961 0
  outer loop
    vertex 0.7803612947 3.923141003 7.599999905
    vertex 0.9719207287 3.880125046 12
    vertex 0.7803612947 3.923141003 12
  endloop
endfacet
facet normal -0.2667126726 -0.9637760893 0
  outer loop
    vertex 0.9719207287 3.880125046 7.599999905
    vertex 1.161138654 3.827761412 12
    vertex 0.9719207287 3.880125046 12
  endloop
endfacet
facet normal -0.3136820836 -0.9495280672 0
  outer loop
    vertex 1.161138654 3.827761412 7.599999905
    vertex 1.347559452 3.766176224 12
    vertex 1.161138654 3.827761412 12
  endloop
endfacet
facet normal -0.359895483 -0.9329926266 0
  outer loop
    vertex 1.347559452 3.766176224 7.599999905
    vertex 1.530733705 3.695518017 12
    vertex 1.347559452 3.766176224 12
  endloop
endfacet
facet normal -0.4052404814 -0.9142101248 -0
  outer loop
    vertex 1.710220337 3.61595726 12
    vertex 1.530733705 3.695518017 12
    vertex 1.530733705 3.695518017 7.599999905
  endloop
endfacet
facet normal -0.4496111108 -0.8932244114 0
  outer loop
    vertex 1.710220337 3.61595726 7.599999905
    vertex 1.885586977 3.527685165 12
    vertex 1.710220337 3.61595726 12
  endloop
endfacet
facet normal -0.5758082205 -0.8175847927 0
  outer loop
    vertex 2.222280979 3.325878382 7.599999905
    vertex 2.382797241 3.212830067 12
    vertex 2.222280979 3.325878382 12
  endloop
endfacet
facet normal -0.4928987084 -0.8700866987 0
  outer loop
    vertex 1.885586977 3.527685165 7.599999905
    vertex 2.056411028 3.430914402 12
    vertex 1.885586977 3.527685165 12
  endloop
endfacet
facet normal -0.5349977364 -0.8448534914 -0
  outer loop
    vertex 2.222280979 3.325878382 12
    vertex 2.056411028 3.430914402 12
    vertex 2.056411028 3.430914402 7.599999905
  endloop
endfacet
facet normal -0.7572092761 -0.653172345 -0
  outer loop
    vertex 3.092041731 2.537573099 12
    vertex 2.963804483 2.686235905 12
    vertex 2.963804483 2.686235905 7.599999905
  endloop
endfacet
facet normal -0.8932244114 -0.4496111108 -0
  outer loop
    vertex 3.61595726 1.710220337 12
    vertex 3.527685165 1.885586977 12
    vertex 3.527685165 1.885586977 7.599999905
  endloop
endfacet
facet normal -0.8700866987 -0.4928987084 0
  outer loop
    vertex 3.430914402 2.056411028 7.599999905
    vertex 3.527685165 1.885586977 12
    vertex 3.430914402 2.056411028 12
  endloop
endfacet
facet normal -0.8175847927 -0.5758082205 0
  outer loop
    vertex 3.212830067 2.382797241 7.599999905
    vertex 3.325878382 2.222280979 12
    vertex 3.212830067 2.382797241 12
  endloop
endfacet
facet normal -0.7883462529 -0.6152318145 -0
  outer loop
    vertex 3.212830067 2.382797241 12
    vertex 3.092041731 2.537573099 12
    vertex 3.092041731 2.537573099 7.599999905
  endloop
endfacet
facet normal -0.8448534914 -0.5349977364 0
  outer loop
    vertex 3.325878382 2.222280979 7.599999905
    vertex 3.430914402 2.056411028 12
    vertex 3.325878382 2.222280979 12
  endloop
endfacet
facet normal -0.9996988155 -0.02454135942 -0
  outer loop
    vertex 4 0 12
    vertex 3.995181799 0.1962707043 12
    vertex 3.995181799 0.1962707043 7.599999905
  endloop
endfacet
facet normal -0.9972904556 -0.0735645778 -0
  outer loop
    vertex 3.995181799 0.1962707043 12
    vertex 3.980738878 0.3920685649 12
    vertex 3.980738878 0.3920685649 7.599999905
  endloop
endfacet
facet normal -0.9924795543 -0.1224105154 0
  outer loop
    vertex 3.956706047 0.5869218707 7.599999905
    vertex 3.980738878 0.3920685649 12
    vertex 3.956706047 0.5869218707 12
  endloop
endfacet
facet normal -0.9757022961 -0.2191005007 -0
  outer loop
    vertex 3.923141003 0.7803612947 12
    vertex 3.880125046 0.9719207287 12
    vertex 3.880125046 0.9719207287 7.599999905
  endloop
endfacet
facet normal -0.9637760893 -0.2667126726 0
  outer loop
    vertex 3.827761412 1.161138654 7.599999905
    vertex 3.880125046 0.9719207287 12
    vertex 3.827761412 1.161138654 12
  endloop
endfacet
facet normal -0.9495280672 -0.3136820836 0
  outer loop
    vertex 3.766176224 1.347559452 7.599999905
    vertex 3.827761412 1.161138654 12
    vertex 3.766176224 1.347559452 12
  endloop
endfacet
facet normal -0.9852775392 -0.1709624836 -0
  outer loop
    vertex 3.956706047 0.5869218707 12
    vertex 3.923141003 0.7803612947 12
    vertex 3.923141003 0.7803612947 7.599999905
  endloop
endfacet
facet normal -0.9329926266 -0.359895483 0
  outer loop
    vertex 3.695518017 1.530733705 7.599999905
    vertex 3.766176224 1.347559452 12
    vertex 3.695518017 1.530733705 12
  endloop
endfacet
facet normal -0.9142101248 -0.4052404814 0
  outer loop
    vertex 3.61595726 1.710220337 7.599999905
    vertex 3.695518017 1.530733705 12
    vertex 3.61595726 1.710220337 12
  endloop
endfacet
facet normal -0.6152318145 -0.7883462529 -0
  outer loop
    vertex 2.537573099 3.092041731 12
    vertex 2.382797241 3.212830067 12
    vertex 2.382797241 3.212830067 7.599999905
  endloop
endfacet
facet normal -0.653172345 -0.7572092761 0
  outer loop
    vertex 2.537573099 3.092041731 7.599999905
    vertex 2.686235905 2.963804483 12
    vertex 2.537573099 3.092041731 12
  endloop
endfacet
facet normal -0.6895409661 -0.7242466818 0
  outer loop
    vertex 2.686235905 2.963804483 7.599999905
    vertex 2.828427076 2.828427076 12
    vertex 2.686235905 2.963804483 12
  endloop
endfacet
facet normal -0.7242466818 -0.6895409661 0
  outer loop
    vertex 2.828427076 2.828427076 7.599999905
    vertex 2.963804483 2.686235905 12
    vertex 2.828427076 2.828427076 12
  endloop
endfacet
endsolid seavolt
