solid seavolt
facet normal -0.7572089982 -0.6531726671 0
  outer loop
    vertex -11.59515667 -9.515899658 0
    vertex -11.11426735 -10.07338428 0
    vertex -11.59515667 -9.515899658 42
  endloop
endfacet
facet normal -0.8175849918 -0.5758079377 0
  outer loop
    vertex -12.47204399 -8.333553314 0
    vertex -12.04811287 -8.935489655 0
    vertex -12.47204399 -8.333553314 42
  endloop
endfacet
facet normal -0.8448530926 -0.5349983663 0
  outer loop
    vertex -12.8659296 -7.711541176 0
    vertex -12.47204399 -8.333553314 0
    vertex -12.8659296 -7.711541176 42
  endloop
endfacet
facet normal -0.7883465679 -0.6152314108 -0
  outer loop
    vertex -11.59515667 -9.515899658 0
    vertex -12.04811287 -8.935489655 42
    vertex -12.04811287 -8.935489655 0
  endloop
endfacet
facet normal -0.6531726671 -0.7572089982 -0
  outer loop
    vertex -9.515899658 -11.59515667 0
    vertex -10.07338428 -11.11426735 42
    vertex -10.07338428 -11.11426735 0
  endloop
endfacet
facet normal -0.5758079377 -0.8175849918 0
  outer loop
    vertex -8.935489655 -12.04811287 0
    vertex -8.333553314 -12.47204399 0
    vertex -8.935489655 -12.04811287 42
  endloop
endfacet
facet normal -0.6152314108 -0.7883465679 0
  outer loop
    vertex -9.515899658 -11.59515667 0
    vertex -8.935489655 -12.04811287 0
    vertex -9.515899658 -11.59515667 42
  endloop
endfacet
facet normal -0.5349983663 -0.8448530926 0
  outer loop
    vertex -8.333553314 -12.47204399 0
    vertex -7.711541176 -12.8659296 0
    vertex -8.333553314 -12.47204399 42
  endloop
endfacet
facet normal -0.689540857 -0.7242467857 0
  outer loop
    vertex -10.60660172 -10.60660172 0
    vertex -10.07338428 -11.11426735 0
    vertex -10.60660172 -10.60660172 42
  endloop
endfacet
facet normal -0.7242467857 -0.689540857 -0
  outer loop
    vertex -10.60660172 -10.60660172 0
    vertex -11.11426735 -10.07338428 42
    vertex -11.11426735 -10.07338428 0
  endloop
endfacet
facet normal 0 0 -1
  outer loop
    vertex -12.8659296 -7.711541176 0
    vertex -13.22881889 -7.070950985 0
    vertex -2.144321442 -1.285256863 0
  endloop
endfacet
facet normal 0 0 -1
  outer loop
    vertex -13.22881889 -7.070950985 0
    vertex -13.55983925 -6.413326263 0
    vertex -2.204803228 -1.178491831 0
  endloop
endfacet
facet normal 0 -0 -1
  outer loop
    vertex -13.8581934 -5.740251541 0
    vertex -2.259973288 -1.068887711 0
    vertex -13.55983925 -6.413326263 0
  endloop
endfacet
facet normal 0 0 -1
  outer loop
    vertex -13.8581934 -5.740251541 0
    vertex -14.12316132 -5.053347588 0
    vertex -2.30969882 -0.9567086101 0
  endloop
endfacet
facet normal 0 0 -1
  outer loop
    vertex -11.59515667 -9.515899658 0
    vertex -12.04811287 -8.935489655 0
    vertex -1.932526112 -1.585983157 0
  endloop
endfacet
facet normal 0 -0 -1
  outer loop
    vertex -12.8659296 -7.711541176 0
    vertex -2.078674078 -1.388925552 0
    vertex -12.47204399 -8.333553314 0
  endloop
endfacet
facet normal 0 -0 -1
  outer loop
    vertex -12.47204399 -8.333553314 0
    vertex -2.008018732 -1.489248276 0
    vertex -12.04811287 -8.935489655 0
  endloop
endfacet
facet normal 0 -0 -1
  outer loop
    vertex -11.59515667 -9.515899658 0
    vertex -1.852377772 -1.678897381 0
    vertex -11.11426735 -10.07338428 0
  endloop
endfacet
facet normal 0 0 -1
  outer loop
    vertex -10.60660172 -10.60660172 0
    vertex -11.11426735 -10.07338428 0
    vertex -1.767766953 -1.767766953 0
  endloop
endfacet
facet normal 0 0 -1
  outer loop
    vertex -14.354105 -4.354269981 0
    vertex -14.55046844 -3.644702673 0
    vertex -2.392350912 -0.7257117033 0
  endloop
endfacet
facet normal 0 0 -1
  outer loop
    vertex -14.55046844 -3.644702673 0
    vertex -14.71177959 -2.926354885 0
    vertex -2.425078154 -0.6074504256 0
  endloop
endfacet
facet normal 0 0 -1
  outer loop
    vertex -14.12316132 -5.053347588 0
    vertex -14.354105 -4.354269981 0
    vertex -2.392350912 -0.7257117033 0
  endloop
endfacet
facet normal 0 0 -1
  outer loop
    vertex -14.71177959 -2.926354885 0
    vertex -14.83764744 -2.20095706 0
    vertex -2.451963186 -0.4877257943 0
  endloop
endfacet
facet normal 0 0 -1
  outer loop
    vertex -14.83764744 -2.20095706 0
    vertex -14.92777061 -1.470257163 0
    vertex -2.47294116 -0.3668261766 0
  endloop
endfacet
facet normal 0 0 -1
  outer loop
    vertex -14.92777061 -1.470257163 0
    vertex -14.98193169 -0.736015141 0
    vertex -2.487961769 -0.2450428456 0
  endloop
endfacet
facet normal 0 0 -1
  outer loop
    vertex -14.98193169 -0.736015141 0
    vertex -15 1.836970094e-15 0
    vertex -2.5 3.061616734e-16 0
  endloop
endfacet
facet normal -0.8932243623 -0.4496112084 -0
  outer loop
    vertex -13.22881889 -7.070950985 0
    vertex -13.55983925 -6.413326263 42
    vertex -13.55983925 -6.413326263 0
  endloop
endfacet
facet normal -0.9142094317 -0.405242045 0
  outer loop
    vertex -13.8581934 -5.740251541 0
    vertex -13.55983925 -6.413326263 0
    vertex -13.8581934 -5.740251541 42
  endloop
endfacet
facet normal -0.9495283289 -0.3136812915 -0
  outer loop
    vertex -14.12316132 -5.053347588 0
    vertex -14.354105 -4.354269981 42
    vertex -14.354105 -4.354269981 0
  endloop
endfacet
facet normal -0.9637761603 -0.2667124158 -0
  outer loop
    vertex -14.354105 -4.354269981 0
    vertex -14.55046844 -3.644702673 42
    vertex -14.55046844 -3.644702673 0
  endloop
endfacet
facet normal -0.9329928788 -0.3598948291 -0
  outer loop
    vertex -13.8581934 -5.740251541 0
    vertex -14.12316132 -5.053347588 42
    vertex -14.12316132 -5.053347588 0
  endloop
endfacet
facet normal -0.8700873237 -0.4928976052 -0
  outer loop
    vertex -12.8659296 -7.711541176 0
    vertex -13.22881889 -7.070950985 42
    vertex -13.22881889 -7.070950985 0
  endloop
endfacet
facet normal -0.9757019095 -0.2191022223 -0
  outer loop
    vertex -14.55046844 -3.644702673 0
    vertex -14.71177959 -2.926354885 42
    vertex -14.71177959 -2.926354885 0
  endloop
endfacet
facet normal -0.9852777841 -0.1709610723 -0
  outer loop
    vertex -14.71177959 -2.926354885 0
    vertex -14.83764744 -2.20095706 42
    vertex -14.83764744 -2.20095706 0
  endloop
endfacet
facet normal -0.9924795445 -0.1224105951 -0
  outer loop
    vertex -14.83764744 -2.20095706 0
    vertex -14.92777061 -1.470257163 42
    vertex -14.92777061 -1.470257163 0
  endloop
endfacet
facet normal -0.9972904441 -0.07356473438 -0
  outer loop
    vertex -14.92777061 -1.470257163 0
    vertex -14.98193169 -0.736015141 42
    vertex -14.98193169 -0.736015141 0
  endloop
endfacet
facet normal -0.9996988135 -0.02454144033 -0
  outer loop
    vertex -14.98193169 -0.736015141 0
    vertex -15 1.836970094e-15 42
    vertex -15 1.836970094e-15 0
  endloop
endfacet
facet normal 0 -0 -1
  outer loop
    vertex -9.515899658 -11.59515667 0
    vertex -1.585983157 -1.932526112 0
    vertex -8.935489655 -12.04811287 0
  endloop
endfacet
facet normal 0 0 -1
  outer loop
    vertex -9.515899658 -11.59515667 0
    vertex -10.07338428 -11.11426735 0
    vertex -1.585983157 -1.932526112 0
  endloop
endfacet
facet normal 0 -0 -1
  outer loop
    vertex -10.60660172 -10.60660172 0
    vertex -1.767766953 -1.767766953 0
    vertex -10.07338428 -11.11426735 0
  endloop
endfacet
facet normal 0 -0 -1
  outer loop
    vertex -8.935489655 -12.04811287 0
    vertex -1.388925552 -2.078674078 0
    vertex -8.333553314 -12.47204399 0
  endloop
endfacet
facet normal 0 -0 -1
  outer loop
    vertex -8.333553314 -12.47204399 0
    vertex -1.388925552 -2.078674078 0
    vertex -7.711541176 -12.8659296 0
  endloop
endfacet
facet normal 0 -0 -1
  outer loop
    vertex -7.711541176 -12.8659296 0
    vertex -1.178491831 -2.204803228 0
    vertex -7.070950985 -13.22881889 0
  endloop
endfacet
facet normal 0 -0 -1
  outer loop
    vertex -7.070950985 -13.22881889 0
    vertex -1.178491831 -2.204803228 0
    vertex -6.413326263 -13.55983925 0
  endloop
endfacet
facet normal 0 -0 -1
  outer loop
    vertex -6.413326263 -13.55983925 0
    vertex -1.068887711 -2.259973288 0
    vertex -5.740251541 -13.8581934 0
  endloop
endfacet
facet normal 0 -0 -1
  outer loop
    vertex -5.740251541 -13.8581934 0
    vertex -0.8422246575 -2.35386014 0
    vertex -5.053347588 -14.12316132 0
  endloop
endfacet
facet normal 0 -0 -1
  outer loop
    vertex -4.354269981 -14.354105 0
    vertex -0.6074504256 -2.425078154 0
    vertex -3.644702673 -14.55046844 0
  endloop
endfacet
facet normal 0 -0 -1
  outer loop
    vertex -5.053347588 -14.12316132 0
    vertex -0.7257117033 -2.392350912 0
    vertex -4.354269981 -14.354105 0
  endloop
endfacet
facet normal 0 -0 -1
  outer loop
    vertex -3.644702673 -14.55046844 0
    vertex -0.6074504256 -2.425078154 0
    vertex -2.926354885 -14.71177959 0
  endloop
endfacet
facet normal 0 -0 -1
  outer loop
    vertex -2.926354885 -14.71177959 0
    vertex -0.4877257943 -2.451963186 0
    vertex -2.20095706 -14.83764744 0
  endloop
endfacet
facet normal 0 -0 -1
  outer loop
    vertex -2.20095706 -14.83764744 0
    vertex -0.2450428456 -2.487961769 0
    vertex -1.470257163 -14.92777061 0
  endloop
endfacet
facet normal 0 -0 -1
  outer loop
    vertex -1.470257163 -14.92777061 0
    vertex -0.2450428456 -2.487961769 0
    vertex -0.736015141 -14.98193169 0
  endloop
endfacet
facet normal 0 -0 -1
  outer loop
    vertex -0.736015141 -14.98193169 0
    vertex -4.592425234e-16 -2.5 0
    vertex -2.755455352e-15 -15 0
  endloop
endfacet
facet normal -0.4496112084 -0.8932243623 0
  outer loop
    vertex -7.070950985 -13.22881889 0
    vertex -6.413326263 -13.55983925 0
    vertex -7.070950985 -13.22881889 42
  endloop
endfacet
facet normal -0.405242045 -0.9142094317 0
  outer loop
    vertex -6.413326263 -13.55983925 0
    vertex -5.740251541 -13.8581934 0
    vertex -6.413326263 -13.55983925 42
  endloop
endfacet
facet normal -0.4928976052 -0.8700873237 0
  outer loop
    vertex -7.711541176 -12.8659296 0
    vertex -7.070950985 -13.22881889 0
    vertex -7.711541176 -12.8659296 42
  endloop
endfacet
facet normal -0.3136812915 -0.9495283289 0
  outer loop
    vertex -5.053347588 -14.12316132 0
    vertex -4.354269981 -14.354105 0
    vertex -5.053347588 -14.12316132 42
  endloop
endfacet
facet normal -0.3598948291 -0.9329928788 0
  outer loop
    vertex -5.740251541 -13.8581934 0
    vertex -5.053347588 -14.12316132 0
    vertex -5.740251541 -13.8581934 42
  endloop
endfacet
facet normal -0.2667124158 -0.9637761603 0
  outer loop
    vertex -4.354269981 -14.354105 0
    vertex -3.644702673 -14.55046844 0
    vertex -4.354269981 -14.354105 42
  endloop
endfacet
facet normal -0.2191022223 -0.9757019095 0
  outer loop
    vertex -3.644702673 -14.55046844 0
    vertex -2.926354885 -14.71177959 0
    vertex -3.644702673 -14.55046844 42
  endloop
endfacet
facet normal -0.1709610723 -0.9852777841 0
  outer loop
    vertex -2.926354885 -14.71177959 0
    vertex -2.20095706 -14.83764744 0
    vertex -2.926354885 -14.71177959 42
  endloop
endfacet
facet normal -0.1224105951 -0.9924795445 0
  outer loop
    vertex -2.20095706 -14.83764744 0
    vertex -1.470257163 -14.92777061 0
    vertex -2.20095706 -14.83764744 42
  endloop
endfacet
facet normal -0.07356473438 -0.9972904441 0
  outer loop
    vertex -1.470257163 -14.92777061 0
    vertex -0.736015141 -14.98193169 0
    vertex -1.470257163 -14.92777061 42
  endloop
endfacet
facet normal -0.02454144033 -0.9996988135 0
  outer loop
    vertex -0.736015141 -14.98193169 0
    vertex -2.755455352e-15 -15 0
    vertex -0.736015141 -14.98193169 42
  endloop
endfacet
facet normal 0 0 -1
  outer loop
    vertex -12.04811287 -8.935489655 0
    vertex -2.008018732 -1.489248276 0
    vertex -1.932526112 -1.585983157 0
  endloop
endfacet
facet normal 0 0 -1
  outer loop
    vertex -11.59515667 -9.515899658 0
    vertex -1.932526112 -1.585983157 0
    vertex -1.852377772 -1.678897381 0
  endloop
endfacet
facet normal 0 0 -1
  outer loop
    vertex -11.11426735 -10.07338428 0
    vertex -1.852377772 -1.678897381 0
    vertex -1.767766953 -1.767766953 0
  endloop
endfacet
facet normal 0 0 -1
  outer loop
    vertex -10.07338428 -11.11426735 0
    vertex -1.767766953 -1.767766953 0
    vertex -1.678897381 -1.852377772 0
  endloop
endfacet
facet normal 0 0 -1
  outer loop
    vertex -10.07338428 -11.11426735 0
    vertex -1.678897381 -1.852377772 0
    vertex -1.585983157 -1.932526112 0
  endloop
endfacet
facet normal 0 0 -1
  outer loop
    vertex -8.935489655 -12.04811287 0
    vertex -1.585983157 -1.932526112 0
    vertex -1.489248276 -2.008018732 0
  endloop
endfacet
facet normal 0 0 -1
  outer loop
    vertex -8.935489655 -12.04811287 0
    vertex -1.489248276 -2.008018732 0
    vertex -1.388925552 -2.078674078 0
  endloop
endfacet
facet normal 0 0 -1
  outer loop
    vertex -12.8659296 -7.711541176 0
    vertex -2.144321442 -1.285256863 0
    vertex -2.078674078 -1.388925552 0
  endloop
endfacet
facet normal 0 0 -1
  outer loop
    vertex -13.55983925 -6.413326263 0
    vertex -2.259973288 -1.068887711 0
    vertex -2.204803228 -1.178491831 0
  endloop
endfacet
facet normal 0 0 -1
  outer loop
    vertex -13.22881889 -7.070950985 0
    vertex -2.204803228 -1.178491831 0
    vertex -2.144321442 -1.285256863 0
  endloop
endfacet
facet normal 0 0 -1
  outer loop
    vertex -13.8581934 -5.740251541 0
    vertex -2.30969882 -0.9567086101 0
    vertex -2.259973288 -1.068887711 0
  endloop
endfacet
facet normal 0 0 -1
  outer loop
    vertex -14.12316132 -5.053347588 0
    vertex -2.35386014 -0.8422246575 0
    vertex -2.30969882 -0.9567086101 0
  endloop
endfacet
facet normal 0 0 -1
  outer loop
    vertex -14.12316132 -5.053347588 0
    vertex -2.392350912 -0.7257117033 0
    vertex -2.35386014 -0.8422246575 0
  endloop
endfacet
facet normal 0 0 -1
  outer loop
    vertex -14.83764744 -2.20095706 0
    vertex -2.47294116 -0.3668261766 0
    vertex -2.451963186 -0.4877257943 0
  endloop
endfacet
facet normal 0 0 -1
  outer loop
    vertex -14.92777061 -1.470257163 0
    vertex -2.487961769 -0.2450428456 0
    vertex -2.47294116 -0.3668261766 0
  endloop
endfacet
facet normal 0 0 -1
  outer loop
    vertex -14.98193169 -0.736015141 0
    vertex -2.496988535 -0.1226691827 0
    vertex -2.487961769 -0.2450428456 0
  endloop
endfacet
facet normal 0 0 -1
  outer loop
    vertex -14.98193169 -0.736015141 0
    vertex -2.5 3.061616734e-16 0
    vertex -2.496988535 -0.1226691827 0
  endloop
endfacet
facet normal 0 0 -1
  outer loop
    vertex -14.55046844 -3.644702673 0
    vertex -2.425078154 -0.6074504256 0
    vertex -2.392350912 -0.7257117033 0
  endloop
endfacet
facet normal 0 0 -1
  outer loop
    vertex -14.71177959 -2.926354885 0
    vertex -2.451963186 -0.4877257943 0
    vertex -2.425078154 -0.6074504256 0
  endloop
endfacet
facet normal 0 0 -1
  outer loop
    vertex -12.47204399 -8.333553314 0
    vertex -2.078674078 -1.388925552 0
    vertex -2.008018732 -1.489248276 0
  endloop
endfacet
facet normal 0 0 -1
  outer loop
    vertex -7.711541176 -12.8659296 0
    vertex -1.388925552 -2.078674078 0
    vertex -1.285256863 -2.144321442 0
  endloop
endfacet
facet normal 0 0 -1
  outer loop
    vertex -7.711541176 -12.8659296 0
    vertex -1.285256863 -2.144321442 0
    vertex -1.178491831 -2.204803228 0
  endloop
endfacet
facet normal 0 0 -1
  outer loop
    vertex -6.413326263 -13.55983925 0
    vertex -1.178491831 -2.204803228 0
    vertex -1.068887711 -2.259973288 0
  endloop
endfacet
facet normal 0 0 -1
  outer loop
    vertex -5.740251541 -13.8581934 0
    vertex -1.068887711 -2.259973288 0
    vertex -0.9567086101 -2.30969882 0
  endloop
endfacet
facet normal 0 0 -1
  outer loop
    vertex -5.740251541 -13.8581934 0
    vertex -0.9567086101 -2.30969882 0
    vertex -0.8422246575 -2.35386014 0
  endloop
endfacet
facet normal 0 0 -1
  outer loop
    vertex -5.053347588 -14.12316132 0
    vertex -0.8422246575 -2.35386014 0
    vertex -0.7257117033 -2.392350912 0
  endloop
endfacet
facet normal 0 0 -1
  outer loop
    vertex -2.20095706 -14.83764744 0
    vertex -0.4877257943 -2.451963186 0
    vertex -0.3668261766 -2.47294116 0
  endloop
endfacet
facet normal 0 0 -1
  outer loop
    vertex -4.354269981 -14.354105 0
    vertex -0.7257117033 -2.392350912 0
    vertex -0.6074504256 -2.425078154 0
  endloop
endfacet
facet normal 0 0 -1
  outer loop
    vertex -2.926354885 -14.71177959 0
    vertex -0.6074504256 -2.425078154 0
    vertex -0.4877257943 -2.451963186 0
  endloop
endfacet
facet normal 0 0 -1
  outer loop
    vertex -2.20095706 -14.83764744 0
    vertex -0.3668261766 -2.47294116 0
    vertex -0.2450428456 -2.487961769 0
  endloop
endfacet
facet normal 0 0 -1
  outer loop
    vertex -0.736015141 -14.98193169 0
    vertex -0.2450428456 -2.487961769 0
    vertex -0.1226691827 -2.496988535 0
  endloop
endfacet
facet normal 0 0 -1
  outer loop
    vertex -0.736015141 -14.98193169 0
    vertex -0.1226691827 -2.496988535 0
    vertex -4.592425234e-16 -2.5 0
  endloop
endfacet
facet normal 0.817584382 0.5758088036 -0
  outer loop
    vertex -2.008018732 -1.489248276 0
    vertex -2.078674078 -1.388925552 0
    vertex -2.078674078 -1.388925552 24
  endloop
endfacet
facet normal 0.7572089322 0.6531727436 -0
  outer loop
    vertex -1.932526112 -1.585983157 0
    vertex -1.932526112 -1.585983157 24
    vertex -1.852377772 -1.678897381 0
  endloop
endfacet
facet normal 0.7883465143 0.6152314795 -0
  outer loop
    vertex -1.932526112 -1.585983157 0
    vertex -2.008018732 -1.489248276 0
    vertex -2.008018732 -1.489248276 24
  endloop
endfacet
facet normal 0.8700864904 0.4928990761 -0
  outer loop
    vertex -2.204803228 -1.178491831 0
    vertex -2.204803228 -1.178491831 24
    vertex -2.144321442 -1.285256863 0
  endloop
endfacet
facet normal 0.914209885 0.4052410223 -0
  outer loop
    vertex -2.259973288 -1.068887711 0
    vertex -2.30969882 -0.9567086101 0
    vertex -2.30969882 -0.9567086101 24
  endloop
endfacet
facet normal 0.8932243623 0.4496112084 -0
  outer loop
    vertex -2.204803228 -1.178491831 0
    vertex -2.259973288 -1.068887711 0
    vertex -2.259973288 -1.068887711 24
  endloop
endfacet
facet normal 0.8448539708 0.5349969794 -0
  outer loop
    vertex -2.144321442 -1.285256863 0
    vertex -2.144321442 -1.285256863 24
    vertex -2.078674078 -1.388925552 0
  endloop
endfacet
facet normal 0.949527959 0.3136824111 -0
  outer loop
    vertex -2.392350912 -0.7257117033 0
    vertex -2.392350912 -0.7257117033 24
    vertex -2.35386014 -0.8422246575 0
  endloop
endfacet
facet normal 0.9637761949 0.2667122909 -0
  outer loop
    vertex -2.392350912 -0.7257117033 0
    vertex -2.425078154 -0.6074504256 0
    vertex -2.425078154 -0.6074504256 24
  endloop
endfacet
facet normal 0.9757021864 0.2191009891 -0
  outer loop
    vertex -2.425078154 -0.6074504256 0
    vertex -2.451963186 -0.4877257943 0
    vertex -2.451963186 -0.4877257943 24
  endloop
endfacet
facet normal 0.9852777793 0.1709610996 -0
  outer loop
    vertex -2.451963186 -0.4877257943 0
    vertex -2.47294116 -0.3668261766 0
    vertex -2.47294116 -0.3668261766 24
  endloop
endfacet
facet normal 0.9924794676 0.1224112183 -0
  outer loop
    vertex -2.487961769 -0.2450428456 0
    vertex -2.487961769 -0.2450428456 24
    vertex -2.47294116 -0.3668261766 0
  endloop
endfacet
facet normal 0.9972904913 0.07356409468 -0
  outer loop
    vertex -2.487961769 -0.2450428456 0
    vertex -2.496988535 -0.1226691827 0
    vertex -2.496988535 -0.1226691827 24
  endloop
endfacet
facet normal 0.9996987976 0.0245420891 -2.706765373e-26
  outer loop
    vertex -2.496988535 -0.1226691827 0
    vertex -2.5 3.061616734e-16 0
    vertex -2.5 3.061616999e-16 24
  endloop
endfacet
facet normal 0.9329928369 0.3598949379 -0
  outer loop
    vertex -2.30969882 -0.9567086101 0
    vertex -2.35386014 -0.8422246575 0
    vertex -2.35386014 -0.8422246575 24
  endloop
endfacet
facet normal 0.6531727436 0.7572089322 -0
  outer loop
    vertex -1.585983157 -1.932526112 0
    vertex -1.678897381 -1.852377772 0
    vertex -1.678897381 -1.852377772 24
  endloop
endfacet
facet normal 0.6152314795 0.7883465143 -0
  outer loop
    vertex -1.585983157 -1.932526112 0
    vertex -1.585983157 -1.932526112 24
    vertex -1.489248276 -2.008018732 0
  endloop
endfacet
facet normal 0.5758088036 0.817584382 -0
  outer loop
    vertex -1.489248276 -2.008018732 0
    vertex -1.489248276 -2.008018732 24
    vertex -1.388925552 -2.078674078 0
  endloop
endfacet
facet normal 0.4928990761 0.8700864904 -0
  outer loop
    vertex -1.285256863 -2.144321442 0
    vertex -1.285256863 -2.144321442 24
    vertex -1.178491831 -2.204803228 0
  endloop
endfacet
facet normal 0.5349969794 0.8448539708 -0
  outer loop
    vertex -1.285256863 -2.144321442 0
    vertex -1.388925552 -2.078674078 0
    vertex -1.388925552 -2.078674078 24
  endloop
endfacet
facet normal 0.4496112084 0.8932243623 -0
  outer loop
    vertex -1.178491831 -2.204803228 0
    vertex -1.178491831 -2.204803228 24
    vertex -1.068887711 -2.259973288 0
  endloop
endfacet
facet normal 0.4052410223 0.914209885 -0
  outer loop
    vertex -1.068887711 -2.259973288 0
    vertex -1.068887711 -2.259973288 24
    vertex -0.9567086101 -2.30969882 0
  endloop
endfacet
facet normal 0.3136824111 0.949527959 -0
  outer loop
    vertex -0.8422246575 -2.35386014 0
    vertex -0.8422246575 -2.35386014 24
    vertex -0.7257117033 -2.392350912 0
  endloop
endfacet
facet normal 0.2667122909 0.9637761949 -0
  outer loop
    vertex -0.7257117033 -2.392350912 0
    vertex -0.7257117033 -2.392350912 24
    vertex -0.6074504256 -2.425078154 0
  endloop
endfacet
facet normal 0.2191009891 0.9757021864 -0
  outer loop
    vertex -0.6074504256 -2.425078154 0
    vertex -0.6074504256 -2.425078154 24
    vertex -0.4877257943 -2.451963186 0
  endloop
endfacet
facet normal 0.3598949379 0.9329928369 -0
  outer loop
    vertex -0.8422246575 -2.35386014 0
    vertex -0.9567086101 -2.30969882 0
    vertex -0.9567086101 -2.30969882 24
  endloop
endfacet
facet normal 0.1709610996 0.9852777793 -0
  outer loop
    vertex -0.4877257943 -2.451963186 0
    vertex -0.4877257943 -2.451963186 24
    vertex -0.3668261766 -2.47294116 0
  endloop
endfacet
facet normal 0.1224112183 0.9924794676 -0
  outer loop
    vertex -0.3668261766 -2.47294116 0
    vertex -0.3668261766 -2.47294116 24
    vertex -0.2450428456 -2.487961769 0
  endloop
endfacet
facet normal 0.07356409468 0.9972904913 -0
  outer loop
    vertex -0.2450428456 -2.487961769 0
    vertex -0.2450428456 -2.487961769 24
    vertex -0.1226691827 -2.496988535 0
  endloop
endfacet
facet normal 0.0245420891 0.9996987976 -0
  outer loop
    vertex -0.1226691827 -2.496988535 0
    vertex -0.1226691827 -2.496988535 24
    vertex -4.592425234e-16 -2.5 0
  endloop
endfacet
facet normal 0.7242472708 0.6895403474 -0
  outer loop
    vertex -1.852377772 -1.678897381 0
    vertex -1.852377772 -1.678897381 24
    vertex -1.767766953 -1.767766953 0
  endloop
endfacet
facet normal 0.6895403474 0.7242472708 -0
  outer loop
    vertex -1.767766953 -1.767766953 0
    vertex -1.767766953 -1.767766953 24
    vertex -1.678897381 -1.852377772 0
  endloop
endfacet
facet normal 0.817584382 0.5758088036 0
  outer loop
    vertex -2.008018732 -1.489248276 0
    vertex -2.078674078 -1.388925552 24
    vertex -2.008018732 -1.489248276 24
  endloop
endfacet
facet normal 0.7883465143 0.6152314795 0
  outer loop
    vertex -1.932526112 -1.585983157 0
    vertex -2.008018732 -1.489248276 24
    vertex -1.932526112 -1.585983157 24
  endloop
endfacet
facet normal 0.8700864904 0.4928990761 0
  outer loop
    vertex -2.144321442 -1.285256863 0
    vertex -2.204803228 -1.178491831 24
    vertex -2.144321442 -1.285256863 24
  endloop
endfacet
facet normal 0.914209885 0.4052410223 0
  outer loop
    vertex -2.259973288 -1.068887711 0
    vertex -2.30969882 -0.9567086101 24
    vertex -2.259973288 -1.068887711 24
  endloop
endfacet
facet normal 0.8932243623 0.4496112084 0
  outer loop
    vertex -2.204803228 -1.178491831 0
    vertex -2.259973288 -1.068887711 24
    vertex -2.204803228 -1.178491831 24
  endloop
endfacet
facet normal 0.8448539708 0.5349969794 0
  outer loop
    vertex -2.078674078 -1.388925552 0
    vertex -2.144321442 -1.285256863 24
    vertex -2.078674078 -1.388925552 24
  endloop
endfacet
facet normal 0.9637761949 0.2667122909 0
  outer loop
    vertex -2.392350912 -0.7257117033 0
    vertex -2.425078154 -0.6074504256 24
    vertex -2.392350912 -0.7257117033 24
  endloop
endfacet
facet normal 0.9757021864 0.2191009891 0
  outer loop
    vertex -2.425078154 -0.6074504256 0
    vertex -2.451963186 -0.4877257943 24
    vertex -2.425078154 -0.6074504256 24
  endloop
endfacet
facet normal 0.9852777793 0.1709610996 0
  outer loop
    vertex -2.451963186 -0.4877257943 0
    vertex -2.47294116 -0.3668261766 24
    vertex -2.451963186 -0.4877257943 24
  endloop
endfacet
facet normal 0.9924794676 0.1224112183 0
  outer loop
    vertex -2.47294116 -0.3668261766 0
    vertex -2.487961769 -0.2450428456 24
    vertex -2.47294116 -0.3668261766 24
  endloop
endfacet
facet normal 0.9972904913 0.07356409468 0
  outer loop
    vertex -2.487961769 -0.2450428456 0
    vertex -2.496988535 -0.1226691827 24
    vertex -2.487961769 -0.2450428456 24
  endloop
endfacet
facet normal 0.9996987976 0.0245420891 0
  outer loop
    vertex -2.496988535 -0.1226691827 0
    vertex -2.5 3.061616999e-16 24
    vertex -2.496988535 -0.1226691827 24
  endloop
endfacet
facet normal 0.9329928369 0.3598949379 0
  outer loop
    vertex -2.30969882 -0.9567086101 0
    vertex -2.35386014 -0.8422246575 24
    vertex -2.30969882 -0.9567086101 24
  endloop
endfacet
facet normal 0.949527959 0.3136824111 0
  outer loop
    vertex -2.35386014 -0.8422246575 0
    vertex -2.392350912 -0.7257117033 24
    vertex -2.35386014 -0.8422246575 24
  endloop
endfacet
facet normal 0.6531727436 0.7572089322 0
  outer loop
    vertex -1.585983157 -1.932526112 0
    vertex -1.678897381 -1.852377772 24
    vertex -1.585983157 -1.932526112 24
  endloop
endfacet
facet normal 0.6152314795 0.7883465143 0
  outer loop
    vertex -1.489248276 -2.008018732 0
    vertex -1.585983157 -1.932526112 24
    vertex -1.489248276 -2.008018732 24
  endloop
endfacet
facet normal 0.5349969794 0.8448539708 0
  outer loop
    vertex -1.285256863 -2.144321442 0
    vertex -1.388925552 -2.078674078 24
    vertex -1.285256863 -2.144321442 24
  endloop
endfacet
facet normal 0.4928990761 0.8700864904 0
  outer loop
    vertex -1.178491831 -2.204803228 0
    vertex -1.285256863 -2.144321442 24
    vertex -1.178491831 -2.204803228 24
  endloop
endfacet
facet normal 0.5758088036 0.817584382 0
  outer loop
    vertex -1.388925552 -2.078674078 0
    vertex -1.489248276 -2.008018732 24
    vertex -1.388925552 -2.078674078 24
  endloop
endfacet
facet normal 0.4496112084 0.8932243623 0
  outer loop
    vertex -1.068887711 -2.259973288 0
    vertex -1.178491831 -2.204803228 24
    vertex -1.068887711 -2.259973288 24
  endloop
endfacet
facet normal 0.4052410223 0.914209885 0
  outer loop
    vertex -0.9567086101 -2.30969882 0
    vertex -1.068887711 -2.259973288 24
    vertex -0.9567086101 -2.30969882 24
  endloop
endfacet
facet normal 0.3136824111 0.949527959 0
  outer loop
    vertex -0.7257117033 -2.392350912 0
    vertex -0.8422246575 -2.35386014 24
    vertex -0.7257117033 -2.392350912 24
  endloop
endfacet
facet normal 0.2667122909 0.9637761949 0
  outer loop
    vertex -0.6074504256 -2.425078154 0
    vertex -0.7257117033 -2.392350912 24
    vertex -0.6074504256 -2.425078154 24
  endloop
endfacet
facet normal 0.2191009891 0.9757021864 0
  outer loop
    vertex -0.4877257943 -2.451963186 0
    vertex -0.6074504256 -2.425078154 24
    vertex -0.4877257943 -2.451963186 24
  endloop
endfacet
facet normal 0.3598949379 0.9329928369 0
  outer loop
    vertex -0.8422246575 -2.35386014 0
    vertex -0.9567086101 -2.30969882 24
    vertex -0.8422246575 -2.35386014 24
  endloop
endfacet
facet normal 0.1709610996 0.9852777793 0
  outer loop
    vertex -0.3668261766 -2.47294116 0
    vertex -0.4877257943 -2.451963186 24
    vertex -0.3668261766 -2.47294116 24
  endloop
endfacet
facet normal 0.1224112183 0.9924794676 0
  outer loop
    vertex -0.2450428456 -2.487961769 0
    vertex -0.3668261766 -2.47294116 24
    vertex -0.2450428456 -2.487961769 24
  endloop
endfacet
facet normal 0.07356409468 0.9972904913 0
  outer loop
    vertex -0.1226691827 -2.496988535 0
    vertex -0.2450428456 -2.487961769 24
    vertex -0.1226691827 -2.496988535 24
  endloop
endfacet
facet normal 0.0245420891 0.9996987976 0
  outer loop
    vertex -0.1226691827 -2.496988535 24
    vertex -4.592425234e-16 -2.5 24
    vertex -4.592425234e-16 -2.5 0
  endloop
endfacet
facet normal 0.7572089322 0.6531727436 0
  outer loop
    vertex -1.852377772 -1.678897381 0
    vertex -1.932526112 -1.585983157 24
    vertex -1.852377772 -1.678897381 24
  endloop
endfacet
facet normal 0.7242472708 0.6895403474 0
  outer loop
    vertex -1.767766953 -1.767766953 0
    vertex -1.852377772 -1.678897381 24
    vertex -1.767766953 -1.767766953 24
  endloop
endfacet
facet normal 0.6895403474 0.7242472708 0
  outer loop
    vertex -1.678897381 -1.852377772 0
    vertex -1.767766953 -1.767766953 24
    vertex -1.678897381 -1.852377772 24
  endloop
endfacet
facet normal -0.7572089982 -0.6531726671 0
  outer loop
    vertex -11.11426735 -10.07338428 0
    vertex -11.11426735 -10.07338428 42
    vertex -11.59515667 -9.515899658 42
  endloop
endfacet
facet normal -0.8448530926 -0.5349983663 0
  outer loop
    vertex -12.47204399 -8.333553314 0
    vertex -12.47204399 -8.333553314 42
    vertex -12.8659296 -7.711541176 42
  endloop
endfacet
facet normal -0.7883465679 -0.6152314108 0
  outer loop
    vertex -11.59515667 -9.515899658 0
    vertex -11.59515667 -9.515899658 42
    vertex -12.04811287 -8.935489655 42
  endloop
endfacet
facet normal -0.8175849918 -0.5758079377 0
  outer loop
    vertex -12.04811287 -8.935489655 0
    vertex -12.04811287 -8.935489655 42
    vertex -12.47204399 -8.333553314 42
  endloop
endfacet
facet normal -0.6531726671 -0.7572089982 0
  outer loop
    vertex -9.515899658 -11.59515667 0
    vertex -9.515899658 -11.59515667 42
    vertex -10.07338428 -11.11426735 42
  endloop
endfacet
facet normal -0.5758079377 -0.8175849918 0
  outer loop
    vertex -8.333553314 -12.47204399 0
    vertex -8.333553314 -12.47204399 42
    vertex -8.935489655 -12.04811287 42
  endloop
endfacet
facet normal -0.6152314108 -0.7883465679 0
  outer loop
    vertex -8.935489655 -12.04811287 0
    vertex -8.935489655 -12.04811287 42
    vertex -9.515899658 -11.59515667 42
  endloop
endfacet
facet normal -0.5349983663 -0.8448530926 0
  outer loop
    vertex -7.711541176 -12.8659296 0
    vertex -7.711541176 -12.8659296 42
    vertex -8.333553314 -12.47204399 42
  endloop
endfacet
facet normal -0.7242467857 -0.689540857 0
  outer loop
    vertex -10.60660172 -10.60660172 0
    vertex -10.60660172 -10.60660172 42
    vertex -11.11426735 -10.07338428 42
  endloop
endfacet
facet normal -0.689540857 -0.7242467857 0
  outer loop
    vertex -10.07338428 -11.11426735 0
    vertex -10.07338428 -11.11426735 42
    vertex -10.60660172 -10.60660172 42
  endloop
endfacet
facet normal 0 -0 1
  outer loop
    vertex -10.60660172 -10.60660172 42
    vertex -2.963804483 -2.686235905 42
    vertex -11.11426735 -10.07338428 42
  endloop
endfacet
facet normal -0 0 1
  outer loop
    vertex -10.60660172 -10.60660172 42
    vertex -10.07338428 -11.11426735 42
    vertex -2.686235905 -2.963804483 42
  endloop
endfacet
facet normal -0.8932243623 -0.4496112084 0
  outer loop
    vertex -13.22881889 -7.070950985 0
    vertex -13.22881889 -7.070950985 42
    vertex -13.55983925 -6.413326263 42
  endloop
endfacet
facet normal -0.9142094317 -0.405242045 0
  outer loop
    vertex -13.55983925 -6.413326263 0
    vertex -13.55983925 -6.413326263 42
    vertex -13.8581934 -5.740251541 42
  endloop
endfacet
facet normal -0.9495283289 -0.3136812915 0
  outer loop
    vertex -14.12316132 -5.053347588 0
    vertex -14.12316132 -5.053347588 42
    vertex -14.354105 -4.354269981 42
  endloop
endfacet
facet normal -0.9637761603 -0.2667124158 0
  outer loop
    vertex -14.354105 -4.354269981 0
    vertex -14.354105 -4.354269981 42
    vertex -14.55046844 -3.644702673 42
  endloop
endfacet
facet normal -0.9329928788 -0.3598948291 0
  outer loop
    vertex -13.8581934 -5.740251541 0
    vertex -13.8581934 -5.740251541 42
    vertex -14.12316132 -5.053347588 42
  endloop
endfacet
facet normal -0.8700873237 -0.4928976052 0
  outer loop
    vertex -12.8659296 -7.711541176 0
    vertex -12.8659296 -7.711541176 42
    vertex -13.22881889 -7.070950985 42
  endloop
endfacet
facet normal -0.9757019095 -0.2191022223 0
  outer loop
    vertex -14.55046844 -3.644702673 0
    vertex -14.55046844 -3.644702673 42
    vertex -14.71177959 -2.926354885 42
  endloop
endfacet
facet normal -0.9852777841 -0.1709610723 0
  outer loop
    vertex -14.71177959 -2.926354885 0
    vertex -14.71177959 -2.926354885 42
    vertex -14.83764744 -2.20095706 42
  endloop
endfacet
facet normal -0.9924795445 -0.1224105951 0
  outer loop
    vertex -14.83764744 -2.20095706 0
    vertex -14.83764744 -2.20095706 42
    vertex -14.92777061 -1.470257163 42
  endloop
endfacet
facet normal -0.9972904441 -0.07356473438 0
  outer loop
    vertex -14.92777061 -1.470257163 0
    vertex -14.92777061 -1.470257163 42
    vertex -14.98193169 -0.736015141 42
  endloop
endfacet
facet normal -0.9996988135 -0.02454144033 0
  outer loop
    vertex -14.98193169 -0.736015141 0
    vertex -14.98193169 -0.736015141 42
    vertex -15 1.836970094e-15 42
  endloop
endfacet
facet normal 0 -0 1
  outer loop
    vertex -14.92777061 -1.470257163 42
    vertex -3.995181799 -0.1962707043 42
    vertex -14.98193169 -0.736015141 42
  endloop
endfacet
facet normal 0 -0 1
  outer loop
    vertex -14.98193169 -0.736015141 42
    vertex -4 4.89858741e-16 42
    vertex -15 1.836970094e-15 42
  endloop
endfacet
facet normal -0 0 1
  outer loop
    vertex -12.8659296 -7.711541176 42
    vertex -12.47204399 -8.333553314 42
    vertex -3.430914402 -2.056411028 42
  endloop
endfacet
facet normal -0 0 1
  outer loop
    vertex -13.8581934 -5.740251541 42
    vertex -13.55983925 -6.413326263 42
    vertex -3.61595726 -1.710220337 42
  endloop
endfacet
facet normal 0 -0 1
  outer loop
    vertex -13.8581934 -5.740251541 42
    vertex -3.766176224 -1.347559452 42
    vertex -14.12316132 -5.053347588 42
  endloop
endfacet
facet normal 0 -0 1
  outer loop
    vertex -12.8659296 -7.711541176 42
    vertex -3.527685165 -1.885586977 42
    vertex -13.22881889 -7.070950985 42
  endloop
endfacet
facet normal 0 -0 1
  outer loop
    vertex -13.22881889 -7.070950985 42
    vertex -3.527685165 -1.885586977 42
    vertex -13.55983925 -6.413326263 42
  endloop
endfacet
facet normal 0 -0 1
  outer loop
    vertex -11.59515667 -9.515899658 42
    vertex -3.212830067 -2.382797241 42
    vertex -12.04811287 -8.935489655 42
  endloop
endfacet
facet normal -0 0 1
  outer loop
    vertex -11.59515667 -9.515899658 42
    vertex -11.11426735 -10.07338428 42
    vertex -3.092041731 -2.537573099 42
  endloop
endfacet
facet normal -0 0 1
  outer loop
    vertex -12.47204399 -8.333553314 42
    vertex -12.04811287 -8.935489655 42
    vertex -3.325878382 -2.222280979 42
  endloop
endfacet
facet normal 0 -0 1
  outer loop
    vertex -14.354105 -4.354269981 42
    vertex -3.827761412 -1.161138654 42
    vertex -14.55046844 -3.644702673 42
  endloop
endfacet
facet normal 0 -0 1
  outer loop
    vertex -14.12316132 -5.053347588 42
    vertex -3.827761412 -1.161138654 42
    vertex -14.354105 -4.354269981 42
  endloop
endfacet
facet normal 0 -0 1
  outer loop
    vertex -14.55046844 -3.644702673 42
    vertex -3.880125046 -0.9719207287 42
    vertex -14.71177959 -2.926354885 42
  endloop
endfacet
facet normal 0 -0 1
  outer loop
    vertex -14.71177959 -2.926354885 42
    vertex -3.956706047 -0.5869218707 42
    vertex -14.83764744 -2.20095706 42
  endloop
endfacet
facet normal 0 -0 1
  outer loop
    vertex -14.83764744 -2.20095706 42
    vertex -3.956706047 -0.5869218707 42
    vertex -14.92777061 -1.470257163 42
  endloop
endfacet
facet normal 0 -0 1
  outer loop
    vertex -14.71177959 -2.926354885 42
    vertex -3.923141003 -0.7803612947 42
    vertex -3.956706047 -0.5869218707 42
  endloop
endfacet
facet normal 0 -0 1
  outer loop
    vertex -14.92777061 -1.470257163 42
    vertex -3.956706047 -0.5869218707 42
    vertex -3.980738878 -0.3920685649 42
  endloop
endfacet
facet normal 0 -0 1
  outer loop
    vertex -14.92777061 -1.470257163 42
    vertex -3.980738878 -0.3920685649 42
    vertex -3.995181799 -0.1962707043 42
  endloop
endfacet
facet normal 0 -0 1
  outer loop
    vertex -14.98193169 -0.736015141 42
    vertex -3.995181799 -0.1962707043 42
    vertex -4 4.89858741e-16 42
  endloop
endfacet
facet normal -0.4496112084 -0.8932243623 0
  outer loop
    vertex -6.413326263 -13.55983925 0
    vertex -6.413326263 -13.55983925 42
    vertex -7.070950985 -13.22881889 42
  endloop
endfacet
facet normal -0.405242045 -0.9142094317 0
  outer loop
    vertex -5.740251541 -13.8581934 0
    vertex -5.740251541 -13.8581934 42
    vertex -6.413326263 -13.55983925 42
  endloop
endfacet
facet normal -0.4928976052 -0.8700873237 0
  outer loop
    vertex -7.070950985 -13.22881889 0
    vertex -7.070950985 -13.22881889 42
    vertex -7.711541176 -12.8659296 42
  endloop
endfacet
facet normal -0.3598948291 -0.9329928788 0
  outer loop
    vertex -5.053347588 -14.12316132 0
    vertex -5.053347588 -14.12316132 42
    vertex -5.740251541 -13.8581934 42
  endloop
endfacet
facet normal -0.3136812915 -0.9495283289 0
  outer loop
    vertex -4.354269981 -14.354105 0
    vertex -4.354269981 -14.354105 42
    vertex -5.053347588 -14.12316132 42
  endloop
endfacet
facet normal -0.2667124158 -0.9637761603 0
  outer loop
    vertex -3.644702673 -14.55046844 0
    vertex -3.644702673 -14.55046844 42
    vertex -4.354269981 -14.354105 42
  endloop
endfacet
facet normal -0.2191022223 -0.9757019095 0
  outer loop
    vertex -2.926354885 -14.71177959 0
    vertex -2.926354885 -14.71177959 42
    vertex -3.644702673 -14.55046844 42
  endloop
endfacet
facet normal -0.1709610723 -0.9852777841 0
  outer loop
    vertex -2.20095706 -14.83764744 0
    vertex -2.20095706 -14.83764744 42
    vertex -2.926354885 -14.71177959 42
  endloop
endfacet
facet normal -0.1224105951 -0.9924795445 0
  outer loop
    vertex -1.470257163 -14.92777061 0
    vertex -1.470257163 -14.92777061 42
    vertex -2.20095706 -14.83764744 42
  endloop
endfacet
facet normal -0.07356473438 -0.9972904441 0
  outer loop
    vertex -0.736015141 -14.98193169 0
    vertex -0.736015141 -14.98193169 42
    vertex -1.470257163 -14.92777061 42
  endloop
endfacet
facet normal -0.02454144033 -0.9996988135 0
  outer loop
    vertex -0.736015141 -14.98193169 42
    vertex -2.755455352e-15 -15 0
    vertex -2.755455352e-15 -15 42
  endloop
endfacet
facet normal -0 0 1
  outer loop
    vertex -8.333553314 -12.47204399 42
    vertex -7.711541176 -12.8659296 42
    vertex -2.056411028 -3.430914402 42
  endloop
endfacet
facet normal 0 -0 1
  outer loop
    vertex -9.515899658 -11.59515667 42
    vertex -2.686235905 -2.963804483 42
    vertex -10.07338428 -11.11426735 42
  endloop
endfacet
facet normal -0 0 1
  outer loop
    vertex -9.515899658 -11.59515667 42
    vertex -8.935489655 -12.04811287 42
    vertex -2.382797241 -3.212830067 42
  endloop
endfacet
facet normal -0 0 1
  outer loop
    vertex -8.935489655 -12.04811287 42
    vertex -8.333553314 -12.47204399 42
    vertex -2.222280979 -3.325878382 42
  endloop
endfacet
facet normal -0 0 1
  outer loop
    vertex -7.711541176 -12.8659296 42
    vertex -7.070950985 -13.22881889 42
    vertex -2.056411028 -3.430914402 42
  endloop
endfacet
facet normal -0 0 1
  outer loop
    vertex -7.070950985 -13.22881889 42
    vertex -6.413326263 -13.55983925 42
    vertex -1.885586977 -3.527685165 42
  endloop
endfacet
facet normal -0 0 1
  outer loop
    vertex -6.413326263 -13.55983925 42
    vertex -5.740251541 -13.8581934 42
    vertex -1.710220337 -3.61595726 42
  endloop
endfacet
facet normal -0 0 1
  outer loop
    vertex -5.740251541 -13.8581934 42
    vertex -5.053347588 -14.12316132 42
    vertex -1.347559452 -3.766176224 42
  endloop
endfacet
facet normal -0 0 1
  outer loop
    vertex -1.470257163 -14.92777061 42
    vertex -0.736015141 -14.98193169 42
    vertex -0.3920685649 -3.980738878 42
  endloop
endfacet
facet normal -0 0 1
  outer loop
    vertex -0.736015141 -14.98193169 42
    vertex -2.755455352e-15 -15 42
    vertex -7.347881116e-16 -4 42
  endloop
endfacet
facet normal -0 0 1
  outer loop
    vertex -5.053347588 -14.12316132 42
    vertex -4.354269981 -14.354105 42
    vertex -1.347559452 -3.766176224 42
  endloop
endfacet
facet normal -0 0 1
  outer loop
    vertex -4.354269981 -14.354105 42
    vertex -3.644702673 -14.55046844 42
    vertex -1.161138654 -3.827761412 42
  endloop
endfacet
facet normal -0 0 1
  outer loop
    vertex -3.644702673 -14.55046844 42
    vertex -2.926354885 -14.71177959 42
    vertex -0.9719207287 -3.880125046 42
  endloop
endfacet
facet normal -0 0 1
  outer loop
    vertex -2.926354885 -14.71177959 42
    vertex -2.20095706 -14.83764744 42
    vertex -0.7803612947 -3.923141003 42
  endloop
endfacet
facet normal -0 0 1
  outer loop
    vertex -2.20095706 -14.83764744 42
    vertex -1.470257163 -14.92777061 42
    vertex -0.5869218707 -3.956706047 42
  endloop
endfacet
facet normal 0 -0 1
  outer loop
    vertex -2.926354885 -14.71177959 42
    vertex -0.7803612947 -3.923141003 42
    vertex -0.9719207287 -3.880125046 42
  endloop
endfacet
facet normal 0 -0 1
  outer loop
    vertex -2.20095706 -14.83764744 42
    vertex -0.5869218707 -3.956706047 42
    vertex -0.7803612947 -3.923141003 42
  endloop
endfacet
facet normal 0 -0 1
  outer loop
    vertex -1.470257163 -14.92777061 42
    vertex -0.3920685649 -3.980738878 42
    vertex -0.5869218707 -3.956706047 42
  endloop
endfacet
facet normal 0 -0 1
  outer loop
    vertex -0.736015141 -14.98193169 42
    vertex -0.1962707043 -3.995181799 42
    vertex -0.3920685649 -3.980738878 42
  endloop
endfacet
facet normal 0 -0 1
  outer loop
    vertex -0.736015141 -14.98193169 42
    vertex -7.347881116e-16 -4 42
    vertex -0.1962707043 -3.995181799 42
  endloop
endfacet
facet normal 0.9495280672 0.3136820836 -0
  outer loop
    vertex -3.827761412 -1.161138654 24
    vertex -3.827761412 -1.161138654 42
    vertex -3.766176224 -1.347559452 24
  endloop
endfacet
facet normal 0.9637760893 0.2667126726 -0
  outer loop
    vertex -3.827761412 -1.161138654 24
    vertex -3.880125046 -0.9719207287 24
    vertex -3.880125046 -0.9719207287 42
  endloop
endfacet
facet normal 0.9757022961 0.2191005007 -0
  outer loop
    vertex -3.880125046 -0.9719207287 24
    vertex -3.923141003 -0.7803612947 24
    vertex -3.923141003 -0.7803612947 42
  endloop
endfacet
facet normal 0.9852775392 0.1709624836 -0
  outer loop
    vertex -3.923141003 -0.7803612947 24
    vertex -3.956706047 -0.5869218707 24
    vertex -3.956706047 -0.5869218707 42
  endloop
endfacet
facet normal 0.9924795543 0.1224105154 -0
  outer loop
    vertex -3.956706047 -0.5869218707 24
    vertex -3.980738878 -0.3920685649 24
    vertex -3.980738878 -0.3920685649 42
  endloop
endfacet
facet normal 0.9972904556 0.0735645778 -0
  outer loop
    vertex -3.980738878 -0.3920685649 24
    vertex -3.995181799 -0.1962707043 24
    vertex -3.995181799 -0.1962707043 42
  endloop
endfacet
facet normal 0.9996988155 0.02454135942 -0
  outer loop
    vertex -3.995181799 -0.1962707043 24
    vertex -4 4.89858741e-16 24
    vertex -4 4.89858741e-16 42
  endloop
endfacet
facet normal 0.3136820836 0.9495280672 -0
  outer loop
    vertex -1.347559452 -3.766176224 24
    vertex -1.347559452 -3.766176224 42
    vertex -1.161138654 -3.827761412 24
  endloop
endfacet
facet normal 0.2667126726 0.9637760893 -0
  outer loop
    vertex -1.161138654 -3.827761412 24
    vertex -1.161138654 -3.827761412 42
    vertex -0.9719207287 -3.880125046 24
  endloop
endfacet
facet normal 0.2191005007 0.9757022961 -0
  outer loop
    vertex -0.9719207287 -3.880125046 24
    vertex -0.9719207287 -3.880125046 42
    vertex -0.7803612947 -3.923141003 24
  endloop
endfacet
facet normal 0.1709624836 0.9852775392 -0
  outer loop
    vertex -0.7803612947 -3.923141003 24
    vertex -0.7803612947 -3.923141003 42
    vertex -0.5869218707 -3.956706047 24
  endloop
endfacet
facet normal 0.1224105154 0.9924795543 -0
  outer loop
    vertex -0.5869218707 -3.956706047 24
    vertex -0.5869218707 -3.956706047 42
    vertex -0.3920685649 -3.980738878 24
  endloop
endfacet
facet normal 0.0735645778 0.9972904556 -0
  outer loop
    vertex -0.3920685649 -3.980738878 24
    vertex -0.3920685649 -3.980738878 42
    vertex -0.1962707043 -3.995181799 24
  endloop
endfacet
facet normal 0.02454135942 0.9996988155 -0
  outer loop
    vertex -0.1962707043 -3.995181799 24
    vertex -0.1962707043 -3.995181799 42
    vertex -7.347880586e-16 -4 24
  endloop
endfacet
facet normal -0 0 1
  outer loop
    vertex -3.325878382 -2.222280979 24
    vertex -3.212830067 -2.382797241 24
    vertex -2.008018732 -1.489248276 24
  endloop
endfacet
facet normal 0 -0 1
  outer loop
    vertex -3.325878382 -2.222280979 24
    vertex -2.078674078 -1.388925552 24
    vertex -3.430914402 -2.056411028 24
  endloop
endfacet
facet normal -0 0 1
  outer loop
    vertex -2.382797241 -3.212830067 24
    vertex -2.222280979 -3.325878382 24
    vertex -1.388925552 -2.078674078 24
  endloop
endfacet
facet normal -0 0 1
  outer loop
    vertex -2.963804483 -2.686235905 24
    vertex -2.828427076 -2.828427076 24
    vertex -1.767766953 -1.767766953 24
  endloop
endfacet
facet normal -0 0 1
  outer loop
    vertex -2.828427076 -2.828427076 24
    vertex -2.686235905 -2.963804483 24
    vertex -1.767766953 -1.767766953 24
  endloop
endfacet
facet normal -0 0 1
  outer loop
    vertex -3.212830067 -2.382797241 24
    vertex -3.092041731 -2.537573099 24
    vertex -1.932526112 -1.585983157 24
  endloop
endfacet
facet normal -0 0 1
  outer loop
    vertex -3.092041731 -2.537573099 24
    vertex -2.963804483 -2.686235905 24
    vertex -1.852377772 -1.678897381 24
  endloop
endfacet
facet normal -0 0 1
  outer loop
    vertex -2.686235905 -2.963804483 24
    vertex -2.537573099 -3.092041731 24
    vertex -1.678897381 -1.852377772 24
  endloop
endfacet
facet normal -0 0 1
  outer loop
    vertex -2.537573099 -3.092041731 24
    vertex -2.382797241 -3.212830067 24
    vertex -1.585983157 -1.932526112 24
  endloop
endfacet
facet normal 0 -0 1
  outer loop
    vertex -3.092041731 -2.537573099 24
    vertex -1.852377772 -1.678897381 24
    vertex -1.932526112 -1.585983157 24
  endloop
endfacet
facet normal 0 -0 1
  outer loop
    vertex -2.963804483 -2.686235905 24
    vertex -1.767766953 -1.767766953 24
    vertex -1.852377772 -1.678897381 24
  endloop
endfacet
facet normal 0 -0 1
  outer loop
    vertex -2.686235905 -2.963804483 24
    vertex -1.678897381 -1.852377772 24
    vertex -1.767766953 -1.767766953 24
  endloop
endfacet
facet normal 0 -0 1
  outer loop
    vertex -2.537573099 -3.092041731 24
    vertex -1.585983157 -1.932526112 24
    vertex -1.678897381 -1.852377772 24
  endloop
endfacet
facet normal -0 0 1
  outer loop
    vertex -3.827761412 -1.161138654 24
    vertex -3.766176224 -1.347559452 24
    vertex -2.392350912 -0.7257117033 24
  endloop
endfacet
facet normal 0 -0 1
  outer loop
    vertex -3.827761412 -1.161138654 24
    vertex -2.392350912 -0.7257117033 24
    vertex -3.880125046 -0.9719207287 24
  endloop
endfacet
facet normal 0 -0 1
  outer loop
    vertex -3.61595726 -1.710220337 24
    vertex -2.259973288 -1.068887711 24
    vertex -3.695518017 -1.530733705 24
  endloop
endfacet
facet normal 0 -0 1
  outer loop
    vertex -3.527685165 -1.885586977 24
    vertex -2.204803228 -1.178491831 24
    vertex -3.61595726 -1.710220337 24
  endloop
endfacet
facet normal 0 -0 1
  outer loop
    vertex -3.430914402 -2.056411028 24
    vertex -2.144321442 -1.285256863 24
    vertex -3.527685165 -1.885586977 24
  endloop
endfacet
facet normal 0 -0 1
  outer loop
    vertex -3.695518017 -1.530733705 24
    vertex -2.30969882 -0.9567086101 24
    vertex -3.766176224 -1.347559452 24
  endloop
endfacet
facet normal 0 -0 1
  outer loop
    vertex -3.766176224 -1.347559452 24
    vertex -2.35386014 -0.8422246575 24
    vertex -2.392350912 -0.7257117033 24
  endloop
endfacet
facet normal 0 -0 1
  outer loop
    vertex -3.880125046 -0.9719207287 24
    vertex -2.425078154 -0.6074504256 24
    vertex -3.923141003 -0.7803612947 24
  endloop
endfacet
facet normal 0 -0 1
  outer loop
    vertex -3.923141003 -0.7803612947 24
    vertex -2.451963186 -0.4877257943 24
    vertex -3.956706047 -0.5869218707 24
  endloop
endfacet
facet normal 0 -0 1
  outer loop
    vertex -3.956706047 -0.5869218707 24
    vertex -2.47294116 -0.3668261766 24
    vertex -3.980738878 -0.3920685649 24
  endloop
endfacet
facet normal 0 -0 1
  outer loop
    vertex -3.980738878 -0.3920685649 24
    vertex -2.487961769 -0.2450428456 24
    vertex -3.995181799 -0.1962707043 24
  endloop
endfacet
facet normal 0 -0 1
  outer loop
    vertex -3.995181799 -0.1962707043 24
    vertex -2.5 3.061616999e-16 24
    vertex -4 4.89858741e-16 24
  endloop
endfacet
facet normal 0 -0 1
  outer loop
    vertex -3.880125046 -0.9719207287 24
    vertex -2.392350912 -0.7257117033 24
    vertex -2.425078154 -0.6074504256 24
  endloop
endfacet
facet normal 0 -0 1
  outer loop
    vertex -3.956706047 -0.5869218707 24
    vertex -2.451963186 -0.4877257943 24
    vertex -2.47294116 -0.3668261766 24
  endloop
endfacet
facet normal 0 -0 1
  outer loop
    vertex -3.923141003 -0.7803612947 24
    vertex -2.425078154 -0.6074504256 24
    vertex -2.451963186 -0.4877257943 24
  endloop
endfacet
facet normal 0 -0 1
  outer loop
    vertex -3.980738878 -0.3920685649 24
    vertex -2.47294116 -0.3668261766 24
    vertex -2.487961769 -0.2450428456 24
  endloop
endfacet
facet normal -0 -0 1
  outer loop
    vertex -3.995181799 -0.1962707043 24
    vertex -2.487961769 -0.2450428456 24
    vertex -2.496988535 -0.1226691827 24
  endloop
endfacet
facet normal 0 -0 1
  outer loop
    vertex -3.995181799 -0.1962707043 24
    vertex -2.496988535 -0.1226691827 24
    vertex -2.5 3.061616999e-16 24
  endloop
endfacet
facet normal 0 -0 1
  outer loop
    vertex -3.527685165 -1.885586977 24
    vertex -2.144321442 -1.285256863 24
    vertex -2.204803228 -1.178491831 24
  endloop
endfacet
facet normal 0 -0 1
  outer loop
    vertex -3.212830067 -2.382797241 24
    vertex -1.932526112 -1.585983157 24
    vertex -2.008018732 -1.489248276 24
  endloop
endfacet
facet normal 0 -0 1
  outer loop
    vertex -3.325878382 -2.222280979 24
    vertex -2.008018732 -1.489248276 24
    vertex -2.078674078 -1.388925552 24
  endloop
endfacet
facet normal 0 -0 1
  outer loop
    vertex -3.430914402 -2.056411028 24
    vertex -2.078674078 -1.388925552 24
    vertex -2.144321442 -1.285256863 24
  endloop
endfacet
facet normal 0 -0 1
  outer loop
    vertex -3.695518017 -1.530733705 24
    vertex -2.259973288 -1.068887711 24
    vertex -2.30969882 -0.9567086101 24
  endloop
endfacet
facet normal 0 -0 1
  outer loop
    vertex -3.61595726 -1.710220337 24
    vertex -2.204803228 -1.178491831 24
    vertex -2.259973288 -1.068887711 24
  endloop
endfacet
facet normal 0 -0 1
  outer loop
    vertex -3.766176224 -1.347559452 24
    vertex -2.30969882 -0.9567086101 24
    vertex -2.35386014 -0.8422246575 24
  endloop
endfacet
facet normal -0 0 1
  outer loop
    vertex -2.056411028 -3.430914402 24
    vertex -1.885586977 -3.527685165 24
    vertex -1.178491831 -2.204803228 24
  endloop
endfacet
facet normal -0 0 1
  outer loop
    vertex -2.222280979 -3.325878382 24
    vertex -2.056411028 -3.430914402 24
    vertex -1.388925552 -2.078674078 24
  endloop
endfacet
facet normal -0 0 1
  outer loop
    vertex -1.885586977 -3.527685165 24
    vertex -1.710220337 -3.61595726 24
    vertex -1.178491831 -2.204803228 24
  endloop
endfacet
facet normal -0 0 1
  outer loop
    vertex -1.710220337 -3.61595726 24
    vertex -1.530733705 -3.695518017 24
    vertex -1.068887711 -2.259973288 24
  endloop
endfacet
facet normal -0 0 1
  outer loop
    vertex -1.347559452 -3.766176224 24
    vertex -1.161138654 -3.827761412 24
    vertex -0.7257117033 -2.392350912 24
  endloop
endfacet
facet normal 0 -0 1
  outer loop
    vertex -1.347559452 -3.766176224 24
    vertex -0.8422246575 -2.35386014 24
    vertex -1.530733705 -3.695518017 24
  endloop
endfacet
facet normal 0 -0 1
  outer loop
    vertex -1.347559452 -3.766176224 24
    vertex -0.7257117033 -2.392350912 24
    vertex -0.8422246575 -2.35386014 24
  endloop
endfacet
facet normal 0 -0 1
  outer loop
    vertex -2.382797241 -3.212830067 24
    vertex -1.489248276 -2.008018732 24
    vertex -1.585983157 -1.932526112 24
  endloop
endfacet
facet normal 0 -0 1
  outer loop
    vertex -2.382797241 -3.212830067 24
    vertex -1.388925552 -2.078674078 24
    vertex -1.489248276 -2.008018732 24
  endloop
endfacet
facet normal 0 -0 1
  outer loop
    vertex -2.056411028 -3.430914402 24
    vertex -1.178491831 -2.204803228 24
    vertex -1.285256863 -2.144321442 24
  endloop
endfacet
facet normal 0 -0 1
  outer loop
    vertex -2.056411028 -3.430914402 24
    vertex -1.285256863 -2.144321442 24
    vertex -1.388925552 -2.078674078 24
  endloop
endfacet
facet normal 0 -0 1
  outer loop
    vertex -1.710220337 -3.61595726 24
    vertex -1.068887711 -2.259973288 24
    vertex -1.178491831 -2.204803228 24
  endloop
endfacet
facet normal 0 -0 1
  outer loop
    vertex -1.530733705 -3.695518017 24
    vertex -0.9567086101 -2.30969882 24
    vertex -1.068887711 -2.259973288 24
  endloop
endfacet
facet normal 0 -0 1
  outer loop
    vertex -1.530733705 -3.695518017 24
    vertex -0.8422246575 -2.35386014 24
    vertex -0.9567086101 -2.30969882 24
  endloop
endfacet
facet normal -0 0 1
  outer loop
    vertex -1.161138654 -3.827761412 24
    vertex -0.9719207287 -3.880125046 24
    vertex -0.6074504256 -2.425078154 24
  endloop
endfacet
facet normal -0 0 1
  outer loop
    vertex -0.9719207287 -3.880125046 24
    vertex -0.7803612947 -3.923141003 24
    vertex -0.6074504256 -2.425078154 24
  endloop
endfacet
facet normal -0 0 1
  outer loop
    vertex -0.7803612947 -3.923141003 24
    vertex -0.5869218707 -3.956706047 24
    vertex -0.4877257943 -2.451963186 24
  endloop
endfacet
facet normal 0 -0 1
  outer loop
    vertex -1.161138654 -3.827761412 24
    vertex -0.6074504256 -2.425078154 24
    vertex -0.7257117033 -2.392350912 24
  endloop
endfacet
facet normal 0 -0 1
  outer loop
    vertex -0.7803612947 -3.923141003 24
    vertex -0.4877257943 -2.451963186 24
    vertex -0.6074504256 -2.425078154 24
  endloop
endfacet
facet normal -0 0 1
  outer loop
    vertex -0.5869218707 -3.956706047 24
    vertex -0.3920685649 -3.980738878 24
    vertex -0.2450428456 -2.487961769 24
  endloop
endfacet
facet normal -0 -0 1
  outer loop
    vertex -0.3920685649 -3.980738878 24
    vertex -0.1962707043 -3.995181799 24
    vertex -0.2450428456 -2.487961769 24
  endloop
endfacet
facet normal -0 0 1
  outer loop
    vertex -0.1962707043 -3.995181799 24
    vertex -7.347880586e-16 -4 24
    vertex -4.592425234e-16 -2.5 24
  endloop
endfacet
facet normal 0 -0 1
  outer loop
    vertex -0.5869218707 -3.956706047 24
    vertex -0.3668261766 -2.47294116 24
    vertex -0.4877257943 -2.451963186 24
  endloop
endfacet
facet normal 0 -0 1
  outer loop
    vertex -0.5869218707 -3.956706047 24
    vertex -0.2450428456 -2.487961769 24
    vertex -0.3668261766 -2.47294116 24
  endloop
endfacet
facet normal 0 -0 1
  outer loop
    vertex -0.1962707043 -3.995181799 24
    vertex -0.1226691827 -2.496988535 24
    vertex -0.2450428456 -2.487961769 24
  endloop
endfacet
facet normal 0 -0 1
  outer loop
    vertex -0.1962707043 -3.995181799 24
    vertex -4.592425234e-16 -2.5 24
    vertex -0.1226691827 -2.496988535 24
  endloop
endfacet
facet normal 0.8448534914 0.5349977364 -0
  outer loop
    vertex -3.325878382 -2.222280979 24
    vertex -3.430914402 -2.056411028 24
    vertex -3.430914402 -2.056411028 42
  endloop
endfacet
facet normal 0.8700866987 0.4928987084 -0
  outer loop
    vertex -3.430914402 -2.056411028 24
    vertex -3.527685165 -1.885586977 24
    vertex -3.527685165 -1.885586977 42
  endloop
endfacet
facet normal 0.7883462529 0.6152318145 -0
  outer loop
    vertex -3.212830067 -2.382797241 24
    vertex -3.212830067 -2.382797241 42
    vertex -3.092041731 -2.537573099 24
  endloop
endfacet
facet normal 0.7572092761 0.653172345 -0
  outer loop
    vertex -3.092041731 -2.537573099 24
    vertex -3.092041731 -2.537573099 42
    vertex -2.963804483 -2.686235905 24
  endloop
endfacet
facet normal 0.7242466818 0.6895409661 -0
  outer loop
    vertex -2.963804483 -2.686235905 24
    vertex -2.963804483 -2.686235905 42
    vertex -2.828427076 -2.828427076 24
  endloop
endfacet
facet normal 0.8175847927 0.5758082205 -0
  outer loop
    vertex -3.325878382 -2.222280979 24
    vertex -3.325878382 -2.222280979 42
    vertex -3.212830067 -2.382797241 24
  endloop
endfacet
facet normal 0.6895409661 0.7242466818 -0
  outer loop
    vertex -2.828427076 -2.828427076 24
    vertex -2.828427076 -2.828427076 42
    vertex -2.686235905 -2.963804483 24
  endloop
endfacet
facet normal 0.653172345 0.7572092761 -0
  outer loop
    vertex -2.686235905 -2.963804483 24
    vertex -2.686235905 -2.963804483 42
    vertex -2.537573099 -3.092041731 24
  endloop
endfacet
facet normal 0.6152318145 0.7883462529 -0
  outer loop
    vertex -2.537573099 -3.092041731 24
    vertex -2.537573099 -3.092041731 42
    vertex -2.382797241 -3.212830067 24
  endloop
endfacet
facet normal 0.5349977364 0.8448534914 -0
  outer loop
    vertex -2.222280979 -3.325878382 24
    vertex -2.222280979 -3.325878382 42
    vertex -2.056411028 -3.430914402 24
  endloop
endfacet
facet normal 0.4928987084 0.8700866987 -0
  outer loop
    vertex -2.056411028 -3.430914402 24
    vertex -2.056411028 -3.430914402 42
    vertex -1.885586977 -3.527685165 24
  endloop
endfacet
facet normal 0.5758082205 0.8175847927 -0
  outer loop
    vertex -2.382797241 -3.212830067 24
    vertex -2.382797241 -3.212830067 42
    vertex -2.222280979 -3.325878382 24
  endloop
endfacet
facet normal 0.8932244114 0.4496111108 -0
  outer loop
    vertex -3.527685165 -1.885586977 24
    vertex -3.61595726 -1.710220337 24
    vertex -3.61595726 -1.710220337 42
  endloop
endfacet
facet normal 0.9142101248 0.4052404814 -0
  outer loop
    vertex -3.61595726 -1.710220337 24
    vertex -3.695518017 -1.530733705 24
    vertex -3.695518017 -1.530733705 42
  endloop
endfacet
facet normal 0.9329926266 0.359895483 -0
  outer loop
    vertex -3.695518017 -1.530733705 24
    vertex -3.766176224 -1.347559452 24
    vertex -3.766176224 -1.347559452 42
  endloop
endfacet
facet normal 0.4496111108 0.8932244114 -0
  outer loop
    vertex -1.885586977 -3.527685165 24
    vertex -1.885586977 -3.527685165 42
    vertex -1.710220337 -3.61595726 24
  endloop
endfacet
facet normal 0.4052404814 0.9142101248 -0
  outer loop
    vertex -1.710220337 -3.61595726 24
    vertex -1.710220337 -3.61595726 42
    vertex -1.530733705 -3.695518017 24
  endloop
endfacet
facet normal 0.359895483 0.9329926266 -0
  outer loop
    vertex -1.347559452 -3.766176224 24
    vertex -1.530733705 -3.695518017 24
    vertex -1.530733705 -3.695518017 42
  endloop
endfacet
facet normal 0 -0 1
  outer loop
    vertex -12.8659296 -7.711541176 42
    vertex -3.430914402 -2.056411028 42
    vertex -3.527685165 -1.885586977 42
  endloop
endfacet
facet normal 0 -0 1
  outer loop
    vertex -11.59515667 -9.515899658 42
    vertex -3.092041731 -2.537573099 42
    vertex -3.212830067 -2.382797241 42
  endloop
endfacet
facet normal 0 -0 1
  outer loop
    vertex -11.11426735 -10.07338428 42
    vertex -2.963804483 -2.686235905 42
    vertex -3.092041731 -2.537573099 42
  endloop
endfacet
facet normal 0 -0 1
  outer loop
    vertex -12.04811287 -8.935489655 42
    vertex -3.212830067 -2.382797241 42
    vertex -3.325878382 -2.222280979 42
  endloop
endfacet
facet normal 0 -0 1
  outer loop
    vertex -12.47204399 -8.333553314 42
    vertex -3.325878382 -2.222280979 42
    vertex -3.430914402 -2.056411028 42
  endloop
endfacet
facet normal 0 -0 1
  outer loop
    vertex -9.515899658 -11.59515667 42
    vertex -2.537573099 -3.092041731 42
    vertex -2.686235905 -2.963804483 42
  endloop
endfacet
facet normal 0 -0 1
  outer loop
    vertex -9.515899658 -11.59515667 42
    vertex -2.382797241 -3.212830067 42
    vertex -2.537573099 -3.092041731 42
  endloop
endfacet
facet normal 0 -0 1
  outer loop
    vertex -8.935489655 -12.04811287 42
    vertex -2.222280979 -3.325878382 42
    vertex -2.382797241 -3.212830067 42
  endloop
endfacet
facet normal 0 -0 1
  outer loop
    vertex -8.333553314 -12.47204399 42
    vertex -2.056411028 -3.430914402 42
    vertex -2.222280979 -3.325878382 42
  endloop
endfacet
facet normal 0 -0 1
  outer loop
    vertex -10.60660172 -10.60660172 42
    vertex -2.828427076 -2.828427076 42
    vertex -2.963804483 -2.686235905 42
  endloop
endfacet
facet normal 0 -0 1
  outer loop
    vertex -10.60660172 -10.60660172 42
    vertex -2.686235905 -2.963804483 42
    vertex -2.828427076 -2.828427076 42
  endloop
endfacet
facet normal 0.9495280672 0.3136820836 0
  outer loop
    vertex -3.766176224 -1.347559452 24
    vertex -3.827761412 -1.161138654 42
    vertex -3.766176224 -1.347559452 42
  endloop
endfacet
facet normal 0.9637760893 0.2667126726 0
  outer loop
    vertex -3.827761412 -1.161138654 24
    vertex -3.880125046 -0.9719207287 42
    vertex -3.827761412 -1.161138654 42
  endloop
endfacet
facet normal 0.9757022961 0.2191005007 0
  outer loop
    vertex -3.880125046 -0.9719207287 24
    vertex -3.923141003 -0.7803612947 42
    vertex -3.880125046 -0.9719207287 42
  endloop
endfacet
facet normal 0.9852775392 0.1709624836 0
  outer loop
    vertex -3.923141003 -0.7803612947 24
    vertex -3.956706047 -0.5869218707 42
    vertex -3.923141003 -0.7803612947 42
  endloop
endfacet
facet normal 0.9924795543 0.1224105154 0
  outer loop
    vertex -3.956706047 -0.5869218707 24
    vertex -3.980738878 -0.3920685649 42
    vertex -3.956706047 -0.5869218707 42
  endloop
endfacet
facet normal 0.9972904556 0.0735645778 0
  outer loop
    vertex -3.980738878 -0.3920685649 24
    vertex -3.995181799 -0.1962707043 42
    vertex -3.980738878 -0.3920685649 42
  endloop
endfacet
facet normal 0.9996988155 0.02454135942 0
  outer loop
    vertex -3.995181799 -0.1962707043 24
    vertex -4 4.89858741e-16 42
    vertex -3.995181799 -0.1962707043 42
  endloop
endfacet
facet normal 0 -0 1
  outer loop
    vertex -13.8581934 -5.740251541 42
    vertex -3.61595726 -1.710220337 42
    vertex -3.695518017 -1.530733705 42
  endloop
endfacet
facet normal 0 -0 1
  outer loop
    vertex -13.8581934 -5.740251541 42
    vertex -3.695518017 -1.530733705 42
    vertex -3.766176224 -1.347559452 42
  endloop
endfacet
facet normal 0 -0 1
  outer loop
    vertex -13.55983925 -6.413326263 42
    vertex -3.527685165 -1.885586977 42
    vertex -3.61595726 -1.710220337 42
  endloop
endfacet
facet normal 0 -0 1
  outer loop
    vertex -14.12316132 -5.053347588 42
    vertex -3.766176224 -1.347559452 42
    vertex -3.827761412 -1.161138654 42
  endloop
endfacet
facet normal 0 -0 1
  outer loop
    vertex -14.55046844 -3.644702673 42
    vertex -3.827761412 -1.161138654 42
    vertex -3.880125046 -0.9719207287 42
  endloop
endfacet
facet normal 0 -0 1
  outer loop
    vertex -14.71177959 -2.926354885 42
    vertex -3.880125046 -0.9719207287 42
    vertex -3.923141003 -0.7803612947 42
  endloop
endfacet
facet normal 0.3136820836 0.9495280672 0
  outer loop
    vertex -1.161138654 -3.827761412 24
    vertex -1.347559452 -3.766176224 42
    vertex -1.161138654 -3.827761412 42
  endloop
endfacet
facet normal 0.2667126726 0.9637760893 0
  outer loop
    vertex -0.9719207287 -3.880125046 24
    vertex -1.161138654 -3.827761412 42
    vertex -0.9719207287 -3.880125046 42
  endloop
endfacet
facet normal 0.2191005007 0.9757022961 0
  outer loop
    vertex -0.7803612947 -3.923141003 24
    vertex -0.9719207287 -3.880125046 42
    vertex -0.7803612947 -3.923141003 42
  endloop
endfacet
facet normal 0.1709624836 0.9852775392 0
  outer loop
    vertex -0.5869218707 -3.956706047 24
    vertex -0.7803612947 -3.923141003 42
    vertex -0.5869218707 -3.956706047 42
  endloop
endfacet
facet normal 0.1224105154 0.9924795543 0
  outer loop
    vertex -0.3920685649 -3.980738878 24
    vertex -0.5869218707 -3.956706047 42
    vertex -0.3920685649 -3.980738878 42
  endloop
endfacet
facet normal 0.0735645778 0.9972904556 0
  outer loop
    vertex -0.1962707043 -3.995181799 24
    vertex -0.3920685649 -3.980738878 42
    vertex -0.1962707043 -3.995181799 42
  endloop
endfacet
facet normal 0.02454135942 0.9996988155 7.217826389e-26
  outer loop
    vertex -0.1962707043 -3.995181799 42
    vertex -7.347881116e-16 -4 42
    vertex -7.347880586e-16 -4 24
  endloop
endfacet
facet normal 0 -0 1
  outer loop
    vertex -7.070950985 -13.22881889 42
    vertex -1.885586977 -3.527685165 42
    vertex -2.056411028 -3.430914402 42
  endloop
endfacet
facet normal 0 -0 1
  outer loop
    vertex -6.413326263 -13.55983925 42
    vertex -1.710220337 -3.61595726 42
    vertex -1.885586977 -3.527685165 42
  endloop
endfacet
facet normal 0 -0 1
  outer loop
    vertex -5.740251541 -13.8581934 42
    vertex -1.530733705 -3.695518017 42
    vertex -1.710220337 -3.61595726 42
  endloop
endfacet
facet normal 0 -0 1
  outer loop
    vertex -5.740251541 -13.8581934 42
    vertex -1.347559452 -3.766176224 42
    vertex -1.530733705 -3.695518017 42
  endloop
endfacet
facet normal 0 -0 1
  outer loop
    vertex -4.354269981 -14.354105 42
    vertex -1.161138654 -3.827761412 42
    vertex -1.347559452 -3.766176224 42
  endloop
endfacet
facet normal 0 -0 1
  outer loop
    vertex -3.644702673 -14.55046844 42
    vertex -0.9719207287 -3.880125046 42
    vertex -1.161138654 -3.827761412 42
  endloop
endfacet
facet normal 0.8448534914 0.5349977364 0
  outer loop
    vertex -3.325878382 -2.222280979 24
    vertex -3.430914402 -2.056411028 42
    vertex -3.325878382 -2.222280979 42
  endloop
endfacet
facet normal 0.8700866987 0.4928987084 0
  outer loop
    vertex -3.430914402 -2.056411028 24
    vertex -3.527685165 -1.885586977 42
    vertex -3.430914402 -2.056411028 42
  endloop
endfacet
facet normal 0.7883462529 0.6152318145 0
  outer loop
    vertex -3.092041731 -2.537573099 24
    vertex -3.212830067 -2.382797241 42
    vertex -3.092041731 -2.537573099 42
  endloop
endfacet
facet normal 0.7572092761 0.653172345 0
  outer loop
    vertex -2.963804483 -2.686235905 24
    vertex -3.092041731 -2.537573099 42
    vertex -2.963804483 -2.686235905 42
  endloop
endfacet
facet normal 0.7242466818 0.6895409661 0
  outer loop
    vertex -2.828427076 -2.828427076 24
    vertex -2.963804483 -2.686235905 42
    vertex -2.828427076 -2.828427076 42
  endloop
endfacet
facet normal 0.8175847927 0.5758082205 0
  outer loop
    vertex -3.212830067 -2.382797241 24
    vertex -3.325878382 -2.222280979 42
    vertex -3.212830067 -2.382797241 42
  endloop
endfacet
facet normal 0.6895409661 0.7242466818 0
  outer loop
    vertex -2.686235905 -2.963804483 24
    vertex -2.828427076 -2.828427076 42
    vertex -2.686235905 -2.963804483 42
  endloop
endfacet
facet normal 0.653172345 0.7572092761 0
  outer loop
    vertex -2.537573099 -3.092041731 24
    vertex -2.686235905 -2.963804483 42
    vertex -2.537573099 -3.092041731 42
  endloop
endfacet
facet normal 0.6152318145 0.7883462529 0
  outer loop
    vertex -2.382797241 -3.212830067 24
    vertex -2.537573099 -3.092041731 42
    vertex -2.382797241 -3.212830067 42
  endloop
endfacet
facet normal 0.5758082205 0.8175847927 0
  outer loop
    vertex -2.222280979 -3.325878382 24
    vertex -2.382797241 -3.212830067 42
    vertex -2.222280979 -3.325878382 42
  endloop
endfacet
facet normal 0.5349977364 0.8448534914 0
  outer loop
    vertex -2.056411028 -3.430914402 24
    vertex -2.222280979 -3.325878382 42
    vertex -2.056411028 -3.430914402 42
  endloop
endfacet
facet normal 0.4928987084 0.8700866987 0
  outer loop
    vertex -1.885586977 -3.527685165 24
    vertex -2.056411028 -3.430914402 42
    vertex -1.885586977 -3.527685165 42
  endloop
endfacet
facet normal 0.8932244114 0.4496111108 0
  outer loop
    vertex -3.527685165 -1.885586977 24
    vertex -3.61595726 -1.710220337 42
    vertex -3.527685165 -1.885586977 42
  endloop
endfacet
facet normal 0.9142101248 0.4052404814 0
  outer loop
    vertex -3.61595726 -1.710220337 24
    vertex -3.695518017 -1.530733705 42
    vertex -3.61595726 -1.710220337 42
  endloop
endfacet
facet normal 0.9329926266 0.359895483 0
  outer loop
    vertex -3.695518017 -1.530733705 24
    vertex -3.766176224 -1.347559452 42
    vertex -3.695518017 -1.530733705 42
  endloop
endfacet
facet normal 0.4496111108 0.8932244114 0
  outer loop
    vertex -1.710220337 -3.61595726 24
    vertex -1.885586977 -3.527685165 42
    vertex -1.710220337 -3.61595726 42
  endloop
endfacet
facet normal 0.4052404814 0.9142101248 0
  outer loop
    vertex -1.530733705 -3.695518017 24
    vertex -1.710220337 -3.61595726 42
    vertex -1.530733705 -3.695518017 42
  endloop
endfacet
facet normal 0.359895483 0.9329926266 0
  outer loop
    vertex -1.347559452 -3.766176224 24
    vertex -1.530733705 -3.695518017 42
    vertex -1.347559452 -3.766176224 42
  endloop
endfacet
facet normal 0 0 -1
  outer loop
    vertex -15 1.836970094e-15 0
    vertex -14.98193169 0.736015141 0
    vertex -2.5 3.061616734e-16 0
  endloop
endfacet
facet normal 0 0 -1
  outer loop
    vertex -14.98193169 0.736015141 0
    vertex -14.92777061 1.470257163 0
    vertex -2.487961769 0.2450428456 0
  endloop
endfacet
facet normal 0 0 -1
  outer loop
    vertex -14.92777061 1.470257163 0
    vertex -14.83764744 2.20095706 0
    vertex -2.487961769 0.2450428456 0
  endloop
endfacet
facet normal 0 0 -1
  outer loop
    vertex -14.83764744 2.20095706 0
    vertex -14.71177959 2.926354885 0
    vertex -2.451963186 0.4877257943 0
  endloop
endfacet
facet normal 0 0 -1
  outer loop
    vertex -14.71177959 2.926354885 0
    vertex -14.55046844 3.644702673 0
    vertex -2.425078154 0.6074504256 0
  endloop
endfacet
facet normal 0 0 -1
  outer loop
    vertex -14.55046844 3.644702673 0
    vertex -14.354105 4.354269981 0
    vertex -2.425078154 0.6074504256 0
  endloop
endfacet
facet normal 0 0 -1
  outer loop
    vertex -14.354105 4.354269981 0
    vertex -14.12316132 5.053347588 0
    vertex -2.392350912 0.7257117033 0
  endloop
endfacet
facet normal 0 0 -1
  outer loop
    vertex -14.12316132 5.053347588 0
    vertex -13.8581934 5.740251541 0
    vertex -2.35386014 0.8422246575 0
  endloop
endfacet
facet normal 0 0 -1
  outer loop
    vertex -13.8581934 5.740251541 0
    vertex -13.55983925 6.413326263 0
    vertex -2.259973288 1.068887711 0
  endloop
endfacet
facet normal 0 0 -1
  outer loop
    vertex -13.55983925 6.413326263 0
    vertex -13.22881889 7.070950985 0
    vertex -2.204803228 1.178491831 0
  endloop
endfacet
facet normal 0 0 -1
  outer loop
    vertex -13.22881889 7.070950985 0
    vertex -12.8659296 7.711541176 0
    vertex -2.204803228 1.178491831 0
  endloop
endfacet
facet normal 0 0 -1
  outer loop
    vertex -12.8659296 7.711541176 0
    vertex -12.47204399 8.333553314 0
    vertex -2.078674078 1.388925552 0
  endloop
endfacet
facet normal 0 0 -1
  outer loop
    vertex -12.47204399 8.333553314 0
    vertex -12.04811287 8.935489655 0
    vertex -2.078674078 1.388925552 0
  endloop
endfacet
facet normal 0 0 -1
  outer loop
    vertex -12.04811287 8.935489655 0
    vertex -11.59515667 9.515899658 0
    vertex -1.932526112 1.585983157 0
  endloop
endfacet
facet normal 0 0 -1
  outer loop
    vertex -11.59515667 9.515899658 0
    vertex -11.11426735 10.07338428 0
    vertex -1.932526112 1.585983157 0
  endloop
endfacet
facet normal 0 0 -1
  outer loop
    vertex -11.11426735 10.07338428 0
    vertex -10.60660172 10.60660172 0
    vertex -1.767766953 1.767766953 0
  endloop
endfacet
facet normal -0.9996988135 0.02454144033 0
  outer loop
    vertex -15 1.836970094e-15 0
    vertex -14.98193169 0.736015141 42
    vertex -14.98193169 0.736015141 0
  endloop
endfacet
facet normal -0.9972904441 0.07356473438 0
  outer loop
    vertex -14.98193169 0.736015141 0
    vertex -14.92777061 1.470257163 42
    vertex -14.92777061 1.470257163 0
  endloop
endfacet
facet normal -0.9924795445 0.1224105951 0
  outer loop
    vertex -14.92777061 1.470257163 0
    vertex -14.83764744 2.20095706 42
    vertex -14.83764744 2.20095706 0
  endloop
endfacet
facet normal -0.9852777841 0.1709610723 0
  outer loop
    vertex -14.83764744 2.20095706 0
    vertex -14.71177959 2.926354885 42
    vertex -14.71177959 2.926354885 0
  endloop
endfacet
facet normal -0.9757019095 0.2191022223 0
  outer loop
    vertex -14.71177959 2.926354885 0
    vertex -14.55046844 3.644702673 42
    vertex -14.55046844 3.644702673 0
  endloop
endfacet
facet normal -0.9637761603 0.2667124158 0
  outer loop
    vertex -14.55046844 3.644702673 0
    vertex -14.354105 4.354269981 42
    vertex -14.354105 4.354269981 0
  endloop
endfacet
facet normal -0.9495283289 0.3136812915 0
  outer loop
    vertex -14.354105 4.354269981 0
    vertex -14.12316132 5.053347588 42
    vertex -14.12316132 5.053347588 0
  endloop
endfacet
facet normal -0.9329928788 0.3598948291 0
  outer loop
    vertex -14.12316132 5.053347588 0
    vertex -13.8581934 5.740251541 42
    vertex -13.8581934 5.740251541 0
  endloop
endfacet
facet normal -0.9142094317 0.405242045 0
  outer loop
    vertex -13.8581934 5.740251541 0
    vertex -13.55983925 6.413326263 42
    vertex -13.55983925 6.413326263 0
  endloop
endfacet
facet normal -0.8932243623 0.4496112084 0
  outer loop
    vertex -13.55983925 6.413326263 0
    vertex -13.22881889 7.070950985 42
    vertex -13.22881889 7.070950985 0
  endloop
endfacet
facet normal -0.8700873237 0.4928976052 0
  outer loop
    vertex -13.22881889 7.070950985 0
    vertex -12.8659296 7.711541176 42
    vertex -12.8659296 7.711541176 0
  endloop
endfacet
facet normal -0.8448530926 0.5349983663 0
  outer loop
    vertex -12.8659296 7.711541176 0
    vertex -12.47204399 8.333553314 42
    vertex -12.47204399 8.333553314 0
  endloop
endfacet
facet normal -0.8175849918 0.5758079377 0
  outer loop
    vertex -12.47204399 8.333553314 0
    vertex -12.04811287 8.935489655 42
    vertex -12.04811287 8.935489655 0
  endloop
endfacet
facet normal -0.7883465679 0.6152314108 0
  outer loop
    vertex -12.04811287 8.935489655 0
    vertex -11.59515667 9.515899658 42
    vertex -11.59515667 9.515899658 0
  endloop
endfacet
facet normal -0.7572089982 0.6531726671 0
  outer loop
    vertex -11.59515667 9.515899658 0
    vertex -11.11426735 10.07338428 42
    vertex -11.11426735 10.07338428 0
  endloop
endfacet
facet normal -0.7242467857 0.689540857 0
  outer loop
    vertex -11.11426735 10.07338428 0
    vertex -10.60660172 10.60660172 42
    vertex -10.60660172 10.60660172 0
  endloop
endfacet
facet normal -0.689540857 0.7242467857 0
  outer loop
    vertex -10.60660172 10.60660172 0
    vertex -10.07338428 11.11426735 42
    vertex -10.07338428 11.11426735 0
  endloop
endfacet
facet normal -0.6531726671 0.7572089982 0
  outer loop
    vertex -10.07338428 11.11426735 0
    vertex -9.515899658 11.59515667 42
    vertex -9.515899658 11.59515667 0
  endloop
endfacet
facet normal -0.6152314108 0.7883465679 0
  outer loop
    vertex -9.515899658 11.59515667 0
    vertex -8.935489655 12.04811287 42
    vertex -8.935489655 12.04811287 0
  endloop
endfacet
facet normal -0.5758079377 0.8175849918 0
  outer loop
    vertex -8.935489655 12.04811287 0
    vertex -8.333553314 12.47204399 42
    vertex -8.333553314 12.47204399 0
  endloop
endfacet
facet normal -0.5349983663 0.8448530926 0
  outer loop
    vertex -8.333553314 12.47204399 0
    vertex -7.711541176 12.8659296 42
    vertex -7.711541176 12.8659296 0
  endloop
endfacet
facet normal 0 -0 -1
  outer loop
    vertex -14.98193169 0.736015141 0
    vertex -2.496988535 0.1226691827 0
    vertex -2.5 3.061616734e-16 0
  endloop
endfacet
facet normal 0 -0 -1
  outer loop
    vertex -14.98193169 0.736015141 0
    vertex -2.487961769 0.2450428456 0
    vertex -2.496988535 0.1226691827 0
  endloop
endfacet
facet normal 0 -0 -1
  outer loop
    vertex -14.83764744 2.20095706 0
    vertex -2.47294116 0.3668261766 0
    vertex -2.487961769 0.2450428456 0
  endloop
endfacet
facet normal 0 -0 -1
  outer loop
    vertex -14.83764744 2.20095706 0
    vertex -2.451963186 0.4877257943 0
    vertex -2.47294116 0.3668261766 0
  endloop
endfacet
facet normal 0 -0 -1
  outer loop
    vertex -14.71177959 2.926354885 0
    vertex -2.425078154 0.6074504256 0
    vertex -2.451963186 0.4877257943 0
  endloop
endfacet
facet normal 0 -0 -1
  outer loop
    vertex -14.354105 4.354269981 0
    vertex -2.392350912 0.7257117033 0
    vertex -2.425078154 0.6074504256 0
  endloop
endfacet
facet normal 0 -0 -1
  outer loop
    vertex -14.12316132 5.053347588 0
    vertex -2.35386014 0.8422246575 0
    vertex -2.392350912 0.7257117033 0
  endloop
endfacet
facet normal 0 -0 -1
  outer loop
    vertex -13.8581934 5.740251541 0
    vertex -2.30969882 0.9567086101 0
    vertex -2.35386014 0.8422246575 0
  endloop
endfacet
facet normal 0 -0 -1
  outer loop
    vertex -13.8581934 5.740251541 0
    vertex -2.259973288 1.068887711 0
    vertex -2.30969882 0.9567086101 0
  endloop
endfacet
facet normal 0 -0 -1
  outer loop
    vertex -13.55983925 6.413326263 0
    vertex -2.204803228 1.178491831 0
    vertex -2.259973288 1.068887711 0
  endloop
endfacet
facet normal 0 -0 -1
  outer loop
    vertex -12.8659296 7.711541176 0
    vertex -2.144321442 1.285256863 0
    vertex -2.204803228 1.178491831 0
  endloop
endfacet
facet normal 0 -0 -1
  outer loop
    vertex -12.8659296 7.711541176 0
    vertex -2.078674078 1.388925552 0
    vertex -2.144321442 1.285256863 0
  endloop
endfacet
facet normal 0 -0 -1
  outer loop
    vertex -12.04811287 8.935489655 0
    vertex -2.008018732 1.489248276 0
    vertex -2.078674078 1.388925552 0
  endloop
endfacet
facet normal 0 -0 -1
  outer loop
    vertex -12.04811287 8.935489655 0
    vertex -1.932526112 1.585983157 0
    vertex -2.008018732 1.489248276 0
  endloop
endfacet
facet normal 0 -0 -1
  outer loop
    vertex -11.11426735 10.07338428 0
    vertex -1.852377772 1.678897381 0
    vertex -1.932526112 1.585983157 0
  endloop
endfacet
facet normal 0 -0 -1
  outer loop
    vertex -11.11426735 10.07338428 0
    vertex -1.767766953 1.767766953 0
    vertex -1.852377772 1.678897381 0
  endloop
endfacet
facet normal 0 -0 -1
  outer loop
    vertex -10.07338428 11.11426735 0
    vertex -1.678897381 1.852377772 0
    vertex -1.767766953 1.767766953 0
  endloop
endfacet
facet normal 0 -0 -1
  outer loop
    vertex -9.515899658 11.59515667 0
    vertex -1.585983157 1.932526112 0
    vertex -1.678897381 1.852377772 0
  endloop
endfacet
facet normal 0 -0 -1
  outer loop
    vertex -8.935489655 12.04811287 0
    vertex -1.489248276 2.008018732 0
    vertex -1.585983157 1.932526112 0
  endloop
endfacet
facet normal 0.9996987976 -0.0245420891 0
  outer loop
    vertex -2.5 3.061616734e-16 0
    vertex -2.496988535 0.1226691827 0
    vertex -2.496988535 0.1226691827 24
  endloop
endfacet
facet normal 0.9972904913 -0.07356409468 0
  outer loop
    vertex -2.496988535 0.1226691827 0
    vertex -2.487961769 0.2450428456 0
    vertex -2.487961769 0.2450428456 24
  endloop
endfacet
facet normal 0.9924794676 -0.1224112183 0
  outer loop
    vertex -2.487961769 0.2450428456 0
    vertex -2.47294116 0.3668261766 0
    vertex -2.47294116 0.3668261766 24
  endloop
endfacet
facet normal 0.9852777793 -0.1709610996 0
  outer loop
    vertex -2.47294116 0.3668261766 0
    vertex -2.451963186 0.4877257943 0
    vertex -2.451963186 0.4877257943 24
  endloop
endfacet
facet normal 0.9757021864 -0.2191009891 0
  outer loop
    vertex -2.451963186 0.4877257943 0
    vertex -2.425078154 0.6074504256 0
    vertex -2.425078154 0.6074504256 24
  endloop
endfacet
facet normal 0.9637761949 -0.2667122909 0
  outer loop
    vertex -2.425078154 0.6074504256 0
    vertex -2.392350912 0.7257117033 0
    vertex -2.392350912 0.7257117033 24
  endloop
endfacet
facet normal 0.949527959 -0.3136824111 0
  outer loop
    vertex -2.392350912 0.7257117033 0
    vertex -2.35386014 0.8422246575 0
    vertex -2.35386014 0.8422246575 24
  endloop
endfacet
facet normal 0.9329928369 -0.3598949379 0
  outer loop
    vertex -2.35386014 0.8422246575 0
    vertex -2.30969882 0.9567086101 0
    vertex -2.30969882 0.9567086101 24
  endloop
endfacet
facet normal 0.914209885 -0.4052410223 0
  outer loop
    vertex -2.30969882 0.9567086101 0
    vertex -2.259973288 1.068887711 0
    vertex -2.259973288 1.068887711 24
  endloop
endfacet
facet normal 0.8932243623 -0.4496112084 0
  outer loop
    vertex -2.259973288 1.068887711 0
    vertex -2.204803228 1.178491831 0
    vertex -2.204803228 1.178491831 24
  endloop
endfacet
facet normal 0.8700864904 -0.4928990761 0
  outer loop
    vertex -2.204803228 1.178491831 0
    vertex -2.144321442 1.285256863 0
    vertex -2.144321442 1.285256863 24
  endloop
endfacet
facet normal 0.8448539708 -0.5349969794 0
  outer loop
    vertex -2.144321442 1.285256863 0
    vertex -2.078674078 1.388925552 0
    vertex -2.078674078 1.388925552 24
  endloop
endfacet
facet normal 0.817584382 -0.5758088036 0
  outer loop
    vertex -2.078674078 1.388925552 0
    vertex -2.008018732 1.489248276 0
    vertex -2.008018732 1.489248276 24
  endloop
endfacet
facet normal 0.7883465143 -0.6152314795 0
  outer loop
    vertex -2.008018732 1.489248276 0
    vertex -1.932526112 1.585983157 0
    vertex -1.932526112 1.585983157 24
  endloop
endfacet
facet normal 0.7572089322 -0.6531727436 0
  outer loop
    vertex -1.932526112 1.585983157 0
    vertex -1.852377772 1.678897381 0
    vertex -1.852377772 1.678897381 24
  endloop
endfacet
facet normal 0.7242472708 -0.6895403474 0
  outer loop
    vertex -1.852377772 1.678897381 0
    vertex -1.767766953 1.767766953 0
    vertex -1.767766953 1.767766953 24
  endloop
endfacet
facet normal 0.6895403474 -0.7242472708 0
  outer loop
    vertex -1.767766953 1.767766953 0
    vertex -1.678897381 1.852377772 0
    vertex -1.678897381 1.852377772 24
  endloop
endfacet
facet normal 0.6531727436 -0.7572089322 0
  outer loop
    vertex -1.678897381 1.852377772 0
    vertex -1.585983157 1.932526112 0
    vertex -1.585983157 1.932526112 24
  endloop
endfacet
facet normal 0.6152314795 -0.7883465143 0
  outer loop
    vertex -1.585983157 1.932526112 0
    vertex -1.489248276 2.008018732 0
    vertex -1.489248276 2.008018732 24
  endloop
endfacet
facet normal 0.5758088036 -0.817584382 0
  outer loop
    vertex -1.489248276 2.008018732 0
    vertex -1.388925552 2.078674078 0
    vertex -1.388925552 2.078674078 24
  endloop
endfacet
facet normal 0.5349969794 -0.8448539708 0
  outer loop
    vertex -1.388925552 2.078674078 0
    vertex -1.285256863 2.144321442 0
    vertex -1.285256863 2.144321442 24
  endloop
endfacet
facet normal 0.4928990761 -0.8700864904 0
  outer loop
    vertex -1.285256863 2.144321442 0
    vertex -1.178491831 2.204803228 0
    vertex -1.178491831 2.204803228 24
  endloop
endfacet
facet normal 0.4496112084 -0.8932243623 0
  outer loop
    vertex -1.178491831 2.204803228 0
    vertex -1.068887711 2.259973288 0
    vertex -1.068887711 2.259973288 24
  endloop
endfacet
facet normal 0.4052410223 -0.914209885 0
  outer loop
    vertex -1.068887711 2.259973288 0
    vertex -0.9567086101 2.30969882 0
    vertex -0.9567086101 2.30969882 24
  endloop
endfacet
facet normal 0.3598949379 -0.9329928369 0
  outer loop
    vertex -0.9567086101 2.30969882 0
    vertex -0.8422246575 2.35386014 0
    vertex -0.8422246575 2.35386014 24
  endloop
endfacet
facet normal 0.3136824111 -0.949527959 0
  outer loop
    vertex -0.8422246575 2.35386014 0
    vertex -0.7257117033 2.392350912 0
    vertex -0.7257117033 2.392350912 24
  endloop
endfacet
facet normal 0.2667122909 -0.9637761949 0
  outer loop
    vertex -0.7257117033 2.392350912 0
    vertex -0.6074504256 2.425078154 0
    vertex -0.6074504256 2.425078154 24
  endloop
endfacet
facet normal 0.2191009891 -0.9757021864 0
  outer loop
    vertex -0.6074504256 2.425078154 0
    vertex -0.4877257943 2.451963186 0
    vertex -0.4877257943 2.451963186 24
  endloop
endfacet
facet normal 0.1709610996 -0.9852777793 0
  outer loop
    vertex -0.4877257943 2.451963186 0
    vertex -0.3668261766 2.47294116 0
    vertex -0.3668261766 2.47294116 24
  endloop
endfacet
facet normal 0.1224112183 -0.9924794676 0
  outer loop
    vertex -0.3668261766 2.47294116 0
    vertex -0.2450428456 2.487961769 0
    vertex -0.2450428456 2.487961769 24
  endloop
endfacet
facet normal 0.07356409468 -0.9972904913 0
  outer loop
    vertex -0.2450428456 2.487961769 0
    vertex -0.1226691827 2.496988535 0
    vertex -0.1226691827 2.496988535 24
  endloop
endfacet
facet normal 0.0245420891 -0.9996987976 -1.353382686e-26
  outer loop
    vertex -0.1226691827 2.496988535 0
    vertex 1.530808367e-16 2.5 0
    vertex 1.5308085e-16 2.5 24
  endloop
endfacet
facet normal 0 -0 -1
  outer loop
    vertex -8.333553314 12.47204399 0
    vertex -1.388925552 2.078674078 0
    vertex -1.489248276 2.008018732 0
  endloop
endfacet
facet normal 0 -0 -1
  outer loop
    vertex -7.711541176 12.8659296 0
    vertex -1.285256863 2.144321442 0
    vertex -1.388925552 2.078674078 0
  endloop
endfacet
facet normal 0 0 -1
  outer loop
    vertex -1.285256863 2.144321442 0
    vertex -7.070950985 13.22881889 0
    vertex -1.178491831 2.204803228 0
  endloop
endfacet
facet normal 0 0 -1
  outer loop
    vertex -1.178491831 2.204803228 0
    vertex -6.413326263 13.55983925 0
    vertex -1.068887711 2.259973288 0
  endloop
endfacet
facet normal 0 0 -1
  outer loop
    vertex -1.068887711 2.259973288 0
    vertex -5.740251541 13.8581934 0
    vertex -0.9567086101 2.30969882 0
  endloop
endfacet
facet normal 0 0 -1
  outer loop
    vertex -0.9567086101 2.30969882 0
    vertex -5.053347588 14.12316132 0
    vertex -0.8422246575 2.35386014 0
  endloop
endfacet
facet normal 0 0 -1
  outer loop
    vertex -0.8422246575 2.35386014 0
    vertex -5.053347588 14.12316132 0
    vertex -0.7257117033 2.392350912 0
  endloop
endfacet
facet normal 0 0 -1
  outer loop
    vertex -0.7257117033 2.392350912 0
    vertex -3.644702673 14.55046844 0
    vertex -0.6074504256 2.425078154 0
  endloop
endfacet
facet normal 0 0 -1
  outer loop
    vertex -0.6074504256 2.425078154 0
    vertex -2.926354885 14.71177959 0
    vertex -0.4877257943 2.451963186 0
  endloop
endfacet
facet normal 0 0 -1
  outer loop
    vertex -0.4877257943 2.451963186 0
    vertex -2.20095706 14.83764744 0
    vertex -0.3668261766 2.47294116 0
  endloop
endfacet
facet normal 0 0 -1
  outer loop
    vertex -0.3668261766 2.47294116 0
    vertex -1.470257163 14.92777061 0
    vertex -0.2450428456 2.487961769 0
  endloop
endfacet
facet normal 0 0 -1
  outer loop
    vertex -0.2450428456 2.487961769 0
    vertex -0.736015141 14.98193169 0
    vertex -0.1226691827 2.496988535 0
  endloop
endfacet
facet normal 0 0 -1
  outer loop
    vertex -0.1226691827 2.496988535 0
    vertex -0.736015141 14.98193169 0
    vertex 1.530808367e-16 2.5 0
  endloop
endfacet
facet normal 0.9996987976 -0.0245420891 0
  outer loop
    vertex -2.5 3.061616734e-16 0
    vertex -2.496988535 0.1226691827 24
    vertex -2.5 3.061616999e-16 24
  endloop
endfacet
facet normal 0.9972904913 -0.07356409468 0
  outer loop
    vertex -2.496988535 0.1226691827 0
    vertex -2.487961769 0.2450428456 24
    vertex -2.496988535 0.1226691827 24
  endloop
endfacet
facet normal 0.9924794676 -0.1224112183 0
  outer loop
    vertex -2.487961769 0.2450428456 0
    vertex -2.47294116 0.3668261766 24
    vertex -2.487961769 0.2450428456 24
  endloop
endfacet
facet normal 0.9852777793 -0.1709610996 0
  outer loop
    vertex -2.47294116 0.3668261766 0
    vertex -2.451963186 0.4877257943 24
    vertex -2.47294116 0.3668261766 24
  endloop
endfacet
facet normal 0.9757021864 -0.2191009891 0
  outer loop
    vertex -2.451963186 0.4877257943 0
    vertex -2.425078154 0.6074504256 24
    vertex -2.451963186 0.4877257943 24
  endloop
endfacet
facet normal 0.9637761949 -0.2667122909 0
  outer loop
    vertex -2.425078154 0.6074504256 0
    vertex -2.392350912 0.7257117033 24
    vertex -2.425078154 0.6074504256 24
  endloop
endfacet
facet normal 0.949527959 -0.3136824111 0
  outer loop
    vertex -2.392350912 0.7257117033 0
    vertex -2.35386014 0.8422246575 24
    vertex -2.392350912 0.7257117033 24
  endloop
endfacet
facet normal 0.9329928369 -0.3598949379 0
  outer loop
    vertex -2.35386014 0.8422246575 0
    vertex -2.30969882 0.9567086101 24
    vertex -2.35386014 0.8422246575 24
  endloop
endfacet
facet normal 0.914209885 -0.4052410223 0
  outer loop
    vertex -2.30969882 0.9567086101 0
    vertex -2.259973288 1.068887711 24
    vertex -2.30969882 0.9567086101 24
  endloop
endfacet
facet normal 0.8932243623 -0.4496112084 0
  outer loop
    vertex -2.259973288 1.068887711 0
    vertex -2.204803228 1.178491831 24
    vertex -2.259973288 1.068887711 24
  endloop
endfacet
facet normal 0.8700864904 -0.4928990761 0
  outer loop
    vertex -2.204803228 1.178491831 0
    vertex -2.144321442 1.285256863 24
    vertex -2.204803228 1.178491831 24
  endloop
endfacet
facet normal 0.8448539708 -0.5349969794 0
  outer loop
    vertex -2.144321442 1.285256863 0
    vertex -2.078674078 1.388925552 24
    vertex -2.144321442 1.285256863 24
  endloop
endfacet
facet normal 0.817584382 -0.5758088036 0
  outer loop
    vertex -2.078674078 1.388925552 0
    vertex -2.008018732 1.489248276 24
    vertex -2.078674078 1.388925552 24
  endloop
endfacet
facet normal 0.7883465143 -0.6152314795 0
  outer loop
    vertex -2.008018732 1.489248276 0
    vertex -1.932526112 1.585983157 24
    vertex -2.008018732 1.489248276 24
  endloop
endfacet
facet normal 0.7572089322 -0.6531727436 0
  outer loop
    vertex -1.932526112 1.585983157 0
    vertex -1.852377772 1.678897381 24
    vertex -1.932526112 1.585983157 24
  endloop
endfacet
facet normal 0.7242472708 -0.6895403474 0
  outer loop
    vertex -1.852377772 1.678897381 0
    vertex -1.767766953 1.767766953 24
    vertex -1.852377772 1.678897381 24
  endloop
endfacet
facet normal 0.6895403474 -0.7242472708 0
  outer loop
    vertex -1.767766953 1.767766953 0
    vertex -1.678897381 1.852377772 24
    vertex -1.767766953 1.767766953 24
  endloop
endfacet
facet normal 0.6531727436 -0.7572089322 0
  outer loop
    vertex -1.678897381 1.852377772 0
    vertex -1.585983157 1.932526112 24
    vertex -1.678897381 1.852377772 24
  endloop
endfacet
facet normal 0.6152314795 -0.7883465143 0
  outer loop
    vertex -1.585983157 1.932526112 0
    vertex -1.489248276 2.008018732 24
    vertex -1.585983157 1.932526112 24
  endloop
endfacet
facet normal 0.5758088036 -0.817584382 0
  outer loop
    vertex -1.489248276 2.008018732 0
    vertex -1.388925552 2.078674078 24
    vertex -1.489248276 2.008018732 24
  endloop
endfacet
facet normal 0.5349969794 -0.8448539708 0
  outer loop
    vertex -1.388925552 2.078674078 0
    vertex -1.285256863 2.144321442 24
    vertex -1.388925552 2.078674078 24
  endloop
endfacet
facet normal 0.4928990761 -0.8700864904 0
  outer loop
    vertex -1.285256863 2.144321442 0
    vertex -1.178491831 2.204803228 24
    vertex -1.285256863 2.144321442 24
  endloop
endfacet
facet normal 0.4496112084 -0.8932243623 0
  outer loop
    vertex -1.178491831 2.204803228 0
    vertex -1.068887711 2.259973288 24
    vertex -1.178491831 2.204803228 24
  endloop
endfacet
facet normal 0.4052410223 -0.914209885 0
  outer loop
    vertex -1.068887711 2.259973288 0
    vertex -0.9567086101 2.30969882 24
    vertex -1.068887711 2.259973288 24
  endloop
endfacet
facet normal 0.3598949379 -0.9329928369 0
  outer loop
    vertex -0.9567086101 2.30969882 0
    vertex -0.8422246575 2.35386014 24
    vertex -0.9567086101 2.30969882 24
  endloop
endfacet
facet normal 0.3136824111 -0.949527959 0
  outer loop
    vertex -0.8422246575 2.35386014 0
    vertex -0.7257117033 2.392350912 24
    vertex -0.8422246575 2.35386014 24
  endloop
endfacet
facet normal 0.2667122909 -0.9637761949 0
  outer loop
    vertex -0.7257117033 2.392350912 0
    vertex -0.6074504256 2.425078154 24
    vertex -0.7257117033 2.392350912 24
  endloop
endfacet
facet normal 0.2191009891 -0.9757021864 0
  outer loop
    vertex -0.6074504256 2.425078154 0
    vertex -0.4877257943 2.451963186 24
    vertex -0.6074504256 2.425078154 24
  endloop
endfacet
facet normal 0.1709610996 -0.9852777793 0
  outer loop
    vertex -0.4877257943 2.451963186 0
    vertex -0.3668261766 2.47294116 24
    vertex -0.4877257943 2.451963186 24
  endloop
endfacet
facet normal 0.1224112183 -0.9924794676 0
  outer loop
    vertex -0.3668261766 2.47294116 0
    vertex -0.2450428456 2.487961769 24
    vertex -0.3668261766 2.47294116 24
  endloop
endfacet
facet normal 0.07356409468 -0.9972904913 0
  outer loop
    vertex -0.2450428456 2.487961769 0
    vertex -0.1226691827 2.496988535 24
    vertex -0.2450428456 2.487961769 24
  endloop
endfacet
facet normal 0.0245420891 -0.9996987976 0
  outer loop
    vertex -0.1226691827 2.496988535 0
    vertex 1.5308085e-16 2.5 24
    vertex -0.1226691827 2.496988535 24
  endloop
endfacet
facet normal 0 0 -1
  outer loop
    vertex -10.60660172 10.60660172 0
    vertex -10.07338428 11.11426735 0
    vertex -1.767766953 1.767766953 0
  endloop
endfacet
facet normal 0 0 -1
  outer loop
    vertex -10.07338428 11.11426735 0
    vertex -9.515899658 11.59515667 0
    vertex -1.678897381 1.852377772 0
  endloop
endfacet
facet normal 0 0 -1
  outer loop
    vertex -9.515899658 11.59515667 0
    vertex -8.935489655 12.04811287 0
    vertex -1.585983157 1.932526112 0
  endloop
endfacet
facet normal 0 0 -1
  outer loop
    vertex -8.935489655 12.04811287 0
    vertex -8.333553314 12.47204399 0
    vertex -1.489248276 2.008018732 0
  endloop
endfacet
facet normal 0 0 -1
  outer loop
    vertex -8.333553314 12.47204399 0
    vertex -7.711541176 12.8659296 0
    vertex -1.388925552 2.078674078 0
  endloop
endfacet
facet normal 0 0 -1
  outer loop
    vertex -7.711541176 12.8659296 0
    vertex -7.070950985 13.22881889 0
    vertex -1.285256863 2.144321442 0
  endloop
endfacet
facet normal 0 0 -1
  outer loop
    vertex -1.178491831 2.204803228 0
    vertex -7.070950985 13.22881889 0
    vertex -6.413326263 13.55983925 0
  endloop
endfacet
facet normal 0 0 -1
  outer loop
    vertex -1.068887711 2.259973288 0
    vertex -6.413326263 13.55983925 0
    vertex -5.740251541 13.8581934 0
  endloop
endfacet
facet normal 0 0 -1
  outer loop
    vertex -0.9567086101 2.30969882 0
    vertex -5.740251541 13.8581934 0
    vertex -5.053347588 14.12316132 0
  endloop
endfacet
facet normal 0 0 -1
  outer loop
    vertex -0.7257117033 2.392350912 0
    vertex -5.053347588 14.12316132 0
    vertex -4.354269981 14.354105 0
  endloop
endfacet
facet normal 0 0 -1
  outer loop
    vertex -0.7257117033 2.392350912 0
    vertex -4.354269981 14.354105 0
    vertex -3.644702673 14.55046844 0
  endloop
endfacet
facet normal 0 0 -1
  outer loop
    vertex -0.6074504256 2.425078154 0
    vertex -3.644702673 14.55046844 0
    vertex -2.926354885 14.71177959 0
  endloop
endfacet
facet normal 0 0 -1
  outer loop
    vertex -0.4877257943 2.451963186 0
    vertex -2.926354885 14.71177959 0
    vertex -2.20095706 14.83764744 0
  endloop
endfacet
facet normal 0 0 -1
  outer loop
    vertex -0.3668261766 2.47294116 0
    vertex -2.20095706 14.83764744 0
    vertex -1.470257163 14.92777061 0
  endloop
endfacet
facet normal 0 0 -1
  outer loop
    vertex -0.2450428456 2.487961769 0
    vertex -1.470257163 14.92777061 0
    vertex -0.736015141 14.98193169 0
  endloop
endfacet
facet normal 0 -0 -1
  outer loop
    vertex -0.736015141 14.98193169 0
    vertex 9.184850468e-16 15 0
    vertex 1.530808367e-16 2.5 0
  endloop
endfacet
facet normal -0.4928976052 0.8700873237 0
  outer loop
    vertex -7.711541176 12.8659296 0
    vertex -7.070950985 13.22881889 42
    vertex -7.070950985 13.22881889 0
  endloop
endfacet
facet normal -0.4496112084 0.8932243623 0
  outer loop
    vertex -7.070950985 13.22881889 0
    vertex -6.413326263 13.55983925 42
    vertex -6.413326263 13.55983925 0
  endloop
endfacet
facet normal -0.405242045 0.9142094317 0
  outer loop
    vertex -6.413326263 13.55983925 0
    vertex -5.740251541 13.8581934 42
    vertex -5.740251541 13.8581934 0
  endloop
endfacet
facet normal -0.3598948291 0.9329928788 0
  outer loop
    vertex -5.740251541 13.8581934 0
    vertex -5.053347588 14.12316132 42
    vertex -5.053347588 14.12316132 0
  endloop
endfacet
facet normal -0.3136812915 0.9495283289 0
  outer loop
    vertex -5.053347588 14.12316132 0
    vertex -4.354269981 14.354105 42
    vertex -4.354269981 14.354105 0
  endloop
endfacet
facet normal -0.2667124158 0.9637761603 0
  outer loop
    vertex -4.354269981 14.354105 0
    vertex -3.644702673 14.55046844 42
    vertex -3.644702673 14.55046844 0
  endloop
endfacet
facet normal -0.2191022223 0.9757019095 0
  outer loop
    vertex -3.644702673 14.55046844 0
    vertex -2.926354885 14.71177959 42
    vertex -2.926354885 14.71177959 0
  endloop
endfacet
facet normal -0.1709610723 0.9852777841 0
  outer loop
    vertex -2.926354885 14.71177959 0
    vertex -2.20095706 14.83764744 42
    vertex -2.20095706 14.83764744 0
  endloop
endfacet
facet normal -0.1224105951 0.9924795445 0
  outer loop
    vertex -2.20095706 14.83764744 0
    vertex -1.470257163 14.92777061 42
    vertex -1.470257163 14.92777061 0
  endloop
endfacet
facet normal -0.07356473438 0.9972904441 0
  outer loop
    vertex -1.470257163 14.92777061 0
    vertex -0.736015141 14.98193169 42
    vertex -0.736015141 14.98193169 0
  endloop
endfacet
facet normal -0.02454144033 0.9996988135 0
  outer loop
    vertex -0.736015141 14.98193169 0
    vertex 9.184850468e-16 15 42
    vertex 9.184850468e-16 15 0
  endloop
endfacet
facet normal -0.9996988135 0.02454144033 0
  outer loop
    vertex -15 1.836970094e-15 0
    vertex -15 1.836970094e-15 42
    vertex -14.98193169 0.736015141 42
  endloop
endfacet
facet normal -0.9972904441 0.07356473438 0
  outer loop
    vertex -14.98193169 0.736015141 0
    vertex -14.98193169 0.736015141 42
    vertex -14.92777061 1.470257163 42
  endloop
endfacet
facet normal -0.9924795445 0.1224105951 0
  outer loop
    vertex -14.92777061 1.470257163 0
    vertex -14.92777061 1.470257163 42
    vertex -14.83764744 2.20095706 42
  endloop
endfacet
facet normal -0.9852777841 0.1709610723 0
  outer loop
    vertex -14.83764744 2.20095706 0
    vertex -14.83764744 2.20095706 42
    vertex -14.71177959 2.926354885 42
  endloop
endfacet
facet normal -0.9757019095 0.2191022223 0
  outer loop
    vertex -14.71177959 2.926354885 0
    vertex -14.71177959 2.926354885 42
    vertex -14.55046844 3.644702673 42
  endloop
endfacet
facet normal -0.9637761603 0.2667124158 0
  outer loop
    vertex -14.55046844 3.644702673 0
    vertex -14.55046844 3.644702673 42
    vertex -14.354105 4.354269981 42
  endloop
endfacet
facet normal -0.9495283289 0.3136812915 0
  outer loop
    vertex -14.354105 4.354269981 0
    vertex -14.354105 4.354269981 42
    vertex -14.12316132 5.053347588 42
  endloop
endfacet
facet normal -0.9329928788 0.3598948291 0
  outer loop
    vertex -14.12316132 5.053347588 0
    vertex -14.12316132 5.053347588 42
    vertex -13.8581934 5.740251541 42
  endloop
endfacet
facet normal -0.9142094317 0.405242045 0
  outer loop
    vertex -13.8581934 5.740251541 0
    vertex -13.8581934 5.740251541 42
    vertex -13.55983925 6.413326263 42
  endloop
endfacet
facet normal -0.8932243623 0.4496112084 0
  outer loop
    vertex -13.55983925 6.413326263 0
    vertex -13.55983925 6.413326263 42
    vertex -13.22881889 7.070950985 42
  endloop
endfacet
facet normal -0.8700873237 0.4928976052 0
  outer loop
    vertex -13.22881889 7.070950985 0
    vertex -13.22881889 7.070950985 42
    vertex -12.8659296 7.711541176 42
  endloop
endfacet
facet normal -0 -0 1
  outer loop
    vertex -15 1.836970094e-15 42
    vertex -4 4.89858741e-16 42
    vertex -14.98193169 0.736015141 42
  endloop
endfacet
facet normal -0 -0 1
  outer loop
    vertex -14.98193169 0.736015141 42
    vertex -3.980738878 0.3920685649 42
    vertex -14.92777061 1.470257163 42
  endloop
endfacet
facet normal -0 -0 1
  outer loop
    vertex -14.92777061 1.470257163 42
    vertex -3.956706047 0.5869218707 42
    vertex -14.83764744 2.20095706 42
  endloop
endfacet
facet normal -0 -0 1
  outer loop
    vertex -14.83764744 2.20095706 42
    vertex -3.923141003 0.7803612947 42
    vertex -14.71177959 2.926354885 42
  endloop
endfacet
facet normal -0 -0 1
  outer loop
    vertex -14.71177959 2.926354885 42
    vertex -3.880125046 0.9719207287 42
    vertex -14.55046844 3.644702673 42
  endloop
endfacet
facet normal -0 -0 1
  outer loop
    vertex -14.55046844 3.644702673 42
    vertex -3.827761412 1.161138654 42
    vertex -14.354105 4.354269981 42
  endloop
endfacet
facet normal -0 -0 1
  outer loop
    vertex -14.354105 4.354269981 42
    vertex -3.766176224 1.347559452 42
    vertex -14.12316132 5.053347588 42
  endloop
endfacet
facet normal -0 0 1
  outer loop
    vertex -14.98193169 0.736015141 42
    vertex -4 4.89858741e-16 42
    vertex -3.995181799 0.1962707043 42
  endloop
endfacet
facet normal -0 0 1
  outer loop
    vertex -14.98193169 0.736015141 42
    vertex -3.995181799 0.1962707043 42
    vertex -3.980738878 0.3920685649 42
  endloop
endfacet
facet normal -0 0 1
  outer loop
    vertex -14.92777061 1.470257163 42
    vertex -3.980738878 0.3920685649 42
    vertex -3.956706047 0.5869218707 42
  endloop
endfacet
facet normal -0 0 1
  outer loop
    vertex -14.83764744 2.20095706 42
    vertex -3.956706047 0.5869218707 42
    vertex -3.923141003 0.7803612947 42
  endloop
endfacet
facet normal -0 -0 1
  outer loop
    vertex -14.12316132 5.053347588 42
    vertex -3.766176224 1.347559452 42
    vertex -13.8581934 5.740251541 42
  endloop
endfacet
facet normal -0 -0 1
  outer loop
    vertex -13.8581934 5.740251541 42
    vertex -3.61595726 1.710220337 42
    vertex -13.55983925 6.413326263 42
  endloop
endfacet
facet normal -0 -0 1
  outer loop
    vertex -13.55983925 6.413326263 42
    vertex -3.527685165 1.885586977 42
    vertex -13.22881889 7.070950985 42
  endloop
endfacet
facet normal -0 -0 1
  outer loop
    vertex -13.22881889 7.070950985 42
    vertex -3.430914402 2.056411028 42
    vertex -12.8659296 7.711541176 42
  endloop
endfacet
facet normal -0 -0 1
  outer loop
    vertex -12.8659296 7.711541176 42
    vertex -3.430914402 2.056411028 42
    vertex -12.47204399 8.333553314 42
  endloop
endfacet
facet normal -0 -0 1
  outer loop
    vertex -12.47204399 8.333553314 42
    vertex -3.325878382 2.222280979 42
    vertex -12.04811287 8.935489655 42
  endloop
endfacet
facet normal -0 -0 1
  outer loop
    vertex -12.04811287 8.935489655 42
    vertex -3.212830067 2.382797241 42
    vertex -11.59515667 9.515899658 42
  endloop
endfacet
facet normal -0 -0 1
  outer loop
    vertex -11.59515667 9.515899658 42
    vertex -2.963804483 2.686235905 42
    vertex -11.11426735 10.07338428 42
  endloop
endfacet
facet normal -0.8448530926 0.5349983663 0
  outer loop
    vertex -12.8659296 7.711541176 0
    vertex -12.8659296 7.711541176 42
    vertex -12.47204399 8.333553314 42
  endloop
endfacet
facet normal -0.8175849918 0.5758079377 0
  outer loop
    vertex -12.47204399 8.333553314 0
    vertex -12.47204399 8.333553314 42
    vertex -12.04811287 8.935489655 42
  endloop
endfacet
facet normal -0.7883465679 0.6152314108 0
  outer loop
    vertex -12.04811287 8.935489655 0
    vertex -12.04811287 8.935489655 42
    vertex -11.59515667 9.515899658 42
  endloop
endfacet
facet normal -0.7572089982 0.6531726671 0
  outer loop
    vertex -11.59515667 9.515899658 0
    vertex -11.59515667 9.515899658 42
    vertex -11.11426735 10.07338428 42
  endloop
endfacet
facet normal -0.7242467857 0.689540857 0
  outer loop
    vertex -11.11426735 10.07338428 0
    vertex -11.11426735 10.07338428 42
    vertex -10.60660172 10.60660172 42
  endloop
endfacet
facet normal -0.689540857 0.7242467857 0
  outer loop
    vertex -10.60660172 10.60660172 0
    vertex -10.60660172 10.60660172 42
    vertex -10.07338428 11.11426735 42
  endloop
endfacet
facet normal -0.6531726671 0.7572089982 0
  outer loop
    vertex -10.07338428 11.11426735 0
    vertex -10.07338428 11.11426735 42
    vertex -9.515899658 11.59515667 42
  endloop
endfacet
facet normal -0.6152314108 0.7883465679 0
  outer loop
    vertex -9.515899658 11.59515667 0
    vertex -9.515899658 11.59515667 42
    vertex -8.935489655 12.04811287 42
  endloop
endfacet
facet normal -0.5758079377 0.8175849918 0
  outer loop
    vertex -8.935489655 12.04811287 0
    vertex -8.935489655 12.04811287 42
    vertex -8.333553314 12.47204399 42
  endloop
endfacet
facet normal -0.5349983663 0.8448530926 0
  outer loop
    vertex -8.333553314 12.47204399 0
    vertex -8.333553314 12.47204399 42
    vertex -7.711541176 12.8659296 42
  endloop
endfacet
facet normal -0 -0 1
  outer loop
    vertex -11.11426735 10.07338428 42
    vertex -2.963804483 2.686235905 42
    vertex -10.60660172 10.60660172 42
  endloop
endfacet
facet normal -0 -0 1
  outer loop
    vertex -10.60660172 10.60660172 42
    vertex -2.686235905 2.963804483 42
    vertex -10.07338428 11.11426735 42
  endloop
endfacet
facet normal 0.9996988155 -0.02454135942 0
  outer loop
    vertex -4 4.89858741e-16 24
    vertex -3.995181799 0.1962707043 24
    vertex -3.995181799 0.1962707043 42
  endloop
endfacet
facet normal 0.9972904556 -0.0735645778 0
  outer loop
    vertex -3.995181799 0.1962707043 24
    vertex -3.980738878 0.3920685649 24
    vertex -3.980738878 0.3920685649 42
  endloop
endfacet
facet normal 0.9924795543 -0.1224105154 0
  outer loop
    vertex -3.980738878 0.3920685649 24
    vertex -3.956706047 0.5869218707 24
    vertex -3.956706047 0.5869218707 42
  endloop
endfacet
facet normal 0.9852775392 -0.1709624836 0
  outer loop
    vertex -3.956706047 0.5869218707 24
    vertex -3.923141003 0.7803612947 24
    vertex -3.923141003 0.7803612947 42
  endloop
endfacet
facet normal 0.9757022961 -0.2191005007 0
  outer loop
    vertex -3.923141003 0.7803612947 24
    vertex -3.880125046 0.9719207287 24
    vertex -3.880125046 0.9719207287 42
  endloop
endfacet
facet normal 0.9637760893 -0.2667126726 0
  outer loop
    vertex -3.880125046 0.9719207287 24
    vertex -3.827761412 1.161138654 24
    vertex -3.827761412 1.161138654 42
  endloop
endfacet
facet normal 0.9495280672 -0.3136820836 0
  outer loop
    vertex -3.827761412 1.161138654 24
    vertex -3.766176224 1.347559452 24
    vertex -3.766176224 1.347559452 42
  endloop
endfacet
facet normal -0 -0 1
  outer loop
    vertex -4 4.89858741e-16 24
    vertex -2.5 3.061616999e-16 24
    vertex -3.995181799 0.1962707043 24
  endloop
endfacet
facet normal 0 -0 1
  outer loop
    vertex -3.995181799 0.1962707043 24
    vertex -2.487961769 0.2450428456 24
    vertex -3.980738878 0.3920685649 24
  endloop
endfacet
facet normal -0 -0 1
  outer loop
    vertex -3.980738878 0.3920685649 24
    vertex -2.487961769 0.2450428456 24
    vertex -3.956706047 0.5869218707 24
  endloop
endfacet
facet normal -0 -0 1
  outer loop
    vertex -3.956706047 0.5869218707 24
    vertex -2.451963186 0.4877257943 24
    vertex -3.923141003 0.7803612947 24
  endloop
endfacet
facet normal -0 -0 1
  outer loop
    vertex -3.923141003 0.7803612947 24
    vertex -2.425078154 0.6074504256 24
    vertex -3.880125046 0.9719207287 24
  endloop
endfacet
facet normal -0 -0 1
  outer loop
    vertex -3.880125046 0.9719207287 24
    vertex -2.425078154 0.6074504256 24
    vertex -3.827761412 1.161138654 24
  endloop
endfacet
facet normal -0 0 1
  outer loop
    vertex -3.995181799 0.1962707043 24
    vertex -2.5 3.061616999e-16 24
    vertex -2.496988535 0.1226691827 24
  endloop
endfacet
facet normal -0 0 1
  outer loop
    vertex -3.995181799 0.1962707043 24
    vertex -2.496988535 0.1226691827 24
    vertex -2.487961769 0.2450428456 24
  endloop
endfacet
facet normal -0 0 1
  outer loop
    vertex -3.956706047 0.5869218707 24
    vertex -2.487961769 0.2450428456 24
    vertex -2.47294116 0.3668261766 24
  endloop
endfacet
facet normal -0 0 1
  outer loop
    vertex -3.956706047 0.5869218707 24
    vertex -2.47294116 0.3668261766 24
    vertex -2.451963186 0.4877257943 24
  endloop
endfacet
facet normal -0 0 1
  outer loop
    vertex -3.923141003 0.7803612947 24
    vertex -2.451963186 0.4877257943 24
    vertex -2.425078154 0.6074504256 24
  endloop
endfacet
facet normal -0 0 1
  outer loop
    vertex -3.827761412 1.161138654 24
    vertex -2.425078154 0.6074504256 24
    vertex -2.392350912 0.7257117033 24
  endloop
endfacet
facet normal -0 -0 1
  outer loop
    vertex -3.827761412 1.161138654 24
    vertex -2.392350912 0.7257117033 24
    vertex -3.766176224 1.347559452 24
  endloop
endfacet
facet normal -0 -0 1
  outer loop
    vertex -3.766176224 1.347559452 24
    vertex -2.35386014 0.8422246575 24
    vertex -3.695518017 1.530733705 24
  endloop
endfacet
facet normal -0 0 1
  outer loop
    vertex -3.766176224 1.347559452 24
    vertex -2.392350912 0.7257117033 24
    vertex -2.35386014 0.8422246575 24
  endloop
endfacet
facet normal -0 -0 1
  outer loop
    vertex -3.695518017 1.530733705 24
    vertex -2.259973288 1.068887711 24
    vertex -3.61595726 1.710220337 24
  endloop
endfacet
facet normal -0 -0 1
  outer loop
    vertex -3.61595726 1.710220337 24
    vertex -2.204803228 1.178491831 24
    vertex -3.527685165 1.885586977 24
  endloop
endfacet
facet normal 0 0 1
  outer loop
    vertex -2.204803228 1.178491831 24
    vertex -3.430914402 2.056411028 24
    vertex -3.527685165 1.885586977 24
  endloop
endfacet
facet normal -0 0 1
  outer loop
    vertex -3.695518017 1.530733705 24
    vertex -2.35386014 0.8422246575 24
    vertex -2.30969882 0.9567086101 24
  endloop
endfacet
facet normal -0 0 1
  outer loop
    vertex -3.695518017 1.530733705 24
    vertex -2.30969882 0.9567086101 24
    vertex -2.259973288 1.068887711 24
  endloop
endfacet
facet normal -0 0 1
  outer loop
    vertex -3.61595726 1.710220337 24
    vertex -2.259973288 1.068887711 24
    vertex -2.204803228 1.178491831 24
  endloop
endfacet
facet normal 0 -0 1
  outer loop
    vertex -2.204803228 1.178491831 24
    vertex -2.144321442 1.285256863 24
    vertex -3.430914402 2.056411028 24
  endloop
endfacet
facet normal 0 -0 1
  outer loop
    vertex -2.144321442 1.285256863 24
    vertex -2.078674078 1.388925552 24
    vertex -3.430914402 2.056411028 24
  endloop
endfacet
facet normal 0 -0 1
  outer loop
    vertex -2.078674078 1.388925552 24
    vertex -2.008018732 1.489248276 24
    vertex -3.212830067 2.382797241 24
  endloop
endfacet
facet normal 0 -0 1
  outer loop
    vertex -2.008018732 1.489248276 24
    vertex -1.932526112 1.585983157 24
    vertex -3.212830067 2.382797241 24
  endloop
endfacet
facet normal 0 0 1
  outer loop
    vertex -2.078674078 1.388925552 24
    vertex -3.325878382 2.222280979 24
    vertex -3.430914402 2.056411028 24
  endloop
endfacet
facet normal 0 0 1
  outer loop
    vertex -2.078674078 1.388925552 24
    vertex -3.212830067 2.382797241 24
    vertex -3.325878382 2.222280979 24
  endloop
endfacet
facet normal 0 0 1
  outer loop
    vertex -1.932526112 1.585983157 24
    vertex -3.092041731 2.537573099 24
    vertex -3.212830067 2.382797241 24
  endloop
endfacet
facet normal -0 -0 1
  outer loop
    vertex -3.092041731 2.537573099 24
    vertex -1.852377772 1.678897381 24
    vertex -2.963804483 2.686235905 24
  endloop
endfacet
facet normal -0 -0 1
  outer loop
    vertex -2.963804483 2.686235905 24
    vertex -1.767766953 1.767766953 24
    vertex -2.828427076 2.828427076 24
  endloop
endfacet
facet normal -0 -0 1
  outer loop
    vertex -2.828427076 2.828427076 24
    vertex -1.767766953 1.767766953 24
    vertex -2.686235905 2.963804483 24
  endloop
endfacet
facet normal 0 -0 1
  outer loop
    vertex -1.932526112 1.585983157 24
    vertex -1.852377772 1.678897381 24
    vertex -3.092041731 2.537573099 24
  endloop
endfacet
facet normal -0 0 1
  outer loop
    vertex -2.963804483 2.686235905 24
    vertex -1.852377772 1.678897381 24
    vertex -1.767766953 1.767766953 24
  endloop
endfacet
facet normal -0 0 1
  outer loop
    vertex -2.686235905 2.963804483 24
    vertex -1.767766953 1.767766953 24
    vertex -1.678897381 1.852377772 24
  endloop
endfacet
facet normal -0 0 1
  outer loop
    vertex -2.537573099 3.092041731 24
    vertex -1.678897381 1.852377772 24
    vertex -1.585983157 1.932526112 24
  endloop
endfacet
facet normal -0 -0 1
  outer loop
    vertex -2.686235905 2.963804483 24
    vertex -1.678897381 1.852377772 24
    vertex -2.537573099 3.092041731 24
  endloop
endfacet
facet normal -0 -0 1
  outer loop
    vertex -2.537573099 3.092041731 24
    vertex -1.585983157 1.932526112 24
    vertex -2.382797241 3.212830067 24
  endloop
endfacet
facet normal -0 -0 1
  outer loop
    vertex -2.382797241 3.212830067 24
    vertex -1.489248276 2.008018732 24
    vertex -2.222280979 3.325878382 24
  endloop
endfacet
facet normal -0 0 1
  outer loop
    vertex -2.382797241 3.212830067 24
    vertex -1.585983157 1.932526112 24
    vertex -1.489248276 2.008018732 24
  endloop
endfacet
facet normal -0 0 1
  outer loop
    vertex -2.222280979 3.325878382 24
    vertex -1.489248276 2.008018732 24
    vertex -1.388925552 2.078674078 24
  endloop
endfacet
facet normal -0 0 1
  outer loop
    vertex -2.056411028 3.430914402 24
    vertex -1.388925552 2.078674078 24
    vertex -1.285256863 2.144321442 24
  endloop
endfacet
facet normal 0 -0 1
  outer loop
    vertex -1.285256863 2.144321442 24
    vertex -1.178491831 2.204803228 24
    vertex -1.885586977 3.527685165 24
  endloop
endfacet
facet normal 0 -0 1
  outer loop
    vertex -1.178491831 2.204803228 24
    vertex -1.068887711 2.259973288 24
    vertex -1.710220337 3.61595726 24
  endloop
endfacet
facet normal 0 -0 1
  outer loop
    vertex -1.068887711 2.259973288 24
    vertex -0.9567086101 2.30969882 24
    vertex -1.530733705 3.695518017 24
  endloop
endfacet
facet normal 0 -0 1
  outer loop
    vertex -0.9567086101 2.30969882 24
    vertex -0.8422246575 2.35386014 24
    vertex -1.347559452 3.766176224 24
  endloop
endfacet
facet normal -0 -0 1
  outer loop
    vertex -2.222280979 3.325878382 24
    vertex -1.388925552 2.078674078 24
    vertex -2.056411028 3.430914402 24
  endloop
endfacet
facet normal -0 -0 1
  outer loop
    vertex -2.056411028 3.430914402 24
    vertex -1.285256863 2.144321442 24
    vertex -1.885586977 3.527685165 24
  endloop
endfacet
facet normal 0 0 1
  outer loop
    vertex -1.178491831 2.204803228 24
    vertex -1.710220337 3.61595726 24
    vertex -1.885586977 3.527685165 24
  endloop
endfacet
facet normal 0 0 1
  outer loop
    vertex -1.068887711 2.259973288 24
    vertex -1.530733705 3.695518017 24
    vertex -1.710220337 3.61595726 24
  endloop
endfacet
facet normal -0 -0 1
  outer loop
    vertex -1.530733705 3.695518017 24
    vertex -0.9567086101 2.30969882 24
    vertex -1.347559452 3.766176224 24
  endloop
endfacet
facet normal 0 -0 1
  outer loop
    vertex -0.8422246575 2.35386014 24
    vertex -0.7257117033 2.392350912 24
    vertex -1.347559452 3.766176224 24
  endloop
endfacet
facet normal 0 0 1
  outer loop
    vertex -0.7257117033 2.392350912 24
    vertex -1.161138654 3.827761412 24
    vertex -1.347559452 3.766176224 24
  endloop
endfacet
facet normal 0 -0 1
  outer loop
    vertex -0.7257117033 2.392350912 24
    vertex -0.6074504256 2.425078154 24
    vertex -0.9719207287 3.880125046 24
  endloop
endfacet
facet normal 0 -0 1
  outer loop
    vertex -0.6074504256 2.425078154 24
    vertex -0.4877257943 2.451963186 24
    vertex -0.7803612947 3.923141003 24
  endloop
endfacet
facet normal 0 0 1
  outer loop
    vertex -0.7257117033 2.392350912 24
    vertex -0.9719207287 3.880125046 24
    vertex -1.161138654 3.827761412 24
  endloop
endfacet
facet normal 0 0 1
  outer loop
    vertex -0.6074504256 2.425078154 24
    vertex -0.7803612947 3.923141003 24
    vertex -0.9719207287 3.880125046 24
  endloop
endfacet
facet normal 0 0 1
  outer loop
    vertex -0.4877257943 2.451963186 24
    vertex -0.5869218707 3.956706047 24
    vertex -0.7803612947 3.923141003 24
  endloop
endfacet
facet normal 0 -0 1
  outer loop
    vertex -0.4877257943 2.451963186 24
    vertex -0.3668261766 2.47294116 24
    vertex -0.5869218707 3.956706047 24
  endloop
endfacet
facet normal 0 -0 1
  outer loop
    vertex -0.3668261766 2.47294116 24
    vertex -0.2450428456 2.487961769 24
    vertex -0.3920685649 3.980738878 24
  endloop
endfacet
facet normal 0 -0 1
  outer loop
    vertex -0.2450428456 2.487961769 24
    vertex -0.1226691827 2.496988535 24
    vertex -0.1962707043 3.995181799 24
  endloop
endfacet
facet normal 0 -0 1
  outer loop
    vertex -0.1226691827 2.496988535 24
    vertex 1.5308085e-16 2.5 24
    vertex -0.1962707043 3.995181799 24
  endloop
endfacet
facet normal 0 0 1
  outer loop
    vertex -0.3668261766 2.47294116 24
    vertex -0.3920685649 3.980738878 24
    vertex -0.5869218707 3.956706047 24
  endloop
endfacet
facet normal 0 -0 1
  outer loop
    vertex -0.2450428456 2.487961769 24
    vertex -0.1962707043 3.995181799 24
    vertex -0.3920685649 3.980738878 24
  endloop
endfacet
facet normal -0 0 1
  outer loop
    vertex -0.1962707043 3.995181799 24
    vertex 1.5308085e-16 2.5 24
    vertex 2.449293705e-16 4 24
  endloop
endfacet
facet normal 0.9329926266 -0.359895483 0
  outer loop
    vertex -3.766176224 1.347559452 24
    vertex -3.695518017 1.530733705 24
    vertex -3.695518017 1.530733705 42
  endloop
endfacet
facet normal 0.9142101248 -0.4052404814 0
  outer loop
    vertex -3.695518017 1.530733705 24
    vertex -3.61595726 1.710220337 24
    vertex -3.61595726 1.710220337 42
  endloop
endfacet
facet normal 0.8932244114 -0.4496111108 0
  outer loop
    vertex -3.61595726 1.710220337 24
    vertex -3.527685165 1.885586977 24
    vertex -3.527685165 1.885586977 42
  endloop
endfacet
facet normal 0.8700866987 -0.4928987084 0
  outer loop
    vertex -3.527685165 1.885586977 24
    vertex -3.430914402 2.056411028 24
    vertex -3.430914402 2.056411028 42
  endloop
endfacet
facet normal 0.8448534914 -0.5349977364 0
  outer loop
    vertex -3.430914402 2.056411028 24
    vertex -3.325878382 2.222280979 24
    vertex -3.325878382 2.222280979 42
  endloop
endfacet
facet normal 0.8175847927 -0.5758082205 0
  outer loop
    vertex -3.325878382 2.222280979 24
    vertex -3.212830067 2.382797241 24
    vertex -3.212830067 2.382797241 42
  endloop
endfacet
facet normal 0.7883462529 -0.6152318145 0
  outer loop
    vertex -3.212830067 2.382797241 24
    vertex -3.092041731 2.537573099 24
    vertex -3.092041731 2.537573099 42
  endloop
endfacet
facet normal 0.7572092761 -0.653172345 0
  outer loop
    vertex -3.092041731 2.537573099 24
    vertex -2.963804483 2.686235905 24
    vertex -2.963804483 2.686235905 42
  endloop
endfacet
facet normal 0.7242466818 -0.6895409661 0
  outer loop
    vertex -2.963804483 2.686235905 24
    vertex -2.828427076 2.828427076 24
    vertex -2.828427076 2.828427076 42
  endloop
endfacet
facet normal 0.6895409661 -0.7242466818 0
  outer loop
    vertex -2.828427076 2.828427076 24
    vertex -2.686235905 2.963804483 24
    vertex -2.686235905 2.963804483 42
  endloop
endfacet
facet normal 0.653172345 -0.7572092761 0
  outer loop
    vertex -2.686235905 2.963804483 24
    vertex -2.537573099 3.092041731 24
    vertex -2.537573099 3.092041731 42
  endloop
endfacet
facet normal 0.6152318145 -0.7883462529 0
  outer loop
    vertex -2.537573099 3.092041731 24
    vertex -2.382797241 3.212830067 24
    vertex -2.382797241 3.212830067 42
  endloop
endfacet
facet normal 0.5758082205 -0.8175847927 0
  outer loop
    vertex -2.382797241 3.212830067 24
    vertex -2.222280979 3.325878382 24
    vertex -2.222280979 3.325878382 42
  endloop
endfacet
facet normal 0.5349977364 -0.8448534914 0
  outer loop
    vertex -2.222280979 3.325878382 24
    vertex -2.056411028 3.430914402 24
    vertex -2.056411028 3.430914402 42
  endloop
endfacet
facet normal 0.4928987084 -0.8700866987 0
  outer loop
    vertex -2.056411028 3.430914402 24
    vertex -1.885586977 3.527685165 24
    vertex -1.885586977 3.527685165 42
  endloop
endfacet
facet normal 0.4496111108 -0.8932244114 0
  outer loop
    vertex -1.885586977 3.527685165 24
    vertex -1.710220337 3.61595726 24
    vertex -1.710220337 3.61595726 42
  endloop
endfacet
facet normal 0.4052404814 -0.9142101248 0
  outer loop
    vertex -1.710220337 3.61595726 24
    vertex -1.530733705 3.695518017 24
    vertex -1.530733705 3.695518017 42
  endloop
endfacet
facet normal 0.359895483 -0.9329926266 0
  outer loop
    vertex -1.530733705 3.695518017 24
    vertex -1.347559452 3.766176224 24
    vertex -1.347559452 3.766176224 42
  endloop
endfacet
facet normal 0.3136820836 -0.9495280672 0
  outer loop
    vertex -1.347559452 3.766176224 24
    vertex -1.161138654 3.827761412 24
    vertex -1.161138654 3.827761412 42
  endloop
endfacet
facet normal 0.2667126726 -0.9637760893 0
  outer loop
    vertex -1.161138654 3.827761412 24
    vertex -0.9719207287 3.880125046 24
    vertex -0.9719207287 3.880125046 42
  endloop
endfacet
facet normal 0.2191005007 -0.9757022961 0
  outer loop
    vertex -0.9719207287 3.880125046 24
    vertex -0.7803612947 3.923141003 24
    vertex -0.7803612947 3.923141003 42
  endloop
endfacet
facet normal 0.1709624836 -0.9852775392 0
  outer loop
    vertex -0.7803612947 3.923141003 24
    vertex -0.5869218707 3.956706047 24
    vertex -0.5869218707 3.956706047 42
  endloop
endfacet
facet normal 0.1224105154 -0.9924795543 0
  outer loop
    vertex -0.5869218707 3.956706047 24
    vertex -0.3920685649 3.980738878 24
    vertex -0.3920685649 3.980738878 42
  endloop
endfacet
facet normal 0.0735645778 -0.9972904556 0
  outer loop
    vertex -0.3920685649 3.980738878 24
    vertex -0.1962707043 3.995181799 24
    vertex -0.1962707043 3.995181799 42
  endloop
endfacet
facet normal 0.02454135942 -0.9996988155 0
  outer loop
    vertex -0.1962707043 3.995181799 24
    vertex 2.449293705e-16 4 24
    vertex 2.449293705e-16 4 42
  endloop
endfacet
facet normal 0.9996988155 -0.02454135942 0
  outer loop
    vertex -4 4.89858741e-16 24
    vertex -3.995181799 0.1962707043 42
    vertex -4 4.89858741e-16 42
  endloop
endfacet
facet normal 0.9972904556 -0.0735645778 0
  outer loop
    vertex -3.995181799 0.1962707043 24
    vertex -3.980738878 0.3920685649 42
    vertex -3.995181799 0.1962707043 42
  endloop
endfacet
facet normal 0.9924795543 -0.1224105154 0
  outer loop
    vertex -3.980738878 0.3920685649 24
    vertex -3.956706047 0.5869218707 42
    vertex -3.980738878 0.3920685649 42
  endloop
endfacet
facet normal 0.9852775392 -0.1709624836 0
  outer loop
    vertex -3.956706047 0.5869218707 24
    vertex -3.923141003 0.7803612947 42
    vertex -3.956706047 0.5869218707 42
  endloop
endfacet
facet normal 0.9757022961 -0.2191005007 0
  outer loop
    vertex -3.923141003 0.7803612947 24
    vertex -3.880125046 0.9719207287 42
    vertex -3.923141003 0.7803612947 42
  endloop
endfacet
facet normal 0.9637760893 -0.2667126726 0
  outer loop
    vertex -3.880125046 0.9719207287 24
    vertex -3.827761412 1.161138654 42
    vertex -3.880125046 0.9719207287 42
  endloop
endfacet
facet normal 0.9495280672 -0.3136820836 0
  outer loop
    vertex -3.827761412 1.161138654 24
    vertex -3.766176224 1.347559452 42
    vertex -3.827761412 1.161138654 42
  endloop
endfacet
facet normal -0 0 1
  outer loop
    vertex -14.71177959 2.926354885 42
    vertex -3.923141003 0.7803612947 42
    vertex -3.880125046 0.9719207287 42
  endloop
endfacet
facet normal -0 0 1
  outer loop
    vertex -14.55046844 3.644702673 42
    vertex -3.880125046 0.9719207287 42
    vertex -3.827761412 1.161138654 42
  endloop
endfacet
facet normal -0 0 1
  outer loop
    vertex -14.354105 4.354269981 42
    vertex -3.827761412 1.161138654 42
    vertex -3.766176224 1.347559452 42
  endloop
endfacet
facet normal -0 0 1
  outer loop
    vertex -13.8581934 5.740251541 42
    vertex -3.766176224 1.347559452 42
    vertex -3.695518017 1.530733705 42
  endloop
endfacet
facet normal -0 0 1
  outer loop
    vertex -13.8581934 5.740251541 42
    vertex -3.695518017 1.530733705 42
    vertex -3.61595726 1.710220337 42
  endloop
endfacet
facet normal -0 0 1
  outer loop
    vertex -13.55983925 6.413326263 42
    vertex -3.61595726 1.710220337 42
    vertex -3.527685165 1.885586977 42
  endloop
endfacet
facet normal -0 0 1
  outer loop
    vertex -13.22881889 7.070950985 42
    vertex -3.527685165 1.885586977 42
    vertex -3.430914402 2.056411028 42
  endloop
endfacet
facet normal -0 0 1
  outer loop
    vertex -12.47204399 8.333553314 42
    vertex -3.430914402 2.056411028 42
    vertex -3.325878382 2.222280979 42
  endloop
endfacet
facet normal -0 0 1
  outer loop
    vertex -12.04811287 8.935489655 42
    vertex -3.325878382 2.222280979 42
    vertex -3.212830067 2.382797241 42
  endloop
endfacet
facet normal -0 0 1
  outer loop
    vertex -11.59515667 9.515899658 42
    vertex -3.212830067 2.382797241 42
    vertex -3.092041731 2.537573099 42
  endloop
endfacet
facet normal -0 0 1
  outer loop
    vertex -11.59515667 9.515899658 42
    vertex -3.092041731 2.537573099 42
    vertex -2.963804483 2.686235905 42
  endloop
endfacet
facet normal -0 0 1
  outer loop
    vertex -10.60660172 10.60660172 42
    vertex -2.963804483 2.686235905 42
    vertex -2.828427076 2.828427076 42
  endloop
endfacet
facet normal -0 0 1
  outer loop
    vertex -10.60660172 10.60660172 42
    vertex -2.828427076 2.828427076 42
    vertex -2.686235905 2.963804483 42
  endloop
endfacet
facet normal -0 0 1
  outer loop
    vertex -10.07338428 11.11426735 42
    vertex -2.686235905 2.963804483 42
    vertex -2.537573099 3.092041731 42
  endloop
endfacet
facet normal -0 0 1
  outer loop
    vertex -9.515899658 11.59515667 42
    vertex -2.537573099 3.092041731 42
    vertex -2.382797241 3.212830067 42
  endloop
endfacet
facet normal -0 0 1
  outer loop
    vertex -8.935489655 12.04811287 42
    vertex -2.382797241 3.212830067 42
    vertex -2.222280979 3.325878382 42
  endloop
endfacet
facet normal -0 0 1
  outer loop
    vertex -8.333553314 12.47204399 42
    vertex -2.222280979 3.325878382 42
    vertex -2.056411028 3.430914402 42
  endloop
endfacet
facet normal -0 0 1
  outer loop
    vertex -7.711541176 12.8659296 42
    vertex -2.056411028 3.430914402 42
    vertex -1.885586977 3.527685165 42
  endloop
endfacet
facet normal 0.9329926266 -0.359895483 0
  outer loop
    vertex -3.766176224 1.347559452 24
    vertex -3.695518017 1.530733705 42
    vertex -3.766176224 1.347559452 42
  endloop
endfacet
facet normal 0.9142101248 -0.4052404814 0
  outer loop
    vertex -3.695518017 1.530733705 24
    vertex -3.61595726 1.710220337 42
    vertex -3.695518017 1.530733705 42
  endloop
endfacet
facet normal 0.8932244114 -0.4496111108 0
  outer loop
    vertex -3.61595726 1.710220337 24
    vertex -3.527685165 1.885586977 42
    vertex -3.61595726 1.710220337 42
  endloop
endfacet
facet normal 0.8700866987 -0.4928987084 0
  outer loop
    vertex -3.527685165 1.885586977 24
    vertex -3.430914402 2.056411028 42
    vertex -3.527685165 1.885586977 42
  endloop
endfacet
facet normal 0.8448534914 -0.5349977364 0
  outer loop
    vertex -3.430914402 2.056411028 24
    vertex -3.325878382 2.222280979 42
    vertex -3.430914402 2.056411028 42
  endloop
endfacet
facet normal 0.8175847927 -0.5758082205 0
  outer loop
    vertex -3.325878382 2.222280979 24
    vertex -3.212830067 2.382797241 42
    vertex -3.325878382 2.222280979 42
  endloop
endfacet
facet normal 0.7883462529 -0.6152318145 0
  outer loop
    vertex -3.212830067 2.382797241 24
    vertex -3.092041731 2.537573099 42
    vertex -3.212830067 2.382797241 42
  endloop
endfacet
facet normal 0.7572092761 -0.653172345 0
  outer loop
    vertex -3.092041731 2.537573099 24
    vertex -2.963804483 2.686235905 42
    vertex -3.092041731 2.537573099 42
  endloop
endfacet
facet normal 0.7242466818 -0.6895409661 0
  outer loop
    vertex -2.963804483 2.686235905 24
    vertex -2.828427076 2.828427076 42
    vertex -2.963804483 2.686235905 42
  endloop
endfacet
facet normal 0.6895409661 -0.7242466818 0
  outer loop
    vertex -2.828427076 2.828427076 24
    vertex -2.686235905 2.963804483 42
    vertex -2.828427076 2.828427076 42
  endloop
endfacet
facet normal 0.653172345 -0.7572092761 0
  outer loop
    vertex -2.686235905 2.963804483 24
    vertex -2.537573099 3.092041731 42
    vertex -2.686235905 2.963804483 42
  endloop
endfacet
facet normal 0.6152318145 -0.7883462529 0
  outer loop
    vertex -2.537573099 3.092041731 24
    vertex -2.382797241 3.212830067 42
    vertex -2.537573099 3.092041731 42
  endloop
endfacet
facet normal 0.5758082205 -0.8175847927 0
  outer loop
    vertex -2.382797241 3.212830067 24
    vertex -2.222280979 3.325878382 42
    vertex -2.382797241 3.212830067 42
  endloop
endfacet
facet normal 0.5349977364 -0.8448534914 0
  outer loop
    vertex -2.222280979 3.325878382 24
    vertex -2.056411028 3.430914402 42
    vertex -2.222280979 3.325878382 42
  endloop
endfacet
facet normal 0.4928987084 -0.8700866987 0
  outer loop
    vertex -2.056411028 3.430914402 24
    vertex -1.885586977 3.527685165 42
    vertex -2.056411028 3.430914402 42
  endloop
endfacet
facet normal 0.4496111108 -0.8932244114 0
  outer loop
    vertex -1.885586977 3.527685165 24
    vertex -1.710220337 3.61595726 42
    vertex -1.885586977 3.527685165 42
  endloop
endfacet
facet normal 0.4052404814 -0.9142101248 0
  outer loop
    vertex -1.710220337 3.61595726 24
    vertex -1.530733705 3.695518017 42
    vertex -1.710220337 3.61595726 42
  endloop
endfacet
facet normal 0.359895483 -0.9329926266 0
  outer loop
    vertex -1.530733705 3.695518017 24
    vertex -1.347559452 3.766176224 42
    vertex -1.530733705 3.695518017 42
  endloop
endfacet
facet normal 0.3136820836 -0.9495280672 0
  outer loop
    vertex -1.347559452 3.766176224 24
    vertex -1.161138654 3.827761412 42
    vertex -1.347559452 3.766176224 42
  endloop
endfacet
facet normal 0.2667126726 -0.9637760893 0
  outer loop
    vertex -1.161138654 3.827761412 24
    vertex -0.9719207287 3.880125046 42
    vertex -1.161138654 3.827761412 42
  endloop
endfacet
facet normal 0.2191005007 -0.9757022961 0
  outer loop
    vertex -0.9719207287 3.880125046 24
    vertex -0.7803612947 3.923141003 42
    vertex -0.9719207287 3.880125046 42
  endloop
endfacet
facet normal 0.1709624836 -0.9852775392 0
  outer loop
    vertex -0.7803612947 3.923141003 24
    vertex -0.5869218707 3.956706047 42
    vertex -0.7803612947 3.923141003 42
  endloop
endfacet
facet normal 0.1224105154 -0.9924795543 0
  outer loop
    vertex -0.5869218707 3.956706047 24
    vertex -0.3920685649 3.980738878 42
    vertex -0.5869218707 3.956706047 42
  endloop
endfacet
facet normal 0.0735645778 -0.9972904556 0
  outer loop
    vertex -0.3920685649 3.980738878 24
    vertex -0.1962707043 3.995181799 42
    vertex -0.3920685649 3.980738878 42
  endloop
endfacet
facet normal 0.02454135942 -0.9996988155 0
  outer loop
    vertex -0.1962707043 3.995181799 24
    vertex 2.449293705e-16 4 42
    vertex -0.1962707043 3.995181799 42
  endloop
endfacet
facet normal 0 -0 1
  outer loop
    vertex -1.885586977 3.527685165 42
    vertex -1.710220337 3.61595726 42
    vertex -6.413326263 13.55983925 42
  endloop
endfacet
facet normal 0 -0 1
  outer loop
    vertex -1.710220337 3.61595726 42
    vertex -1.530733705 3.695518017 42
    vertex -5.740251541 13.8581934 42
  endloop
endfacet
facet normal 0 -0 1
  outer loop
    vertex -1.530733705 3.695518017 42
    vertex -1.347559452 3.766176224 42
    vertex -5.740251541 13.8581934 42
  endloop
endfacet
facet normal 0 -0 1
  outer loop
    vertex -1.347559452 3.766176224 42
    vertex -1.161138654 3.827761412 42
    vertex -5.053347588 14.12316132 42
  endloop
endfacet
facet normal 0 -0 1
  outer loop
    vertex -1.161138654 3.827761412 42
    vertex -0.9719207287 3.880125046 42
    vertex -3.644702673 14.55046844 42
  endloop
endfacet
facet normal -0.4928976052 0.8700873237 0
  outer loop
    vertex -7.711541176 12.8659296 0
    vertex -7.711541176 12.8659296 42
    vertex -7.070950985 13.22881889 42
  endloop
endfacet
facet normal -0.4496112084 0.8932243623 0
  outer loop
    vertex -7.070950985 13.22881889 0
    vertex -7.070950985 13.22881889 42
    vertex -6.413326263 13.55983925 42
  endloop
endfacet
facet normal -0.405242045 0.9142094317 0
  outer loop
    vertex -6.413326263 13.55983925 0
    vertex -6.413326263 13.55983925 42
    vertex -5.740251541 13.8581934 42
  endloop
endfacet
facet normal -0.3598948291 0.9329928788 0
  outer loop
    vertex -5.740251541 13.8581934 0
    vertex -5.740251541 13.8581934 42
    vertex -5.053347588 14.12316132 42
  endloop
endfacet
facet normal -0.3136812915 0.9495283289 0
  outer loop
    vertex -5.053347588 14.12316132 0
    vertex -5.053347588 14.12316132 42
    vertex -4.354269981 14.354105 42
  endloop
endfacet
facet normal -0.2667124158 0.9637761603 0
  outer loop
    vertex -4.354269981 14.354105 0
    vertex -4.354269981 14.354105 42
    vertex -3.644702673 14.55046844 42
  endloop
endfacet
facet normal -0.2191022223 0.9757019095 0
  outer loop
    vertex -3.644702673 14.55046844 0
    vertex -3.644702673 14.55046844 42
    vertex -2.926354885 14.71177959 42
  endloop
endfacet
facet normal -0.1709610723 0.9852777841 0
  outer loop
    vertex -2.926354885 14.71177959 0
    vertex -2.926354885 14.71177959 42
    vertex -2.20095706 14.83764744 42
  endloop
endfacet
facet normal -0.1224105951 0.9924795445 0
  outer loop
    vertex -2.20095706 14.83764744 0
    vertex -2.20095706 14.83764744 42
    vertex -1.470257163 14.92777061 42
  endloop
endfacet
facet normal -0.07356473438 0.9972904441 0
  outer loop
    vertex -1.470257163 14.92777061 0
    vertex -1.470257163 14.92777061 42
    vertex -0.736015141 14.98193169 42
  endloop
endfacet
facet normal -0.02454144033 0.9996988135 0
  outer loop
    vertex -0.736015141 14.98193169 0
    vertex -0.736015141 14.98193169 42
    vertex 9.184850468e-16 15 42
  endloop
endfacet
facet normal -0 -0 1
  outer loop
    vertex -10.07338428 11.11426735 42
    vertex -2.537573099 3.092041731 42
    vertex -9.515899658 11.59515667 42
  endloop
endfacet
facet normal -0 -0 1
  outer loop
    vertex -9.515899658 11.59515667 42
    vertex -2.382797241 3.212830067 42
    vertex -8.935489655 12.04811287 42
  endloop
endfacet
facet normal -0 -0 1
  outer loop
    vertex -8.935489655 12.04811287 42
    vertex -2.222280979 3.325878382 42
    vertex -8.333553314 12.47204399 42
  endloop
endfacet
facet normal -0 -0 1
  outer loop
    vertex -8.333553314 12.47204399 42
    vertex -2.056411028 3.430914402 42
    vertex -7.711541176 12.8659296 42
  endloop
endfacet
facet normal -0 -0 1
  outer loop
    vertex -7.711541176 12.8659296 42
    vertex -1.885586977 3.527685165 42
    vertex -7.070950985 13.22881889 42
  endloop
endfacet
facet normal 0 0 1
  outer loop
    vertex -1.885586977 3.527685165 42
    vertex -6.413326263 13.55983925 42
    vertex -7.070950985 13.22881889 42
  endloop
endfacet
facet normal 0 0 1
  outer loop
    vertex -1.710220337 3.61595726 42
    vertex -5.740251541 13.8581934 42
    vertex -6.413326263 13.55983925 42
  endloop
endfacet
facet normal 0 0 1
  outer loop
    vertex -1.347559452 3.766176224 42
    vertex -5.053347588 14.12316132 42
    vertex -5.740251541 13.8581934 42
  endloop
endfacet
facet normal 0 0 1
  outer loop
    vertex -1.161138654 3.827761412 42
    vertex -4.354269981 14.354105 42
    vertex -5.053347588 14.12316132 42
  endloop
endfacet
facet normal 0 0 1
  outer loop
    vertex -1.161138654 3.827761412 42
    vertex -3.644702673 14.55046844 42
    vertex -4.354269981 14.354105 42
  endloop
endfacet
facet normal 0 0 1
  outer loop
    vertex -0.9719207287 3.880125046 42
    vertex -2.926354885 14.71177959 42
    vertex -3.644702673 14.55046844 42
  endloop
endfacet
facet normal 0 0 1
  outer loop
    vertex -0.5869218707 3.956706047 42
    vertex -2.20095706 14.83764744 42
    vertex -2.926354885 14.71177959 42
  endloop
endfacet
facet normal 0 -0 1
  outer loop
    vertex -0.9719207287 3.880125046 42
    vertex -0.7803612947 3.923141003 42
    vertex -2.926354885 14.71177959 42
  endloop
endfacet
facet normal 0 -0 1
  outer loop
    vertex -0.7803612947 3.923141003 42
    vertex -0.5869218707 3.956706047 42
    vertex -2.926354885 14.71177959 42
  endloop
endfacet
facet normal 0 -0 1
  outer loop
    vertex -0.5869218707 3.956706047 42
    vertex -0.3920685649 3.980738878 42
    vertex -1.470257163 14.92777061 42
  endloop
endfacet
facet normal 0 -0 1
  outer loop
    vertex -0.3920685649 3.980738878 42
    vertex -0.1962707043 3.995181799 42
    vertex -1.470257163 14.92777061 42
  endloop
endfacet
facet normal 0 -0 1
  outer loop
    vertex -0.1962707043 3.995181799 42
    vertex 2.449293705e-16 4 42
    vertex -0.736015141 14.98193169 42
  endloop
endfacet
facet normal 0 0 1
  outer loop
    vertex -0.5869218707 3.956706047 42
    vertex -1.470257163 14.92777061 42
    vertex -2.20095706 14.83764744 42
  endloop
endfacet
facet normal 0 0 1
  outer loop
    vertex -0.1962707043 3.995181799 42
    vertex -0.736015141 14.98193169 42
    vertex -1.470257163 14.92777061 42
  endloop
endfacet
facet normal -0 0 1
  outer loop
    vertex -0.736015141 14.98193169 42
    vertex 2.449293705e-16 4 42
    vertex 9.184850468e-16 15 42
  endloop
endfacet
facet normal 0 0 -1
  outer loop
    vertex -2.755455352e-15 -15 0
    vertex -4.592425234e-16 -2.5 0
    vertex 0.736015141 -14.98193169 0
  endloop
endfacet
facet normal 0 0 -1
  outer loop
    vertex 0.736015141 -14.98193169 0
    vertex 0.2450428456 -2.487961769 0
    vertex 1.470257163 -14.92777061 0
  endloop
endfacet
facet normal 0 0 -1
  outer loop
    vertex 1.470257163 -14.92777061 0
    vertex 0.3668261766 -2.47294116 0
    vertex 2.20095706 -14.83764744 0
  endloop
endfacet
facet normal 0 0 -1
  outer loop
    vertex 2.20095706 -14.83764744 0
    vertex 0.4877257943 -2.451963186 0
    vertex 2.926354885 -14.71177959 0
  endloop
endfacet
facet normal 0 0 -1
  outer loop
    vertex 2.926354885 -14.71177959 0
    vertex 0.6074504256 -2.425078154 0
    vertex 3.644702673 -14.55046844 0
  endloop
endfacet
facet normal 0 0 -1
  outer loop
    vertex 3.644702673 -14.55046844 0
    vertex 0.7257117033 -2.392350912 0
    vertex 4.354269981 -14.354105 0
  endloop
endfacet
facet normal 0 0 -1
  outer loop
    vertex 4.354269981 -14.354105 0
    vertex 0.7257117033 -2.392350912 0
    vertex 5.053347588 -14.12316132 0
  endloop
endfacet
facet normal 0 0 -1
  outer loop
    vertex 5.053347588 -14.12316132 0
    vertex 0.9567086101 -2.30969882 0
    vertex 5.740251541 -13.8581934 0
  endloop
endfacet
facet normal 0 0 -1
  outer loop
    vertex 5.740251541 -13.8581934 0
    vertex 1.068887711 -2.259973288 0
    vertex 6.413326263 -13.55983925 0
  endloop
endfacet
facet normal 0 0 -1
  outer loop
    vertex 6.413326263 -13.55983925 0
    vertex 1.178491831 -2.204803228 0
    vertex 7.070950985 -13.22881889 0
  endloop
endfacet
facet normal 0 0 -1
  outer loop
    vertex 7.070950985 -13.22881889 0
    vertex 1.285256863 -2.144321442 0
    vertex 7.711541176 -12.8659296 0
  endloop
endfacet
facet normal 0 -0 -1
  outer loop
    vertex 1.388925552 -2.078674078 0
    vertex 8.333553314 -12.47204399 0
    vertex 7.711541176 -12.8659296 0
  endloop
endfacet
facet normal 0 -0 -1
  outer loop
    vertex 1.489248276 -2.008018732 0
    vertex 8.935489655 -12.04811287 0
    vertex 8.333553314 -12.47204399 0
  endloop
endfacet
facet normal 0 -0 -1
  outer loop
    vertex 1.585983157 -1.932526112 0
    vertex 9.515899658 -11.59515667 0
    vertex 8.935489655 -12.04811287 0
  endloop
endfacet
facet normal 0 -0 -1
  outer loop
    vertex 1.678897381 -1.852377772 0
    vertex 10.07338428 -11.11426735 0
    vertex 9.515899658 -11.59515667 0
  endloop
endfacet
facet normal 0.02454144033 -0.9996988135 0
  outer loop
    vertex -2.755455352e-15 -15 0
    vertex 0.736015141 -14.98193169 0
    vertex -2.755455352e-15 -15 42
  endloop
endfacet
facet normal 0.07356473438 -0.9972904441 0
  outer loop
    vertex 0.736015141 -14.98193169 0
    vertex 1.470257163 -14.92777061 0
    vertex 0.736015141 -14.98193169 42
  endloop
endfacet
facet normal 0.1224105951 -0.9924795445 0
  outer loop
    vertex 1.470257163 -14.92777061 0
    vertex 2.20095706 -14.83764744 0
    vertex 1.470257163 -14.92777061 42
  endloop
endfacet
facet normal 0.1709610723 -0.9852777841 0
  outer loop
    vertex 2.20095706 -14.83764744 0
    vertex 2.926354885 -14.71177959 0
    vertex 2.20095706 -14.83764744 42
  endloop
endfacet
facet normal 0.2191022223 -0.9757019095 0
  outer loop
    vertex 2.926354885 -14.71177959 0
    vertex 3.644702673 -14.55046844 0
    vertex 2.926354885 -14.71177959 42
  endloop
endfacet
facet normal 0.2667124158 -0.9637761603 0
  outer loop
    vertex 3.644702673 -14.55046844 0
    vertex 4.354269981 -14.354105 0
    vertex 3.644702673 -14.55046844 42
  endloop
endfacet
facet normal 0.3136812915 -0.9495283289 0
  outer loop
    vertex 4.354269981 -14.354105 0
    vertex 5.053347588 -14.12316132 0
    vertex 4.354269981 -14.354105 42
  endloop
endfacet
facet normal 0.3598948291 -0.9329928788 0
  outer loop
    vertex 5.053347588 -14.12316132 0
    vertex 5.740251541 -13.8581934 0
    vertex 5.053347588 -14.12316132 42
  endloop
endfacet
facet normal 0.405242045 -0.9142094317 0
  outer loop
    vertex 5.740251541 -13.8581934 0
    vertex 6.413326263 -13.55983925 0
    vertex 5.740251541 -13.8581934 42
  endloop
endfacet
facet normal 0.4496112084 -0.8932243623 0
  outer loop
    vertex 6.413326263 -13.55983925 0
    vertex 7.070950985 -13.22881889 0
    vertex 6.413326263 -13.55983925 42
  endloop
endfacet
facet normal 0.4928976052 -0.8700873237 0
  outer loop
    vertex 7.070950985 -13.22881889 0
    vertex 7.711541176 -12.8659296 0
    vertex 7.070950985 -13.22881889 42
  endloop
endfacet
facet normal 0 0 -1
  outer loop
    vertex 0.736015141 -14.98193169 0
    vertex -4.592425234e-16 -2.5 0
    vertex 0.1226691827 -2.496988535 0
  endloop
endfacet
facet normal 0 0 -1
  outer loop
    vertex 0.736015141 -14.98193169 0
    vertex 0.1226691827 -2.496988535 0
    vertex 0.2450428456 -2.487961769 0
  endloop
endfacet
facet normal 0 0 -1
  outer loop
    vertex 1.470257163 -14.92777061 0
    vertex 0.2450428456 -2.487961769 0
    vertex 0.3668261766 -2.47294116 0
  endloop
endfacet
facet normal 0 0 -1
  outer loop
    vertex 2.20095706 -14.83764744 0
    vertex 0.3668261766 -2.47294116 0
    vertex 0.4877257943 -2.451963186 0
  endloop
endfacet
facet normal 0 0 -1
  outer loop
    vertex 2.926354885 -14.71177959 0
    vertex 0.4877257943 -2.451963186 0
    vertex 0.6074504256 -2.425078154 0
  endloop
endfacet
facet normal 0 0 -1
  outer loop
    vertex 3.644702673 -14.55046844 0
    vertex 0.6074504256 -2.425078154 0
    vertex 0.7257117033 -2.392350912 0
  endloop
endfacet
facet normal 0 0 -1
  outer loop
    vertex 5.053347588 -14.12316132 0
    vertex 0.7257117033 -2.392350912 0
    vertex 0.8422246575 -2.35386014 0
  endloop
endfacet
facet normal 0 0 -1
  outer loop
    vertex 5.053347588 -14.12316132 0
    vertex 0.8422246575 -2.35386014 0
    vertex 0.9567086101 -2.30969882 0
  endloop
endfacet
facet normal 0 0 -1
  outer loop
    vertex 5.740251541 -13.8581934 0
    vertex 0.9567086101 -2.30969882 0
    vertex 1.068887711 -2.259973288 0
  endloop
endfacet
facet normal 0 0 -1
  outer loop
    vertex 6.413326263 -13.55983925 0
    vertex 1.068887711 -2.259973288 0
    vertex 1.178491831 -2.204803228 0
  endloop
endfacet
facet normal 0 0 -1
  outer loop
    vertex 7.070950985 -13.22881889 0
    vertex 1.178491831 -2.204803228 0
    vertex 1.285256863 -2.144321442 0
  endloop
endfacet
facet normal 0 0 -1
  outer loop
    vertex 1.285256863 -2.144321442 0
    vertex 1.388925552 -2.078674078 0
    vertex 7.711541176 -12.8659296 0
  endloop
endfacet
facet normal -0.0245420891 0.9996987976 0
  outer loop
    vertex -4.592425234e-16 -2.5 0
    vertex -4.592425234e-16 -2.5 24
    vertex 0.1226691827 -2.496988535 0
  endloop
endfacet
facet normal -0.07356409468 0.9972904913 0
  outer loop
    vertex 0.1226691827 -2.496988535 0
    vertex 0.1226691827 -2.496988535 24
    vertex 0.2450428456 -2.487961769 0
  endloop
endfacet
facet normal -0.1224112183 0.9924794676 0
  outer loop
    vertex 0.2450428456 -2.487961769 0
    vertex 0.2450428456 -2.487961769 24
    vertex 0.3668261766 -2.47294116 0
  endloop
endfacet
facet normal -0.1709610996 0.9852777793 0
  outer loop
    vertex 0.3668261766 -2.47294116 0
    vertex 0.3668261766 -2.47294116 24
    vertex 0.4877257943 -2.451963186 0
  endloop
endfacet
facet normal -0.2191009891 0.9757021864 0
  outer loop
    vertex 0.4877257943 -2.451963186 0
    vertex 0.4877257943 -2.451963186 24
    vertex 0.6074504256 -2.425078154 0
  endloop
endfacet
facet normal -0.2667122909 0.9637761949 0
  outer loop
    vertex 0.6074504256 -2.425078154 0
    vertex 0.6074504256 -2.425078154 24
    vertex 0.7257117033 -2.392350912 0
  endloop
endfacet
facet normal -0.3136824111 0.949527959 0
  outer loop
    vertex 0.7257117033 -2.392350912 0
    vertex 0.7257117033 -2.392350912 24
    vertex 0.8422246575 -2.35386014 0
  endloop
endfacet
facet normal -0.3598949379 0.9329928369 0
  outer loop
    vertex 0.8422246575 -2.35386014 0
    vertex 0.8422246575 -2.35386014 24
    vertex 0.9567086101 -2.30969882 0
  endloop
endfacet
facet normal -0.4052410223 0.914209885 0
  outer loop
    vertex 0.9567086101 -2.30969882 0
    vertex 0.9567086101 -2.30969882 24
    vertex 1.068887711 -2.259973288 0
  endloop
endfacet
facet normal -0.4496112084 0.8932243623 0
  outer loop
    vertex 1.068887711 -2.259973288 0
    vertex 1.068887711 -2.259973288 24
    vertex 1.178491831 -2.204803228 0
  endloop
endfacet
facet normal -0.4928990761 0.8700864904 0
  outer loop
    vertex 1.178491831 -2.204803228 0
    vertex 1.178491831 -2.204803228 24
    vertex 1.285256863 -2.144321442 0
  endloop
endfacet
facet normal -0.5349969794 0.8448539708 0
  outer loop
    vertex 1.285256863 -2.144321442 0
    vertex 1.285256863 -2.144321442 24
    vertex 1.388925552 -2.078674078 0
  endloop
endfacet
facet normal -0.5758088036 0.817584382 0
  outer loop
    vertex 1.388925552 -2.078674078 0
    vertex 1.388925552 -2.078674078 24
    vertex 1.489248276 -2.008018732 0
  endloop
endfacet
facet normal -0.6152314795 0.7883465143 0
  outer loop
    vertex 1.489248276 -2.008018732 0
    vertex 1.489248276 -2.008018732 24
    vertex 1.585983157 -1.932526112 0
  endloop
endfacet
facet normal -0.6531727436 0.7572089322 0
  outer loop
    vertex 1.585983157 -1.932526112 0
    vertex 1.585983157 -1.932526112 24
    vertex 1.678897381 -1.852377772 0
  endloop
endfacet
facet normal -0.6895403474 0.7242472708 0
  outer loop
    vertex 1.678897381 -1.852377772 0
    vertex 1.678897381 -1.852377772 24
    vertex 1.767766953 -1.767766953 0
  endloop
endfacet
facet normal -0.7242472708 0.6895403474 0
  outer loop
    vertex 1.767766953 -1.767766953 0
    vertex 1.767766953 -1.767766953 24
    vertex 1.852377772 -1.678897381 0
  endloop
endfacet
facet normal -0.7572089322 0.6531727436 0
  outer loop
    vertex 1.852377772 -1.678897381 0
    vertex 1.852377772 -1.678897381 24
    vertex 1.932526112 -1.585983157 0
  endloop
endfacet
facet normal -0.7883465143 0.6152314795 0
  outer loop
    vertex 1.932526112 -1.585983157 0
    vertex 1.932526112 -1.585983157 24
    vertex 2.008018732 -1.489248276 0
  endloop
endfacet
facet normal -0.817584382 0.5758088036 0
  outer loop
    vertex 2.008018732 -1.489248276 0
    vertex 2.008018732 -1.489248276 24
    vertex 2.078674078 -1.388925552 0
  endloop
endfacet
facet normal -0.8448539708 0.5349969794 0
  outer loop
    vertex 2.078674078 -1.388925552 0
    vertex 2.078674078 -1.388925552 24
    vertex 2.144321442 -1.285256863 0
  endloop
endfacet
facet normal -0.8700866183 0.4928988503 0
  outer loop
    vertex 2.144321442 -1.285256863 0
    vertex 2.144321442 -1.285256863 24
    vertex 2.164294243 -1.25 0
  endloop
endfacet
facet normal 0 0 -1
  outer loop
    vertex 1.388925552 -2.078674078 0
    vertex 1.489248276 -2.008018732 0
    vertex 8.333553314 -12.47204399 0
  endloop
endfacet
facet normal 0 0 -1
  outer loop
    vertex 1.489248276 -2.008018732 0
    vertex 1.585983157 -1.932526112 0
    vertex 8.935489655 -12.04811287 0
  endloop
endfacet
facet normal 0 0 -1
  outer loop
    vertex 1.585983157 -1.932526112 0
    vertex 1.678897381 -1.852377772 0
    vertex 9.515899658 -11.59515667 0
  endloop
endfacet
facet normal 0 0 -1
  outer loop
    vertex 1.678897381 -1.852377772 0
    vertex 1.767766953 -1.767766953 0
    vertex 10.07338428 -11.11426735 0
  endloop
endfacet
facet normal 0 0 -1
  outer loop
    vertex 1.767766953 -1.767766953 0
    vertex 1.852377772 -1.678897381 0
    vertex 11.11426735 -10.07338428 0
  endloop
endfacet
facet normal 0 0 -1
  outer loop
    vertex 1.852377772 -1.678897381 0
    vertex 1.932526112 -1.585983157 0
    vertex 11.11426735 -10.07338428 0
  endloop
endfacet
facet normal 0 0 -1
  outer loop
    vertex 1.932526112 -1.585983157 0
    vertex 2.008018732 -1.489248276 0
    vertex 12.04811287 -8.935489655 0
  endloop
endfacet
facet normal 0 0 -1
  outer loop
    vertex 2.008018732 -1.489248276 0
    vertex 2.078674078 -1.388925552 0
    vertex 12.04811287 -8.935489655 0
  endloop
endfacet
facet normal 0 0 -1
  outer loop
    vertex 2.078674078 -1.388925552 0
    vertex 2.144321442 -1.285256863 0
    vertex 12.8659296 -7.711541176 0
  endloop
endfacet
facet normal 0 0 -1
  outer loop
    vertex 2.144321442 -1.285256863 0
    vertex 2.164294243 -1.25 0
    vertex 14.94401741 -1.25 0
  endloop
endfacet
facet normal -0.0245420891 0.9996987976 0
  outer loop
    vertex 0.1226691827 -2.496988535 0
    vertex -4.592425234e-16 -2.5 24
    vertex 0.1226691827 -2.496988535 24
  endloop
endfacet
facet normal -0.07356409468 0.9972904913 0
  outer loop
    vertex 0.2450428456 -2.487961769 0
    vertex 0.1226691827 -2.496988535 24
    vertex 0.2450428456 -2.487961769 24
  endloop
endfacet
facet normal -0.1224112183 0.9924794676 0
  outer loop
    vertex 0.3668261766 -2.47294116 0
    vertex 0.2450428456 -2.487961769 24
    vertex 0.3668261766 -2.47294116 24
  endloop
endfacet
facet normal -0.1709610996 0.9852777793 0
  outer loop
    vertex 0.4877257943 -2.451963186 0
    vertex 0.3668261766 -2.47294116 24
    vertex 0.4877257943 -2.451963186 24
  endloop
endfacet
facet normal -0.2191009891 0.9757021864 0
  outer loop
    vertex 0.6074504256 -2.425078154 0
    vertex 0.4877257943 -2.451963186 24
    vertex 0.6074504256 -2.425078154 24
  endloop
endfacet
facet normal -0.2667122909 0.9637761949 0
  outer loop
    vertex 0.7257117033 -2.392350912 0
    vertex 0.6074504256 -2.425078154 24
    vertex 0.7257117033 -2.392350912 24
  endloop
endfacet
facet normal -0.3136824111 0.949527959 0
  outer loop
    vertex 0.8422246575 -2.35386014 0
    vertex 0.7257117033 -2.392350912 24
    vertex 0.8422246575 -2.35386014 24
  endloop
endfacet
facet normal -0.3598949379 0.9329928369 0
  outer loop
    vertex 0.9567086101 -2.30969882 0
    vertex 0.8422246575 -2.35386014 24
    vertex 0.9567086101 -2.30969882 24
  endloop
endfacet
facet normal -0.4052410223 0.914209885 0
  outer loop
    vertex 1.068887711 -2.259973288 0
    vertex 0.9567086101 -2.30969882 24
    vertex 1.068887711 -2.259973288 24
  endloop
endfacet
facet normal -0.4496112084 0.8932243623 0
  outer loop
    vertex 1.178491831 -2.204803228 0
    vertex 1.068887711 -2.259973288 24
    vertex 1.178491831 -2.204803228 24
  endloop
endfacet
facet normal -0.4928990761 0.8700864904 0
  outer loop
    vertex 1.285256863 -2.144321442 0
    vertex 1.178491831 -2.204803228 24
    vertex 1.285256863 -2.144321442 24
  endloop
endfacet
facet normal -0.5349969794 0.8448539708 0
  outer loop
    vertex 1.388925552 -2.078674078 0
    vertex 1.285256863 -2.144321442 24
    vertex 1.388925552 -2.078674078 24
  endloop
endfacet
facet normal -0.5758088036 0.817584382 0
  outer loop
    vertex 1.489248276 -2.008018732 0
    vertex 1.388925552 -2.078674078 24
    vertex 1.489248276 -2.008018732 24
  endloop
endfacet
facet normal -0.6152314795 0.7883465143 0
  outer loop
    vertex 1.585983157 -1.932526112 0
    vertex 1.489248276 -2.008018732 24
    vertex 1.585983157 -1.932526112 24
  endloop
endfacet
facet normal -0.6531727436 0.7572089322 0
  outer loop
    vertex 1.678897381 -1.852377772 0
    vertex 1.585983157 -1.932526112 24
    vertex 1.678897381 -1.852377772 24
  endloop
endfacet
facet normal -0.6895403474 0.7242472708 0
  outer loop
    vertex 1.767766953 -1.767766953 0
    vertex 1.678897381 -1.852377772 24
    vertex 1.767766953 -1.767766953 24
  endloop
endfacet
facet normal -0.7242472708 0.6895403474 0
  outer loop
    vertex 1.852377772 -1.678897381 0
    vertex 1.767766953 -1.767766953 24
    vertex 1.852377772 -1.678897381 24
  endloop
endfacet
facet normal -0.7572089322 0.6531727436 0
  outer loop
    vertex 1.932526112 -1.585983157 0
    vertex 1.852377772 -1.678897381 24
    vertex 1.932526112 -1.585983157 24
  endloop
endfacet
facet normal -0.7883465143 0.6152314795 0
  outer loop
    vertex 2.008018732 -1.489248276 0
    vertex 1.932526112 -1.585983157 24
    vertex 2.008018732 -1.489248276 24
  endloop
endfacet
facet normal -0.817584382 0.5758088036 0
  outer loop
    vertex 2.078674078 -1.388925552 0
    vertex 2.008018732 -1.489248276 24
    vertex 2.078674078 -1.388925552 24
  endloop
endfacet
facet normal -0.8448539708 0.5349969794 0
  outer loop
    vertex 2.144321442 -1.285256863 0
    vertex 2.078674078 -1.388925552 24
    vertex 2.144321442 -1.285256863 24
  endloop
endfacet
facet normal -0.8700866183 0.4928988503 0
  outer loop
    vertex 2.164294243 -1.25 0
    vertex 2.144321442 -1.285256863 24
    vertex 2.164294243 -1.25 24
  endloop
endfacet
facet normal 0 1 0
  outer loop
    vertex 2.164294243 -1.25 0
    vertex 2.164294243 -1.25 24
    vertex 3.798405647 -1.25 24
  endloop
endfacet
facet normal 0 -0 -1
  outer loop
    vertex 1.767766953 -1.767766953 0
    vertex 10.60660172 -10.60660172 0
    vertex 10.07338428 -11.11426735 0
  endloop
endfacet
facet normal 0.5349983663 -0.8448530926 0
  outer loop
    vertex 7.711541176 -12.8659296 0
    vertex 8.333553314 -12.47204399 0
    vertex 7.711541176 -12.8659296 42
  endloop
endfacet
facet normal 0.5758079377 -0.8175849918 0
  outer loop
    vertex 8.333553314 -12.47204399 0
    vertex 8.935489655 -12.04811287 0
    vertex 8.333553314 -12.47204399 42
  endloop
endfacet
facet normal 0.6152314108 -0.7883465679 0
  outer loop
    vertex 8.935489655 -12.04811287 0
    vertex 9.515899658 -11.59515667 0
    vertex 8.935489655 -12.04811287 42
  endloop
endfacet
facet normal 0.6531726671 -0.7572089982 0
  outer loop
    vertex 9.515899658 -11.59515667 0
    vertex 10.07338428 -11.11426735 0
    vertex 9.515899658 -11.59515667 42
  endloop
endfacet
facet normal 0.689540857 -0.7242467857 0
  outer loop
    vertex 10.07338428 -11.11426735 0
    vertex 10.60660172 -10.60660172 0
    vertex 10.07338428 -11.11426735 42
  endloop
endfacet
facet normal 0.7242467857 -0.689540857 0
  outer loop
    vertex 10.60660172 -10.60660172 0
    vertex 11.11426735 -10.07338428 0
    vertex 10.60660172 -10.60660172 42
  endloop
endfacet
facet normal 0.7572089982 -0.6531726671 0
  outer loop
    vertex 11.11426735 -10.07338428 0
    vertex 11.59515667 -9.515899658 0
    vertex 11.11426735 -10.07338428 42
  endloop
endfacet
facet normal 0.7883465679 -0.6152314108 0
  outer loop
    vertex 11.59515667 -9.515899658 0
    vertex 12.04811287 -8.935489655 0
    vertex 11.59515667 -9.515899658 42
  endloop
endfacet
facet normal 0.8175849918 -0.5758079377 0
  outer loop
    vertex 12.04811287 -8.935489655 0
    vertex 12.47204399 -8.333553314 0
    vertex 12.04811287 -8.935489655 42
  endloop
endfacet
facet normal 0.8448530926 -0.5349983663 0
  outer loop
    vertex 12.47204399 -8.333553314 0
    vertex 12.8659296 -7.711541176 0
    vertex 12.47204399 -8.333553314 42
  endloop
endfacet
facet normal 0 -0 -1
  outer loop
    vertex 1.767766953 -1.767766953 0
    vertex 11.11426735 -10.07338428 0
    vertex 10.60660172 -10.60660172 0
  endloop
endfacet
facet normal 0 -0 -1
  outer loop
    vertex 1.932526112 -1.585983157 0
    vertex 11.59515667 -9.515899658 0
    vertex 11.11426735 -10.07338428 0
  endloop
endfacet
facet normal 0 -0 -1
  outer loop
    vertex 1.932526112 -1.585983157 0
    vertex 12.04811287 -8.935489655 0
    vertex 11.59515667 -9.515899658 0
  endloop
endfacet
facet normal 0 -0 -1
  outer loop
    vertex 2.078674078 -1.388925552 0
    vertex 12.47204399 -8.333553314 0
    vertex 12.04811287 -8.935489655 0
  endloop
endfacet
facet normal 0 -0 -1
  outer loop
    vertex 2.078674078 -1.388925552 0
    vertex 12.8659296 -7.711541176 0
    vertex 12.47204399 -8.333553314 0
  endloop
endfacet
facet normal 0 -0 -1
  outer loop
    vertex 2.144321442 -1.285256863 0
    vertex 14.94401741 -1.25 0
    vertex 12.8659296 -7.711541176 0
  endloop
endfacet
facet normal -0 1 0
  outer loop
    vertex 2.164294243 -1.25 0
    vertex 14 -1.25 10.7097187
    vertex 14.94401741 -1.25 0
  endloop
endfacet
facet normal -0 1 0
  outer loop
    vertex 2.164294243 -1.25 0
    vertex 14 -1.25 13.2902813
    vertex 14 -1.25 10.7097187
  endloop
endfacet
facet normal 0 -0 -1
  outer loop
    vertex 12.8659296 -7.711541176 0
    vertex 14.94401741 -1.25 0
    vertex 13.22881889 -7.070950985 0
  endloop
endfacet
facet normal 0 -0 -1
  outer loop
    vertex 13.22881889 -7.070950985 0
    vertex 14.94401741 -1.25 0
    vertex 13.55983925 -6.413326263 0
  endloop
endfacet
facet normal 0 -0 -1
  outer loop
    vertex 13.55983925 -6.413326263 0
    vertex 14.94401741 -1.25 0
    vertex 13.8581934 -5.740251541 0
  endloop
endfacet
facet normal 0 -0 -1
  outer loop
    vertex 13.8581934 -5.740251541 0
    vertex 14.94401741 -1.25 0
    vertex 14.12316132 -5.053347588 0
  endloop
endfacet
facet normal 0 -0 -1
  outer loop
    vertex 14.12316132 -5.053347588 0
    vertex 14.94401741 -1.25 0
    vertex 14.354105 -4.354269981 0
  endloop
endfacet
facet normal 0 -0 -1
  outer loop
    vertex 14.354105 -4.354269981 0
    vertex 14.94401741 -1.25 0
    vertex 14.55046844 -3.644702673 0
  endloop
endfacet
facet normal 0 -0 -1
  outer loop
    vertex 14.55046844 -3.644702673 0
    vertex 14.94401741 -1.25 0
    vertex 14.71177959 -2.926354885 0
  endloop
endfacet
facet normal 0 -0 -1
  outer loop
    vertex 14.71177959 -2.926354885 0
    vertex 14.94401741 -1.25 0
    vertex 14.83764744 -2.20095706 0
  endloop
endfacet
facet normal 0 -0 -1
  outer loop
    vertex 14.83764744 -2.20095706 0
    vertex 14.94401741 -1.25 0
    vertex 14.92777061 -1.470257163 0
  endloop
endfacet
facet normal 0.9924795445 -0.1224105951 -1.892181005e-08
  outer loop
    vertex 14.83764744 -2.20095706 0
    vertex 14.92777061 -1.470257163 0
    vertex 14.89466572 -1.738666534 11.53412533
  endloop
endfacet
facet normal 0.9972905725 -0.07356299298 0
  outer loop
    vertex 14.92777061 -1.470257163 0
    vertex 14.94401741 -1.25 0
    vertex 14.94401741 -1.25 10.7097187
  endloop
endfacet
facet normal 0.9924798414 -0.122408188 -1.168682319e-07
  outer loop
    vertex 14.83764744 -2.20095706 0
    vertex 14.89466572 -1.738666534 11.53412533
    vertex 14.88710117 -1.799999952 12
  endloop
endfacet
facet normal 0.9924796187 -0.1224099936 -4.711318305e-09
  outer loop
    vertex 14.92777061 -1.470257163 0
    vertex 14.91684437 -1.558845758 11.10000038
    vertex 14.89466572 -1.738666534 11.53412533
  endloop
endfacet
facet normal 0.9924796904 -0.1224094122 0
  outer loop
    vertex 14.92777061 -1.470257163 0
    vertex 14.92777061 -1.470257163 10.98454952
    vertex 14.91684437 -1.558845758 11.10000038
  endloop
endfacet
facet normal 0 1 -0
  outer loop
    vertex 14.94401741 -1.25 0
    vertex 14 -1.25 10.7097187
    vertex 14.94401741 -1.25 10.7097187
  endloop
endfacet
facet normal 0.9972902288 -0.07356765215 9.634229238e-08
  outer loop
    vertex 14.92777061 -1.470257163 0
    vertex 14.94401741 -1.25 10.7097187
    vertex 14.94233608 -1.27279222 10.72720814
  endloop
endfacet
facet normal 0.9972906128 -0.07356244672 0
  outer loop
    vertex 14.92777061 -1.470257163 0
    vertex 14.94233608 -1.27279222 10.72720814
    vertex 14.92777061 -1.470257163 10.98454952
  endloop
endfacet
facet normal -0 1 0
  outer loop
    vertex 2.164294243 -1.25 0
    vertex 14 -1.25 32.7097168
    vertex 14 -1.25 13.2902813
  endloop
endfacet
facet normal 0.8700873237 -0.4928976052 0
  outer loop
    vertex 12.8659296 -7.711541176 0
    vertex 13.22881889 -7.070950985 0
    vertex 12.8659296 -7.711541176 42
  endloop
endfacet
facet normal 0.8932243623 -0.4496112084 0
  outer loop
    vertex 13.22881889 -7.070950985 0
    vertex 13.55983925 -6.413326263 0
    vertex 13.22881889 -7.070950985 42
  endloop
endfacet
facet normal 0.9142094317 -0.405242045 0
  outer loop
    vertex 13.55983925 -6.413326263 0
    vertex 13.8581934 -5.740251541 0
    vertex 13.55983925 -6.413326263 42
  endloop
endfacet
facet normal 0.9329928788 -0.3598948291 0
  outer loop
    vertex 13.8581934 -5.740251541 0
    vertex 14.12316132 -5.053347588 0
    vertex 13.8581934 -5.740251541 42
  endloop
endfacet
facet normal 0.9495283289 -0.3136812915 0
  outer loop
    vertex 14.12316132 -5.053347588 0
    vertex 14.354105 -4.354269981 0
    vertex 14.12316132 -5.053347588 42
  endloop
endfacet
facet normal 0.9637761603 -0.2667124158 0
  outer loop
    vertex 14.354105 -4.354269981 0
    vertex 14.55046844 -3.644702673 0
    vertex 14.354105 -4.354269981 42
  endloop
endfacet
facet normal 0.9757019095 -0.2191022223 0
  outer loop
    vertex 14.55046844 -3.644702673 0
    vertex 14.71177959 -2.926354885 0
    vertex 14.55046844 -3.644702673 42
  endloop
endfacet
facet normal 0.9852777841 -0.1709610723 0
  outer loop
    vertex 14.71177959 -2.926354885 0
    vertex 14.83764744 -2.20095706 0
    vertex 14.71177959 -2.926354885 42
  endloop
endfacet
facet normal 1 -0 -0
  outer loop
    vertex 14 -1.558845758 11.10000038
    vertex 14 -1.25 10.7097187
    vertex 14 -1.738666534 11.53412533
  endloop
endfacet
facet normal 1 -0 -0
  outer loop
    vertex 14 -1.738666534 11.53412533
    vertex 14 -1.25 10.7097187
    vertex 14 -1.799999952 12
  endloop
endfacet
facet normal 1 0 0
  outer loop
    vertex 14 -1.25 10.7097187
    vertex 14 -1.738666534 12.46587467
    vertex 14 -1.799999952 12
  endloop
endfacet
facet normal 1 0 0
  outer loop
    vertex 14 -1.558845758 11.10000038
    vertex 14 -1.27279222 10.72720814
    vertex 14 -1.25 10.7097187
  endloop
endfacet
facet normal 1 0 0
  outer loop
    vertex 14 -1.25 10.7097187
    vertex 14 -1.558845758 12.89999962
    vertex 14 -1.738666534 12.46587467
  endloop
endfacet
facet normal 1 0 0
  outer loop
    vertex 14 -1.25 10.7097187
    vertex 14 -1.27279222 13.27279186
    vertex 14 -1.558845758 12.89999962
  endloop
endfacet
facet normal 1 0 -0
  outer loop
    vertex 14 -1.25 10.7097187
    vertex 14 -1.25 13.2902813
    vertex 14 -1.27279222 13.27279186
  endloop
endfacet
facet normal -3.331844043e-08 0.793353352 0.6087614138
  outer loop
    vertex 14 -1.558845758 11.10000038
    vertex 14.92777061 -1.470257163 10.98454952
    vertex 14 -1.27279222 10.72720814
  endloop
endfacet
facet normal -0 0.9238792802 0.3826840415
  outer loop
    vertex 14 -1.558845758 11.10000038
    vertex 14 -1.738666534 11.53412533
    vertex 14.89466572 -1.738666534 11.53412533
  endloop
endfacet
facet normal -0 0.608769046 0.7933474955
  outer loop
    vertex 14 -1.27279222 10.72720814
    vertex 14.94233608 -1.27279222 10.72720814
    vertex 14 -1.25 10.7097187
  endloop
endfacet
facet normal -0 0.7933532227 0.6087615823
  outer loop
    vertex 14 -1.558845758 11.10000038
    vertex 14.91684437 -1.558845758 11.10000038
    vertex 14.92777061 -1.470257163 10.98454952
  endloop
endfacet
facet normal 0 0.9914449016 0.1305258863
  outer loop
    vertex 14 -1.738666534 11.53412533
    vertex 14.88710117 -1.799999952 12
    vertex 14.89466572 -1.738666534 11.53412533
  endloop
endfacet
facet normal 0 0.9238792802 0.3826840415
  outer loop
    vertex 14 -1.558845758 11.10000038
    vertex 14.89466572 -1.738666534 11.53412533
    vertex 14.91684437 -1.558845758 11.10000038
  endloop
endfacet
facet normal 0 0.79335341 0.6087613382
  outer loop
    vertex 14 -1.27279222 10.72720814
    vertex 14.92777061 -1.470257163 10.98454952
    vertex 14.94233608 -1.27279222 10.72720814
  endloop
endfacet
facet normal 0 0.608769046 0.7933474955
  outer loop
    vertex 14 -1.25 10.7097187
    vertex 14.94233608 -1.27279222 10.72720814
    vertex 14.94401741 -1.25 10.7097187
  endloop
endfacet
facet normal -0 0.9914449016 0.1305258863
  outer loop
    vertex 14 -1.738666534 11.53412533
    vertex 14 -1.799999952 12
    vertex 14.88710117 -1.799999952 12
  endloop
endfacet
facet normal 0 0.9914449016 -0.1305258863
  outer loop
    vertex 14 -1.799999952 12
    vertex 14 -1.738666534 12.46587467
    vertex 14.89466572 -1.738666534 12.46587467
  endloop
endfacet
facet normal 0 0.9238792802 -0.3826840415
  outer loop
    vertex 14 -1.738666534 12.46587467
    vertex 14 -1.558845758 12.89999962
    vertex 14.91684437 -1.558845758 12.89999962
  endloop
endfacet
facet normal -3.331844043e-08 0.793353352 -0.6087614138
  outer loop
    vertex 14 -1.558845758 12.89999962
    vertex 14 -1.27279222 13.27279186
    vertex 14.92777061 -1.470257163 13.01545048
  endloop
endfacet
facet normal 0 0.9914449016 -0.1305258863
  outer loop
    vertex 14 -1.799999952 12
    vertex 14.89466572 -1.738666534 12.46587467
    vertex 14.88710117 -1.799999952 12
  endloop
endfacet
facet normal 0 0.9238792802 -0.3826840415
  outer loop
    vertex 14 -1.738666534 12.46587467
    vertex 14.91684437 -1.558845758 12.89999962
    vertex 14.89466572 -1.738666534 12.46587467
  endloop
endfacet
facet normal 0 0.7933532227 -0.6087615823
  outer loop
    vertex 14 -1.558845758 12.89999962
    vertex 14.92777061 -1.470257163 13.01545048
    vertex 14.91684437 -1.558845758 12.89999962
  endloop
endfacet
facet normal 0 0.608769046 -0.7933474955
  outer loop
    vertex 14 -1.27279222 13.27279186
    vertex 14 -1.25 13.2902813
    vertex 14.94233608 -1.27279222 13.27279186
  endloop
endfacet
facet normal 0 0.79335341 -0.6087613382
  outer loop
    vertex 14.92777061 -1.470257163 13.01545048
    vertex 14 -1.27279222 13.27279186
    vertex 14.94233608 -1.27279222 13.27279186
  endloop
endfacet
facet normal 0 0.608769046 -0.7933474955
  outer loop
    vertex 14 -1.25 13.2902813
    vertex 14.94401741 -1.25 13.2902813
    vertex 14.94233608 -1.27279222 13.27279186
  endloop
endfacet
facet normal 0.9924794164 -0.1224116333 0
  outer loop
    vertex 14.83764744 -2.20095706 0
    vertex 14.88710117 -1.799999952 12
    vertex 14.83764744 -2.20095706 42
  endloop
endfacet
facet normal -0 1 0
  outer loop
    vertex 14 -1.25 13.2902813
    vertex 14 -1.25 32.7097168
    vertex 14.94401741 -1.25 13.2902813
  endloop
endfacet
facet normal 0.9972906128 -0.07356244672 0
  outer loop
    vertex 14.92777061 -1.470257163 13.01545048
    vertex 14.94233608 -1.27279222 13.27279186
    vertex 14.92777061 -1.470257163 32.98454666
  endloop
endfacet
facet normal 0.9972902234 -0.07356772568 0
  outer loop
    vertex 14.94233608 -1.27279222 13.27279186
    vertex 14.94401741 -1.25 13.2902813
    vertex 14.94233608 -1.27279222 32.72720718
  endloop
endfacet
facet normal 0.02454144033 -0.9996988135 0
  outer loop
    vertex 0.736015141 -14.98193169 0
    vertex 0.736015141 -14.98193169 42
    vertex -2.755455352e-15 -15 42
  endloop
endfacet
facet normal 0.07356473438 -0.9972904441 0
  outer loop
    vertex 1.470257163 -14.92777061 0
    vertex 1.470257163 -14.92777061 42
    vertex 0.736015141 -14.98193169 42
  endloop
endfacet
facet normal 0.1224105951 -0.9924795445 0
  outer loop
    vertex 2.20095706 -14.83764744 0
    vertex 2.20095706 -14.83764744 42
    vertex 1.470257163 -14.92777061 42
  endloop
endfacet
facet normal 0.1709610723 -0.9852777841 0
  outer loop
    vertex 2.926354885 -14.71177959 0
    vertex 2.926354885 -14.71177959 42
    vertex 2.20095706 -14.83764744 42
  endloop
endfacet
facet normal 0.2191022223 -0.9757019095 0
  outer loop
    vertex 3.644702673 -14.55046844 0
    vertex 3.644702673 -14.55046844 42
    vertex 2.926354885 -14.71177959 42
  endloop
endfacet
facet normal 0.2667124158 -0.9637761603 0
  outer loop
    vertex 4.354269981 -14.354105 0
    vertex 4.354269981 -14.354105 42
    vertex 3.644702673 -14.55046844 42
  endloop
endfacet
facet normal 0.3136812915 -0.9495283289 0
  outer loop
    vertex 5.053347588 -14.12316132 0
    vertex 5.053347588 -14.12316132 42
    vertex 4.354269981 -14.354105 42
  endloop
endfacet
facet normal 0.3598948291 -0.9329928788 0
  outer loop
    vertex 5.740251541 -13.8581934 0
    vertex 5.740251541 -13.8581934 42
    vertex 5.053347588 -14.12316132 42
  endloop
endfacet
facet normal 0.405242045 -0.9142094317 0
  outer loop
    vertex 6.413326263 -13.55983925 0
    vertex 6.413326263 -13.55983925 42
    vertex 5.740251541 -13.8581934 42
  endloop
endfacet
facet normal 0.4496112084 -0.8932243623 0
  outer loop
    vertex 7.070950985 -13.22881889 0
    vertex 7.070950985 -13.22881889 42
    vertex 6.413326263 -13.55983925 42
  endloop
endfacet
facet normal 0 -0 1
  outer loop
    vertex -2.755455352e-15 -15 42
    vertex 0.736015141 -14.98193169 42
    vertex -7.347881116e-16 -4 42
  endloop
endfacet
facet normal 0 -0 1
  outer loop
    vertex 0.736015141 -14.98193169 42
    vertex 1.470257163 -14.92777061 42
    vertex 0.1962707043 -3.995181799 42
  endloop
endfacet
facet normal 0 -0 1
  outer loop
    vertex 1.470257163 -14.92777061 42
    vertex 2.20095706 -14.83764744 42
    vertex 0.5869218707 -3.956706047 42
  endloop
endfacet
facet normal 0 0 1
  outer loop
    vertex 0.736015141 -14.98193169 42
    vertex 0.1962707043 -3.995181799 42
    vertex -7.347881116e-16 -4 42
  endloop
endfacet
facet normal 0 0 1
  outer loop
    vertex 1.470257163 -14.92777061 42
    vertex 0.3920685649 -3.980738878 42
    vertex 0.1962707043 -3.995181799 42
  endloop
endfacet
facet normal 0 0 1
  outer loop
    vertex 1.470257163 -14.92777061 42
    vertex 0.5869218707 -3.956706047 42
    vertex 0.3920685649 -3.980738878 42
  endloop
endfacet
facet normal 0 0 1
  outer loop
    vertex 2.926354885 -14.71177959 42
    vertex 0.7803612947 -3.923141003 42
    vertex 0.5869218707 -3.956706047 42
  endloop
endfacet
facet normal 0 0 1
  outer loop
    vertex 2.926354885 -14.71177959 42
    vertex 0.9719207287 -3.880125046 42
    vertex 0.7803612947 -3.923141003 42
  endloop
endfacet
facet normal 0 -0 1
  outer loop
    vertex 2.20095706 -14.83764744 42
    vertex 2.926354885 -14.71177959 42
    vertex 0.5869218707 -3.956706047 42
  endloop
endfacet
facet normal 0 -0 1
  outer loop
    vertex 2.926354885 -14.71177959 42
    vertex 3.644702673 -14.55046844 42
    vertex 0.9719207287 -3.880125046 42
  endloop
endfacet
facet normal 0 -0 1
  outer loop
    vertex 3.644702673 -14.55046844 42
    vertex 4.354269981 -14.354105 42
    vertex 1.161138654 -3.827761412 42
  endloop
endfacet
facet normal 0 -0 1
  outer loop
    vertex 4.354269981 -14.354105 42
    vertex 5.053347588 -14.12316132 42
    vertex 1.161138654 -3.827761412 42
  endloop
endfacet
facet normal 0 -0 1
  outer loop
    vertex 5.053347588 -14.12316132 42
    vertex 5.740251541 -13.8581934 42
    vertex 1.347559452 -3.766176224 42
  endloop
endfacet
facet normal 0 -0 1
  outer loop
    vertex 5.740251541 -13.8581934 42
    vertex 6.413326263 -13.55983925 42
    vertex 1.710220337 -3.61595726 42
  endloop
endfacet
facet normal 0 -0 1
  outer loop
    vertex 6.413326263 -13.55983925 42
    vertex 7.070950985 -13.22881889 42
    vertex 1.885586977 -3.527685165 42
  endloop
endfacet
facet normal 0 -0 1
  outer loop
    vertex 7.070950985 -13.22881889 42
    vertex 7.711541176 -12.8659296 42
    vertex 1.885586977 -3.527685165 42
  endloop
endfacet
facet normal -0 0 1
  outer loop
    vertex 2.056411028 -3.430914402 42
    vertex 7.711541176 -12.8659296 42
    vertex 8.333553314 -12.47204399 42
  endloop
endfacet
facet normal -0 0 1
  outer loop
    vertex 2.222280979 -3.325878382 42
    vertex 8.333553314 -12.47204399 42
    vertex 8.935489655 -12.04811287 42
  endloop
endfacet
facet normal -0 0 1
  outer loop
    vertex 2.382797241 -3.212830067 42
    vertex 8.935489655 -12.04811287 42
    vertex 9.515899658 -11.59515667 42
  endloop
endfacet
facet normal -0 0 1
  outer loop
    vertex 2.537573099 -3.092041731 42
    vertex 9.515899658 -11.59515667 42
    vertex 10.07338428 -11.11426735 42
  endloop
endfacet
facet normal -0.02454135942 0.9996988155 -7.217826389e-26
  outer loop
    vertex -7.347880586e-16 -4 24
    vertex -7.347881116e-16 -4 42
    vertex 0.1962707043 -3.995181799 24
  endloop
endfacet
facet normal -0.0735645778 0.9972904556 0
  outer loop
    vertex 0.1962707043 -3.995181799 24
    vertex 0.1962707043 -3.995181799 42
    vertex 0.3920685649 -3.980738878 24
  endloop
endfacet
facet normal -0.1224105154 0.9924795543 0
  outer loop
    vertex 0.3920685649 -3.980738878 24
    vertex 0.3920685649 -3.980738878 42
    vertex 0.5869218707 -3.956706047 24
  endloop
endfacet
facet normal -0.1709624836 0.9852775392 0
  outer loop
    vertex 0.5869218707 -3.956706047 24
    vertex 0.5869218707 -3.956706047 42
    vertex 0.7803612947 -3.923141003 24
  endloop
endfacet
facet normal -0.2191005007 0.9757022961 0
  outer loop
    vertex 0.7803612947 -3.923141003 24
    vertex 0.7803612947 -3.923141003 42
    vertex 0.9719207287 -3.880125046 24
  endloop
endfacet
facet normal -0.2667126726 0.9637760893 0
  outer loop
    vertex 0.9719207287 -3.880125046 24
    vertex 0.9719207287 -3.880125046 42
    vertex 1.161138654 -3.827761412 24
  endloop
endfacet
facet normal -0.3136820836 0.9495280672 0
  outer loop
    vertex 1.161138654 -3.827761412 24
    vertex 1.161138654 -3.827761412 42
    vertex 1.347559452 -3.766176224 24
  endloop
endfacet
facet normal 0 -0 1
  outer loop
    vertex -7.347880586e-16 -4 24
    vertex 0.1962707043 -3.995181799 24
    vertex -4.592425234e-16 -2.5 24
  endloop
endfacet
facet normal 0 -0 1
  outer loop
    vertex 0.1962707043 -3.995181799 24
    vertex 0.3920685649 -3.980738878 24
    vertex 0.2450428456 -2.487961769 24
  endloop
endfacet
facet normal 0 0 1
  outer loop
    vertex 0.1962707043 -3.995181799 24
    vertex 0.1226691827 -2.496988535 24
    vertex -4.592425234e-16 -2.5 24
  endloop
endfacet
facet normal 0 -0 1
  outer loop
    vertex 0.1962707043 -3.995181799 24
    vertex 0.2450428456 -2.487961769 24
    vertex 0.1226691827 -2.496988535 24
  endloop
endfacet
facet normal 0 0 1
  outer loop
    vertex 0.3920685649 -3.980738878 24
    vertex 0.3668261766 -2.47294116 24
    vertex 0.2450428456 -2.487961769 24
  endloop
endfacet
facet normal 0 -0 1
  outer loop
    vertex 0.3920685649 -3.980738878 24
    vertex 0.5869218707 -3.956706047 24
    vertex 0.3668261766 -2.47294116 24
  endloop
endfacet
facet normal 0 -0 1
  outer loop
    vertex 0.5869218707 -3.956706047 24
    vertex 0.7803612947 -3.923141003 24
    vertex 0.4877257943 -2.451963186 24
  endloop
endfacet
facet normal 0 -0 1
  outer loop
    vertex 0.7803612947 -3.923141003 24
    vertex 0.9719207287 -3.880125046 24
    vertex 0.6074504256 -2.425078154 24
  endloop
endfacet
facet normal 0 0 1
  outer loop
    vertex 0.5869218707 -3.956706047 24
    vertex 0.4877257943 -2.451963186 24
    vertex 0.3668261766 -2.47294116 24
  endloop
endfacet
facet normal 0 0 1
  outer loop
    vertex 0.7803612947 -3.923141003 24
    vertex 0.6074504256 -2.425078154 24
    vertex 0.4877257943 -2.451963186 24
  endloop
endfacet
facet normal 0 0 1
  outer loop
    vertex 0.9719207287 -3.880125046 24
    vertex 0.7257117033 -2.392350912 24
    vertex 0.6074504256 -2.425078154 24
  endloop
endfacet
facet normal 0 -0 1
  outer loop
    vertex 0.9719207287 -3.880125046 24
    vertex 1.161138654 -3.827761412 24
    vertex 0.7257117033 -2.392350912 24
  endloop
endfacet
facet normal 0 -0 1
  outer loop
    vertex 1.161138654 -3.827761412 24
    vertex 1.347559452 -3.766176224 24
    vertex 0.7257117033 -2.392350912 24
  endloop
endfacet
facet normal 0 0 1
  outer loop
    vertex 1.347559452 -3.766176224 24
    vertex 0.8422246575 -2.35386014 24
    vertex 0.7257117033 -2.392350912 24
  endloop
endfacet
facet normal 0 -0 1
  outer loop
    vertex 1.347559452 -3.766176224 24
    vertex 1.530733705 -3.695518017 24
    vertex 0.9567086101 -2.30969882 24
  endloop
endfacet
facet normal 0 -0 1
  outer loop
    vertex 1.530733705 -3.695518017 24
    vertex 1.710220337 -3.61595726 24
    vertex 1.068887711 -2.259973288 24
  endloop
endfacet
facet normal 0 -0 1
  outer loop
    vertex 1.710220337 -3.61595726 24
    vertex 1.885586977 -3.527685165 24
    vertex 1.178491831 -2.204803228 24
  endloop
endfacet
facet normal -0 0 1
  outer loop
    vertex 1.285256863 -2.144321442 24
    vertex 1.885586977 -3.527685165 24
    vertex 2.056411028 -3.430914402 24
  endloop
endfacet
facet normal 0 0 1
  outer loop
    vertex 1.347559452 -3.766176224 24
    vertex 0.9567086101 -2.30969882 24
    vertex 0.8422246575 -2.35386014 24
  endloop
endfacet
facet normal 0 0 1
  outer loop
    vertex 1.530733705 -3.695518017 24
    vertex 1.068887711 -2.259973288 24
    vertex 0.9567086101 -2.30969882 24
  endloop
endfacet
facet normal 0 0 1
  outer loop
    vertex 1.710220337 -3.61595726 24
    vertex 1.178491831 -2.204803228 24
    vertex 1.068887711 -2.259973288 24
  endloop
endfacet
facet normal -0 -0 1
  outer loop
    vertex 1.178491831 -2.204803228 24
    vertex 1.885586977 -3.527685165 24
    vertex 1.285256863 -2.144321442 24
  endloop
endfacet
facet normal -0 -0 1
  outer loop
    vertex 1.285256863 -2.144321442 24
    vertex 2.056411028 -3.430914402 24
    vertex 1.388925552 -2.078674078 24
  endloop
endfacet
facet normal -0 -0 1
  outer loop
    vertex 1.388925552 -2.078674078 24
    vertex 2.222280979 -3.325878382 24
    vertex 1.489248276 -2.008018732 24
  endloop
endfacet
facet normal -0 -0 1
  outer loop
    vertex 1.489248276 -2.008018732 24
    vertex 2.382797241 -3.212830067 24
    vertex 1.585983157 -1.932526112 24
  endloop
endfacet
facet normal -0 0 1
  outer loop
    vertex 1.388925552 -2.078674078 24
    vertex 2.056411028 -3.430914402 24
    vertex 2.222280979 -3.325878382 24
  endloop
endfacet
facet normal -0 0 1
  outer loop
    vertex 1.489248276 -2.008018732 24
    vertex 2.222280979 -3.325878382 24
    vertex 2.382797241 -3.212830067 24
  endloop
endfacet
facet normal -0 0 1
  outer loop
    vertex 1.585983157 -1.932526112 24
    vertex 2.382797241 -3.212830067 24
    vertex 2.537573099 -3.092041731 24
  endloop
endfacet
facet normal -0 0 1
  outer loop
    vertex 1.678897381 -1.852377772 24
    vertex 2.537573099 -3.092041731 24
    vertex 2.686235905 -2.963804483 24
  endloop
endfacet
facet normal -0 -0 1
  outer loop
    vertex 1.585983157 -1.932526112 24
    vertex 2.537573099 -3.092041731 24
    vertex 1.678897381 -1.852377772 24
  endloop
endfacet
facet normal -0 -0 1
  outer loop
    vertex 1.678897381 -1.852377772 24
    vertex 2.686235905 -2.963804483 24
    vertex 1.767766953 -1.767766953 24
  endloop
endfacet
facet normal -0 -0 1
  outer loop
    vertex 1.767766953 -1.767766953 24
    vertex 2.963804483 -2.686235905 24
    vertex 1.852377772 -1.678897381 24
  endloop
endfacet
facet normal 0 0 1
  outer loop
    vertex 3.092041731 -2.537573099 24
    vertex 1.932526112 -1.585983157 24
    vertex 1.852377772 -1.678897381 24
  endloop
endfacet
facet normal -0 0 1
  outer loop
    vertex 1.767766953 -1.767766953 24
    vertex 2.686235905 -2.963804483 24
    vertex 2.828427076 -2.828427076 24
  endloop
endfacet
facet normal -0 0 1
  outer loop
    vertex 1.767766953 -1.767766953 24
    vertex 2.828427076 -2.828427076 24
    vertex 2.963804483 -2.686235905 24
  endloop
endfacet
facet normal 0 -0 1
  outer loop
    vertex 2.963804483 -2.686235905 24
    vertex 3.092041731 -2.537573099 24
    vertex 1.852377772 -1.678897381 24
  endloop
endfacet
facet normal 0 -0 1
  outer loop
    vertex 3.092041731 -2.537573099 24
    vertex 3.212830067 -2.382797241 24
    vertex 1.932526112 -1.585983157 24
  endloop
endfacet
facet normal 0 -0 1
  outer loop
    vertex 3.212830067 -2.382797241 24
    vertex 3.325878382 -2.222280979 24
    vertex 2.078674078 -1.388925552 24
  endloop
endfacet
facet normal 0 -0 1
  outer loop
    vertex 3.325878382 -2.222280979 24
    vertex 3.430914402 -2.056411028 24
    vertex 2.078674078 -1.388925552 24
  endloop
endfacet
facet normal 0 0 1
  outer loop
    vertex 3.212830067 -2.382797241 24
    vertex 2.008018732 -1.489248276 24
    vertex 1.932526112 -1.585983157 24
  endloop
endfacet
facet normal 0 0 1
  outer loop
    vertex 3.212830067 -2.382797241 24
    vertex 2.078674078 -1.388925552 24
    vertex 2.008018732 -1.489248276 24
  endloop
endfacet
facet normal 0 0 1
  outer loop
    vertex 3.430914402 -2.056411028 24
    vertex 2.144321442 -1.285256863 24
    vertex 2.078674078 -1.388925552 24
  endloop
endfacet
facet normal 0 0 1
  outer loop
    vertex 3.430914402 -2.056411028 24
    vertex 2.164294243 -1.25 24
    vertex 2.144321442 -1.285256863 24
  endloop
endfacet
facet normal 0 -0 1
  outer loop
    vertex 3.430914402 -2.056411028 24
    vertex 3.527685165 -1.885586977 24
    vertex 2.164294243 -1.25 24
  endloop
endfacet
facet normal 0 -0 1
  outer loop
    vertex 3.527685165 -1.885586977 24
    vertex 3.61595726 -1.710220337 24
    vertex 2.164294243 -1.25 24
  endloop
endfacet
facet normal -0 0 1
  outer loop
    vertex 2.164294243 -1.25 24
    vertex 3.61595726 -1.710220337 24
    vertex 3.695518017 -1.530733705 24
  endloop
endfacet
facet normal -0 0 1
  outer loop
    vertex 2.164294243 -1.25 24
    vertex 3.695518017 -1.530733705 24
    vertex 3.766176224 -1.347559452 24
  endloop
endfacet
facet normal -0 0 1
  outer loop
    vertex 2.164294243 -1.25 24
    vertex 3.766176224 -1.347559452 24
    vertex 3.798405647 -1.25 24
  endloop
endfacet
facet normal -0.359895483 0.9329926266 0
  outer loop
    vertex 1.347559452 -3.766176224 24
    vertex 1.347559452 -3.766176224 42
    vertex 1.530733705 -3.695518017 24
  endloop
endfacet
facet normal -0.4052404814 0.9142101248 0
  outer loop
    vertex 1.530733705 -3.695518017 24
    vertex 1.530733705 -3.695518017 42
    vertex 1.710220337 -3.61595726 24
  endloop
endfacet
facet normal -0.4496111108 0.8932244114 0
  outer loop
    vertex 1.710220337 -3.61595726 24
    vertex 1.710220337 -3.61595726 42
    vertex 1.885586977 -3.527685165 24
  endloop
endfacet
facet normal -0.4928987084 0.8700866987 0
  outer loop
    vertex 1.885586977 -3.527685165 24
    vertex 1.885586977 -3.527685165 42
    vertex 2.056411028 -3.430914402 24
  endloop
endfacet
facet normal -0.5349977364 0.8448534914 0
  outer loop
    vertex 2.056411028 -3.430914402 24
    vertex 2.056411028 -3.430914402 42
    vertex 2.222280979 -3.325878382 24
  endloop
endfacet
facet normal -0.5758082205 0.8175847927 0
  outer loop
    vertex 2.222280979 -3.325878382 24
    vertex 2.222280979 -3.325878382 42
    vertex 2.382797241 -3.212830067 24
  endloop
endfacet
facet normal -0.6152318145 0.7883462529 0
  outer loop
    vertex 2.382797241 -3.212830067 24
    vertex 2.382797241 -3.212830067 42
    vertex 2.537573099 -3.092041731 24
  endloop
endfacet
facet normal -0.653172345 0.7572092761 0
  outer loop
    vertex 2.537573099 -3.092041731 24
    vertex 2.537573099 -3.092041731 42
    vertex 2.686235905 -2.963804483 24
  endloop
endfacet
facet normal -0.6895409661 0.7242466818 0
  outer loop
    vertex 2.686235905 -2.963804483 24
    vertex 2.686235905 -2.963804483 42
    vertex 2.828427076 -2.828427076 24
  endloop
endfacet
facet normal -0.7242466818 0.6895409661 0
  outer loop
    vertex 2.828427076 -2.828427076 24
    vertex 2.828427076 -2.828427076 42
    vertex 2.963804483 -2.686235905 24
  endloop
endfacet
facet normal -0.7572092761 0.653172345 0
  outer loop
    vertex 2.963804483 -2.686235905 24
    vertex 2.963804483 -2.686235905 42
    vertex 3.092041731 -2.537573099 24
  endloop
endfacet
facet normal -0.7883462529 0.6152318145 0
  outer loop
    vertex 3.092041731 -2.537573099 24
    vertex 3.092041731 -2.537573099 42
    vertex 3.212830067 -2.382797241 24
  endloop
endfacet
facet normal -0.8175847927 0.5758082205 0
  outer loop
    vertex 3.212830067 -2.382797241 24
    vertex 3.212830067 -2.382797241 42
    vertex 3.325878382 -2.222280979 24
  endloop
endfacet
facet normal -0.8448534914 0.5349977364 0
  outer loop
    vertex 3.325878382 -2.222280979 24
    vertex 3.325878382 -2.222280979 42
    vertex 3.430914402 -2.056411028 24
  endloop
endfacet
facet normal -0.8700866987 0.4928987084 0
  outer loop
    vertex 3.430914402 -2.056411028 24
    vertex 3.430914402 -2.056411028 42
    vertex 3.527685165 -1.885586977 24
  endloop
endfacet
facet normal -0.8932244114 0.4496111108 0
  outer loop
    vertex 3.527685165 -1.885586977 24
    vertex 3.527685165 -1.885586977 42
    vertex 3.61595726 -1.710220337 24
  endloop
endfacet
facet normal -0.9142101248 0.4052404814 0
  outer loop
    vertex 3.61595726 -1.710220337 24
    vertex 3.61595726 -1.710220337 42
    vertex 3.695518017 -1.530733705 24
  endloop
endfacet
facet normal 0 1 0
  outer loop
    vertex 2.164294243 -1.25 0
    vertex 3.798405647 -1.25 24
    vertex 14.94401741 -1.25 42
  endloop
endfacet
facet normal -0.9329926266 0.359895483 0
  outer loop
    vertex 3.695518017 -1.530733705 24
    vertex 3.695518017 -1.530733705 42
    vertex 3.766176224 -1.347559452 24
  endloop
endfacet
facet normal -0.9495277924 0.3136829156 0
  outer loop
    vertex 3.766176224 -1.347559452 24
    vertex 3.766176224 -1.347559452 42
    vertex 3.798405647 -1.25 24
  endloop
endfacet
facet normal -0.02454135942 0.9996988155 0
  outer loop
    vertex 0.1962707043 -3.995181799 24
    vertex -7.347881116e-16 -4 42
    vertex 0.1962707043 -3.995181799 42
  endloop
endfacet
facet normal -0.0735645778 0.9972904556 0
  outer loop
    vertex 0.3920685649 -3.980738878 24
    vertex 0.1962707043 -3.995181799 42
    vertex 0.3920685649 -3.980738878 42
  endloop
endfacet
facet normal -0.1224105154 0.9924795543 0
  outer loop
    vertex 0.5869218707 -3.956706047 24
    vertex 0.3920685649 -3.980738878 42
    vertex 0.5869218707 -3.956706047 42
  endloop
endfacet
facet normal -0.1709624836 0.9852775392 0
  outer loop
    vertex 0.7803612947 -3.923141003 24
    vertex 0.5869218707 -3.956706047 42
    vertex 0.7803612947 -3.923141003 42
  endloop
endfacet
facet normal -0.2191005007 0.9757022961 0
  outer loop
    vertex 0.9719207287 -3.880125046 24
    vertex 0.7803612947 -3.923141003 42
    vertex 0.9719207287 -3.880125046 42
  endloop
endfacet
facet normal -0.2667126726 0.9637760893 0
  outer loop
    vertex 1.161138654 -3.827761412 24
    vertex 0.9719207287 -3.880125046 42
    vertex 1.161138654 -3.827761412 42
  endloop
endfacet
facet normal -0.3136820836 0.9495280672 0
  outer loop
    vertex 1.347559452 -3.766176224 24
    vertex 1.161138654 -3.827761412 42
    vertex 1.347559452 -3.766176224 42
  endloop
endfacet
facet normal 0 0 1
  outer loop
    vertex 3.644702673 -14.55046844 42
    vertex 1.161138654 -3.827761412 42
    vertex 0.9719207287 -3.880125046 42
  endloop
endfacet
facet normal 0 0 1
  outer loop
    vertex 5.053347588 -14.12316132 42
    vertex 1.347559452 -3.766176224 42
    vertex 1.161138654 -3.827761412 42
  endloop
endfacet
facet normal 0 0 1
  outer loop
    vertex 5.740251541 -13.8581934 42
    vertex 1.530733705 -3.695518017 42
    vertex 1.347559452 -3.766176224 42
  endloop
endfacet
facet normal 0 0 1
  outer loop
    vertex 5.740251541 -13.8581934 42
    vertex 1.710220337 -3.61595726 42
    vertex 1.530733705 -3.695518017 42
  endloop
endfacet
facet normal 0 0 1
  outer loop
    vertex 6.413326263 -13.55983925 42
    vertex 1.885586977 -3.527685165 42
    vertex 1.710220337 -3.61595726 42
  endloop
endfacet
facet normal -0.359895483 0.9329926266 0
  outer loop
    vertex 1.530733705 -3.695518017 24
    vertex 1.347559452 -3.766176224 42
    vertex 1.530733705 -3.695518017 42
  endloop
endfacet
facet normal -0.4052404814 0.9142101248 0
  outer loop
    vertex 1.710220337 -3.61595726 24
    vertex 1.530733705 -3.695518017 42
    vertex 1.710220337 -3.61595726 42
  endloop
endfacet
facet normal -0.4496111108 0.8932244114 0
  outer loop
    vertex 1.885586977 -3.527685165 24
    vertex 1.710220337 -3.61595726 42
    vertex 1.885586977 -3.527685165 42
  endloop
endfacet
facet normal -0.4928987084 0.8700866987 0
  outer loop
    vertex 2.056411028 -3.430914402 24
    vertex 1.885586977 -3.527685165 42
    vertex 2.056411028 -3.430914402 42
  endloop
endfacet
facet normal -0.5349977364 0.8448534914 0
  outer loop
    vertex 2.222280979 -3.325878382 24
    vertex 2.056411028 -3.430914402 42
    vertex 2.222280979 -3.325878382 42
  endloop
endfacet
facet normal -0.5758082205 0.8175847927 0
  outer loop
    vertex 2.382797241 -3.212830067 24
    vertex 2.222280979 -3.325878382 42
    vertex 2.382797241 -3.212830067 42
  endloop
endfacet
facet normal -0.6152318145 0.7883462529 0
  outer loop
    vertex 2.537573099 -3.092041731 24
    vertex 2.382797241 -3.212830067 42
    vertex 2.537573099 -3.092041731 42
  endloop
endfacet
facet normal -0.653172345 0.7572092761 0
  outer loop
    vertex 2.686235905 -2.963804483 24
    vertex 2.537573099 -3.092041731 42
    vertex 2.686235905 -2.963804483 42
  endloop
endfacet
facet normal -0.6895409661 0.7242466818 0
  outer loop
    vertex 2.828427076 -2.828427076 24
    vertex 2.686235905 -2.963804483 42
    vertex 2.828427076 -2.828427076 42
  endloop
endfacet
facet normal -0.7242466818 0.6895409661 0
  outer loop
    vertex 2.963804483 -2.686235905 24
    vertex 2.828427076 -2.828427076 42
    vertex 2.963804483 -2.686235905 42
  endloop
endfacet
facet normal -0.7572092761 0.653172345 0
  outer loop
    vertex 3.092041731 -2.537573099 24
    vertex 2.963804483 -2.686235905 42
    vertex 3.092041731 -2.537573099 42
  endloop
endfacet
facet normal -0.7883462529 0.6152318145 0
  outer loop
    vertex 3.212830067 -2.382797241 24
    vertex 3.092041731 -2.537573099 42
    vertex 3.212830067 -2.382797241 42
  endloop
endfacet
facet normal -0.8175847927 0.5758082205 0
  outer loop
    vertex 3.325878382 -2.222280979 24
    vertex 3.212830067 -2.382797241 42
    vertex 3.325878382 -2.222280979 42
  endloop
endfacet
facet normal -0.8448534914 0.5349977364 0
  outer loop
    vertex 3.430914402 -2.056411028 24
    vertex 3.325878382 -2.222280979 42
    vertex 3.430914402 -2.056411028 42
  endloop
endfacet
facet normal -0.8700866987 0.4928987084 0
  outer loop
    vertex 3.527685165 -1.885586977 24
    vertex 3.430914402 -2.056411028 42
    vertex 3.527685165 -1.885586977 42
  endloop
endfacet
facet normal -0.8932244114 0.4496111108 0
  outer loop
    vertex 3.61595726 -1.710220337 24
    vertex 3.527685165 -1.885586977 42
    vertex 3.61595726 -1.710220337 42
  endloop
endfacet
facet normal -0.9142101248 0.4052404814 0
  outer loop
    vertex 3.695518017 -1.530733705 24
    vertex 3.61595726 -1.710220337 42
    vertex 3.695518017 -1.530733705 42
  endloop
endfacet
facet normal -0 -0 1
  outer loop
    vertex 1.885586977 -3.527685165 42
    vertex 7.711541176 -12.8659296 42
    vertex 2.056411028 -3.430914402 42
  endloop
endfacet
facet normal -0 -0 1
  outer loop
    vertex 2.056411028 -3.430914402 42
    vertex 8.333553314 -12.47204399 42
    vertex 2.222280979 -3.325878382 42
  endloop
endfacet
facet normal -0 -0 1
  outer loop
    vertex 2.222280979 -3.325878382 42
    vertex 8.935489655 -12.04811287 42
    vertex 2.382797241 -3.212830067 42
  endloop
endfacet
facet normal -0 -0 1
  outer loop
    vertex 2.382797241 -3.212830067 42
    vertex 9.515899658 -11.59515667 42
    vertex 2.537573099 -3.092041731 42
  endloop
endfacet
facet normal -0 -0 1
  outer loop
    vertex 2.537573099 -3.092041731 42
    vertex 10.07338428 -11.11426735 42
    vertex 2.686235905 -2.963804483 42
  endloop
endfacet
facet normal -0 -0 1
  outer loop
    vertex 2.686235905 -2.963804483 42
    vertex 10.60660172 -10.60660172 42
    vertex 2.828427076 -2.828427076 42
  endloop
endfacet
facet normal -0 -0 1
  outer loop
    vertex 2.828427076 -2.828427076 42
    vertex 10.60660172 -10.60660172 42
    vertex 2.963804483 -2.686235905 42
  endloop
endfacet
facet normal -0 -0 1
  outer loop
    vertex 2.963804483 -2.686235905 42
    vertex 11.59515667 -9.515899658 42
    vertex 3.092041731 -2.537573099 42
  endloop
endfacet
facet normal -0 -0 1
  outer loop
    vertex 3.092041731 -2.537573099 42
    vertex 11.59515667 -9.515899658 42
    vertex 3.212830067 -2.382797241 42
  endloop
endfacet
facet normal -0 -0 1
  outer loop
    vertex 3.212830067 -2.382797241 42
    vertex 12.04811287 -8.935489655 42
    vertex 3.325878382 -2.222280979 42
  endloop
endfacet
facet normal -0 -0 1
  outer loop
    vertex 3.325878382 -2.222280979 42
    vertex 12.47204399 -8.333553314 42
    vertex 3.430914402 -2.056411028 42
  endloop
endfacet
facet normal -0.9329926266 0.359895483 0
  outer loop
    vertex 3.766176224 -1.347559452 24
    vertex 3.695518017 -1.530733705 42
    vertex 3.766176224 -1.347559452 42
  endloop
endfacet
facet normal -0.9495277924 0.3136829156 0
  outer loop
    vertex 3.798405647 -1.25 24
    vertex 3.766176224 -1.347559452 42
    vertex 3.798405647 -1.25 42
  endloop
endfacet
facet normal -0 -0 1
  outer loop
    vertex 3.430914402 -2.056411028 42
    vertex 13.22881889 -7.070950985 42
    vertex 3.527685165 -1.885586977 42
  endloop
endfacet
facet normal -0 -0 1
  outer loop
    vertex 3.527685165 -1.885586977 42
    vertex 13.55983925 -6.413326263 42
    vertex 3.61595726 -1.710220337 42
  endloop
endfacet
facet normal -0 -0 1
  outer loop
    vertex 3.61595726 -1.710220337 42
    vertex 13.8581934 -5.740251541 42
    vertex 3.695518017 -1.530733705 42
  endloop
endfacet
facet normal -0 -0 1
  outer loop
    vertex 3.695518017 -1.530733705 42
    vertex 13.8581934 -5.740251541 42
    vertex 3.766176224 -1.347559452 42
  endloop
endfacet
facet normal -0 -0 1
  outer loop
    vertex 3.766176224 -1.347559452 42
    vertex 14.354105 -4.354269981 42
    vertex 3.798405647 -1.25 42
  endloop
endfacet
facet normal 0.4928976052 -0.8700873237 0
  outer loop
    vertex 7.711541176 -12.8659296 0
    vertex 7.711541176 -12.8659296 42
    vertex 7.070950985 -13.22881889 42
  endloop
endfacet
facet normal 0.5349983663 -0.8448530926 0
  outer loop
    vertex 8.333553314 -12.47204399 0
    vertex 8.333553314 -12.47204399 42
    vertex 7.711541176 -12.8659296 42
  endloop
endfacet
facet normal 0.5758079377 -0.8175849918 0
  outer loop
    vertex 8.935489655 -12.04811287 0
    vertex 8.935489655 -12.04811287 42
    vertex 8.333553314 -12.47204399 42
  endloop
endfacet
facet normal 0.6152314108 -0.7883465679 0
  outer loop
    vertex 9.515899658 -11.59515667 0
    vertex 9.515899658 -11.59515667 42
    vertex 8.935489655 -12.04811287 42
  endloop
endfacet
facet normal 0.6531726671 -0.7572089982 0
  outer loop
    vertex 10.07338428 -11.11426735 0
    vertex 10.07338428 -11.11426735 42
    vertex 9.515899658 -11.59515667 42
  endloop
endfacet
facet normal 0.689540857 -0.7242467857 0
  outer loop
    vertex 10.60660172 -10.60660172 0
    vertex 10.60660172 -10.60660172 42
    vertex 10.07338428 -11.11426735 42
  endloop
endfacet
facet normal 0.7242467857 -0.689540857 0
  outer loop
    vertex 11.11426735 -10.07338428 0
    vertex 11.11426735 -10.07338428 42
    vertex 10.60660172 -10.60660172 42
  endloop
endfacet
facet normal 0.7572089982 -0.6531726671 0
  outer loop
    vertex 11.59515667 -9.515899658 0
    vertex 11.59515667 -9.515899658 42
    vertex 11.11426735 -10.07338428 42
  endloop
endfacet
facet normal 0.7883465679 -0.6152314108 0
  outer loop
    vertex 12.04811287 -8.935489655 0
    vertex 12.04811287 -8.935489655 42
    vertex 11.59515667 -9.515899658 42
  endloop
endfacet
facet normal 0.8175849918 -0.5758079377 0
  outer loop
    vertex 12.47204399 -8.333553314 0
    vertex 12.47204399 -8.333553314 42
    vertex 12.04811287 -8.935489655 42
  endloop
endfacet
facet normal 0.8448530926 -0.5349983663 0
  outer loop
    vertex 12.8659296 -7.711541176 0
    vertex 12.8659296 -7.711541176 42
    vertex 12.47204399 -8.333553314 42
  endloop
endfacet
facet normal -0 0 1
  outer loop
    vertex 2.686235905 -2.963804483 42
    vertex 10.07338428 -11.11426735 42
    vertex 10.60660172 -10.60660172 42
  endloop
endfacet
facet normal -0 0 1
  outer loop
    vertex 2.963804483 -2.686235905 42
    vertex 10.60660172 -10.60660172 42
    vertex 11.11426735 -10.07338428 42
  endloop
endfacet
facet normal -0 1 0
  outer loop
    vertex 2.164294243 -1.25 0
    vertex 14 -1.25 35.2902832
    vertex 14 -1.25 32.7097168
  endloop
endfacet
facet normal -0 1 0
  outer loop
    vertex 2.164294243 -1.25 0
    vertex 14.94401741 -1.25 42
    vertex 14 -1.25 35.2902832
  endloop
endfacet
facet normal 0.8700873237 -0.4928976052 0
  outer loop
    vertex 13.22881889 -7.070950985 0
    vertex 13.22881889 -7.070950985 42
    vertex 12.8659296 -7.711541176 42
  endloop
endfacet
facet normal 0.8932243623 -0.4496112084 0
  outer loop
    vertex 13.55983925 -6.413326263 0
    vertex 13.55983925 -6.413326263 42
    vertex 13.22881889 -7.070950985 42
  endloop
endfacet
facet normal 0.9142094317 -0.405242045 0
  outer loop
    vertex 13.8581934 -5.740251541 0
    vertex 13.8581934 -5.740251541 42
    vertex 13.55983925 -6.413326263 42
  endloop
endfacet
facet normal 0.9329928788 -0.3598948291 0
  outer loop
    vertex 14.12316132 -5.053347588 0
    vertex 14.12316132 -5.053347588 42
    vertex 13.8581934 -5.740251541 42
  endloop
endfacet
facet normal 0.9495283289 -0.3136812915 0
  outer loop
    vertex 14.354105 -4.354269981 0
    vertex 14.354105 -4.354269981 42
    vertex 14.12316132 -5.053347588 42
  endloop
endfacet
facet normal 0.9637761603 -0.2667124158 0
  outer loop
    vertex 14.55046844 -3.644702673 0
    vertex 14.55046844 -3.644702673 42
    vertex 14.354105 -4.354269981 42
  endloop
endfacet
facet normal 0.9924799001 -0.1224077117 5.320985028e-08
  outer loop
    vertex 14.88710117 -1.799999952 12
    vertex 14.89466572 -1.738666534 12.46587467
    vertex 14.83764744 -2.20095706 42
  endloop
endfacet
facet normal 0.9924796152 -0.1224100217 1.650250227e-08
  outer loop
    vertex 14.89466572 -1.738666534 12.46587467
    vertex 14.91684437 -1.558845758 12.89999962
    vertex 14.83764744 -2.20095706 42
  endloop
endfacet
facet normal 0.9924796857 -0.1224094498 2.931349582e-08
  outer loop
    vertex 14.91684437 -1.558845758 12.89999962
    vertex 14.92777061 -1.470257163 13.01545048
    vertex 14.83764744 -2.20095706 42
  endloop
endfacet
facet normal 0 1 -0
  outer loop
    vertex 14.94401741 -1.25 13.2902813
    vertex 14 -1.25 32.7097168
    vertex 14.94401741 -1.25 32.7097168
  endloop
endfacet
facet normal 0.9972902234 -0.07356772568 0
  outer loop
    vertex 14.94401741 -1.25 13.2902813
    vertex 14.94401741 -1.25 32.7097168
    vertex 14.94233608 -1.27279222 32.72720718
  endloop
endfacet
facet normal 0.9757019095 -0.2191022223 0
  outer loop
    vertex 14.71177959 -2.926354885 0
    vertex 14.71177959 -2.926354885 42
    vertex 14.55046844 -3.644702673 42
  endloop
endfacet
facet normal 0.9852777841 -0.1709610723 0
  outer loop
    vertex 14.83764744 -2.20095706 0
    vertex 14.83764744 -2.20095706 42
    vertex 14.71177959 -2.926354885 42
  endloop
endfacet
facet normal 0.992479983 -0.1224070399 3.657753349e-08
  outer loop
    vertex 14.92777061 -1.470257163 13.01545048
    vertex 14.89466572 -1.738666534 33.53412628
    vertex 14.88710117 -1.799999952 34
  endloop
endfacet
facet normal 0.9924796193 -0.1224099886 -2.581090894e-09
  outer loop
    vertex 14.92777061 -1.470257163 13.01545048
    vertex 14.91684437 -1.558845758 33.09999847
    vertex 14.89466572 -1.738666534 33.53412628
  endloop
endfacet
facet normal 0.9924796904 -0.1224094122 0
  outer loop
    vertex 14.92777061 -1.470257163 13.01545048
    vertex 14.92777061 -1.470257163 32.98454666
    vertex 14.91684437 -1.558845758 33.09999847
  endloop
endfacet
facet normal 0.9972906128 -0.07356244672 0
  outer loop
    vertex 14.94233608 -1.27279222 13.27279186
    vertex 14.94233608 -1.27279222 32.72720718
    vertex 14.92777061 -1.470257163 32.98454666
  endloop
endfacet
facet normal 0.9924792868 -0.1224126839 -5.345888614e-08
  outer loop
    vertex 14.92777061 -1.470257163 13.01545048
    vertex 14.88710117 -1.799999952 34
    vertex 14.83764744 -2.20095706 42
  endloop
endfacet
facet normal -0 0 1
  outer loop
    vertex 2.963804483 -2.686235905 42
    vertex 11.11426735 -10.07338428 42
    vertex 11.59515667 -9.515899658 42
  endloop
endfacet
facet normal -0 0 1
  outer loop
    vertex 3.212830067 -2.382797241 42
    vertex 11.59515667 -9.515899658 42
    vertex 12.04811287 -8.935489655 42
  endloop
endfacet
facet normal -0 0 1
  outer loop
    vertex 3.325878382 -2.222280979 42
    vertex 12.04811287 -8.935489655 42
    vertex 12.47204399 -8.333553314 42
  endloop
endfacet
facet normal -0 0 1
  outer loop
    vertex 3.430914402 -2.056411028 42
    vertex 12.47204399 -8.333553314 42
    vertex 12.8659296 -7.711541176 42
  endloop
endfacet
facet normal -0 0 1
  outer loop
    vertex 3.430914402 -2.056411028 42
    vertex 12.8659296 -7.711541176 42
    vertex 13.22881889 -7.070950985 42
  endloop
endfacet
facet normal -0 0 1
  outer loop
    vertex 3.527685165 -1.885586977 42
    vertex 13.22881889 -7.070950985 42
    vertex 13.55983925 -6.413326263 42
  endloop
endfacet
facet normal -0 0 1
  outer loop
    vertex 3.61595726 -1.710220337 42
    vertex 13.55983925 -6.413326263 42
    vertex 13.8581934 -5.740251541 42
  endloop
endfacet
facet normal -0 0 1
  outer loop
    vertex 3.766176224 -1.347559452 42
    vertex 13.8581934 -5.740251541 42
    vertex 14.12316132 -5.053347588 42
  endloop
endfacet
facet normal 0 1 0
  outer loop
    vertex 3.798405647 -1.25 24
    vertex 3.798405647 -1.25 42
    vertex 14.94401741 -1.25 42
  endloop
endfacet
facet normal -0 0 1
  outer loop
    vertex 3.766176224 -1.347559452 42
    vertex 14.12316132 -5.053347588 42
    vertex 14.354105 -4.354269981 42
  endloop
endfacet
facet normal -0 0 1
  outer loop
    vertex 3.798405647 -1.25 42
    vertex 14.354105 -4.354269981 42
    vertex 14.55046844 -3.644702673 42
  endloop
endfacet
facet normal -0 0 1
  outer loop
    vertex 3.798405647 -1.25 42
    vertex 14.55046844 -3.644702673 42
    vertex 14.71177959 -2.926354885 42
  endloop
endfacet
facet normal -0 0 1
  outer loop
    vertex 3.798405647 -1.25 42
    vertex 14.71177959 -2.926354885 42
    vertex 14.83764744 -2.20095706 42
  endloop
endfacet
facet normal -0 0 1
  outer loop
    vertex 3.798405647 -1.25 42
    vertex 14.83764744 -2.20095706 42
    vertex 14.92777061 -1.470257163 42
  endloop
endfacet
facet normal -0 0 1
  outer loop
    vertex 3.798405647 -1.25 42
    vertex 14.92777061 -1.470257163 42
    vertex 14.94401741 -1.25 42
  endloop
endfacet
facet normal 0.9924798023 -0.1224085046 1.59190491e-07
  outer loop
    vertex 14.83764744 -2.20095706 42
    vertex 14.88710117 -1.799999952 34
    vertex 14.89466572 -1.738666534 34.46587372
  endloop
endfacet
facet normal 0.9924796029 -0.1224101215 5.847319922e-08
  outer loop
    vertex 14.83764744 -2.20095706 42
    vertex 14.89466572 -1.738666534 34.46587372
    vertex 14.91684437 -1.558845758 34.90000153
  endloop
endfacet
facet normal 0.9924796729 -0.1224095541 1.105672833e-07
  outer loop
    vertex 14.83764744 -2.20095706 42
    vertex 14.91684437 -1.558845758 34.90000153
    vertex 14.92777061 -1.470257163 35.01545334
  endloop
endfacet
facet normal 0 1 0
  outer loop
    vertex 14.94401741 -1.25 42
    vertex 14.94401741 -1.25 35.2902832
    vertex 14 -1.25 35.2902832
  endloop
endfacet
facet normal 0.9972906128 -0.07356244672 0
  outer loop
    vertex 14.92777061 -1.470257163 42
    vertex 14.92777061 -1.470257163 35.01545334
    vertex 14.94233608 -1.27279222 35.27279282
  endloop
endfacet
facet normal 0.997290232 -0.07356760939 -1.523654223e-07
  outer loop
    vertex 14.92777061 -1.470257163 42
    vertex 14.94233608 -1.27279222 35.27279282
    vertex 14.94401741 -1.25 35.2902832
  endloop
endfacet
facet normal 0.9924795445 -0.1224105951 0
  outer loop
    vertex 14.83764744 -2.20095706 42
    vertex 14.92777061 -1.470257163 35.01545334
    vertex 14.92777061 -1.470257163 42
  endloop
endfacet
facet normal 0.9972905725 -0.07356299298 0
  outer loop
    vertex 14.92777061 -1.470257163 42
    vertex 14.94401741 -1.25 35.2902832
    vertex 14.94401741 -1.25 42
  endloop
endfacet
facet normal -0.7242472708 -0.6895403474 0
  outer loop
    vertex 1.767766953 1.767766953 0
    vertex 1.852377772 1.678897381 0
    vertex 1.852377772 1.678897381 24
  endloop
endfacet
facet normal -0.6895403474 -0.7242472708 0
  outer loop
    vertex 1.678897381 1.852377772 0
    vertex 1.767766953 1.767766953 0
    vertex 1.767766953 1.767766953 24
  endloop
endfacet
facet normal -0.0245420891 -0.9996987976 0
  outer loop
    vertex 1.530808367e-16 2.5 0
    vertex 0.1226691827 2.496988535 0
    vertex 0.1226691827 2.496988535 24
  endloop
endfacet
facet normal -0.07356409468 -0.9972904913 0
  outer loop
    vertex 0.1226691827 2.496988535 0
    vertex 0.2450428456 2.487961769 0
    vertex 0.2450428456 2.487961769 24
  endloop
endfacet
facet normal -0.1224112183 -0.9924794676 0
  outer loop
    vertex 0.2450428456 2.487961769 0
    vertex 0.3668261766 2.47294116 0
    vertex 0.3668261766 2.47294116 24
  endloop
endfacet
facet normal -0.1709610996 -0.9852777793 0
  outer loop
    vertex 0.3668261766 2.47294116 0
    vertex 0.4877257943 2.451963186 0
    vertex 0.4877257943 2.451963186 24
  endloop
endfacet
facet normal -0.2191009891 -0.9757021864 0
  outer loop
    vertex 0.4877257943 2.451963186 0
    vertex 0.6074504256 2.425078154 0
    vertex 0.6074504256 2.425078154 24
  endloop
endfacet
facet normal -0.2667122909 -0.9637761949 0
  outer loop
    vertex 0.6074504256 2.425078154 0
    vertex 0.7257117033 2.392350912 0
    vertex 0.7257117033 2.392350912 24
  endloop
endfacet
facet normal -0.3136824111 -0.949527959 0
  outer loop
    vertex 0.7257117033 2.392350912 0
    vertex 0.8422246575 2.35386014 0
    vertex 0.8422246575 2.35386014 24
  endloop
endfacet
facet normal -0.3598949379 -0.9329928369 0
  outer loop
    vertex 0.8422246575 2.35386014 0
    vertex 0.9567086101 2.30969882 0
    vertex 0.9567086101 2.30969882 24
  endloop
endfacet
facet normal -0.4052410223 -0.914209885 0
  outer loop
    vertex 0.9567086101 2.30969882 0
    vertex 1.068887711 2.259973288 0
    vertex 1.068887711 2.259973288 24
  endloop
endfacet
facet normal -0.5349969794 -0.8448539708 0
  outer loop
    vertex 1.285256863 2.144321442 0
    vertex 1.388925552 2.078674078 0
    vertex 1.388925552 2.078674078 24
  endloop
endfacet
facet normal -0.4496112084 -0.8932243623 0
  outer loop
    vertex 1.068887711 2.259973288 0
    vertex 1.178491831 2.204803228 0
    vertex 1.178491831 2.204803228 24
  endloop
endfacet
facet normal -0.4928990761 -0.8700864904 0
  outer loop
    vertex 1.178491831 2.204803228 0
    vertex 1.285256863 2.144321442 0
    vertex 1.285256863 2.144321442 24
  endloop
endfacet
facet normal -0.5758088036 -0.817584382 0
  outer loop
    vertex 1.388925552 2.078674078 0
    vertex 1.489248276 2.008018732 0
    vertex 1.489248276 2.008018732 24
  endloop
endfacet
facet normal -0.6152314795 -0.7883465143 0
  outer loop
    vertex 1.489248276 2.008018732 0
    vertex 1.585983157 1.932526112 0
    vertex 1.585983157 1.932526112 24
  endloop
endfacet
facet normal -0.6531727436 -0.7572089322 0
  outer loop
    vertex 1.678897381 1.852377772 0
    vertex 1.678897381 1.852377772 24
    vertex 1.585983157 1.932526112 0
  endloop
endfacet
facet normal -0.8700866183 -0.4928988503 -0
  outer loop
    vertex 2.164294243 1.25 0
    vertex 2.144321442 1.285256863 24
    vertex 2.144321442 1.285256863 0
  endloop
endfacet
facet normal -0.8448539708 -0.5349969794 0
  outer loop
    vertex 2.144321442 1.285256863 0
    vertex 2.144321442 1.285256863 24
    vertex 2.078674078 1.388925552 0
  endloop
endfacet
facet normal -0.7572089322 -0.6531727436 0
  outer loop
    vertex 1.932526112 1.585983157 0
    vertex 1.932526112 1.585983157 24
    vertex 1.852377772 1.678897381 0
  endloop
endfacet
facet normal -0.7883465143 -0.6152314795 0
  outer loop
    vertex 1.932526112 1.585983157 0
    vertex 2.008018732 1.489248276 0
    vertex 2.008018732 1.489248276 24
  endloop
endfacet
facet normal -0.817584382 -0.5758088036 0
  outer loop
    vertex 2.078674078 1.388925552 0
    vertex 2.078674078 1.388925552 24
    vertex 2.008018732 1.489248276 0
  endloop
endfacet
facet normal 0 -0 -1
  outer loop
    vertex 1.530808367e-16 2.5 0
    vertex 0.736015141 14.98193169 0
    vertex 0.1226691827 2.496988535 0
  endloop
endfacet
facet normal 0 -0 -1
  outer loop
    vertex 0.1226691827 2.496988535 0
    vertex 0.736015141 14.98193169 0
    vertex 0.2450428456 2.487961769 0
  endloop
endfacet
facet normal 0 -0 -1
  outer loop
    vertex 0.4877257943 2.451963186 0
    vertex 2.926354885 14.71177959 0
    vertex 0.6074504256 2.425078154 0
  endloop
endfacet
facet normal 0 -0 -1
  outer loop
    vertex 0.2450428456 2.487961769 0
    vertex 2.20095706 14.83764744 0
    vertex 0.3668261766 2.47294116 0
  endloop
endfacet
facet normal 0 -0 -1
  outer loop
    vertex 0.3668261766 2.47294116 0
    vertex 2.20095706 14.83764744 0
    vertex 0.4877257943 2.451963186 0
  endloop
endfacet
facet normal 0 -0 -1
  outer loop
    vertex 0.6074504256 2.425078154 0
    vertex 4.354269981 14.354105 0
    vertex 0.7257117033 2.392350912 0
  endloop
endfacet
facet normal 0 -0 -1
  outer loop
    vertex 0.7257117033 2.392350912 0
    vertex 5.053347588 14.12316132 0
    vertex 0.8422246575 2.35386014 0
  endloop
endfacet
facet normal 0 -0 -1
  outer loop
    vertex 0.8422246575 2.35386014 0
    vertex 5.740251541 13.8581934 0
    vertex 0.9567086101 2.30969882 0
  endloop
endfacet
facet normal 0 -0 -1
  outer loop
    vertex 0.9567086101 2.30969882 0
    vertex 5.740251541 13.8581934 0
    vertex 1.068887711 2.259973288 0
  endloop
endfacet
facet normal 0 -0 -1
  outer loop
    vertex 1.068887711 2.259973288 0
    vertex 6.413326263 13.55983925 0
    vertex 1.178491831 2.204803228 0
  endloop
endfacet
facet normal 0 -0 -1
  outer loop
    vertex 1.178491831 2.204803228 0
    vertex 7.711541176 12.8659296 0
    vertex 1.285256863 2.144321442 0
  endloop
endfacet
facet normal 0 -0 -1
  outer loop
    vertex 1.285256863 2.144321442 0
    vertex 7.711541176 12.8659296 0
    vertex 1.388925552 2.078674078 0
  endloop
endfacet
facet normal 0 0 -1
  outer loop
    vertex 2.078674078 1.388925552 0
    vertex 2.008018732 1.489248276 0
    vertex 12.47204399 8.333553314 0
  endloop
endfacet
facet normal 0 0 -1
  outer loop
    vertex 2.164294243 1.25 0
    vertex 2.144321442 1.285256863 0
    vertex 13.22881889 7.070950985 0
  endloop
endfacet
facet normal 0 0 -1
  outer loop
    vertex 2.144321442 1.285256863 0
    vertex 2.078674078 1.388925552 0
    vertex 12.8659296 7.711541176 0
  endloop
endfacet
facet normal 0 -1 0
  outer loop
    vertex 2.164294243 1.25 0
    vertex 14.94401741 1.25 0
    vertex 3.798405647 1.25 24
  endloop
endfacet
facet normal 0 -0 -1
  outer loop
    vertex 1.388925552 2.078674078 0
    vertex 8.935489655 12.04811287 0
    vertex 1.489248276 2.008018732 0
  endloop
endfacet
facet normal 0 -0 -1
  outer loop
    vertex 1.489248276 2.008018732 0
    vertex 8.935489655 12.04811287 0
    vertex 1.585983157 1.932526112 0
  endloop
endfacet
facet normal 0 -0 -1
  outer loop
    vertex 1.678897381 1.852377772 0
    vertex 10.07338428 11.11426735 0
    vertex 1.767766953 1.767766953 0
  endloop
endfacet
facet normal 0 0 -1
  outer loop
    vertex 1.678897381 1.852377772 0
    vertex 1.585983157 1.932526112 0
    vertex 10.07338428 11.11426735 0
  endloop
endfacet
facet normal 0 -0 -1
  outer loop
    vertex 1.767766953 1.767766953 0
    vertex 11.11426735 10.07338428 0
    vertex 1.852377772 1.678897381 0
  endloop
endfacet
facet normal 0 -0 -1
  outer loop
    vertex 1.932526112 1.585983157 0
    vertex 12.04811287 8.935489655 0
    vertex 2.008018732 1.489248276 0
  endloop
endfacet
facet normal 0 0 -1
  outer loop
    vertex 1.932526112 1.585983157 0
    vertex 1.852377772 1.678897381 0
    vertex 11.59515667 9.515899658 0
  endloop
endfacet
facet normal -0.6895403474 -0.7242472708 0
  outer loop
    vertex 1.678897381 1.852377772 0
    vertex 1.767766953 1.767766953 24
    vertex 1.678897381 1.852377772 24
  endloop
endfacet
facet normal -0.7242472708 -0.6895403474 0
  outer loop
    vertex 1.767766953 1.767766953 0
    vertex 1.852377772 1.678897381 24
    vertex 1.767766953 1.767766953 24
  endloop
endfacet
facet normal -0.0245420891 -0.9996987976 0
  outer loop
    vertex 1.530808367e-16 2.5 0
    vertex 0.1226691827 2.496988535 24
    vertex 1.5308085e-16 2.5 24
  endloop
endfacet
facet normal -0.07356409468 -0.9972904913 0
  outer loop
    vertex 0.1226691827 2.496988535 0
    vertex 0.2450428456 2.487961769 24
    vertex 0.1226691827 2.496988535 24
  endloop
endfacet
facet normal -0.1224112183 -0.9924794676 0
  outer loop
    vertex 0.2450428456 2.487961769 0
    vertex 0.3668261766 2.47294116 24
    vertex 0.2450428456 2.487961769 24
  endloop
endfacet
facet normal -0.1709610996 -0.9852777793 0
  outer loop
    vertex 0.3668261766 2.47294116 0
    vertex 0.4877257943 2.451963186 24
    vertex 0.3668261766 2.47294116 24
  endloop
endfacet
facet normal -0.3598949379 -0.9329928369 0
  outer loop
    vertex 0.8422246575 2.35386014 0
    vertex 0.9567086101 2.30969882 24
    vertex 0.8422246575 2.35386014 24
  endloop
endfacet
facet normal -0.2191009891 -0.9757021864 0
  outer loop
    vertex 0.4877257943 2.451963186 0
    vertex 0.6074504256 2.425078154 24
    vertex 0.4877257943 2.451963186 24
  endloop
endfacet
facet normal -0.2667122909 -0.9637761949 0
  outer loop
    vertex 0.6074504256 2.425078154 0
    vertex 0.7257117033 2.392350912 24
    vertex 0.6074504256 2.425078154 24
  endloop
endfacet
facet normal -0.3136824111 -0.949527959 0
  outer loop
    vertex 0.7257117033 2.392350912 0
    vertex 0.8422246575 2.35386014 24
    vertex 0.7257117033 2.392350912 24
  endloop
endfacet
facet normal -0.4052410223 -0.914209885 0
  outer loop
    vertex 0.9567086101 2.30969882 0
    vertex 1.068887711 2.259973288 24
    vertex 0.9567086101 2.30969882 24
  endloop
endfacet
facet normal -0.4496112084 -0.8932243623 0
  outer loop
    vertex 1.068887711 2.259973288 0
    vertex 1.178491831 2.204803228 24
    vertex 1.068887711 2.259973288 24
  endloop
endfacet
facet normal -0.4928990761 -0.8700864904 0
  outer loop
    vertex 1.178491831 2.204803228 0
    vertex 1.285256863 2.144321442 24
    vertex 1.178491831 2.204803228 24
  endloop
endfacet
facet normal -0.5349969794 -0.8448539708 0
  outer loop
    vertex 1.285256863 2.144321442 0
    vertex 1.388925552 2.078674078 24
    vertex 1.285256863 2.144321442 24
  endloop
endfacet
facet normal -0.5758088036 -0.817584382 0
  outer loop
    vertex 1.388925552 2.078674078 0
    vertex 1.489248276 2.008018732 24
    vertex 1.388925552 2.078674078 24
  endloop
endfacet
facet normal -0.6152314795 -0.7883465143 0
  outer loop
    vertex 1.489248276 2.008018732 0
    vertex 1.585983157 1.932526112 24
    vertex 1.489248276 2.008018732 24
  endloop
endfacet
facet normal -0.6531727436 -0.7572089322 0
  outer loop
    vertex 1.585983157 1.932526112 0
    vertex 1.678897381 1.852377772 24
    vertex 1.585983157 1.932526112 24
  endloop
endfacet
facet normal -0.8700866183 -0.4928988503 0
  outer loop
    vertex 2.164294243 1.25 0
    vertex 2.164294243 1.25 24
    vertex 2.144321442 1.285256863 24
  endloop
endfacet
facet normal -0.8448539708 -0.5349969794 0
  outer loop
    vertex 2.078674078 1.388925552 0
    vertex 2.144321442 1.285256863 24
    vertex 2.078674078 1.388925552 24
  endloop
endfacet
facet normal -0.7883465143 -0.6152314795 0
  outer loop
    vertex 1.932526112 1.585983157 0
    vertex 2.008018732 1.489248276 24
    vertex 1.932526112 1.585983157 24
  endloop
endfacet
facet normal -0.817584382 -0.5758088036 0
  outer loop
    vertex 2.008018732 1.489248276 0
    vertex 2.078674078 1.388925552 24
    vertex 2.008018732 1.489248276 24
  endloop
endfacet
facet normal -0.7572089322 -0.6531727436 0
  outer loop
    vertex 1.852377772 1.678897381 0
    vertex 1.932526112 1.585983157 24
    vertex 1.852377772 1.678897381 24
  endloop
endfacet
facet normal 0 -1 0
  outer loop
    vertex 2.164294243 1.25 0
    vertex 3.798405647 1.25 24
    vertex 2.164294243 1.25 24
  endloop
endfacet
facet normal 0 0 -1
  outer loop
    vertex 1.530808367e-16 2.5 0
    vertex 9.184850468e-16 15 0
    vertex 0.736015141 14.98193169 0
  endloop
endfacet
facet normal 0 0 -1
  outer loop
    vertex 0.2450428456 2.487961769 0
    vertex 0.736015141 14.98193169 0
    vertex 1.470257163 14.92777061 0
  endloop
endfacet
facet normal 0 0 -1
  outer loop
    vertex 0.2450428456 2.487961769 0
    vertex 1.470257163 14.92777061 0
    vertex 2.20095706 14.83764744 0
  endloop
endfacet
facet normal 0 0 -1
  outer loop
    vertex 0.4877257943 2.451963186 0
    vertex 2.20095706 14.83764744 0
    vertex 2.926354885 14.71177959 0
  endloop
endfacet
facet normal 0 0 -1
  outer loop
    vertex 0.6074504256 2.425078154 0
    vertex 2.926354885 14.71177959 0
    vertex 3.644702673 14.55046844 0
  endloop
endfacet
facet normal 0 0 -1
  outer loop
    vertex 0.7257117033 2.392350912 0
    vertex 4.354269981 14.354105 0
    vertex 5.053347588 14.12316132 0
  endloop
endfacet
facet normal 0 0 -1
  outer loop
    vertex 0.6074504256 2.425078154 0
    vertex 3.644702673 14.55046844 0
    vertex 4.354269981 14.354105 0
  endloop
endfacet
facet normal 0 0 -1
  outer loop
    vertex 0.8422246575 2.35386014 0
    vertex 5.053347588 14.12316132 0
    vertex 5.740251541 13.8581934 0
  endloop
endfacet
facet normal 0 0 -1
  outer loop
    vertex 1.068887711 2.259973288 0
    vertex 5.740251541 13.8581934 0
    vertex 6.413326263 13.55983925 0
  endloop
endfacet
facet normal 0 0 -1
  outer loop
    vertex 1.178491831 2.204803228 0
    vertex 6.413326263 13.55983925 0
    vertex 7.070950985 13.22881889 0
  endloop
endfacet
facet normal 0 0 -1
  outer loop
    vertex 1.178491831 2.204803228 0
    vertex 7.070950985 13.22881889 0
    vertex 7.711541176 12.8659296 0
  endloop
endfacet
facet normal 0 0 -1
  outer loop
    vertex 1.388925552 2.078674078 0
    vertex 7.711541176 12.8659296 0
    vertex 8.333553314 12.47204399 0
  endloop
endfacet
facet normal 0 0 -1
  outer loop
    vertex 1.388925552 2.078674078 0
    vertex 8.333553314 12.47204399 0
    vertex 8.935489655 12.04811287 0
  endloop
endfacet
facet normal 0 0 -1
  outer loop
    vertex 1.585983157 1.932526112 0
    vertex 9.515899658 11.59515667 0
    vertex 10.07338428 11.11426735 0
  endloop
endfacet
facet normal 0 0 -1
  outer loop
    vertex 1.585983157 1.932526112 0
    vertex 8.935489655 12.04811287 0
    vertex 9.515899658 11.59515667 0
  endloop
endfacet
facet normal 0.02454144033 0.9996988135 0
  outer loop
    vertex 9.184850468e-16 15 0
    vertex 0.736015141 14.98193169 42
    vertex 0.736015141 14.98193169 0
  endloop
endfacet
facet normal 0.07356473438 0.9972904441 0
  outer loop
    vertex 0.736015141 14.98193169 0
    vertex 1.470257163 14.92777061 42
    vertex 1.470257163 14.92777061 0
  endloop
endfacet
facet normal 0.1224105951 0.9924795445 0
  outer loop
    vertex 1.470257163 14.92777061 0
    vertex 2.20095706 14.83764744 42
    vertex 2.20095706 14.83764744 0
  endloop
endfacet
facet normal 0.1709610723 0.9852777841 0
  outer loop
    vertex 2.20095706 14.83764744 0
    vertex 2.926354885 14.71177959 42
    vertex 2.926354885 14.71177959 0
  endloop
endfacet
facet normal 0.2191022223 0.9757019095 0
  outer loop
    vertex 2.926354885 14.71177959 0
    vertex 3.644702673 14.55046844 42
    vertex 3.644702673 14.55046844 0
  endloop
endfacet
facet normal 0.2667124158 0.9637761603 0
  outer loop
    vertex 3.644702673 14.55046844 0
    vertex 4.354269981 14.354105 42
    vertex 4.354269981 14.354105 0
  endloop
endfacet
facet normal 0.3598948291 0.9329928788 0
  outer loop
    vertex 5.053347588 14.12316132 0
    vertex 5.740251541 13.8581934 42
    vertex 5.740251541 13.8581934 0
  endloop
endfacet
facet normal 0.3136812915 0.9495283289 0
  outer loop
    vertex 4.354269981 14.354105 0
    vertex 5.053347588 14.12316132 42
    vertex 5.053347588 14.12316132 0
  endloop
endfacet
facet normal 0.405242045 0.9142094317 0
  outer loop
    vertex 5.740251541 13.8581934 0
    vertex 6.413326263 13.55983925 42
    vertex 6.413326263 13.55983925 0
  endloop
endfacet
facet normal 0.4496112084 0.8932243623 0
  outer loop
    vertex 6.413326263 13.55983925 0
    vertex 7.070950985 13.22881889 42
    vertex 7.070950985 13.22881889 0
  endloop
endfacet
facet normal 0 0 -1
  outer loop
    vertex 2.164294243 1.25 0
    vertex 14.92777061 1.470257163 0
    vertex 14.94401741 1.25 0
  endloop
endfacet
facet normal 0 0 -1
  outer loop
    vertex 2.164294243 1.25 0
    vertex 14.83764744 2.20095706 0
    vertex 14.92777061 1.470257163 0
  endloop
endfacet
facet normal 0 0 -1
  outer loop
    vertex 2.164294243 1.25 0
    vertex 14.12316132 5.053347588 0
    vertex 14.354105 4.354269981 0
  endloop
endfacet
facet normal 0 0 -1
  outer loop
    vertex 2.164294243 1.25 0
    vertex 14.71177959 2.926354885 0
    vertex 14.83764744 2.20095706 0
  endloop
endfacet
facet normal 0 0 -1
  outer loop
    vertex 2.164294243 1.25 0
    vertex 14.55046844 3.644702673 0
    vertex 14.71177959 2.926354885 0
  endloop
endfacet
facet normal 0 0 -1
  outer loop
    vertex 2.164294243 1.25 0
    vertex 14.354105 4.354269981 0
    vertex 14.55046844 3.644702673 0
  endloop
endfacet
facet normal 0 0 -1
  outer loop
    vertex 1.767766953 1.767766953 0
    vertex 10.60660172 10.60660172 0
    vertex 11.11426735 10.07338428 0
  endloop
endfacet
facet normal 0 0 -1
  outer loop
    vertex 1.852377772 1.678897381 0
    vertex 11.11426735 10.07338428 0
    vertex 11.59515667 9.515899658 0
  endloop
endfacet
facet normal 0 0 -1
  outer loop
    vertex 2.008018732 1.489248276 0
    vertex 12.04811287 8.935489655 0
    vertex 12.47204399 8.333553314 0
  endloop
endfacet
facet normal 0 0 -1
  outer loop
    vertex 2.078674078 1.388925552 0
    vertex 12.47204399 8.333553314 0
    vertex 12.8659296 7.711541176 0
  endloop
endfacet
facet normal 0 0 -1
  outer loop
    vertex 1.932526112 1.585983157 0
    vertex 11.59515667 9.515899658 0
    vertex 12.04811287 8.935489655 0
  endloop
endfacet
facet normal 0 0 -1
  outer loop
    vertex 2.164294243 1.25 0
    vertex 13.8581934 5.740251541 0
    vertex 14.12316132 5.053347588 0
  endloop
endfacet
facet normal 0 0 -1
  outer loop
    vertex 2.164294243 1.25 0
    vertex 13.55983925 6.413326263 0
    vertex 13.8581934 5.740251541 0
  endloop
endfacet
facet normal 0 0 -1
  outer loop
    vertex 2.164294243 1.25 0
    vertex 13.22881889 7.070950985 0
    vertex 13.55983925 6.413326263 0
  endloop
endfacet
facet normal 0 0 -1
  outer loop
    vertex 2.144321442 1.285256863 0
    vertex 12.8659296 7.711541176 0
    vertex 13.22881889 7.070950985 0
  endloop
endfacet
facet normal 0.9972905725 0.07356299298 1.011032831e-08
  outer loop
    vertex 14.94401741 1.25 0
    vertex 14.92777061 1.470257163 0
    vertex 14.94233608 1.27279222 10.72720814
  endloop
endfacet
facet normal 0.9924795445 0.1224105951 0
  outer loop
    vertex 14.92777061 1.470257163 0
    vertex 14.83764744 2.20095706 0
    vertex 14.92777061 1.470257163 10.98454952
  endloop
endfacet
facet normal 0 -1 0
  outer loop
    vertex 14.94401741 1.25 0
    vertex 14.94401741 1.25 10.7097187
    vertex 14 1.25 10.7097187
  endloop
endfacet
facet normal 0.9972902234 0.07356772568 0
  outer loop
    vertex 14.94401741 1.25 0
    vertex 14.94233608 1.27279222 10.72720814
    vertex 14.94401741 1.25 10.7097187
  endloop
endfacet
facet normal 0.9972906128 0.07356244672 -0
  outer loop
    vertex 14.92777061 1.470257163 0
    vertex 14.92777061 1.470257163 10.98454952
    vertex 14.94233608 1.27279222 10.72720814
  endloop
endfacet
facet normal 0.9924796787 0.1224095065 -7.351648328e-08
  outer loop
    vertex 14.83764744 2.20095706 0
    vertex 14.91684437 1.558845758 11.10000038
    vertex 14.92777061 1.470257163 10.98454952
  endloop
endfacet
facet normal 0.9924796083 0.1224100775 -3.998396829e-08
  outer loop
    vertex 14.83764744 2.20095706 0
    vertex 14.89466572 1.738666534 11.53412533
    vertex 14.91684437 1.558845758 11.10000038
  endloop
endfacet
facet normal 0.9924798414 0.122408188 -1.168682319e-07
  outer loop
    vertex 14.83764744 2.20095706 0
    vertex 14.88710117 1.799999952 12
    vertex 14.89466572 1.738666534 11.53412533
  endloop
endfacet
facet normal 0 -1 0
  outer loop
    vertex 14.94401741 1.25 0
    vertex 14 1.25 10.7097187
    vertex 3.798405647 1.25 42
  endloop
endfacet
facet normal 1 0 -0
  outer loop
    vertex 14 1.25 10.7097187
    vertex 14 1.27279222 10.72720814
    vertex 14 1.25 13.2902813
  endloop
endfacet
facet normal 1 0 -0
  outer loop
    vertex 14 1.27279222 10.72720814
    vertex 14 1.558845758 11.10000038
    vertex 14 1.25 13.2902813
  endloop
endfacet
facet normal 1 0 -0
  outer loop
    vertex 14 1.558845758 11.10000038
    vertex 14 1.738666534 11.53412533
    vertex 14 1.25 13.2902813
  endloop
endfacet
facet normal 1 0 -0
  outer loop
    vertex 14 1.738666534 11.53412533
    vertex 14 1.799999952 12
    vertex 14 1.25 13.2902813
  endloop
endfacet
facet normal 1 0 0
  outer loop
    vertex 14 1.799999952 12
    vertex 14 1.738666534 12.46587467
    vertex 14 1.25 13.2902813
  endloop
endfacet
facet normal 1 0 0
  outer loop
    vertex 14 1.738666534 12.46587467
    vertex 14 1.558845758 12.89999962
    vertex 14 1.25 13.2902813
  endloop
endfacet
facet normal 0 -0.608769046 0.7933474955
  outer loop
    vertex 14 1.25 10.7097187
    vertex 14.94233608 1.27279222 10.72720814
    vertex 14 1.27279222 10.72720814
  endloop
endfacet
facet normal -3.331844043e-08 -0.793353352 0.6087614138
  outer loop
    vertex 14 1.27279222 10.72720814
    vertex 14.92777061 1.470257163 10.98454952
    vertex 14 1.558845758 11.10000038
  endloop
endfacet
facet normal 0 -0.9238792802 0.3826840415
  outer loop
    vertex 14 1.558845758 11.10000038
    vertex 14.91684437 1.558845758 11.10000038
    vertex 14 1.738666534 11.53412533
  endloop
endfacet
facet normal 0 -0.9914449016 0.1305258863
  outer loop
    vertex 14 1.738666534 11.53412533
    vertex 14.89466572 1.738666534 11.53412533
    vertex 14 1.799999952 12
  endloop
endfacet
facet normal 0 -0.608769046 0.7933474955
  outer loop
    vertex 14 1.25 10.7097187
    vertex 14.94401741 1.25 10.7097187
    vertex 14.94233608 1.27279222 10.72720814
  endloop
endfacet
facet normal 0 -0.79335341 0.6087613382
  outer loop
    vertex 14 1.27279222 10.72720814
    vertex 14.94233608 1.27279222 10.72720814
    vertex 14.92777061 1.470257163 10.98454952
  endloop
endfacet
facet normal 0 -0.7933532227 0.6087615823
  outer loop
    vertex 14 1.558845758 11.10000038
    vertex 14.92777061 1.470257163 10.98454952
    vertex 14.91684437 1.558845758 11.10000038
  endloop
endfacet
facet normal 0 -0.9238792802 0.3826840415
  outer loop
    vertex 14 1.738666534 11.53412533
    vertex 14.91684437 1.558845758 11.10000038
    vertex 14.89466572 1.738666534 11.53412533
  endloop
endfacet
facet normal 0 -0.9914449016 -0.1305258863
  outer loop
    vertex 14 1.799999952 12
    vertex 14.88710117 1.799999952 12
    vertex 14 1.738666534 12.46587467
  endloop
endfacet
facet normal -3.331844043e-08 -0.793353352 -0.6087614138
  outer loop
    vertex 14 1.558845758 12.89999962
    vertex 14.92777061 1.470257163 13.01545048
    vertex 14 1.27279222 13.27279186
  endloop
endfacet
facet normal 0 -0.9238792802 -0.3826840415
  outer loop
    vertex 14 1.738666534 12.46587467
    vertex 14.89466572 1.738666534 12.46587467
    vertex 14 1.558845758 12.89999962
  endloop
endfacet
facet normal 0 -0.9914449016 0.1305258863
  outer loop
    vertex 14 1.799999952 12
    vertex 14.89466572 1.738666534 11.53412533
    vertex 14.88710117 1.799999952 12
  endloop
endfacet
facet normal 0 -0.9914449016 -0.1305258863
  outer loop
    vertex 14 1.738666534 12.46587467
    vertex 14.88710117 1.799999952 12
    vertex 14.89466572 1.738666534 12.46587467
  endloop
endfacet
facet normal 0 -0.9238792802 -0.3826840415
  outer loop
    vertex 14 1.558845758 12.89999962
    vertex 14.89466572 1.738666534 12.46587467
    vertex 14.91684437 1.558845758 12.89999962
  endloop
endfacet
facet normal 0 -0.7933532227 -0.6087615823
  outer loop
    vertex 14 1.558845758 12.89999962
    vertex 14.91684437 1.558845758 12.89999962
    vertex 14.92777061 1.470257163 13.01545048
  endloop
endfacet
facet normal 1 0 0
  outer loop
    vertex 14 1.558845758 12.89999962
    vertex 14 1.27279222 13.27279186
    vertex 14 1.25 13.2902813
  endloop
endfacet
facet normal 0 -0.608769046 -0.7933474955
  outer loop
    vertex 14 1.27279222 13.27279186
    vertex 14.94233608 1.27279222 13.27279186
    vertex 14 1.25 13.2902813
  endloop
endfacet
facet normal 0 -0.608769046 -0.7933474955
  outer loop
    vertex 14 1.25 13.2902813
    vertex 14.94233608 1.27279222 13.27279186
    vertex 14.94401741 1.25 13.2902813
  endloop
endfacet
facet normal -0 -0.79335341 -0.6087613382
  outer loop
    vertex 14.92777061 1.470257163 13.01545048
    vertex 14.94233608 1.27279222 13.27279186
    vertex 14 1.27279222 13.27279186
  endloop
endfacet
facet normal 0.9924792671 0.1224128444 4.108300432e-08
  outer loop
    vertex 14.83764744 2.20095706 0
    vertex 14.91684437 1.558845758 33.09999847
    vertex 14.88710117 1.799999952 12
  endloop
endfacet
facet normal 0.9852777841 0.1709610723 0
  outer loop
    vertex 14.83764744 2.20095706 0
    vertex 14.71177959 2.926354885 0
    vertex 14.83764744 2.20095706 42
  endloop
endfacet
facet normal 0.9757019095 0.2191022223 0
  outer loop
    vertex 14.71177959 2.926354885 0
    vertex 14.55046844 3.644702673 0
    vertex 14.71177959 2.926354885 42
  endloop
endfacet
facet normal 0.9924796904 0.1224094122 0
  outer loop
    vertex 14.92777061 1.470257163 13.01545048
    vertex 14.91684437 1.558845758 12.89999962
    vertex 14.92777061 1.470257163 32.98454666
  endloop
endfacet
facet normal 0.9924796193 0.1224099886 2.581090835e-09
  outer loop
    vertex 14.89466572 1.738666534 12.46587467
    vertex 14.92777061 1.470257163 32.98454666
    vertex 14.91684437 1.558845758 12.89999962
  endloop
endfacet
facet normal 0.9924799725 0.1224071244 -2.528576892e-08
  outer loop
    vertex 14.88710117 1.799999952 12
    vertex 14.91684437 1.558845758 33.09999847
    vertex 14.89466572 1.738666534 12.46587467
  endloop
endfacet
facet normal 0 -1 0
  outer loop
    vertex 14 1.25 13.2902813
    vertex 14.94401741 1.25 13.2902813
    vertex 14 1.25 32.7097168
  endloop
endfacet
facet normal 0.9972902234 0.07356772568 -0
  outer loop
    vertex 14.94233608 1.27279222 13.27279186
    vertex 14.94233608 1.27279222 32.72720718
    vertex 14.94401741 1.25 13.2902813
  endloop
endfacet
facet normal 0.9972906128 0.07356244672 -0
  outer loop
    vertex 14.92777061 1.470257163 13.01545048
    vertex 14.92777061 1.470257163 32.98454666
    vertex 14.94233608 1.27279222 13.27279186
  endloop
endfacet
facet normal 0.9495283289 0.3136812915 0
  outer loop
    vertex 14.354105 4.354269981 0
    vertex 14.12316132 5.053347588 0
    vertex 14.354105 4.354269981 42
  endloop
endfacet
facet normal 0.9637761603 0.2667124158 0
  outer loop
    vertex 14.55046844 3.644702673 0
    vertex 14.354105 4.354269981 0
    vertex 14.55046844 3.644702673 42
  endloop
endfacet
facet normal 0.9329928788 0.3598948291 0
  outer loop
    vertex 14.12316132 5.053347588 0
    vertex 13.8581934 5.740251541 0
    vertex 14.12316132 5.053347588 42
  endloop
endfacet
facet normal 0.9142094317 0.405242045 0
  outer loop
    vertex 13.8581934 5.740251541 0
    vertex 13.55983925 6.413326263 0
    vertex 13.8581934 5.740251541 42
  endloop
endfacet
facet normal 0.8932243623 0.4496112084 0
  outer loop
    vertex 13.55983925 6.413326263 0
    vertex 13.22881889 7.070950985 0
    vertex 13.55983925 6.413326263 42
  endloop
endfacet
facet normal 0.8700873237 0.4928976052 0
  outer loop
    vertex 13.22881889 7.070950985 0
    vertex 12.8659296 7.711541176 0
    vertex 13.22881889 7.070950985 42
  endloop
endfacet
facet normal 0 0 -1
  outer loop
    vertex 1.767766953 1.767766953 0
    vertex 10.07338428 11.11426735 0
    vertex 10.60660172 10.60660172 0
  endloop
endfacet
facet normal 0.7242467857 0.689540857 0
  outer loop
    vertex 11.11426735 10.07338428 0
    vertex 10.60660172 10.60660172 0
    vertex 11.11426735 10.07338428 42
  endloop
endfacet
facet normal 0.689540857 0.7242467857 0
  outer loop
    vertex 10.07338428 11.11426735 0
    vertex 10.60660172 10.60660172 42
    vertex 10.60660172 10.60660172 0
  endloop
endfacet
facet normal 0.4928976052 0.8700873237 0
  outer loop
    vertex 7.070950985 13.22881889 0
    vertex 7.711541176 12.8659296 42
    vertex 7.711541176 12.8659296 0
  endloop
endfacet
facet normal 0.5349983663 0.8448530926 0
  outer loop
    vertex 7.711541176 12.8659296 0
    vertex 8.333553314 12.47204399 42
    vertex 8.333553314 12.47204399 0
  endloop
endfacet
facet normal 0.6152314108 0.7883465679 0
  outer loop
    vertex 8.935489655 12.04811287 0
    vertex 9.515899658 11.59515667 42
    vertex 9.515899658 11.59515667 0
  endloop
endfacet
facet normal 0.5758079377 0.8175849918 0
  outer loop
    vertex 8.333553314 12.47204399 0
    vertex 8.935489655 12.04811287 42
    vertex 8.935489655 12.04811287 0
  endloop
endfacet
facet normal 0.6531726671 0.7572089982 0
  outer loop
    vertex 10.07338428 11.11426735 0
    vertex 9.515899658 11.59515667 0
    vertex 10.07338428 11.11426735 42
  endloop
endfacet
facet normal 0.7883465679 0.6152314108 0
  outer loop
    vertex 12.04811287 8.935489655 0
    vertex 11.59515667 9.515899658 0
    vertex 12.04811287 8.935489655 42
  endloop
endfacet
facet normal 0.8448530926 0.5349983663 0
  outer loop
    vertex 12.47204399 8.333553314 0
    vertex 12.8659296 7.711541176 42
    vertex 12.8659296 7.711541176 0
  endloop
endfacet
facet normal 0.8175849918 0.5758079377 0
  outer loop
    vertex 12.04811287 8.935489655 0
    vertex 12.47204399 8.333553314 42
    vertex 12.47204399 8.333553314 0
  endloop
endfacet
facet normal 0.7572089982 0.6531726671 0
  outer loop
    vertex 11.11426735 10.07338428 0
    vertex 11.59515667 9.515899658 42
    vertex 11.59515667 9.515899658 0
  endloop
endfacet
facet normal -0 0 1
  outer loop
    vertex 1.5308085e-16 2.5 24
    vertex 0.1226691827 2.496988535 24
    vertex 0.1962707043 3.995181799 24
  endloop
endfacet
facet normal -0 -0 1
  outer loop
    vertex 0.1226691827 2.496988535 24
    vertex 0.2450428456 2.487961769 24
    vertex 0.1962707043 3.995181799 24
  endloop
endfacet
facet normal -0 0 1
  outer loop
    vertex 0.2450428456 2.487961769 24
    vertex 0.3668261766 2.47294116 24
    vertex 0.5869218707 3.956706047 24
  endloop
endfacet
facet normal 0 -0 1
  outer loop
    vertex 1.5308085e-16 2.5 24
    vertex 0.1962707043 3.995181799 24
    vertex 2.449293705e-16 4 24
  endloop
endfacet
facet normal 0 -0 1
  outer loop
    vertex 0.2450428456 2.487961769 24
    vertex 0.3920685649 3.980738878 24
    vertex 0.1962707043 3.995181799 24
  endloop
endfacet
facet normal 0 -0 1
  outer loop
    vertex 0.2450428456 2.487961769 24
    vertex 0.5869218707 3.956706047 24
    vertex 0.3920685649 3.980738878 24
  endloop
endfacet
facet normal -0 0 1
  outer loop
    vertex 0.3668261766 2.47294116 24
    vertex 0.4877257943 2.451963186 24
    vertex 0.5869218707 3.956706047 24
  endloop
endfacet
facet normal -0 0 1
  outer loop
    vertex 0.4877257943 2.451963186 24
    vertex 0.6074504256 2.425078154 24
    vertex 0.7803612947 3.923141003 24
  endloop
endfacet
facet normal -0 0 1
  outer loop
    vertex 0.6074504256 2.425078154 24
    vertex 0.7257117033 2.392350912 24
    vertex 1.161138654 3.827761412 24
  endloop
endfacet
facet normal 0 -0 1
  outer loop
    vertex 0.4877257943 2.451963186 24
    vertex 0.7803612947 3.923141003 24
    vertex 0.5869218707 3.956706047 24
  endloop
endfacet
facet normal 0 -0 1
  outer loop
    vertex 0.6074504256 2.425078154 24
    vertex 0.9719207287 3.880125046 24
    vertex 0.7803612947 3.923141003 24
  endloop
endfacet
facet normal -0 0 1
  outer loop
    vertex 0.8422246575 2.35386014 24
    vertex 0.9567086101 2.30969882 24
    vertex 1.530733705 3.695518017 24
  endloop
endfacet
facet normal -0 0 1
  outer loop
    vertex 0.9567086101 2.30969882 24
    vertex 1.068887711 2.259973288 24
    vertex 1.530733705 3.695518017 24
  endloop
endfacet
facet normal -0 0 1
  outer loop
    vertex 1.068887711 2.259973288 24
    vertex 1.178491831 2.204803228 24
    vertex 1.710220337 3.61595726 24
  endloop
endfacet
facet normal -0 0 1
  outer loop
    vertex 1.285256863 2.144321442 24
    vertex 1.388925552 2.078674078 24
    vertex 2.056411028 3.430914402 24
  endloop
endfacet
facet normal -0 0 1
  outer loop
    vertex 1.178491831 2.204803228 24
    vertex 1.285256863 2.144321442 24
    vertex 2.056411028 3.430914402 24
  endloop
endfacet
facet normal -0 0 1
  outer loop
    vertex 1.388925552 2.078674078 24
    vertex 1.489248276 2.008018732 24
    vertex 2.382797241 3.212830067 24
  endloop
endfacet
facet normal -0 0 1
  outer loop
    vertex 1.489248276 2.008018732 24
    vertex 1.585983157 1.932526112 24
    vertex 2.382797241 3.212830067 24
  endloop
endfacet
facet normal -0 0 1
  outer loop
    vertex 0.7257117033 2.392350912 24
    vertex 0.8422246575 2.35386014 24
    vertex 1.347559452 3.766176224 24
  endloop
endfacet
facet normal 0 -0 1
  outer loop
    vertex 0.8422246575 2.35386014 24
    vertex 1.530733705 3.695518017 24
    vertex 1.347559452 3.766176224 24
  endloop
endfacet
facet normal 0 -0 1
  outer loop
    vertex 0.6074504256 2.425078154 24
    vertex 1.161138654 3.827761412 24
    vertex 0.9719207287 3.880125046 24
  endloop
endfacet
facet normal 0 -0 1
  outer loop
    vertex 0.7257117033 2.392350912 24
    vertex 1.347559452 3.766176224 24
    vertex 1.161138654 3.827761412 24
  endloop
endfacet
facet normal 0 -0 1
  outer loop
    vertex 1.068887711 2.259973288 24
    vertex 1.710220337 3.61595726 24
    vertex 1.530733705 3.695518017 24
  endloop
endfacet
facet normal 0 -0 1
  outer loop
    vertex 1.178491831 2.204803228 24
    vertex 1.885586977 3.527685165 24
    vertex 1.710220337 3.61595726 24
  endloop
endfacet
facet normal 0 -0 1
  outer loop
    vertex 1.178491831 2.204803228 24
    vertex 2.056411028 3.430914402 24
    vertex 1.885586977 3.527685165 24
  endloop
endfacet
facet normal 0 -0 1
  outer loop
    vertex 2.164294243 1.25 24
    vertex 3.798405647 1.25 24
    vertex 2.144321442 1.285256863 24
  endloop
endfacet
facet normal -0 0 1
  outer loop
    vertex 1.932526112 1.585983157 24
    vertex 2.008018732 1.489248276 24
    vertex 3.212830067 2.382797241 24
  endloop
endfacet
facet normal 0 -0 1
  outer loop
    vertex 2.078674078 1.388925552 24
    vertex 3.325878382 2.222280979 24
    vertex 2.008018732 1.489248276 24
  endloop
endfacet
facet normal 0 -0 1
  outer loop
    vertex 2.144321442 1.285256863 24
    vertex 3.430914402 2.056411028 24
    vertex 2.078674078 1.388925552 24
  endloop
endfacet
facet normal -0 -0 1
  outer loop
    vertex 2.144321442 1.285256863 24
    vertex 3.798405647 1.25 24
    vertex 3.527685165 1.885586977 24
  endloop
endfacet
facet normal 0 -0 1
  outer loop
    vertex 2.144321442 1.285256863 24
    vertex 3.527685165 1.885586977 24
    vertex 3.430914402 2.056411028 24
  endloop
endfacet
facet normal 0 0 1
  outer loop
    vertex 3.695518017 1.530733705 24
    vertex 3.61595726 1.710220337 24
    vertex 3.798405647 1.25 24
  endloop
endfacet
facet normal 0 0 1
  outer loop
    vertex 3.61595726 1.710220337 24
    vertex 3.527685165 1.885586977 24
    vertex 3.798405647 1.25 24
  endloop
endfacet
facet normal 0 -0 1
  outer loop
    vertex 1.678897381 1.852377772 24
    vertex 2.537573099 3.092041731 24
    vertex 1.585983157 1.932526112 24
  endloop
endfacet
facet normal -0 0 1
  outer loop
    vertex 1.678897381 1.852377772 24
    vertex 1.767766953 1.767766953 24
    vertex 2.686235905 2.963804483 24
  endloop
endfacet
facet normal 0 -0 1
  outer loop
    vertex 1.932526112 1.585983157 24
    vertex 3.092041731 2.537573099 24
    vertex 1.852377772 1.678897381 24
  endloop
endfacet
facet normal -0 0 1
  outer loop
    vertex 1.767766953 1.767766953 24
    vertex 1.852377772 1.678897381 24
    vertex 2.963804483 2.686235905 24
  endloop
endfacet
facet normal 0 -0 1
  outer loop
    vertex 1.585983157 1.932526112 24
    vertex 2.537573099 3.092041731 24
    vertex 2.382797241 3.212830067 24
  endloop
endfacet
facet normal 0 -0 1
  outer loop
    vertex 1.678897381 1.852377772 24
    vertex 2.686235905 2.963804483 24
    vertex 2.537573099 3.092041731 24
  endloop
endfacet
facet normal 0 -0 1
  outer loop
    vertex 1.852377772 1.678897381 24
    vertex 3.092041731 2.537573099 24
    vertex 2.963804483 2.686235905 24
  endloop
endfacet
facet normal 0 -0 1
  outer loop
    vertex 1.932526112 1.585983157 24
    vertex 3.212830067 2.382797241 24
    vertex 3.092041731 2.537573099 24
  endloop
endfacet
facet normal 0 -0 1
  outer loop
    vertex 1.767766953 1.767766953 24
    vertex 2.828427076 2.828427076 24
    vertex 2.686235905 2.963804483 24
  endloop
endfacet
facet normal 0 -0 1
  outer loop
    vertex 1.767766953 1.767766953 24
    vertex 2.963804483 2.686235905 24
    vertex 2.828427076 2.828427076 24
  endloop
endfacet
facet normal 0 -0 1
  outer loop
    vertex 1.388925552 2.078674078 24
    vertex 2.222280979 3.325878382 24
    vertex 2.056411028 3.430914402 24
  endloop
endfacet
facet normal 0 -0 1
  outer loop
    vertex 1.388925552 2.078674078 24
    vertex 2.382797241 3.212830067 24
    vertex 2.222280979 3.325878382 24
  endloop
endfacet
facet normal 0 -0 1
  outer loop
    vertex 2.008018732 1.489248276 24
    vertex 3.325878382 2.222280979 24
    vertex 3.212830067 2.382797241 24
  endloop
endfacet
facet normal 0 -0 1
  outer loop
    vertex 2.078674078 1.388925552 24
    vertex 3.430914402 2.056411028 24
    vertex 3.325878382 2.222280979 24
  endloop
endfacet
facet normal -0.359895483 -0.9329926266 0
  outer loop
    vertex 1.530733705 3.695518017 24
    vertex 1.530733705 3.695518017 42
    vertex 1.347559452 3.766176224 24
  endloop
endfacet
facet normal -0.4052404814 -0.9142101248 0
  outer loop
    vertex 1.530733705 3.695518017 24
    vertex 1.710220337 3.61595726 24
    vertex 1.710220337 3.61595726 42
  endloop
endfacet
facet normal -0.4496111108 -0.8932244114 0
  outer loop
    vertex 1.710220337 3.61595726 24
    vertex 1.885586977 3.527685165 24
    vertex 1.885586977 3.527685165 42
  endloop
endfacet
facet normal -0.9142101248 -0.4052404814 0
  outer loop
    vertex 3.695518017 1.530733705 24
    vertex 3.695518017 1.530733705 42
    vertex 3.61595726 1.710220337 24
  endloop
endfacet
facet normal -0.8932244114 -0.4496111108 0
  outer loop
    vertex 3.61595726 1.710220337 24
    vertex 3.61595726 1.710220337 42
    vertex 3.527685165 1.885586977 24
  endloop
endfacet
facet normal -0.4928987084 -0.8700866987 0
  outer loop
    vertex 2.056411028 3.430914402 24
    vertex 2.056411028 3.430914402 42
    vertex 1.885586977 3.527685165 24
  endloop
endfacet
facet normal -0.5349977364 -0.8448534914 0
  outer loop
    vertex 2.056411028 3.430914402 24
    vertex 2.222280979 3.325878382 24
    vertex 2.222280979 3.325878382 42
  endloop
endfacet
facet normal -0.5758082205 -0.8175847927 0
  outer loop
    vertex 2.222280979 3.325878382 24
    vertex 2.382797241 3.212830067 24
    vertex 2.382797241 3.212830067 42
  endloop
endfacet
facet normal -0.6152318145 -0.7883462529 0
  outer loop
    vertex 2.382797241 3.212830067 24
    vertex 2.537573099 3.092041731 24
    vertex 2.537573099 3.092041731 42
  endloop
endfacet
facet normal -0.653172345 -0.7572092761 0
  outer loop
    vertex 2.537573099 3.092041731 24
    vertex 2.686235905 2.963804483 24
    vertex 2.686235905 2.963804483 42
  endloop
endfacet
facet normal -0.7242466818 -0.6895409661 0
  outer loop
    vertex 2.963804483 2.686235905 24
    vertex 2.963804483 2.686235905 42
    vertex 2.828427076 2.828427076 24
  endloop
endfacet
facet normal -0.7883462529 -0.6152318145 0
  outer loop
    vertex 3.092041731 2.537573099 24
    vertex 3.212830067 2.382797241 24
    vertex 3.212830067 2.382797241 42
  endloop
endfacet
facet normal -0.7572092761 -0.653172345 0
  outer loop
    vertex 2.963804483 2.686235905 24
    vertex 3.092041731 2.537573099 24
    vertex 3.092041731 2.537573099 42
  endloop
endfacet
facet normal -0.8175847927 -0.5758082205 0
  outer loop
    vertex 3.212830067 2.382797241 24
    vertex 3.325878382 2.222280979 24
    vertex 3.325878382 2.222280979 42
  endloop
endfacet
facet normal -0.8448534914 -0.5349977364 0
  outer loop
    vertex 3.430914402 2.056411028 24
    vertex 3.430914402 2.056411028 42
    vertex 3.325878382 2.222280979 24
  endloop
endfacet
facet normal -0.8700866987 -0.4928987084 0
  outer loop
    vertex 3.430914402 2.056411028 24
    vertex 3.527685165 1.885586977 24
    vertex 3.527685165 1.885586977 42
  endloop
endfacet
facet normal -0.6895409661 -0.7242466818 0
  outer loop
    vertex 2.686235905 2.963804483 24
    vertex 2.828427076 2.828427076 24
    vertex 2.828427076 2.828427076 42
  endloop
endfacet
facet normal -0.02454135942 -0.9996988155 0
  outer loop
    vertex 2.449293705e-16 4 24
    vertex 0.1962707043 3.995181799 24
    vertex 0.1962707043 3.995181799 42
  endloop
endfacet
facet normal -0.0735645778 -0.9972904556 0
  outer loop
    vertex 0.1962707043 3.995181799 24
    vertex 0.3920685649 3.980738878 24
    vertex 0.3920685649 3.980738878 42
  endloop
endfacet
facet normal -0.1224105154 -0.9924795543 0
  outer loop
    vertex 0.3920685649 3.980738878 24
    vertex 0.5869218707 3.956706047 24
    vertex 0.5869218707 3.956706047 42
  endloop
endfacet
facet normal -0.1709624836 -0.9852775392 0
  outer loop
    vertex 0.5869218707 3.956706047 24
    vertex 0.7803612947 3.923141003 24
    vertex 0.7803612947 3.923141003 42
  endloop
endfacet
facet normal -0.2191005007 -0.9757022961 0
  outer loop
    vertex 0.7803612947 3.923141003 24
    vertex 0.9719207287 3.880125046 24
    vertex 0.9719207287 3.880125046 42
  endloop
endfacet
facet normal -0.2667126726 -0.9637760893 0
  outer loop
    vertex 0.9719207287 3.880125046 24
    vertex 1.161138654 3.827761412 24
    vertex 1.161138654 3.827761412 42
  endloop
endfacet
facet normal -0.3136820836 -0.9495280672 0
  outer loop
    vertex 1.161138654 3.827761412 24
    vertex 1.347559452 3.766176224 24
    vertex 1.347559452 3.766176224 42
  endloop
endfacet
facet normal -0 -0 1
  outer loop
    vertex 3.695518017 1.530733705 24
    vertex 3.798405647 1.25 24
    vertex 3.766176224 1.347559452 24
  endloop
endfacet
facet normal -0.9495277924 -0.3136829156 0
  outer loop
    vertex 3.798405647 1.25 24
    vertex 3.798405647 1.25 42
    vertex 3.766176224 1.347559452 24
  endloop
endfacet
facet normal -0.9329926266 -0.359895483 0
  outer loop
    vertex 3.695518017 1.530733705 24
    vertex 3.766176224 1.347559452 24
    vertex 3.766176224 1.347559452 42
  endloop
endfacet
facet normal -0.359895483 -0.9329926266 0
  outer loop
    vertex 1.347559452 3.766176224 24
    vertex 1.530733705 3.695518017 42
    vertex 1.347559452 3.766176224 42
  endloop
endfacet
facet normal -0.4052404814 -0.9142101248 0
  outer loop
    vertex 1.530733705 3.695518017 24
    vertex 1.710220337 3.61595726 42
    vertex 1.530733705 3.695518017 42
  endloop
endfacet
facet normal -0.4496111108 -0.8932244114 0
  outer loop
    vertex 1.710220337 3.61595726 24
    vertex 1.885586977 3.527685165 42
    vertex 1.710220337 3.61595726 42
  endloop
endfacet
facet normal -0.8932244114 -0.4496111108 0
  outer loop
    vertex 3.527685165 1.885586977 24
    vertex 3.61595726 1.710220337 42
    vertex 3.527685165 1.885586977 42
  endloop
endfacet
facet normal -0.9142101248 -0.4052404814 0
  outer loop
    vertex 3.61595726 1.710220337 24
    vertex 3.695518017 1.530733705 42
    vertex 3.61595726 1.710220337 42
  endloop
endfacet
facet normal -0.4928987084 -0.8700866987 0
  outer loop
    vertex 1.885586977 3.527685165 24
    vertex 2.056411028 3.430914402 42
    vertex 1.885586977 3.527685165 42
  endloop
endfacet
facet normal -0.5349977364 -0.8448534914 0
  outer loop
    vertex 2.056411028 3.430914402 24
    vertex 2.222280979 3.325878382 42
    vertex 2.056411028 3.430914402 42
  endloop
endfacet
facet normal -0.5758082205 -0.8175847927 0
  outer loop
    vertex 2.222280979 3.325878382 24
    vertex 2.382797241 3.212830067 42
    vertex 2.222280979 3.325878382 42
  endloop
endfacet
facet normal -0.6152318145 -0.7883462529 0
  outer loop
    vertex 2.382797241 3.212830067 24
    vertex 2.537573099 3.092041731 42
    vertex 2.382797241 3.212830067 42
  endloop
endfacet
facet normal -0.6895409661 -0.7242466818 0
  outer loop
    vertex 2.686235905 2.963804483 24
    vertex 2.828427076 2.828427076 42
    vertex 2.686235905 2.963804483 42
  endloop
endfacet
facet normal -0.653172345 -0.7572092761 0
  outer loop
    vertex 2.537573099 3.092041731 24
    vertex 2.686235905 2.963804483 42
    vertex 2.537573099 3.092041731 42
  endloop
endfacet
facet normal -0.7242466818 -0.6895409661 0
  outer loop
    vertex 2.828427076 2.828427076 24
    vertex 2.963804483 2.686235905 42
    vertex 2.828427076 2.828427076 42
  endloop
endfacet
facet normal -0.7572092761 -0.653172345 0
  outer loop
    vertex 2.963804483 2.686235905 24
    vertex 3.092041731 2.537573099 42
    vertex 2.963804483 2.686235905 42
  endloop
endfacet
facet normal -0.7883462529 -0.6152318145 0
  outer loop
    vertex 3.092041731 2.537573099 24
    vertex 3.212830067 2.382797241 42
    vertex 3.092041731 2.537573099 42
  endloop
endfacet
facet normal -0.8700866987 -0.4928987084 0
  outer loop
    vertex 3.430914402 2.056411028 24
    vertex 3.527685165 1.885586977 42
    vertex 3.430914402 2.056411028 42
  endloop
endfacet
facet normal -0.8448534914 -0.5349977364 0
  outer loop
    vertex 3.325878382 2.222280979 24
    vertex 3.430914402 2.056411028 42
    vertex 3.325878382 2.222280979 42
  endloop
endfacet
facet normal -0.8175847927 -0.5758082205 0
  outer loop
    vertex 3.212830067 2.382797241 24
    vertex 3.325878382 2.222280979 42
    vertex 3.212830067 2.382797241 42
  endloop
endfacet
facet normal -0.02454135942 -0.9996988155 0
  outer loop
    vertex 2.449293705e-16 4 24
    vertex 0.1962707043 3.995181799 42
    vertex 2.449293705e-16 4 42
  endloop
endfacet
facet normal -0.0735645778 -0.9972904556 0
  outer loop
    vertex 0.1962707043 3.995181799 24
    vertex 0.3920685649 3.980738878 42
    vertex 0.1962707043 3.995181799 42
  endloop
endfacet
facet normal -0.1224105154 -0.9924795543 0
  outer loop
    vertex 0.3920685649 3.980738878 24
    vertex 0.5869218707 3.956706047 42
    vertex 0.3920685649 3.980738878 42
  endloop
endfacet
facet normal -0.1709624836 -0.9852775392 0
  outer loop
    vertex 0.5869218707 3.956706047 24
    vertex 0.7803612947 3.923141003 42
    vertex 0.5869218707 3.956706047 42
  endloop
endfacet
facet normal -0.2191005007 -0.9757022961 0
  outer loop
    vertex 0.7803612947 3.923141003 24
    vertex 0.9719207287 3.880125046 42
    vertex 0.7803612947 3.923141003 42
  endloop
endfacet
facet normal -0.2667126726 -0.9637760893 0
  outer loop
    vertex 0.9719207287 3.880125046 24
    vertex 1.161138654 3.827761412 42
    vertex 0.9719207287 3.880125046 42
  endloop
endfacet
facet normal -0.3136820836 -0.9495280672 0
  outer loop
    vertex 1.161138654 3.827761412 24
    vertex 1.347559452 3.766176224 42
    vertex 1.161138654 3.827761412 42
  endloop
endfacet
facet normal -0 0 1
  outer loop
    vertex 0.9719207287 3.880125046 42
    vertex 1.161138654 3.827761412 42
    vertex 3.644702673 14.55046844 42
  endloop
endfacet
facet normal -0 0 1
  outer loop
    vertex 1.161138654 3.827761412 42
    vertex 1.347559452 3.766176224 42
    vertex 4.354269981 14.354105 42
  endloop
endfacet
facet normal 0 -0 1
  outer loop
    vertex 1.530733705 3.695518017 42
    vertex 5.740251541 13.8581934 42
    vertex 1.347559452 3.766176224 42
  endloop
endfacet
facet normal -0 0 1
  outer loop
    vertex 1.530733705 3.695518017 42
    vertex 1.710220337 3.61595726 42
    vertex 5.740251541 13.8581934 42
  endloop
endfacet
facet normal -0 0 1
  outer loop
    vertex 1.710220337 3.61595726 42
    vertex 1.885586977 3.527685165 42
    vertex 6.413326263 13.55983925 42
  endloop
endfacet
facet normal 0 -0 1
  outer loop
    vertex 2.056411028 3.430914402 42
    vertex 7.070950985 13.22881889 42
    vertex 1.885586977 3.527685165 42
  endloop
endfacet
facet normal -0.9495277924 -0.3136829156 0
  outer loop
    vertex 3.766176224 1.347559452 24
    vertex 3.798405647 1.25 42
    vertex 3.766176224 1.347559452 42
  endloop
endfacet
facet normal -0.9329926266 -0.359895483 0
  outer loop
    vertex 3.695518017 1.530733705 24
    vertex 3.766176224 1.347559452 42
    vertex 3.695518017 1.530733705 42
  endloop
endfacet
facet normal 0 -0 1
  outer loop
    vertex 3.61595726 1.710220337 42
    vertex 13.55983925 6.413326263 42
    vertex 3.527685165 1.885586977 42
  endloop
endfacet
facet normal -0 0 1
  outer loop
    vertex 3.695518017 1.530733705 42
    vertex 3.766176224 1.347559452 42
    vertex 13.8581934 5.740251541 42
  endloop
endfacet
facet normal 0 -0 1
  outer loop
    vertex 3.695518017 1.530733705 42
    vertex 13.8581934 5.740251541 42
    vertex 3.61595726 1.710220337 42
  endloop
endfacet
facet normal 0 -0 1
  outer loop
    vertex 2.963804483 2.686235905 42
    vertex 10.60660172 10.60660172 42
    vertex 2.828427076 2.828427076 42
  endloop
endfacet
facet normal -0 0 1
  outer loop
    vertex 2.686235905 2.963804483 42
    vertex 2.828427076 2.828427076 42
    vertex 10.60660172 10.60660172 42
  endloop
endfacet
facet normal -0 0 1
  outer loop
    vertex 2.056411028 3.430914402 42
    vertex 2.222280979 3.325878382 42
    vertex 8.333553314 12.47204399 42
  endloop
endfacet
facet normal -0 0 1
  outer loop
    vertex 2.222280979 3.325878382 42
    vertex 2.382797241 3.212830067 42
    vertex 8.935489655 12.04811287 42
  endloop
endfacet
facet normal -0 0 1
  outer loop
    vertex 2.382797241 3.212830067 42
    vertex 2.537573099 3.092041731 42
    vertex 9.515899658 11.59515667 42
  endloop
endfacet
facet normal -0 0 1
  outer loop
    vertex 2.537573099 3.092041731 42
    vertex 2.686235905 2.963804483 42
    vertex 9.515899658 11.59515667 42
  endloop
endfacet
facet normal 0 -0 1
  outer loop
    vertex 3.430914402 2.056411028 42
    vertex 12.47204399 8.333553314 42
    vertex 3.325878382 2.222280979 42
  endloop
endfacet
facet normal -0 0 1
  outer loop
    vertex 3.212830067 2.382797241 42
    vertex 3.325878382 2.222280979 42
    vertex 12.04811287 8.935489655 42
  endloop
endfacet
facet normal -0 0 1
  outer loop
    vertex 2.963804483 2.686235905 42
    vertex 3.092041731 2.537573099 42
    vertex 11.11426735 10.07338428 42
  endloop
endfacet
facet normal -0 0 1
  outer loop
    vertex 3.092041731 2.537573099 42
    vertex 3.212830067 2.382797241 42
    vertex 11.59515667 9.515899658 42
  endloop
endfacet
facet normal -0 0 1
  outer loop
    vertex 3.430914402 2.056411028 42
    vertex 3.527685165 1.885586977 42
    vertex 12.8659296 7.711541176 42
  endloop
endfacet
facet normal 0.02454144033 0.9996988135 -0
  outer loop
    vertex 9.184850468e-16 15 0
    vertex 9.184850468e-16 15 42
    vertex 0.736015141 14.98193169 42
  endloop
endfacet
facet normal 0.07356473438 0.9972904441 -0
  outer loop
    vertex 0.736015141 14.98193169 0
    vertex 0.736015141 14.98193169 42
    vertex 1.470257163 14.92777061 42
  endloop
endfacet
facet normal 0.1224105951 0.9924795445 -0
  outer loop
    vertex 1.470257163 14.92777061 0
    vertex 1.470257163 14.92777061 42
    vertex 2.20095706 14.83764744 42
  endloop
endfacet
facet normal 0.1709610723 0.9852777841 -0
  outer loop
    vertex 2.20095706 14.83764744 0
    vertex 2.20095706 14.83764744 42
    vertex 2.926354885 14.71177959 42
  endloop
endfacet
facet normal 0.2191022223 0.9757019095 -0
  outer loop
    vertex 2.926354885 14.71177959 0
    vertex 2.926354885 14.71177959 42
    vertex 3.644702673 14.55046844 42
  endloop
endfacet
facet normal 0.2667124158 0.9637761603 -0
  outer loop
    vertex 3.644702673 14.55046844 0
    vertex 3.644702673 14.55046844 42
    vertex 4.354269981 14.354105 42
  endloop
endfacet
facet normal 0.3136812915 0.9495283289 -0
  outer loop
    vertex 4.354269981 14.354105 0
    vertex 4.354269981 14.354105 42
    vertex 5.053347588 14.12316132 42
  endloop
endfacet
facet normal 0.3598948291 0.9329928788 -0
  outer loop
    vertex 5.053347588 14.12316132 0
    vertex 5.053347588 14.12316132 42
    vertex 5.740251541 13.8581934 42
  endloop
endfacet
facet normal 0.4928976052 0.8700873237 -0
  outer loop
    vertex 7.070950985 13.22881889 0
    vertex 7.070950985 13.22881889 42
    vertex 7.711541176 12.8659296 42
  endloop
endfacet
facet normal 0.405242045 0.9142094317 -0
  outer loop
    vertex 5.740251541 13.8581934 0
    vertex 5.740251541 13.8581934 42
    vertex 6.413326263 13.55983925 42
  endloop
endfacet
facet normal 0.4496112084 0.8932243623 -0
  outer loop
    vertex 6.413326263 13.55983925 0
    vertex 6.413326263 13.55983925 42
    vertex 7.070950985 13.22881889 42
  endloop
endfacet
facet normal -0 0 1
  outer loop
    vertex 2.449293705e-16 4 42
    vertex 0.1962707043 3.995181799 42
    vertex 0.736015141 14.98193169 42
  endloop
endfacet
facet normal -0 0 1
  outer loop
    vertex 0.1962707043 3.995181799 42
    vertex 0.3920685649 3.980738878 42
    vertex 0.736015141 14.98193169 42
  endloop
endfacet
facet normal -0 0 1
  outer loop
    vertex 0.3920685649 3.980738878 42
    vertex 0.5869218707 3.956706047 42
    vertex 1.470257163 14.92777061 42
  endloop
endfacet
facet normal -0 0 1
  outer loop
    vertex 0.5869218707 3.956706047 42
    vertex 0.7803612947 3.923141003 42
    vertex 2.20095706 14.83764744 42
  endloop
endfacet
facet normal -0 0 1
  outer loop
    vertex 0.7803612947 3.923141003 42
    vertex 0.9719207287 3.880125046 42
    vertex 2.926354885 14.71177959 42
  endloop
endfacet
facet normal 0 -0 1
  outer loop
    vertex 0.5869218707 3.956706047 42
    vertex 2.20095706 14.83764744 42
    vertex 1.470257163 14.92777061 42
  endloop
endfacet
facet normal 0 -0 1
  outer loop
    vertex 0.7803612947 3.923141003 42
    vertex 2.926354885 14.71177959 42
    vertex 2.20095706 14.83764744 42
  endloop
endfacet
facet normal 0 -0 1
  outer loop
    vertex 0.9719207287 3.880125046 42
    vertex 3.644702673 14.55046844 42
    vertex 2.926354885 14.71177959 42
  endloop
endfacet
facet normal 0 -0 1
  outer loop
    vertex 1.161138654 3.827761412 42
    vertex 4.354269981 14.354105 42
    vertex 3.644702673 14.55046844 42
  endloop
endfacet
facet normal 0 -0 1
  outer loop
    vertex 1.347559452 3.766176224 42
    vertex 5.053347588 14.12316132 42
    vertex 4.354269981 14.354105 42
  endloop
endfacet
facet normal 0 -0 1
  outer loop
    vertex 2.449293705e-16 4 42
    vertex 0.736015141 14.98193169 42
    vertex 9.184850468e-16 15 42
  endloop
endfacet
facet normal 0 -0 1
  outer loop
    vertex 0.3920685649 3.980738878 42
    vertex 1.470257163 14.92777061 42
    vertex 0.736015141 14.98193169 42
  endloop
endfacet
facet normal 0 -0 1
  outer loop
    vertex 1.347559452 3.766176224 42
    vertex 5.740251541 13.8581934 42
    vertex 5.053347588 14.12316132 42
  endloop
endfacet
facet normal 0 -0 1
  outer loop
    vertex 1.710220337 3.61595726 42
    vertex 6.413326263 13.55983925 42
    vertex 5.740251541 13.8581934 42
  endloop
endfacet
facet normal 0 -0 1
  outer loop
    vertex 1.885586977 3.527685165 42
    vertex 7.070950985 13.22881889 42
    vertex 6.413326263 13.55983925 42
  endloop
endfacet
facet normal 0 -0 1
  outer loop
    vertex 2.222280979 3.325878382 42
    vertex 8.935489655 12.04811287 42
    vertex 8.333553314 12.47204399 42
  endloop
endfacet
facet normal 0 -0 1
  outer loop
    vertex 2.382797241 3.212830067 42
    vertex 9.515899658 11.59515667 42
    vertex 8.935489655 12.04811287 42
  endloop
endfacet
facet normal 0 -0 1
  outer loop
    vertex 2.686235905 2.963804483 42
    vertex 10.07338428 11.11426735 42
    vertex 9.515899658 11.59515667 42
  endloop
endfacet
facet normal 0 -0 1
  outer loop
    vertex 2.056411028 3.430914402 42
    vertex 7.711541176 12.8659296 42
    vertex 7.070950985 13.22881889 42
  endloop
endfacet
facet normal 0 -0 1
  outer loop
    vertex 2.056411028 3.430914402 42
    vertex 8.333553314 12.47204399 42
    vertex 7.711541176 12.8659296 42
  endloop
endfacet
facet normal -0 -1 -0
  outer loop
    vertex 14.94401741 1.25 0
    vertex 3.798405647 1.25 42
    vertex 3.798405647 1.25 24
  endloop
endfacet
facet normal 0 -1 0
  outer loop
    vertex 14 1.25 10.7097187
    vertex 14 1.25 13.2902813
    vertex 3.798405647 1.25 42
  endloop
endfacet
facet normal 0 -1 0
  outer loop
    vertex 14 1.25 13.2902813
    vertex 14 1.25 32.7097168
    vertex 3.798405647 1.25 42
  endloop
endfacet
facet normal 0.9924796158 0.1224100171 -1.459745853e-08
  outer loop
    vertex 14.83764744 2.20095706 0
    vertex 14.89466572 1.738666534 33.53412628
    vertex 14.91684437 1.558845758 33.09999847
  endloop
endfacet
facet normal 0 -1 0
  outer loop
    vertex 14.94401741 1.25 13.2902813
    vertex 14.94401741 1.25 32.7097168
    vertex 14 1.25 32.7097168
  endloop
endfacet
facet normal 0.9972902234 0.07356772568 0
  outer loop
    vertex 14.94401741 1.25 13.2902813
    vertex 14.94233608 1.27279222 32.72720718
    vertex 14.94401741 1.25 32.7097168
  endloop
endfacet
facet normal 0.9924796896 0.1224094186 -4.988699463e-09
  outer loop
    vertex 14.89466572 1.738666534 12.46587467
    vertex 14.91684437 1.558845758 33.09999847
    vertex 14.92777061 1.470257163 32.98454666
  endloop
endfacet
facet normal 0.9924799054 0.1224076687 -4.746451973e-08
  outer loop
    vertex 14.83764744 2.20095706 0
    vertex 14.88710117 1.799999952 34
    vertex 14.89466572 1.738666534 33.53412628
  endloop
endfacet
facet normal 0.9924794164 0.1224116333 -0
  outer loop
    vertex 14.83764744 2.20095706 0
    vertex 14.83764744 2.20095706 42
    vertex 14.88710117 1.799999952 34
  endloop
endfacet
facet normal 0.9972906128 0.07356244672 0
  outer loop
    vertex 14.94233608 1.27279222 13.27279186
    vertex 14.92777061 1.470257163 32.98454666
    vertex 14.94233608 1.27279222 32.72720718
  endloop
endfacet
facet normal 0.9852777841 0.1709610723 -0
  outer loop
    vertex 14.71177959 2.926354885 0
    vertex 14.71177959 2.926354885 42
    vertex 14.83764744 2.20095706 42
  endloop
endfacet
facet normal 0.9757019095 0.2191022223 -0
  outer loop
    vertex 14.55046844 3.644702673 0
    vertex 14.55046844 3.644702673 42
    vertex 14.71177959 2.926354885 42
  endloop
endfacet
facet normal 0.8700873237 0.4928976052 -0
  outer loop
    vertex 12.8659296 7.711541176 0
    vertex 12.8659296 7.711541176 42
    vertex 13.22881889 7.070950985 42
  endloop
endfacet
facet normal 0.9329928788 0.3598948291 -0
  outer loop
    vertex 13.8581934 5.740251541 0
    vertex 13.8581934 5.740251541 42
    vertex 14.12316132 5.053347588 42
  endloop
endfacet
facet normal 0.9637761603 0.2667124158 -0
  outer loop
    vertex 14.354105 4.354269981 0
    vertex 14.354105 4.354269981 42
    vertex 14.55046844 3.644702673 42
  endloop
endfacet
facet normal 0.9495283289 0.3136812915 -0
  outer loop
    vertex 14.12316132 5.053347588 0
    vertex 14.12316132 5.053347588 42
    vertex 14.354105 4.354269981 42
  endloop
endfacet
facet normal 0.9142094317 0.405242045 -0
  outer loop
    vertex 13.55983925 6.413326263 0
    vertex 13.55983925 6.413326263 42
    vertex 13.8581934 5.740251541 42
  endloop
endfacet
facet normal 0.8932243623 0.4496112084 -0
  outer loop
    vertex 13.22881889 7.070950985 0
    vertex 13.22881889 7.070950985 42
    vertex 13.55983925 6.413326263 42
  endloop
endfacet
facet normal 0 -1 0
  outer loop
    vertex 3.798405647 1.25 42
    vertex 14 1.25 32.7097168
    vertex 14 1.25 35.2902832
  endloop
endfacet
facet normal 0 -0 1
  outer loop
    vertex 3.798405647 1.25 42
    vertex 14.94401741 1.25 42
    vertex 3.766176224 1.347559452 42
  endloop
endfacet
facet normal 0 -1 0
  outer loop
    vertex 3.798405647 1.25 42
    vertex 14 1.25 35.2902832
    vertex 14.94401741 1.25 42
  endloop
endfacet
facet normal -0 -0 1
  outer loop
    vertex 3.766176224 1.347559452 42
    vertex 14.94401741 1.25 42
    vertex 14.12316132 5.053347588 42
  endloop
endfacet
facet normal 0 -0 1
  outer loop
    vertex 3.325878382 2.222280979 42
    vertex 12.47204399 8.333553314 42
    vertex 12.04811287 8.935489655 42
  endloop
endfacet
facet normal 0 -0 1
  outer loop
    vertex 3.092041731 2.537573099 42
    vertex 11.59515667 9.515899658 42
    vertex 11.11426735 10.07338428 42
  endloop
endfacet
facet normal 0 -0 1
  outer loop
    vertex 3.212830067 2.382797241 42
    vertex 12.04811287 8.935489655 42
    vertex 11.59515667 9.515899658 42
  endloop
endfacet
facet normal 0 -0 1
  outer loop
    vertex 3.527685165 1.885586977 42
    vertex 13.55983925 6.413326263 42
    vertex 13.22881889 7.070950985 42
  endloop
endfacet
facet normal 0 -0 1
  outer loop
    vertex 3.527685165 1.885586977 42
    vertex 13.22881889 7.070950985 42
    vertex 12.8659296 7.711541176 42
  endloop
endfacet
facet normal 0 -0 1
  outer loop
    vertex 3.766176224 1.347559452 42
    vertex 14.12316132 5.053347588 42
    vertex 13.8581934 5.740251541 42
  endloop
endfacet
facet normal 0 -0 1
  outer loop
    vertex 3.61595726 1.710220337 42
    vertex 13.8581934 5.740251541 42
    vertex 13.55983925 6.413326263 42
  endloop
endfacet
facet normal 0 -0 1
  outer loop
    vertex 3.430914402 2.056411028 42
    vertex 12.8659296 7.711541176 42
    vertex 12.47204399 8.333553314 42
  endloop
endfacet
facet normal 0 -1 -0
  outer loop
    vertex 14.94401741 1.25 42
    vertex 14 1.25 35.2902832
    vertex 14.94401741 1.25 35.2902832
  endloop
endfacet
facet normal 0.997290232 0.07356760939 -1.523654223e-07
  outer loop
    vertex 14.92777061 1.470257163 42
    vertex 14.94401741 1.25 35.2902832
    vertex 14.94233608 1.27279222 35.27279282
  endloop
endfacet
facet normal 0.9972906128 0.07356244672 0
  outer loop
    vertex 14.92777061 1.470257163 42
    vertex 14.94233608 1.27279222 35.27279282
    vertex 14.92777061 1.470257163 35.01545334
  endloop
endfacet
facet normal 0.9924796904 0.1224094122 0
  outer loop
    vertex 14.92777061 1.470257163 42
    vertex 14.92777061 1.470257163 35.01545334
    vertex 14.91684437 1.558845758 34.90000153
  endloop
endfacet
facet normal 0.9924796179 0.1224100001 7.448022468e-09
  outer loop
    vertex 14.92777061 1.470257163 42
    vertex 14.91684437 1.558845758 34.90000153
    vertex 14.89466572 1.738666534 34.46587372
  endloop
endfacet
facet normal 0.9972905725 0.07356299298 0
  outer loop
    vertex 14.94401741 1.25 42
    vertex 14.94401741 1.25 35.2902832
    vertex 14.92777061 1.470257163 42
  endloop
endfacet
facet normal 0.9924795445 0.1224105951 2.896772903e-08
  outer loop
    vertex 14.92777061 1.470257163 42
    vertex 14.89466572 1.738666534 34.46587372
    vertex 14.83764744 2.20095706 42
  endloop
endfacet
facet normal 0 0 1
  outer loop
    vertex 14.94401741 1.25 42
    vertex 14.92777061 1.470257163 42
    vertex 14.83764744 2.20095706 42
  endloop
endfacet
facet normal 0.9924798023 0.1224085046 1.59190491e-07
  outer loop
    vertex 14.83764744 2.20095706 42
    vertex 14.89466572 1.738666534 34.46587372
    vertex 14.88710117 1.799999952 34
  endloop
endfacet
facet normal 0 0 1
  outer loop
    vertex 14.94401741 1.25 42
    vertex 14.83764744 2.20095706 42
    vertex 14.71177959 2.926354885 42
  endloop
endfacet
facet normal 0 0 1
  outer loop
    vertex 14.94401741 1.25 42
    vertex 14.71177959 2.926354885 42
    vertex 14.55046844 3.644702673 42
  endloop
endfacet
facet normal 0 0 1
  outer loop
    vertex 14.94401741 1.25 42
    vertex 14.354105 4.354269981 42
    vertex 14.12316132 5.053347588 42
  endloop
endfacet
facet normal 0 0 1
  outer loop
    vertex 14.94401741 1.25 42
    vertex 14.55046844 3.644702673 42
    vertex 14.354105 4.354269981 42
  endloop
endfacet
facet normal 0.689540857 0.7242467857 -0
  outer loop
    vertex 10.07338428 11.11426735 0
    vertex 10.07338428 11.11426735 42
    vertex 10.60660172 10.60660172 42
  endloop
endfacet
facet normal 0.7242467857 0.689540857 -0
  outer loop
    vertex 10.60660172 10.60660172 0
    vertex 10.60660172 10.60660172 42
    vertex 11.11426735 10.07338428 42
  endloop
endfacet
facet normal 0.5349983663 0.8448530926 -0
  outer loop
    vertex 7.711541176 12.8659296 0
    vertex 7.711541176 12.8659296 42
    vertex 8.333553314 12.47204399 42
  endloop
endfacet
facet normal 0.6152314108 0.7883465679 -0
  outer loop
    vertex 8.935489655 12.04811287 0
    vertex 8.935489655 12.04811287 42
    vertex 9.515899658 11.59515667 42
  endloop
endfacet
facet normal 0.5758079377 0.8175849918 -0
  outer loop
    vertex 8.333553314 12.47204399 0
    vertex 8.333553314 12.47204399 42
    vertex 8.935489655 12.04811287 42
  endloop
endfacet
facet normal 0.6531726671 0.7572089982 -0
  outer loop
    vertex 9.515899658 11.59515667 0
    vertex 9.515899658 11.59515667 42
    vertex 10.07338428 11.11426735 42
  endloop
endfacet
facet normal 0.7883465679 0.6152314108 -0
  outer loop
    vertex 11.59515667 9.515899658 0
    vertex 11.59515667 9.515899658 42
    vertex 12.04811287 8.935489655 42
  endloop
endfacet
facet normal 0.8448530926 0.5349983663 -0
  outer loop
    vertex 12.47204399 8.333553314 0
    vertex 12.47204399 8.333553314 42
    vertex 12.8659296 7.711541176 42
  endloop
endfacet
facet normal 0.8175849918 0.5758079377 -0
  outer loop
    vertex 12.04811287 8.935489655 0
    vertex 12.04811287 8.935489655 42
    vertex 12.47204399 8.333553314 42
  endloop
endfacet
facet normal 0.7572089982 0.6531726671 -0
  outer loop
    vertex 11.11426735 10.07338428 0
    vertex 11.11426735 10.07338428 42
    vertex 11.59515667 9.515899658 42
  endloop
endfacet
facet normal 0 -0 1
  outer loop
    vertex 2.686235905 2.963804483 42
    vertex 10.60660172 10.60660172 42
    vertex 10.07338428 11.11426735 42
  endloop
endfacet
facet normal 0 -0 1
  outer loop
    vertex 2.963804483 2.686235905 42
    vertex 11.11426735 10.07338428 42
    vertex 10.60660172 10.60660172 42
  endloop
endfacet
facet normal 1 -0 -0
  outer loop
    vertex 14 -1.558845758 33.09999847
    vertex 14 -1.25 32.7097168
    vertex 14 -1.738666534 33.53412628
  endloop
endfacet
facet normal 1 -0 -0
  outer loop
    vertex 14 -1.738666534 33.53412628
    vertex 14 -1.25 32.7097168
    vertex 14 -1.799999952 34
  endloop
endfacet
facet normal 1 -0 -0
  outer loop
    vertex 14 -1.799999952 34
    vertex 14 -1.25 32.7097168
    vertex 14 -1.738666534 34.46587372
  endloop
endfacet
facet normal 1 -0 -0
  outer loop
    vertex 14 -1.738666534 34.46587372
    vertex 14 -1.25 32.7097168
    vertex 14 -1.558845758 34.90000153
  endloop
endfacet
facet normal 1 0 0
  outer loop
    vertex 14 -1.558845758 33.09999847
    vertex 14 -1.27279222 32.72720718
    vertex 14 -1.25 32.7097168
  endloop
endfacet
facet normal -0 0.6087899385 0.7933314633
  outer loop
    vertex 14 -1.27279222 32.72720718
    vertex 14.94233608 -1.27279222 32.72720718
    vertex 14 -1.25 32.7097168
  endloop
endfacet
facet normal 0 0.6087899385 0.7933314633
  outer loop
    vertex 14 -1.25 32.7097168
    vertex 14.94233608 -1.27279222 32.72720718
    vertex 14.94401741 -1.25 32.7097168
  endloop
endfacet
facet normal -0 0.9238801719 0.3826818888
  outer loop
    vertex 14 -1.558845758 33.09999847
    vertex 14 -1.738666534 33.53412628
    vertex 14.89466572 -1.738666534 33.53412628
  endloop
endfacet
facet normal 7.862336374e-07 0.7933525998 0.608762394
  outer loop
    vertex 14 -1.558845758 33.09999847
    vertex 14.92777061 -1.470257163 32.98454666
    vertex 14 -1.27279222 32.72720718
  endloop
endfacet
facet normal -0 0.9914448671 0.130526149
  outer loop
    vertex 14 -1.738666534 33.53412628
    vertex 14 -1.799999952 34
    vertex 14.88710117 -1.799999952 34
  endloop
endfacet
facet normal -0 0.7933556513 0.6087584172
  outer loop
    vertex 14 -1.558845758 33.09999847
    vertex 14.91684437 -1.558845758 33.09999847
    vertex 14.92777061 -1.470257163 32.98454666
  endloop
endfacet
facet normal 0 0.9238801719 0.3826818888
  outer loop
    vertex 14 -1.558845758 33.09999847
    vertex 14.89466572 -1.738666534 33.53412628
    vertex 14.91684437 -1.558845758 33.09999847
  endloop
endfacet
facet normal 0 0.9914448671 0.130526149
  outer loop
    vertex 14 -1.738666534 33.53412628
    vertex 14.88710117 -1.799999952 34
    vertex 14.89466572 -1.738666534 33.53412628
  endloop
endfacet
facet normal 0 0.7933512309 0.6087641781
  outer loop
    vertex 14 -1.27279222 32.72720718
    vertex 14.92777061 -1.470257163 32.98454666
    vertex 14.94233608 -1.27279222 32.72720718
  endloop
endfacet
facet normal 1 -0 -0
  outer loop
    vertex 14 -1.558845758 34.90000153
    vertex 14 -1.25 32.7097168
    vertex 14 -1.27279222 35.27279282
  endloop
endfacet
facet normal 1 -0 0
  outer loop
    vertex 14 -1.27279222 35.27279282
    vertex 14 -1.25 32.7097168
    vertex 14 -1.25 35.2902832
  endloop
endfacet
facet normal 0 0.9914448671 -0.130526149
  outer loop
    vertex 14 -1.799999952 34
    vertex 14 -1.738666534 34.46587372
    vertex 14.89466572 -1.738666534 34.46587372
  endloop
endfacet
facet normal 0 0.9238801719 -0.3826818888
  outer loop
    vertex 14 -1.738666534 34.46587372
    vertex 14 -1.558845758 34.90000153
    vertex 14.91684437 -1.558845758 34.90000153
  endloop
endfacet
facet normal 0 0.7933525998 -0.608762394
  outer loop
    vertex 14 -1.558845758 34.90000153
    vertex 14 -1.27279222 35.27279282
    vertex 14.94233608 -1.27279222 35.27279282
  endloop
endfacet
facet normal 0 0.6087899385 -0.7933314633
  outer loop
    vertex 14 -1.27279222 35.27279282
    vertex 14 -1.25 35.2902832
    vertex 14.94233608 -1.27279222 35.27279282
  endloop
endfacet
facet normal 0 0.9914448671 -0.130526149
  outer loop
    vertex 14 -1.799999952 34
    vertex 14.89466572 -1.738666534 34.46587372
    vertex 14.88710117 -1.799999952 34
  endloop
endfacet
facet normal 0 0.9238801719 -0.3826818888
  outer loop
    vertex 14 -1.738666534 34.46587372
    vertex 14.91684437 -1.558845758 34.90000153
    vertex 14.89466572 -1.738666534 34.46587372
  endloop
endfacet
facet normal 0 0.7933556513 -0.6087584172
  outer loop
    vertex 14 -1.558845758 34.90000153
    vertex 14.92777061 -1.470257163 35.01545334
    vertex 14.91684437 -1.558845758 34.90000153
  endloop
endfacet
facet normal 1.14704353e-06 0.7933511995 -0.6087642189
  outer loop
    vertex 14 -1.558845758 34.90000153
    vertex 14.94233608 -1.27279222 35.27279282
    vertex 14.92777061 -1.470257163 35.01545334
  endloop
endfacet
facet normal 0 0.6087899385 -0.7933314633
  outer loop
    vertex 14.94401741 -1.25 35.2902832
    vertex 14.94233608 -1.27279222 35.27279282
    vertex 14 -1.25 35.2902832
  endloop
endfacet
facet normal 1 0 0
  outer loop
    vertex 14 1.27279222 32.72720718
    vertex 14 1.25 35.2902832
    vertex 14 1.25 32.7097168
  endloop
endfacet
facet normal 1 0 -0
  outer loop
    vertex 14 1.27279222 32.72720718
    vertex 14 1.558845758 33.09999847
    vertex 14 1.25 35.2902832
  endloop
endfacet
facet normal 1 0 -0
  outer loop
    vertex 14 1.558845758 33.09999847
    vertex 14 1.738666534 33.53412628
    vertex 14 1.25 35.2902832
  endloop
endfacet
facet normal 0 -0.6087899385 0.7933314633
  outer loop
    vertex 14 1.27279222 32.72720718
    vertex 14 1.25 32.7097168
    vertex 14.94233608 1.27279222 32.72720718
  endloop
endfacet
facet normal 0 -0.6087899385 0.7933314633
  outer loop
    vertex 14.94401741 1.25 32.7097168
    vertex 14.94233608 1.27279222 32.72720718
    vertex 14 1.25 32.7097168
  endloop
endfacet
facet normal 7.862336374e-07 -0.7933525998 0.608762394
  outer loop
    vertex 14 1.27279222 32.72720718
    vertex 14.92777061 1.470257163 32.98454666
    vertex 14 1.558845758 33.09999847
  endloop
endfacet
facet normal 0 -0.9238801719 0.3826818888
  outer loop
    vertex 14 1.558845758 33.09999847
    vertex 14.91684437 1.558845758 33.09999847
    vertex 14 1.738666534 33.53412628
  endloop
endfacet
facet normal 0 -0.9914448671 0.130526149
  outer loop
    vertex 14 1.738666534 33.53412628
    vertex 14.89466572 1.738666534 33.53412628
    vertex 14 1.799999952 34
  endloop
endfacet
facet normal 0 -0.7933512309 0.6087641781
  outer loop
    vertex 14 1.27279222 32.72720718
    vertex 14.94233608 1.27279222 32.72720718
    vertex 14.92777061 1.470257163 32.98454666
  endloop
endfacet
facet normal 0 -0.7933556513 0.6087584172
  outer loop
    vertex 14 1.558845758 33.09999847
    vertex 14.92777061 1.470257163 32.98454666
    vertex 14.91684437 1.558845758 33.09999847
  endloop
endfacet
facet normal 0 -0.9238801719 0.3826818888
  outer loop
    vertex 14 1.738666534 33.53412628
    vertex 14.91684437 1.558845758 33.09999847
    vertex 14.89466572 1.738666534 33.53412628
  endloop
endfacet
facet normal 0 -0.9914448671 0.130526149
  outer loop
    vertex 14 1.799999952 34
    vertex 14.89466572 1.738666534 33.53412628
    vertex 14.88710117 1.799999952 34
  endloop
endfacet
facet normal 1 0 0
  outer loop
    vertex 14 1.27279222 35.27279282
    vertex 14 1.25 35.2902832
    vertex 14 1.558845758 34.90000153
  endloop
endfacet
facet normal 1 0 -0
  outer loop
    vertex 14 1.738666534 33.53412628
    vertex 14 1.799999952 34
    vertex 14 1.25 35.2902832
  endloop
endfacet
facet normal 1 0 0
  outer loop
    vertex 14 1.799999952 34
    vertex 14 1.738666534 34.46587372
    vertex 14 1.25 35.2902832
  endloop
endfacet
facet normal 1 0 0
  outer loop
    vertex 14 1.738666534 34.46587372
    vertex 14 1.558845758 34.90000153
    vertex 14 1.25 35.2902832
  endloop
endfacet
facet normal -0 -0.6087899385 -0.7933314633
  outer loop
    vertex 14 1.27279222 35.27279282
    vertex 14.94401741 1.25 35.2902832
    vertex 14 1.25 35.2902832
  endloop
endfacet
facet normal 0 -0.9914448671 -0.130526149
  outer loop
    vertex 14 1.799999952 34
    vertex 14.88710117 1.799999952 34
    vertex 14 1.738666534 34.46587372
  endloop
endfacet
facet normal 0 -0.9238801719 -0.3826818888
  outer loop
    vertex 14 1.738666534 34.46587372
    vertex 14.89466572 1.738666534 34.46587372
    vertex 14 1.558845758 34.90000153
  endloop
endfacet
facet normal 7.862336374e-07 -0.7933525998 -0.608762394
  outer loop
    vertex 14 1.27279222 35.27279282
    vertex 14 1.558845758 34.90000153
    vertex 14.92777061 1.470257163 35.01545334
  endloop
endfacet
facet normal 0 -0.6087899385 -0.7933314633
  outer loop
    vertex 14 1.27279222 35.27279282
    vertex 14.94233608 1.27279222 35.27279282
    vertex 14.94401741 1.25 35.2902832
  endloop
endfacet
facet normal 0 -0.7933512309 -0.6087641781
  outer loop
    vertex 14 1.27279222 35.27279282
    vertex 14.92777061 1.470257163 35.01545334
    vertex 14.94233608 1.27279222 35.27279282
  endloop
endfacet
facet normal 0 -0.9238801719 -0.3826818888
  outer loop
    vertex 14 1.558845758 34.90000153
    vertex 14.89466572 1.738666534 34.46587372
    vertex 14.91684437 1.558845758 34.90000153
  endloop
endfacet
facet normal 0 -0.9914448671 -0.130526149
  outer loop
    vertex 14 1.738666534 34.46587372
    vertex 14.88710117 1.799999952 34
    vertex 14.89466572 1.738666534 34.46587372
  endloop
endfacet
facet normal 0 -0.7933556513 -0.6087584172
  outer loop
    vertex 14 1.558845758 34.90000153
    vertex 14.91684437 1.558845758 34.90000153
    vertex 14.92777061 1.470257163 35.01545334
  endloop
endfacet
endsolid seavolt
