solid gearbox_housing_clean
facet normal 0.000000 0.000000 -1.000000
  outer loop
    vertex -18.384777 -18.384777 0.000000
    vertex -19.264729 -17.460533 0.000000
    vertex -3.535534 -3.535534 0.000000
  endloop
endfacet
facet normal 0.000000 -0.000000 -1.000000
  outer loop
    vertex -18.384777 -18.384777 0.000000
    vertex -3.535534 -3.535534 0.000000
    vertex -17.460533 -19.264729 0.000000
  endloop
endfacet
facet normal -0.757209 -0.653173 0.000000
  outer loop
    vertex -20.098272 -16.494225 0.000000
    vertex -19.264729 -17.460533 0.000000
    vertex -20.098272 -16.494225 21.000000
  endloop
endfacet
facet normal -0.817585 -0.575808 0.000000
  outer loop
    vertex -21.618210 -14.444826 0.000000
    vertex -20.883396 -15.488182 0.000000
    vertex -21.618210 -14.444826 21.000000
  endloop
endfacet
facet normal -0.844854 -0.534997 0.000000
  outer loop
    vertex -22.300943 -13.366672 0.000000
    vertex -21.618210 -14.444826 0.000000
    vertex -22.300943 -13.366672 21.000000
  endloop
endfacet
facet normal -0.788346 -0.615232 -0.000000
  outer loop
    vertex -20.098272 -16.494225 0.000000
    vertex -20.883396 -15.488182 21.000000
    vertex -20.883396 -15.488182 0.000000
  endloop
endfacet
facet normal -0.653173 -0.757209 -0.000000
  outer loop
    vertex -16.494225 -20.098272 0.000000
    vertex -17.460533 -19.264729 21.000000
    vertex -17.460533 -19.264729 0.000000
  endloop
endfacet
facet normal -0.575808 -0.817585 0.000000
  outer loop
    vertex -15.488182 -20.883396 0.000000
    vertex -14.444826 -21.618210 0.000000
    vertex -15.488182 -20.883396 21.000000
  endloop
endfacet
facet normal -0.615232 -0.788346 0.000000
  outer loop
    vertex -16.494225 -20.098272 0.000000
    vertex -15.488182 -20.883396 0.000000
    vertex -16.494225 -20.098272 21.000000
  endloop
endfacet
facet normal -0.534997 -0.844854 0.000000
  outer loop
    vertex -14.444826 -21.618210 0.000000
    vertex -13.366672 -22.300943 0.000000
    vertex -14.444826 -21.618210 21.000000
  endloop
endfacet
facet normal -0.689540 -0.724248 0.000000
  outer loop
    vertex -18.384777 -18.384777 0.000000
    vertex -17.460533 -19.264729 0.000000
    vertex -18.384777 -18.384777 21.000000
  endloop
endfacet
facet normal -0.724248 -0.689540 -0.000000
  outer loop
    vertex -18.384777 -18.384777 0.000000
    vertex -19.264729 -17.460533 21.000000
    vertex -19.264729 -17.460533 0.000000
  endloop
endfacet
facet normal 0.757209 0.653172 -0.000000
  outer loop
    vertex -15.943340 -13.084361 3.000000
    vertex -15.943340 -13.084361 19.000000
    vertex -15.282117 -13.850904 3.000000
  endloop
endfacet
facet normal 0.724248 0.689540 -0.000000
  outer loop
    vertex -15.282117 -13.850904 3.000000
    vertex -15.282117 -13.850904 19.000000
    vertex -14.584078 -14.584078 3.000000
  endloop
endfacet
facet normal 0.689540 0.724248 -0.000000
  outer loop
    vertex -13.850904 -15.282117 3.000000
    vertex -14.584078 -14.584078 3.000000
    vertex -14.584078 -14.584078 19.000000
  endloop
endfacet
facet normal 0.653172 0.757209 -0.000000
  outer loop
    vertex -13.850904 -15.282117 3.000000
    vertex -13.850904 -15.282117 19.000000
    vertex -13.084361 -15.943340 3.000000
  endloop
endfacet
facet normal 0.000000 0.000000 -1.000000
  outer loop
    vertex -22.300943 -13.366672 0.000000
    vertex -22.929953 -12.256315 0.000000
    vertex -4.288643 -2.570514 0.000000
  endloop
endfacet
facet normal 0.000000 0.000000 -1.000000
  outer loop
    vertex -22.929953 -12.256315 0.000000
    vertex -23.503721 -11.116432 0.000000
    vertex -4.409606 -2.356984 0.000000
  endloop
endfacet
facet normal 0.000000 -0.000000 -1.000000
  outer loop
    vertex -24.020868 -9.949769 0.000000
    vertex -4.519947 -2.137775 0.000000
    vertex -23.503721 -11.116432 0.000000
  endloop
endfacet
facet normal 0.000000 0.000000 -1.000000
  outer loop
    vertex -24.020868 -9.949769 0.000000
    vertex -24.480146 -8.759136 0.000000
    vertex -4.619398 -1.913417 0.000000
  endloop
endfacet
facet normal 0.000000 0.000000 -1.000000
  outer loop
    vertex -20.098272 -16.494225 0.000000
    vertex -20.883396 -15.488182 0.000000
    vertex -3.865052 -3.171966 0.000000
  endloop
endfacet
facet normal 0.000000 -0.000000 -1.000000
  outer loop
    vertex -21.618210 -14.444826 0.000000
    vertex -4.016037 -2.978497 0.000000
    vertex -20.883396 -15.488182 0.000000
  endloop
endfacet
facet normal 0.000000 -0.000000 -1.000000
  outer loop
    vertex -22.300943 -13.366672 0.000000
    vertex -4.157348 -2.777851 0.000000
    vertex -21.618210 -14.444826 0.000000
  endloop
endfacet
facet normal 0.000000 -0.000000 -1.000000
  outer loop
    vertex -20.098272 -16.494225 0.000000
    vertex -3.704756 -3.357795 0.000000
    vertex -19.264729 -17.460533 0.000000
  endloop
endfacet
facet normal 0.000000 -0.000000 1.000000
  outer loop
    vertex -17.690653 -10.603369 3.000000
    vertex -4.288643 -2.570514 3.000000
    vertex -18.189627 -9.722558 3.000000
  endloop
endfacet
facet normal 0.000000 -0.000000 1.000000
  outer loop
    vertex -18.189627 -9.722558 3.000000
    vertex -4.409606 -2.356984 3.000000
    vertex -18.644779 -8.818324 3.000000
  endloop
endfacet
facet normal 0.000000 0.000000 -1.000000
  outer loop
    vertex -24.480146 -8.759136 0.000000
    vertex -24.880449 -7.547401 0.000000
    vertex -4.784702 -1.451423 0.000000
  endloop
endfacet
facet normal 0.000000 0.000000 -1.000000
  outer loop
    vertex -24.880449 -7.547401 0.000000
    vertex -25.220812 -6.317485 0.000000
    vertex -4.784702 -1.451423 0.000000
  endloop
endfacet
facet normal 0.000000 0.000000 -1.000000
  outer loop
    vertex -25.500418 -5.072349 0.000000
    vertex -25.718590 -3.814992 0.000000
    vertex -4.903926 -0.975452 0.000000
  endloop
endfacet
facet normal 0.000000 0.000000 -1.000000
  outer loop
    vertex -25.220812 -6.317485 0.000000
    vertex -25.500418 -5.072349 0.000000
    vertex -4.850156 -1.214901 0.000000
  endloop
endfacet
facet normal 0.000000 0.000000 -1.000000
  outer loop
    vertex -25.718590 -3.814992 0.000000
    vertex -25.874804 -2.548446 0.000000
    vertex -4.975924 -0.490086 0.000000
  endloop
endfacet
facet normal 0.000000 0.000000 -1.000000
  outer loop
    vertex -25.874804 -2.548446 0.000000
    vertex -25.968681 -1.275760 0.000000
    vertex -4.975924 -0.490086 0.000000
  endloop
endfacet
facet normal 0.000000 0.000000 -1.000000
  outer loop
    vertex -25.968681 -1.275760 0.000000
    vertex -26.000000 0.000000 0.000000
    vertex -5.000000 0.000000 0.000000
  endloop
endfacet
facet normal 0.000000 -0.000000 1.000000
  outer loop
    vertex -19.736895 -5.987122 3.000000
    vertex -4.784702 -1.451423 3.000000
    vertex -20.006895 -5.011466 3.000000
  endloop
endfacet
facet normal 0.000000 -0.000000 1.000000
  outer loop
    vertex -20.006895 -5.011466 3.000000
    vertex -4.850156 -1.214901 3.000000
    vertex -20.228697 -4.023738 3.000000
  endloop
endfacet
facet normal 0.000000 -0.000000 1.000000
  outer loop
    vertex -18.644779 -8.818324 3.000000
    vertex -4.519947 -2.137775 3.000000
    vertex -19.055016 -7.892846 3.000000
  endloop
endfacet
facet normal 0.000000 -0.000000 1.000000
  outer loop
    vertex -19.055016 -7.892846 3.000000
    vertex -4.619398 -1.913417 3.000000
    vertex -19.419346 -6.948353 3.000000
  endloop
endfacet
facet normal -0.000000 0.000000 1.000000
  outer loop
    vertex -19.736895 -5.987122 3.000000
    vertex -19.419346 -6.948353 3.000000
    vertex -4.707720 -1.684449 3.000000
  endloop
endfacet
facet normal 0.000000 -0.000000 1.000000
  outer loop
    vertex -20.228697 -4.023738 3.000000
    vertex -4.903926 -0.975452 3.000000
    vertex -20.401766 -3.026316 3.000000
  endloop
endfacet
facet normal 0.000000 -0.000000 1.000000
  outer loop
    vertex -20.401766 -3.026316 3.000000
    vertex -4.945882 -0.733652 3.000000
    vertex -20.525684 -2.021604 3.000000
  endloop
endfacet
facet normal 0.000000 -0.000000 1.000000
  outer loop
    vertex -20.525684 -2.021604 3.000000
    vertex -4.975924 -0.490086 3.000000
    vertex -20.600157 -1.012021 3.000000
  endloop
endfacet
facet normal 0.000000 -0.000000 1.000000
  outer loop
    vertex -20.600157 -1.012021 3.000000
    vertex -5.000000 0.000000 3.000000
    vertex -20.625000 0.000000 3.000000
  endloop
endfacet
facet normal -0.893224 -0.449611 -0.000000
  outer loop
    vertex -22.929953 -12.256315 0.000000
    vertex -23.503721 -11.116432 21.000000
    vertex -23.503721 -11.116432 0.000000
  endloop
endfacet
facet normal -0.914210 -0.405242 0.000000
  outer loop
    vertex -24.020868 -9.949769 0.000000
    vertex -23.503721 -11.116432 0.000000
    vertex -24.020868 -9.949769 21.000000
  endloop
endfacet
facet normal -0.949528 -0.313682 -0.000000
  outer loop
    vertex -24.480146 -8.759136 0.000000
    vertex -24.880449 -7.547401 21.000000
    vertex -24.880449 -7.547401 0.000000
  endloop
endfacet
facet normal -0.963776 -0.266712 -0.000000
  outer loop
    vertex -24.880449 -7.547401 0.000000
    vertex -25.220812 -6.317485 21.000000
    vertex -25.220812 -6.317485 0.000000
  endloop
endfacet
facet normal -0.932993 -0.359895 -0.000000
  outer loop
    vertex -24.020868 -9.949769 0.000000
    vertex -24.480146 -8.759136 21.000000
    vertex -24.480146 -8.759136 0.000000
  endloop
endfacet
facet normal -0.870087 -0.492898 -0.000000
  outer loop
    vertex -22.300943 -13.366672 0.000000
    vertex -22.929953 -12.256315 21.000000
    vertex -22.929953 -12.256315 0.000000
  endloop
endfacet
facet normal -0.975702 -0.219102 -0.000000
  outer loop
    vertex -25.220812 -6.317485 0.000000
    vertex -25.500418 -5.072349 21.000000
    vertex -25.500418 -5.072349 0.000000
  endloop
endfacet
facet normal -0.985278 -0.170962 -0.000000
  outer loop
    vertex -25.500418 -5.072349 0.000000
    vertex -25.718590 -3.814992 21.000000
    vertex -25.718590 -3.814992 0.000000
  endloop
endfacet
facet normal -0.992480 -0.122411 -0.000000
  outer loop
    vertex -25.718590 -3.814992 0.000000
    vertex -25.874804 -2.548446 21.000000
    vertex -25.874804 -2.548446 0.000000
  endloop
endfacet
facet normal -0.997291 -0.073564 -0.000000
  outer loop
    vertex -25.874804 -2.548446 0.000000
    vertex -25.968681 -1.275760 21.000000
    vertex -25.968681 -1.275760 0.000000
  endloop
endfacet
facet normal -0.999699 -0.024542 -0.000000
  outer loop
    vertex -25.968681 -1.275760 0.000000
    vertex -26.000000 0.000000 21.000000
    vertex -26.000000 0.000000 0.000000
  endloop
endfacet
facet normal 0.949528 0.313682 -0.000000
  outer loop
    vertex -19.736895 -5.987122 3.000000
    vertex -19.736895 -5.987122 19.000000
    vertex -19.419346 -6.948353 3.000000
  endloop
endfacet
facet normal 0.963776 0.266713 -0.000000
  outer loop
    vertex -19.736895 -5.987122 3.000000
    vertex -20.006895 -5.011466 3.000000
    vertex -20.006895 -5.011466 19.000000
  endloop
endfacet
facet normal 0.985278 0.170962 -0.000000
  outer loop
    vertex -20.228697 -4.023738 3.000000
    vertex -20.401766 -3.026316 3.000000
    vertex -20.401766 -3.026316 19.000000
  endloop
endfacet
facet normal 0.975702 0.219101 -0.000000
  outer loop
    vertex -20.006895 -5.011466 3.000000
    vertex -20.228697 -4.023738 3.000000
    vertex -20.228697 -4.023738 19.000000
  endloop
endfacet
facet normal 0.992480 0.122410 -0.000000
  outer loop
    vertex -20.401766 -3.026316 3.000000
    vertex -20.525684 -2.021604 3.000000
    vertex -20.525684 -2.021604 19.000000
  endloop
endfacet
facet normal 0.997290 0.073566 -0.000000
  outer loop
    vertex -20.525684 -2.021604 3.000000
    vertex -20.600157 -1.012021 3.000000
    vertex -20.600157 -1.012021 19.000000
  endloop
endfacet
facet normal 0.999699 0.024541 -0.000000
  outer loop
    vertex -20.600157 -1.012021 3.000000
    vertex -20.625000 0.000000 3.000000
    vertex -20.625000 0.000000 19.000000
  endloop
endfacet
facet normal 0.870087 0.492899 -0.000000
  outer loop
    vertex -17.690653 -10.603369 3.000000
    vertex -18.189627 -9.722558 3.000000
    vertex -18.189627 -9.722558 19.000000
  endloop
endfacet
facet normal 0.788347 0.615231 -0.000000
  outer loop
    vertex -15.943340 -13.084361 3.000000
    vertex -16.566154 -12.286298 3.000000
    vertex -16.566154 -12.286298 19.000000
  endloop
endfacet
facet normal 0.817584 0.575809 -0.000000
  outer loop
    vertex -17.149061 -11.458636 3.000000
    vertex -17.149061 -11.458636 19.000000
    vertex -16.566154 -12.286298 3.000000
  endloop
endfacet
facet normal 0.844854 0.534997 -0.000000
  outer loop
    vertex -17.149061 -11.458636 3.000000
    vertex -17.690653 -10.603369 3.000000
    vertex -17.690653 -10.603369 19.000000
  endloop
endfacet
facet normal 0.914210 0.405241 -0.000000
  outer loop
    vertex -18.644779 -8.818324 3.000000
    vertex -19.055016 -7.892846 3.000000
    vertex -19.055016 -7.892846 19.000000
  endloop
endfacet
facet normal 0.893225 0.449611 -0.000000
  outer loop
    vertex -18.189627 -9.722558 3.000000
    vertex -18.644779 -8.818324 3.000000
    vertex -18.644779 -8.818324 19.000000
  endloop
endfacet
facet normal 0.932993 0.359895 -0.000000
  outer loop
    vertex -19.055016 -7.892846 3.000000
    vertex -19.419346 -6.948353 3.000000
    vertex -19.419346 -6.948353 19.000000
  endloop
endfacet
facet normal 0.000000 -0.000000 -1.000000
  outer loop
    vertex -16.494225 -20.098272 0.000000
    vertex -2.978497 -4.016037 0.000000
    vertex -15.488182 -20.883396 0.000000
  endloop
endfacet
facet normal 0.000000 0.000000 -1.000000
  outer loop
    vertex -16.494225 -20.098272 0.000000
    vertex -17.460533 -19.264729 0.000000
    vertex -3.357795 -3.704756 0.000000
  endloop
endfacet
facet normal 0.000000 -0.000000 -1.000000
  outer loop
    vertex -15.488182 -20.883396 0.000000
    vertex -2.777851 -4.157348 0.000000
    vertex -14.444826 -21.618210 0.000000
  endloop
endfacet
facet normal 0.000000 -0.000000 -1.000000
  outer loop
    vertex -14.444826 -21.618210 0.000000
    vertex -2.777851 -4.157348 0.000000
    vertex -13.366672 -22.300943 0.000000
  endloop
endfacet
facet normal 0.000000 -0.000000 -1.000000
  outer loop
    vertex -13.366672 -22.300943 0.000000
    vertex -2.356984 -4.409606 0.000000
    vertex -12.256315 -22.929953 0.000000
  endloop
endfacet
facet normal 0.000000 -0.000000 -1.000000
  outer loop
    vertex -12.256315 -22.929953 0.000000
    vertex -2.356984 -4.409606 0.000000
    vertex -11.116432 -23.503721 0.000000
  endloop
endfacet
facet normal 0.000000 -0.000000 -1.000000
  outer loop
    vertex -11.116432 -23.503721 0.000000
    vertex -2.137775 -4.519947 0.000000
    vertex -9.949769 -24.020868 0.000000
  endloop
endfacet
facet normal 0.000000 -0.000000 -1.000000
  outer loop
    vertex -9.949769 -24.020868 0.000000
    vertex -1.684449 -4.707720 0.000000
    vertex -8.759136 -24.480146 0.000000
  endloop
endfacet
facet normal -0.000000 0.000000 1.000000
  outer loop
    vertex -10.603369 -17.690653 3.000000
    vertex -9.722558 -18.189627 3.000000
    vertex -2.356984 -4.409606 3.000000
  endloop
endfacet
facet normal -0.000000 0.000000 1.000000
  outer loop
    vertex -9.722558 -18.189627 3.000000
    vertex -8.818324 -18.644779 3.000000
    vertex -2.356984 -4.409606 3.000000
  endloop
endfacet
facet normal 0.000000 -0.000000 -1.000000
  outer loop
    vertex -8.759136 -24.480146 0.000000
    vertex -1.451423 -4.784702 0.000000
    vertex -7.547401 -24.880449 0.000000
  endloop
endfacet
facet normal 0.000000 -0.000000 -1.000000
  outer loop
    vertex -7.547401 -24.880449 0.000000
    vertex -1.214901 -4.850156 0.000000
    vertex -6.317485 -25.220812 0.000000
  endloop
endfacet
facet normal 0.000000 -0.000000 -1.000000
  outer loop
    vertex -6.317485 -25.220812 0.000000
    vertex -1.214901 -4.850156 0.000000
    vertex -5.072349 -25.500418 0.000000
  endloop
endfacet
facet normal 0.000000 -0.000000 -1.000000
  outer loop
    vertex -5.072349 -25.500418 0.000000
    vertex -0.975452 -4.903926 0.000000
    vertex -3.814992 -25.718590 0.000000
  endloop
endfacet
facet normal 0.000000 -0.000000 -1.000000
  outer loop
    vertex -3.814992 -25.718590 0.000000
    vertex -0.490086 -4.975924 0.000000
    vertex -2.548446 -25.874804 0.000000
  endloop
endfacet
facet normal 0.000000 -0.000000 -1.000000
  outer loop
    vertex -2.548446 -25.874804 0.000000
    vertex -0.245338 -4.993977 0.000000
    vertex -1.275760 -25.968681 0.000000
  endloop
endfacet
facet normal -0.000000 0.000000 1.000000
  outer loop
    vertex -8.818324 -18.644779 3.000000
    vertex -7.892846 -19.055016 3.000000
    vertex -2.137775 -4.519947 3.000000
  endloop
endfacet
facet normal -0.000000 0.000000 1.000000
  outer loop
    vertex -7.892846 -19.055016 3.000000
    vertex -6.948353 -19.419346 3.000000
    vertex -1.684449 -4.707720 3.000000
  endloop
endfacet
facet normal -0.000000 0.000000 1.000000
  outer loop
    vertex -6.948353 -19.419346 3.000000
    vertex -5.987122 -19.736895 3.000000
    vertex -1.451423 -4.784702 3.000000
  endloop
endfacet
facet normal -0.000000 0.000000 1.000000
  outer loop
    vertex -5.987122 -19.736895 3.000000
    vertex -5.011466 -20.006895 3.000000
    vertex -1.451423 -4.784702 3.000000
  endloop
endfacet
facet normal -0.000000 0.000000 1.000000
  outer loop
    vertex -5.011466 -20.006895 3.000000
    vertex -4.023738 -20.228697 3.000000
    vertex -0.975452 -4.903926 3.000000
  endloop
endfacet
facet normal -0.000000 0.000000 1.000000
  outer loop
    vertex -4.023738 -20.228697 3.000000
    vertex -3.026316 -20.401766 3.000000
    vertex -0.733652 -4.945882 3.000000
  endloop
endfacet
facet normal -0.000000 0.000000 1.000000
  outer loop
    vertex -3.026316 -20.401766 3.000000
    vertex -2.021604 -20.525684 3.000000
    vertex -0.490086 -4.975924 3.000000
  endloop
endfacet
facet normal -0.000000 0.000000 1.000000
  outer loop
    vertex -2.021604 -20.525684 3.000000
    vertex -1.012021 -20.600157 3.000000
    vertex -0.490086 -4.975924 3.000000
  endloop
endfacet
facet normal -0.000000 -0.000000 1.000000
  outer loop
    vertex -1.012021 -20.600157 3.000000
    vertex -0.000000 -20.625000 3.000000
    vertex -0.124356 -5.267949 3.000000
  endloop
endfacet
facet normal -0.449611 -0.893224 0.000000
  outer loop
    vertex -12.256315 -22.929953 0.000000
    vertex -11.116432 -23.503721 0.000000
    vertex -12.256315 -22.929953 21.000000
  endloop
endfacet
facet normal -0.405242 -0.914210 0.000000
  outer loop
    vertex -11.116432 -23.503721 0.000000
    vertex -9.949769 -24.020868 0.000000
    vertex -11.116432 -23.503721 21.000000
  endloop
endfacet
facet normal -0.492898 -0.870087 0.000000
  outer loop
    vertex -13.366672 -22.300943 0.000000
    vertex -12.256315 -22.929953 0.000000
    vertex -13.366672 -22.300943 21.000000
  endloop
endfacet
facet normal -0.313682 -0.949528 0.000000
  outer loop
    vertex -8.759136 -24.480146 0.000000
    vertex -7.547401 -24.880449 0.000000
    vertex -8.759136 -24.480146 21.000000
  endloop
endfacet
facet normal -0.359895 -0.932993 0.000000
  outer loop
    vertex -9.949769 -24.020868 0.000000
    vertex -8.759136 -24.480146 0.000000
    vertex -9.949769 -24.020868 21.000000
  endloop
endfacet
facet normal -0.266712 -0.963776 0.000000
  outer loop
    vertex -7.547401 -24.880449 0.000000
    vertex -6.317485 -25.220812 0.000000
    vertex -7.547401 -24.880449 21.000000
  endloop
endfacet
facet normal 0.313682 0.949528 -0.000000
  outer loop
    vertex -6.948353 -19.419346 3.000000
    vertex -6.948353 -19.419346 19.000000
    vertex -5.987122 -19.736895 3.000000
  endloop
endfacet
facet normal 0.575809 0.817584 -0.000000
  outer loop
    vertex -12.286298 -16.566154 3.000000
    vertex -12.286298 -16.566154 19.000000
    vertex -11.458636 -17.149061 3.000000
  endloop
endfacet
facet normal 0.534997 0.844854 -0.000000
  outer loop
    vertex -11.458636 -17.149061 3.000000
    vertex -11.458636 -17.149061 19.000000
    vertex -10.603369 -17.690653 3.000000
  endloop
endfacet
facet normal 0.492899 0.870087 -0.000000
  outer loop
    vertex -10.603369 -17.690653 3.000000
    vertex -10.603369 -17.690653 19.000000
    vertex -9.722558 -18.189627 3.000000
  endloop
endfacet
facet normal 0.615231 0.788347 -0.000000
  outer loop
    vertex -13.084361 -15.943340 3.000000
    vertex -13.084361 -15.943340 19.000000
    vertex -12.286298 -16.566154 3.000000
  endloop
endfacet
facet normal 0.449611 0.893225 -0.000000
  outer loop
    vertex -9.722558 -18.189627 3.000000
    vertex -9.722558 -18.189627 19.000000
    vertex -8.818324 -18.644779 3.000000
  endloop
endfacet
facet normal 0.405241 0.914210 -0.000000
  outer loop
    vertex -8.818324 -18.644779 3.000000
    vertex -8.818324 -18.644779 19.000000
    vertex -7.892846 -19.055016 3.000000
  endloop
endfacet
facet normal 0.359895 0.932993 -0.000000
  outer loop
    vertex -7.892846 -19.055016 3.000000
    vertex -7.892846 -19.055016 19.000000
    vertex -6.948353 -19.419346 3.000000
  endloop
endfacet
facet normal -0.219102 -0.975702 0.000000
  outer loop
    vertex -6.317485 -25.220812 0.000000
    vertex -5.072349 -25.500418 0.000000
    vertex -6.317485 -25.220812 21.000000
  endloop
endfacet
facet normal -0.170962 -0.985278 0.000000
  outer loop
    vertex -5.072349 -25.500418 0.000000
    vertex -3.814992 -25.718590 0.000000
    vertex -5.072349 -25.500418 21.000000
  endloop
endfacet
facet normal -0.122411 -0.992480 0.000000
  outer loop
    vertex -3.814992 -25.718590 0.000000
    vertex -2.548446 -25.874804 0.000000
    vertex -3.814992 -25.718590 21.000000
  endloop
endfacet
facet normal -0.073564 -0.997291 0.000000
  outer loop
    vertex -2.548446 -25.874804 0.000000
    vertex -1.275760 -25.968681 0.000000
    vertex -2.548446 -25.874804 21.000000
  endloop
endfacet
facet normal -0.024542 -0.999699 0.000000
  outer loop
    vertex -1.275760 -25.968681 0.000000
    vertex -0.000000 -26.000000 0.000000
    vertex -1.275760 -25.968681 21.000000
  endloop
endfacet
facet normal 0.266713 0.963776 -0.000000
  outer loop
    vertex -5.987122 -19.736895 3.000000
    vertex -5.987122 -19.736895 19.000000
    vertex -5.011466 -20.006895 3.000000
  endloop
endfacet
facet normal 0.219101 0.975702 -0.000000
  outer loop
    vertex -5.011466 -20.006895 3.000000
    vertex -5.011466 -20.006895 19.000000
    vertex -4.023738 -20.228697 3.000000
  endloop
endfacet
facet normal 0.170962 0.985278 -0.000000
  outer loop
    vertex -4.023738 -20.228697 3.000000
    vertex -4.023738 -20.228697 19.000000
    vertex -3.026316 -20.401766 3.000000
  endloop
endfacet
facet normal 0.122410 0.992480 -0.000000
  outer loop
    vertex -3.026316 -20.401766 3.000000
    vertex -3.026316 -20.401766 19.000000
    vertex -2.021604 -20.525684 3.000000
  endloop
endfacet
facet normal 0.073566 0.997290 -0.000000
  outer loop
    vertex -2.021604 -20.525684 3.000000
    vertex -2.021604 -20.525684 19.000000
    vertex -1.012021 -20.600157 3.000000
  endloop
endfacet
facet normal 0.024541 0.999699 -0.000000
  outer loop
    vertex -1.012021 -20.600157 3.000000
    vertex -1.012021 -20.600157 19.000000
    vertex -0.000000 -20.625000 3.000000
  endloop
endfacet
facet normal 0.000000 0.000000 -1.000000
  outer loop
    vertex -21.618210 -14.444826 0.000000
    vertex -4.157348 -2.777851 0.000000
    vertex -4.016037 -2.978497 0.000000
  endloop
endfacet
facet normal 0.000000 0.000000 -1.000000
  outer loop
    vertex -20.098272 -16.494225 0.000000
    vertex -3.865052 -3.171966 0.000000
    vertex -3.704756 -3.357795 0.000000
  endloop
endfacet
facet normal 0.000000 0.000000 -1.000000
  outer loop
    vertex -20.883396 -15.488182 0.000000
    vertex -4.016037 -2.978497 0.000000
    vertex -3.865052 -3.171966 0.000000
  endloop
endfacet
facet normal 0.000000 0.000000 -1.000000
  outer loop
    vertex -19.264729 -17.460533 0.000000
    vertex -3.704756 -3.357795 0.000000
    vertex -3.535534 -3.535534 0.000000
  endloop
endfacet
facet normal 0.000000 0.000000 -1.000000
  outer loop
    vertex -16.494225 -20.098272 0.000000
    vertex -3.357795 -3.704756 0.000000
    vertex -3.171966 -3.865052 0.000000
  endloop
endfacet
facet normal 0.000000 0.000000 -1.000000
  outer loop
    vertex -16.494225 -20.098272 0.000000
    vertex -3.171966 -3.865052 0.000000
    vertex -2.978497 -4.016037 0.000000
  endloop
endfacet
facet normal 0.000000 0.000000 -1.000000
  outer loop
    vertex -17.460533 -19.264729 0.000000
    vertex -3.535534 -3.535534 0.000000
    vertex -3.357795 -3.704756 0.000000
  endloop
endfacet
facet normal 0.000000 0.000000 -1.000000
  outer loop
    vertex -15.488182 -20.883396 0.000000
    vertex -2.978497 -4.016037 0.000000
    vertex -2.777851 -4.157348 0.000000
  endloop
endfacet
facet normal -0.000000 0.000000 1.000000
  outer loop
    vertex -15.943340 -13.084361 3.000000
    vertex -15.282117 -13.850904 3.000000
    vertex -3.704756 -3.357795 3.000000
  endloop
endfacet
facet normal -0.000000 0.000000 1.000000
  outer loop
    vertex -13.850904 -15.282117 3.000000
    vertex -13.084361 -15.943340 3.000000
    vertex -3.171966 -3.865052 3.000000
  endloop
endfacet
facet normal -0.000000 0.000000 1.000000
  outer loop
    vertex -15.282117 -13.850904 3.000000
    vertex -14.584078 -14.584078 3.000000
    vertex -3.535534 -3.535534 3.000000
  endloop
endfacet
facet normal 0.000000 -0.000000 1.000000
  outer loop
    vertex -13.850904 -15.282117 3.000000
    vertex -3.535534 -3.535534 3.000000
    vertex -14.584078 -14.584078 3.000000
  endloop
endfacet
facet normal 0.000000 -0.000000 1.000000
  outer loop
    vertex -17.149061 -11.458636 3.000000
    vertex -4.157348 -2.777851 3.000000
    vertex -17.690653 -10.603369 3.000000
  endloop
endfacet
facet normal -0.000000 0.000000 1.000000
  outer loop
    vertex -17.149061 -11.458636 3.000000
    vertex -16.566154 -12.286298 3.000000
    vertex -4.016037 -2.978497 3.000000
  endloop
endfacet
facet normal 0.000000 -0.000000 1.000000
  outer loop
    vertex -15.943340 -13.084361 3.000000
    vertex -3.865052 -3.171966 3.000000
    vertex -16.566154 -12.286298 3.000000
  endloop
endfacet
facet normal -0.000000 0.000000 1.000000
  outer loop
    vertex -13.084361 -15.943340 3.000000
    vertex -12.286298 -16.566154 3.000000
    vertex -3.171966 -3.865052 3.000000
  endloop
endfacet
facet normal -0.000000 0.000000 1.000000
  outer loop
    vertex -12.286298 -16.566154 3.000000
    vertex -11.458636 -17.149061 3.000000
    vertex -2.777851 -4.157348 3.000000
  endloop
endfacet
facet normal -0.000000 0.000000 1.000000
  outer loop
    vertex -11.458636 -17.149061 3.000000
    vertex -10.603369 -17.690653 3.000000
    vertex -2.777851 -4.157348 3.000000
  endloop
endfacet
facet normal 0.000000 -0.000000 1.000000
  outer loop
    vertex -15.943340 -13.084361 3.000000
    vertex -3.704756 -3.357795 3.000000
    vertex -3.865052 -3.171966 3.000000
  endloop
endfacet
facet normal 0.000000 -0.000000 1.000000
  outer loop
    vertex -15.282117 -13.850904 3.000000
    vertex -3.535534 -3.535534 3.000000
    vertex -3.704756 -3.357795 3.000000
  endloop
endfacet
facet normal 0.000000 -0.000000 1.000000
  outer loop
    vertex -13.850904 -15.282117 3.000000
    vertex -3.357795 -3.704756 3.000000
    vertex -3.535534 -3.535534 3.000000
  endloop
endfacet
facet normal 0.000000 -0.000000 1.000000
  outer loop
    vertex -13.850904 -15.282117 3.000000
    vertex -3.171966 -3.865052 3.000000
    vertex -3.357795 -3.704756 3.000000
  endloop
endfacet
facet normal 0.000000 0.000000 -1.000000
  outer loop
    vertex -23.503721 -11.116432 0.000000
    vertex -4.519947 -2.137775 0.000000
    vertex -4.409606 -2.356984 0.000000
  endloop
endfacet
facet normal 0.000000 0.000000 -1.000000
  outer loop
    vertex -22.300943 -13.366672 0.000000
    vertex -4.288643 -2.570514 0.000000
    vertex -4.157348 -2.777851 0.000000
  endloop
endfacet
facet normal 0.000000 0.000000 -1.000000
  outer loop
    vertex -22.929953 -12.256315 0.000000
    vertex -4.409606 -2.356984 0.000000
    vertex -4.288643 -2.570514 0.000000
  endloop
endfacet
facet normal 0.000000 0.000000 -1.000000
  outer loop
    vertex -24.020868 -9.949769 0.000000
    vertex -4.619398 -1.913417 0.000000
    vertex -4.519947 -2.137775 0.000000
  endloop
endfacet
facet normal 0.000000 0.000000 -1.000000
  outer loop
    vertex -24.480146 -8.759136 0.000000
    vertex -4.707720 -1.684449 0.000000
    vertex -4.619398 -1.913417 0.000000
  endloop
endfacet
facet normal 0.000000 0.000000 -1.000000
  outer loop
    vertex -24.480146 -8.759136 0.000000
    vertex -4.784702 -1.451423 0.000000
    vertex -4.707720 -1.684449 0.000000
  endloop
endfacet
facet normal 0.000000 0.000000 -1.000000
  outer loop
    vertex -25.220812 -6.317485 0.000000
    vertex -4.850156 -1.214901 0.000000
    vertex -4.784702 -1.451423 0.000000
  endloop
endfacet
facet normal 0.000000 0.000000 -1.000000
  outer loop
    vertex -25.718590 -3.814992 0.000000
    vertex -4.945882 -0.733652 0.000000
    vertex -4.903926 -0.975452 0.000000
  endloop
endfacet
facet normal 0.000000 0.000000 -1.000000
  outer loop
    vertex -25.718590 -3.814992 0.000000
    vertex -4.975924 -0.490086 0.000000
    vertex -4.945882 -0.733652 0.000000
  endloop
endfacet
facet normal 0.000000 0.000000 -1.000000
  outer loop
    vertex -25.500418 -5.072349 0.000000
    vertex -4.903926 -0.975452 0.000000
    vertex -4.850156 -1.214901 0.000000
  endloop
endfacet
facet normal 0.000000 0.000000 -1.000000
  outer loop
    vertex -25.968681 -1.275760 0.000000
    vertex -5.000000 0.000000 0.000000
    vertex -4.993977 -0.245338 0.000000
  endloop
endfacet
facet normal 0.000000 0.000000 -1.000000
  outer loop
    vertex -25.968681 -1.275760 0.000000
    vertex -4.993977 -0.245338 0.000000
    vertex -4.975924 -0.490086 0.000000
  endloop
endfacet
facet normal 0.000000 -0.000000 1.000000
  outer loop
    vertex -20.006895 -5.011466 3.000000
    vertex -4.784702 -1.451423 3.000000
    vertex -4.850156 -1.214901 3.000000
  endloop
endfacet
facet normal 0.000000 -0.000000 1.000000
  outer loop
    vertex -20.228697 -4.023738 3.000000
    vertex -4.850156 -1.214901 3.000000
    vertex -4.903926 -0.975452 3.000000
  endloop
endfacet
facet normal 0.000000 -0.000000 1.000000
  outer loop
    vertex -20.401766 -3.026316 3.000000
    vertex -4.903926 -0.975452 3.000000
    vertex -4.945882 -0.733652 3.000000
  endloop
endfacet
facet normal 0.000000 -0.000000 1.000000
  outer loop
    vertex -20.525684 -2.021604 3.000000
    vertex -4.945882 -0.733652 3.000000
    vertex -4.975924 -0.490086 3.000000
  endloop
endfacet
facet normal 0.000000 -0.000000 1.000000
  outer loop
    vertex -20.600157 -1.012021 3.000000
    vertex -4.975924 -0.490086 3.000000
    vertex -4.993977 -0.245338 3.000000
  endloop
endfacet
facet normal 0.000000 -0.000000 1.000000
  outer loop
    vertex -20.600157 -1.012021 3.000000
    vertex -4.993977 -0.245338 3.000000
    vertex -5.000000 0.000000 3.000000
  endloop
endfacet
facet normal 0.000000 -0.000000 1.000000
  outer loop
    vertex -18.189627 -9.722558 3.000000
    vertex -4.288643 -2.570514 3.000000
    vertex -4.409606 -2.356984 3.000000
  endloop
endfacet
facet normal 0.000000 -0.000000 1.000000
  outer loop
    vertex -16.566154 -12.286298 3.000000
    vertex -3.865052 -3.171966 3.000000
    vertex -4.016037 -2.978497 3.000000
  endloop
endfacet
facet normal 0.000000 -0.000000 1.000000
  outer loop
    vertex -17.149061 -11.458636 3.000000
    vertex -4.016037 -2.978497 3.000000
    vertex -4.157348 -2.777851 3.000000
  endloop
endfacet
facet normal 0.000000 -0.000000 1.000000
  outer loop
    vertex -17.690653 -10.603369 3.000000
    vertex -4.157348 -2.777851 3.000000
    vertex -4.288643 -2.570514 3.000000
  endloop
endfacet
facet normal 0.000000 -0.000000 1.000000
  outer loop
    vertex -18.644779 -8.818324 3.000000
    vertex -4.409606 -2.356984 3.000000
    vertex -4.519947 -2.137775 3.000000
  endloop
endfacet
facet normal 0.000000 -0.000000 1.000000
  outer loop
    vertex -19.055016 -7.892846 3.000000
    vertex -4.519947 -2.137775 3.000000
    vertex -4.619398 -1.913417 3.000000
  endloop
endfacet
facet normal 0.000000 -0.000000 1.000000
  outer loop
    vertex -19.419346 -6.948353 3.000000
    vertex -4.619398 -1.913417 3.000000
    vertex -4.707720 -1.684449 3.000000
  endloop
endfacet
facet normal 0.000000 -0.000000 1.000000
  outer loop
    vertex -19.736895 -5.987122 3.000000
    vertex -4.707720 -1.684449 3.000000
    vertex -4.784702 -1.451423 3.000000
  endloop
endfacet
facet normal 0.000000 0.000000 -1.000000
  outer loop
    vertex -13.366672 -22.300943 0.000000
    vertex -2.777851 -4.157348 0.000000
    vertex -2.570514 -4.288643 0.000000
  endloop
endfacet
facet normal 0.000000 0.000000 -1.000000
  outer loop
    vertex -13.366672 -22.300943 0.000000
    vertex -2.570514 -4.288643 0.000000
    vertex -2.356984 -4.409606 0.000000
  endloop
endfacet
facet normal 0.000000 0.000000 -1.000000
  outer loop
    vertex -11.116432 -23.503721 0.000000
    vertex -2.356984 -4.409606 0.000000
    vertex -2.137775 -4.519947 0.000000
  endloop
endfacet
facet normal 0.000000 0.000000 -1.000000
  outer loop
    vertex -7.547401 -24.880449 0.000000
    vertex -1.451423 -4.784702 0.000000
    vertex -1.214901 -4.850156 0.000000
  endloop
endfacet
facet normal 0.000000 0.000000 -1.000000
  outer loop
    vertex -9.949769 -24.020868 0.000000
    vertex -2.137775 -4.519947 0.000000
    vertex -1.913417 -4.619398 0.000000
  endloop
endfacet
facet normal 0.000000 0.000000 -1.000000
  outer loop
    vertex -9.949769 -24.020868 0.000000
    vertex -1.913417 -4.619398 0.000000
    vertex -1.684449 -4.707720 0.000000
  endloop
endfacet
facet normal 0.000000 0.000000 -1.000000
  outer loop
    vertex -8.759136 -24.480146 0.000000
    vertex -1.684449 -4.707720 0.000000
    vertex -1.451423 -4.784702 0.000000
  endloop
endfacet
facet normal 0.000000 0.000000 -1.000000
  outer loop
    vertex -5.072349 -25.500418 0.000000
    vertex -1.214901 -4.850156 0.000000
    vertex -0.975452 -4.903926 0.000000
  endloop
endfacet
facet normal 0.000000 0.000000 -1.000000
  outer loop
    vertex -3.814992 -25.718590 0.000000
    vertex -0.975452 -4.903926 0.000000
    vertex -0.733652 -4.945882 0.000000
  endloop
endfacet
facet normal 0.000000 0.000000 -1.000000
  outer loop
    vertex -3.814992 -25.718590 0.000000
    vertex -0.733652 -4.945882 0.000000
    vertex -0.490086 -4.975924 0.000000
  endloop
endfacet
facet normal 0.000000 0.000000 -1.000000
  outer loop
    vertex -2.548446 -25.874804 0.000000
    vertex -0.490086 -4.975924 0.000000
    vertex -0.245338 -4.993977 0.000000
  endloop
endfacet
facet normal 0.000000 0.000000 -1.000000
  outer loop
    vertex -1.275760 -25.968681 0.000000
    vertex -0.245338 -4.993977 0.000000
    vertex -0.124356 -5.267949 0.000000
  endloop
endfacet
facet normal 0.000000 -0.000000 1.000000
  outer loop
    vertex -12.286298 -16.566154 3.000000
    vertex -2.978497 -4.016037 3.000000
    vertex -3.171966 -3.865052 3.000000
  endloop
endfacet
facet normal 0.000000 -0.000000 1.000000
  outer loop
    vertex -12.286298 -16.566154 3.000000
    vertex -2.777851 -4.157348 3.000000
    vertex -2.978497 -4.016037 3.000000
  endloop
endfacet
facet normal 0.000000 -0.000000 1.000000
  outer loop
    vertex -10.603369 -17.690653 3.000000
    vertex -2.570514 -4.288643 3.000000
    vertex -2.777851 -4.157348 3.000000
  endloop
endfacet
facet normal 0.000000 -0.000000 1.000000
  outer loop
    vertex -10.603369 -17.690653 3.000000
    vertex -2.356984 -4.409606 3.000000
    vertex -2.570514 -4.288643 3.000000
  endloop
endfacet
facet normal 0.000000 -0.000000 1.000000
  outer loop
    vertex -8.818324 -18.644779 3.000000
    vertex -2.137775 -4.519947 3.000000
    vertex -2.356984 -4.409606 3.000000
  endloop
endfacet
facet normal 0.000000 -0.000000 1.000000
  outer loop
    vertex -7.892846 -19.055016 3.000000
    vertex -1.913417 -4.619398 3.000000
    vertex -2.137775 -4.519947 3.000000
  endloop
endfacet
facet normal 0.000000 -0.000000 1.000000
  outer loop
    vertex -7.892846 -19.055016 3.000000
    vertex -1.684449 -4.707720 3.000000
    vertex -1.913417 -4.619398 3.000000
  endloop
endfacet
facet normal 0.000000 -0.000000 1.000000
  outer loop
    vertex -6.948353 -19.419346 3.000000
    vertex -1.451423 -4.784702 3.000000
    vertex -1.684449 -4.707720 3.000000
  endloop
endfacet
facet normal 0.000000 -0.000000 1.000000
  outer loop
    vertex -5.011466 -20.006895 3.000000
    vertex -1.214901 -4.850156 3.000000
    vertex -1.451423 -4.784702 3.000000
  endloop
endfacet
facet normal 0.000000 -0.000000 1.000000
  outer loop
    vertex -5.011466 -20.006895 3.000000
    vertex -0.975452 -4.903926 3.000000
    vertex -1.214901 -4.850156 3.000000
  endloop
endfacet
facet normal 0.000000 -0.000000 1.000000
  outer loop
    vertex -4.023738 -20.228697 3.000000
    vertex -0.733652 -4.945882 3.000000
    vertex -0.975452 -4.903926 3.000000
  endloop
endfacet
facet normal 0.000000 -0.000000 1.000000
  outer loop
    vertex -3.026316 -20.401766 3.000000
    vertex -0.490086 -4.975924 3.000000
    vertex -0.733652 -4.945882 3.000000
  endloop
endfacet
facet normal 0.000000 -0.000000 1.000000
  outer loop
    vertex -1.012021 -20.600157 3.000000
    vertex -0.245338 -4.993977 3.000000
    vertex -0.490086 -4.975924 3.000000
  endloop
endfacet
facet normal 0.000000 -0.000000 1.000000
  outer loop
    vertex -1.012021 -20.600157 3.000000
    vertex -0.124356 -5.267949 3.000000
    vertex -0.245338 -4.993977 3.000000
  endloop
endfacet
facet normal 0.757209 0.653173 0.000000
  outer loop
    vertex -3.704756 -3.357795 0.000000
    vertex -3.865052 -3.171966 0.000000
    vertex -3.704756 -3.357795 3.000000
  endloop
endfacet
facet normal 0.724247 0.689540 0.000000
  outer loop
    vertex -3.704756 -3.357795 0.000000
    vertex -3.535534 -3.535534 3.000000
    vertex -3.535534 -3.535534 0.000000
  endloop
endfacet
facet normal 0.689540 0.724247 0.000000
  outer loop
    vertex -3.357795 -3.704756 0.000000
    vertex -3.535534 -3.535534 0.000000
    vertex -3.357795 -3.704756 3.000000
  endloop
endfacet
facet normal 0.653173 0.757209 -0.000000
  outer loop
    vertex -3.357795 -3.704756 0.000000
    vertex -3.357795 -3.704756 3.000000
    vertex -3.171966 -3.865052 3.000000
  endloop
endfacet
facet normal 0.689540 0.724247 -0.000000
  outer loop
    vertex -3.535534 -3.535534 0.000000
    vertex -3.535534 -3.535534 3.000000
    vertex -3.357795 -3.704756 3.000000
  endloop
endfacet
facet normal 0.724247 0.689540 -0.000000
  outer loop
    vertex -3.704756 -3.357795 0.000000
    vertex -3.704756 -3.357795 3.000000
    vertex -3.535534 -3.535534 3.000000
  endloop
endfacet
facet normal 0.985278 0.170961 0.000000
  outer loop
    vertex -4.903926 -0.975452 0.000000
    vertex -4.945882 -0.733652 0.000000
    vertex -4.903926 -0.975452 3.000000
  endloop
endfacet
facet normal 0.992479 0.122411 0.000000
  outer loop
    vertex -4.945882 -0.733652 0.000000
    vertex -4.975924 -0.490086 0.000000
    vertex -4.945882 -0.733652 3.000000
  endloop
endfacet
facet normal 0.997290 0.073564 0.000000
  outer loop
    vertex -4.975924 -0.490086 0.000000
    vertex -4.993977 -0.245338 0.000000
    vertex -4.975924 -0.490086 3.000000
  endloop
endfacet
facet normal 0.999699 0.024542 0.000000
  outer loop
    vertex -4.993977 -0.245338 0.000000
    vertex -5.000000 0.000000 0.000000
    vertex -4.993977 -0.245338 3.000000
  endloop
endfacet
facet normal 0.817584 0.575809 0.000000
  outer loop
    vertex -4.157348 -2.777851 0.000000
    vertex -4.016037 -2.978497 3.000000
    vertex -4.016037 -2.978497 0.000000
  endloop
endfacet
facet normal 0.870086 0.492899 0.000000
  outer loop
    vertex -4.288643 -2.570514 0.000000
    vertex -4.409606 -2.356984 0.000000
    vertex -4.288643 -2.570514 3.000000
  endloop
endfacet
facet normal 0.844854 0.534997 0.000000
  outer loop
    vertex -4.288643 -2.570514 0.000000
    vertex -4.157348 -2.777851 3.000000
    vertex -4.157348 -2.777851 0.000000
  endloop
endfacet
facet normal 0.914210 0.405241 0.000000
  outer loop
    vertex -4.519947 -2.137775 0.000000
    vertex -4.619398 -1.913417 0.000000
    vertex -4.519947 -2.137775 3.000000
  endloop
endfacet
facet normal 0.932993 0.359895 0.000000
  outer loop
    vertex -4.707720 -1.684449 0.000000
    vertex -4.619398 -1.913417 3.000000
    vertex -4.619398 -1.913417 0.000000
  endloop
endfacet
facet normal 0.893224 0.449611 0.000000
  outer loop
    vertex -4.519947 -2.137775 0.000000
    vertex -4.409606 -2.356984 3.000000
    vertex -4.409606 -2.356984 0.000000
  endloop
endfacet
facet normal 0.788347 0.615231 0.000000
  outer loop
    vertex -3.865052 -3.171966 0.000000
    vertex -4.016037 -2.978497 0.000000
    vertex -3.865052 -3.171966 3.000000
  endloop
endfacet
facet normal 0.949528 0.313682 0.000000
  outer loop
    vertex -4.707720 -1.684449 0.000000
    vertex -4.784702 -1.451423 0.000000
    vertex -4.707720 -1.684449 3.000000
  endloop
endfacet
facet normal 0.963776 0.266712 0.000000
  outer loop
    vertex -4.784702 -1.451423 0.000000
    vertex -4.850156 -1.214901 0.000000
    vertex -4.784702 -1.451423 3.000000
  endloop
endfacet
facet normal 0.975702 0.219101 0.000000
  outer loop
    vertex -4.903926 -0.975452 0.000000
    vertex -4.850156 -1.214901 3.000000
    vertex -4.850156 -1.214901 0.000000
  endloop
endfacet
facet normal 0.975702 0.219101 -0.000000
  outer loop
    vertex -4.903926 -0.975452 0.000000
    vertex -4.903926 -0.975452 3.000000
    vertex -4.850156 -1.214901 3.000000
  endloop
endfacet
facet normal 0.985278 0.170961 -0.000000
  outer loop
    vertex -4.945882 -0.733652 0.000000
    vertex -4.945882 -0.733652 3.000000
    vertex -4.903926 -0.975452 3.000000
  endloop
endfacet
facet normal 0.992479 0.122411 -0.000000
  outer loop
    vertex -4.975924 -0.490086 0.000000
    vertex -4.975924 -0.490086 3.000000
    vertex -4.945882 -0.733652 3.000000
  endloop
endfacet
facet normal 0.997290 0.073564 -0.000000
  outer loop
    vertex -4.993977 -0.245338 0.000000
    vertex -4.993977 -0.245338 3.000000
    vertex -4.975924 -0.490086 3.000000
  endloop
endfacet
facet normal 0.999699 0.024542 -0.000000
  outer loop
    vertex -4.993977 -0.245338 3.000000
    vertex -5.000000 0.000000 0.000000
    vertex -5.000000 0.000000 3.000000
  endloop
endfacet
facet normal 0.817584 0.575809 -0.000000
  outer loop
    vertex -4.157348 -2.777851 0.000000
    vertex -4.157348 -2.777851 3.000000
    vertex -4.016037 -2.978497 3.000000
  endloop
endfacet
facet normal 0.844854 0.534997 -0.000000
  outer loop
    vertex -4.288643 -2.570514 0.000000
    vertex -4.288643 -2.570514 3.000000
    vertex -4.157348 -2.777851 3.000000
  endloop
endfacet
facet normal 0.893224 0.449611 -0.000000
  outer loop
    vertex -4.519947 -2.137775 0.000000
    vertex -4.519947 -2.137775 3.000000
    vertex -4.409606 -2.356984 3.000000
  endloop
endfacet
facet normal 0.932993 0.359895 -0.000000
  outer loop
    vertex -4.707720 -1.684449 0.000000
    vertex -4.707720 -1.684449 3.000000
    vertex -4.619398 -1.913417 3.000000
  endloop
endfacet
facet normal 0.914210 0.405241 -0.000000
  outer loop
    vertex -4.619398 -1.913417 0.000000
    vertex -4.619398 -1.913417 3.000000
    vertex -4.519947 -2.137775 3.000000
  endloop
endfacet
facet normal 0.870086 0.492899 -0.000000
  outer loop
    vertex -4.409606 -2.356984 0.000000
    vertex -4.409606 -2.356984 3.000000
    vertex -4.288643 -2.570514 3.000000
  endloop
endfacet
facet normal 0.788347 0.615231 -0.000000
  outer loop
    vertex -4.016037 -2.978497 0.000000
    vertex -4.016037 -2.978497 3.000000
    vertex -3.865052 -3.171966 3.000000
  endloop
endfacet
facet normal 0.757209 0.653173 -0.000000
  outer loop
    vertex -3.865052 -3.171966 0.000000
    vertex -3.865052 -3.171966 3.000000
    vertex -3.704756 -3.357795 3.000000
  endloop
endfacet
facet normal 0.949528 0.313682 -0.000000
  outer loop
    vertex -4.784702 -1.451423 0.000000
    vertex -4.784702 -1.451423 3.000000
    vertex -4.707720 -1.684449 3.000000
  endloop
endfacet
facet normal 0.963776 0.266712 -0.000000
  outer loop
    vertex -4.850156 -1.214901 0.000000
    vertex -4.850156 -1.214901 3.000000
    vertex -4.784702 -1.451423 3.000000
  endloop
endfacet
facet normal 0.575809 0.817584 0.000000
  outer loop
    vertex -2.777851 -4.157348 0.000000
    vertex -2.978497 -4.016037 0.000000
    vertex -2.777851 -4.157348 3.000000
  endloop
endfacet
facet normal 0.534997 0.844854 0.000000
  outer loop
    vertex -2.777851 -4.157348 0.000000
    vertex -2.570514 -4.288643 3.000000
    vertex -2.570514 -4.288643 0.000000
  endloop
endfacet
facet normal 0.653173 0.757209 0.000000
  outer loop
    vertex -3.357795 -3.704756 0.000000
    vertex -3.171966 -3.865052 3.000000
    vertex -3.171966 -3.865052 0.000000
  endloop
endfacet
facet normal 0.615231 0.788347 0.000000
  outer loop
    vertex -3.171966 -3.865052 0.000000
    vertex -2.978497 -4.016037 3.000000
    vertex -2.978497 -4.016037 0.000000
  endloop
endfacet
facet normal 0.449611 0.893224 0.000000
  outer loop
    vertex -2.137775 -4.519947 0.000000
    vertex -2.356984 -4.409606 0.000000
    vertex -2.137775 -4.519947 3.000000
  endloop
endfacet
facet normal 0.492899 0.870086 0.000000
  outer loop
    vertex -2.570514 -4.288643 0.000000
    vertex -2.356984 -4.409606 3.000000
    vertex -2.356984 -4.409606 0.000000
  endloop
endfacet
facet normal 0.405241 0.914210 0.000000
  outer loop
    vertex -2.137775 -4.519947 0.000000
    vertex -1.913417 -4.619398 3.000000
    vertex -1.913417 -4.619398 0.000000
  endloop
endfacet
facet normal 0.359895 0.932993 0.000000
  outer loop
    vertex -1.913417 -4.619398 0.000000
    vertex -1.684449 -4.707720 3.000000
    vertex -1.684449 -4.707720 0.000000
  endloop
endfacet
facet normal 0.000000 -0.000000 -1.000000
  outer loop
    vertex -0.245338 -4.993977 0.000000
    vertex -0.000000 -5.000000 0.000000
    vertex -0.124356 -5.267949 0.000000
  endloop
endfacet
facet normal 0.219101 0.975702 0.000000
  outer loop
    vertex -0.975452 -4.903926 0.000000
    vertex -1.214901 -4.850156 0.000000
    vertex -0.975452 -4.903926 3.000000
  endloop
endfacet
facet normal 0.170961 0.985278 0.000000
  outer loop
    vertex -0.975452 -4.903926 0.000000
    vertex -0.733652 -4.945882 3.000000
    vertex -0.733652 -4.945882 0.000000
  endloop
endfacet
facet normal 0.122411 0.992479 0.000000
  outer loop
    vertex -0.733652 -4.945882 0.000000
    vertex -0.490086 -4.975924 3.000000
    vertex -0.490086 -4.975924 0.000000
  endloop
endfacet
facet normal 0.073564 0.997290 0.000000
  outer loop
    vertex -0.490086 -4.975924 0.000000
    vertex -0.245338 -4.993977 3.000000
    vertex -0.245338 -4.993977 0.000000
  endloop
endfacet
facet normal 0.024542 0.999699 0.000000
  outer loop
    vertex -0.245338 -4.993977 0.000000
    vertex -0.000000 -5.000000 3.000000
    vertex -0.000000 -5.000000 0.000000
  endloop
endfacet
facet normal 0.313682 0.949528 0.000000
  outer loop
    vertex -1.684449 -4.707720 0.000000
    vertex -1.451423 -4.784702 3.000000
    vertex -1.451423 -4.784702 0.000000
  endloop
endfacet
facet normal 0.266712 0.963776 0.000000
  outer loop
    vertex -1.451423 -4.784702 0.000000
    vertex -1.214901 -4.850156 3.000000
    vertex -1.214901 -4.850156 0.000000
  endloop
endfacet
facet normal 0.575809 0.817584 -0.000000
  outer loop
    vertex -2.978497 -4.016037 0.000000
    vertex -2.978497 -4.016037 3.000000
    vertex -2.777851 -4.157348 3.000000
  endloop
endfacet
facet normal 0.534997 0.844854 -0.000000
  outer loop
    vertex -2.777851 -4.157348 0.000000
    vertex -2.777851 -4.157348 3.000000
    vertex -2.570514 -4.288643 3.000000
  endloop
endfacet
facet normal 0.492899 0.870086 -0.000000
  outer loop
    vertex -2.570514 -4.288643 0.000000
    vertex -2.570514 -4.288643 3.000000
    vertex -2.356984 -4.409606 3.000000
  endloop
endfacet
facet normal 0.615231 0.788347 -0.000000
  outer loop
    vertex -3.171966 -3.865052 0.000000
    vertex -3.171966 -3.865052 3.000000
    vertex -2.978497 -4.016037 3.000000
  endloop
endfacet
facet normal 0.405241 0.914210 -0.000000
  outer loop
    vertex -2.137775 -4.519947 0.000000
    vertex -2.137775 -4.519947 3.000000
    vertex -1.913417 -4.619398 3.000000
  endloop
endfacet
facet normal 0.449611 0.893224 -0.000000
  outer loop
    vertex -2.356984 -4.409606 0.000000
    vertex -2.356984 -4.409606 3.000000
    vertex -2.137775 -4.519947 3.000000
  endloop
endfacet
facet normal 0.359895 0.932993 -0.000000
  outer loop
    vertex -1.913417 -4.619398 0.000000
    vertex -1.913417 -4.619398 3.000000
    vertex -1.684449 -4.707720 3.000000
  endloop
endfacet
facet normal 0.170961 0.985278 -0.000000
  outer loop
    vertex -0.975452 -4.903926 0.000000
    vertex -0.975452 -4.903926 3.000000
    vertex -0.733652 -4.945882 3.000000
  endloop
endfacet
facet normal 0.122411 0.992479 -0.000000
  outer loop
    vertex -0.733652 -4.945882 0.000000
    vertex -0.733652 -4.945882 3.000000
    vertex -0.490086 -4.975924 3.000000
  endloop
endfacet
facet normal 0.073564 0.997290 -0.000000
  outer loop
    vertex -0.490086 -4.975924 0.000000
    vertex -0.490086 -4.975924 3.000000
    vertex -0.245338 -4.993977 3.000000
  endloop
endfacet
facet normal 0.024542 0.999699 -0.000000
  outer loop
    vertex -0.245338 -4.993977 0.000000
    vertex -0.245338 -4.993977 3.000000
    vertex -0.000000 -5.000000 3.000000
  endloop
endfacet
facet normal 0.313682 0.949528 -0.000000
  outer loop
    vertex -1.684449 -4.707720 0.000000
    vertex -1.684449 -4.707720 3.000000
    vertex -1.451423 -4.784702 3.000000
  endloop
endfacet
facet normal 0.266712 0.963776 -0.000000
  outer loop
    vertex -1.451423 -4.784702 0.000000
    vertex -1.451423 -4.784702 3.000000
    vertex -1.214901 -4.850156 3.000000
  endloop
endfacet
facet normal 0.219101 0.975702 -0.000000
  outer loop
    vertex -1.214901 -4.850156 0.000000
    vertex -1.214901 -4.850156 3.000000
    vertex -0.975452 -4.903926 3.000000
  endloop
endfacet
facet normal -0.000000 0.000000 1.000000
  outer loop
    vertex -0.245338 -4.993977 3.000000
    vertex -0.124356 -5.267949 3.000000
    vertex -0.000000 -5.000000 3.000000
  endloop
endfacet
facet normal -0.757209 -0.653173 0.000000
  outer loop
    vertex -19.264729 -17.460533 0.000000
    vertex -19.264729 -17.460533 21.000000
    vertex -20.098272 -16.494225 21.000000
  endloop
endfacet
facet normal -0.817585 -0.575808 0.000000
  outer loop
    vertex -20.883396 -15.488182 0.000000
    vertex -20.883396 -15.488182 21.000000
    vertex -21.618210 -14.444826 21.000000
  endloop
endfacet
facet normal -0.844854 -0.534997 0.000000
  outer loop
    vertex -21.618210 -14.444826 0.000000
    vertex -21.618210 -14.444826 21.000000
    vertex -22.300943 -13.366672 21.000000
  endloop
endfacet
facet normal -0.788346 -0.615232 0.000000
  outer loop
    vertex -20.098272 -16.494225 0.000000
    vertex -20.098272 -16.494225 21.000000
    vertex -20.883396 -15.488182 21.000000
  endloop
endfacet
facet normal -0.653173 -0.757209 0.000000
  outer loop
    vertex -16.494225 -20.098272 0.000000
    vertex -16.494225 -20.098272 21.000000
    vertex -17.460533 -19.264729 21.000000
  endloop
endfacet
facet normal -0.575808 -0.817585 0.000000
  outer loop
    vertex -14.444826 -21.618210 0.000000
    vertex -14.444826 -21.618210 21.000000
    vertex -15.488182 -20.883396 21.000000
  endloop
endfacet
facet normal -0.615232 -0.788346 0.000000
  outer loop
    vertex -15.488182 -20.883396 0.000000
    vertex -15.488182 -20.883396 21.000000
    vertex -16.494225 -20.098272 21.000000
  endloop
endfacet
facet normal -0.534997 -0.844854 0.000000
  outer loop
    vertex -13.366672 -22.300943 0.000000
    vertex -13.366672 -22.300943 21.000000
    vertex -14.444826 -21.618210 21.000000
  endloop
endfacet
facet normal -0.724248 -0.689540 0.000000
  outer loop
    vertex -18.384777 -18.384777 0.000000
    vertex -18.384777 -18.384777 21.000000
    vertex -19.264729 -17.460533 21.000000
  endloop
endfacet
facet normal -0.689540 -0.724248 0.000000
  outer loop
    vertex -17.460533 -19.264729 0.000000
    vertex -17.460533 -19.264729 21.000000
    vertex -18.384777 -18.384777 21.000000
  endloop
endfacet
facet normal 0.757209 0.653172 0.000000
  outer loop
    vertex -15.282117 -13.850904 3.000000
    vertex -15.943340 -13.084361 19.000000
    vertex -15.282117 -13.850904 19.000000
  endloop
endfacet
facet normal 0.724248 0.689540 0.000000
  outer loop
    vertex -14.584078 -14.584078 3.000000
    vertex -15.282117 -13.850904 19.000000
    vertex -14.584078 -14.584078 19.000000
  endloop
endfacet
facet normal 0.689540 0.724248 0.000000
  outer loop
    vertex -13.850904 -15.282117 3.000000
    vertex -14.584078 -14.584078 19.000000
    vertex -13.850904 -15.282117 19.000000
  endloop
endfacet
facet normal 0.653172 0.757209 0.000000
  outer loop
    vertex -13.084361 -15.943340 3.000000
    vertex -13.850904 -15.282117 19.000000
    vertex -13.084361 -15.943340 19.000000
  endloop
endfacet
facet normal 0.000000 -0.000000 1.000000
  outer loop
    vertex -18.384777 -18.384777 21.000000
    vertex -3.535534 -3.535534 21.000000
    vertex -19.264729 -17.460533 21.000000
  endloop
endfacet
facet normal -0.000000 0.000000 1.000000
  outer loop
    vertex -18.384777 -18.384777 21.000000
    vertex -17.460533 -19.264729 21.000000
    vertex -3.535534 -3.535534 21.000000
  endloop
endfacet
facet normal -0.893224 -0.449611 0.000000
  outer loop
    vertex -22.929953 -12.256315 0.000000
    vertex -22.929953 -12.256315 21.000000
    vertex -23.503721 -11.116432 21.000000
  endloop
endfacet
facet normal -0.914210 -0.405242 0.000000
  outer loop
    vertex -23.503721 -11.116432 0.000000
    vertex -23.503721 -11.116432 21.000000
    vertex -24.020868 -9.949769 21.000000
  endloop
endfacet
facet normal -0.949528 -0.313682 0.000000
  outer loop
    vertex -24.480146 -8.759136 0.000000
    vertex -24.480146 -8.759136 21.000000
    vertex -24.880449 -7.547401 21.000000
  endloop
endfacet
facet normal -0.963776 -0.266712 0.000000
  outer loop
    vertex -24.880449 -7.547401 0.000000
    vertex -24.880449 -7.547401 21.000000
    vertex -25.220812 -6.317485 21.000000
  endloop
endfacet
facet normal -0.932993 -0.359895 0.000000
  outer loop
    vertex -24.020868 -9.949769 0.000000
    vertex -24.020868 -9.949769 21.000000
    vertex -24.480146 -8.759136 21.000000
  endloop
endfacet
facet normal -0.870087 -0.492898 0.000000
  outer loop
    vertex -22.300943 -13.366672 0.000000
    vertex -22.300943 -13.366672 21.000000
    vertex -22.929953 -12.256315 21.000000
  endloop
endfacet
facet normal 0.949528 0.313682 0.000000
  outer loop
    vertex -19.419346 -6.948353 3.000000
    vertex -19.736895 -5.987122 19.000000
    vertex -19.419346 -6.948353 19.000000
  endloop
endfacet
facet normal -0.975702 -0.219102 0.000000
  outer loop
    vertex -25.220812 -6.317485 0.000000
    vertex -25.220812 -6.317485 21.000000
    vertex -25.500418 -5.072349 21.000000
  endloop
endfacet
facet normal -0.985278 -0.170962 0.000000
  outer loop
    vertex -25.500418 -5.072349 0.000000
    vertex -25.500418 -5.072349 21.000000
    vertex -25.718590 -3.814992 21.000000
  endloop
endfacet
facet normal -0.992480 -0.122411 0.000000
  outer loop
    vertex -25.718590 -3.814992 0.000000
    vertex -25.718590 -3.814992 21.000000
    vertex -25.874804 -2.548446 21.000000
  endloop
endfacet
facet normal -0.997291 -0.073564 0.000000
  outer loop
    vertex -25.874804 -2.548446 0.000000
    vertex -25.874804 -2.548446 21.000000
    vertex -25.968681 -1.275760 21.000000
  endloop
endfacet
facet normal -0.999699 -0.024542 0.000000
  outer loop
    vertex -25.968681 -1.275760 0.000000
    vertex -25.968681 -1.275760 21.000000
    vertex -26.000000 0.000000 21.000000
  endloop
endfacet
facet normal 0.963776 0.266713 0.000000
  outer loop
    vertex -19.736895 -5.987122 3.000000
    vertex -20.006895 -5.011466 19.000000
    vertex -19.736895 -5.987122 19.000000
  endloop
endfacet
facet normal 0.975702 0.219101 0.000000
  outer loop
    vertex -20.006895 -5.011466 3.000000
    vertex -20.228697 -4.023738 19.000000
    vertex -20.006895 -5.011466 19.000000
  endloop
endfacet
facet normal 0.985278 0.170962 0.000000
  outer loop
    vertex -20.228697 -4.023738 3.000000
    vertex -20.401766 -3.026316 19.000000
    vertex -20.228697 -4.023738 19.000000
  endloop
endfacet
facet normal 0.992480 0.122410 0.000000
  outer loop
    vertex -20.401766 -3.026316 3.000000
    vertex -20.525684 -2.021604 19.000000
    vertex -20.401766 -3.026316 19.000000
  endloop
endfacet
facet normal 0.997290 0.073566 0.000000
  outer loop
    vertex -20.525684 -2.021604 3.000000
    vertex -20.600157 -1.012021 19.000000
    vertex -20.525684 -2.021604 19.000000
  endloop
endfacet
facet normal 0.999699 0.024541 0.000000
  outer loop
    vertex -20.600157 -1.012021 3.000000
    vertex -20.625000 0.000000 19.000000
    vertex -20.600157 -1.012021 19.000000
  endloop
endfacet
facet normal 0.817584 0.575809 0.000000
  outer loop
    vertex -16.566154 -12.286298 3.000000
    vertex -17.149061 -11.458636 19.000000
    vertex -16.566154 -12.286298 19.000000
  endloop
endfacet
facet normal 0.844854 0.534997 0.000000
  outer loop
    vertex -17.149061 -11.458636 3.000000
    vertex -17.690653 -10.603369 19.000000
    vertex -17.149061 -11.458636 19.000000
  endloop
endfacet
facet normal 0.870087 0.492899 0.000000
  outer loop
    vertex -17.690653 -10.603369 3.000000
    vertex -18.189627 -9.722558 19.000000
    vertex -17.690653 -10.603369 19.000000
  endloop
endfacet
facet normal 0.914210 0.405241 0.000000
  outer loop
    vertex -18.644779 -8.818324 3.000000
    vertex -19.055016 -7.892846 19.000000
    vertex -18.644779 -8.818324 19.000000
  endloop
endfacet
facet normal 0.893225 0.449611 0.000000
  outer loop
    vertex -18.189627 -9.722558 3.000000
    vertex -18.644779 -8.818324 19.000000
    vertex -18.189627 -9.722558 19.000000
  endloop
endfacet
facet normal 0.932993 0.359895 0.000000
  outer loop
    vertex -19.055016 -7.892846 3.000000
    vertex -19.419346 -6.948353 19.000000
    vertex -19.055016 -7.892846 19.000000
  endloop
endfacet
facet normal 0.788347 0.615231 0.000000
  outer loop
    vertex -15.943340 -13.084361 3.000000
    vertex -16.566154 -12.286298 19.000000
    vertex -15.943340 -13.084361 19.000000
  endloop
endfacet
facet normal 0.000000 -0.000000 1.000000
  outer loop
    vertex -22.300943 -13.366672 21.000000
    vertex -4.288643 -2.570514 21.000000
    vertex -22.929953 -12.256315 21.000000
  endloop
endfacet
facet normal 0.000000 -0.000000 1.000000
  outer loop
    vertex -22.929953 -12.256315 21.000000
    vertex -4.288643 -2.570514 21.000000
    vertex -23.503721 -11.116432 21.000000
  endloop
endfacet
facet normal -0.000000 0.000000 1.000000
  outer loop
    vertex -24.020868 -9.949769 21.000000
    vertex -23.503721 -11.116432 21.000000
    vertex -4.409606 -2.356984 21.000000
  endloop
endfacet
facet normal 0.000000 -0.000000 1.000000
  outer loop
    vertex -24.020868 -9.949769 21.000000
    vertex -4.707720 -1.684449 21.000000
    vertex -24.480146 -8.759136 21.000000
  endloop
endfacet
facet normal 0.000000 -0.000000 1.000000
  outer loop
    vertex -20.098272 -16.494225 21.000000
    vertex -4.016037 -2.978497 21.000000
    vertex -20.883396 -15.488182 21.000000
  endloop
endfacet
facet normal -0.000000 0.000000 1.000000
  outer loop
    vertex -21.618210 -14.444826 21.000000
    vertex -20.883396 -15.488182 21.000000
    vertex -4.016037 -2.978497 21.000000
  endloop
endfacet
facet normal -0.000000 0.000000 1.000000
  outer loop
    vertex -22.300943 -13.366672 21.000000
    vertex -21.618210 -14.444826 21.000000
    vertex -4.016037 -2.978497 21.000000
  endloop
endfacet
facet normal -0.000000 0.000000 1.000000
  outer loop
    vertex -20.098272 -16.494225 21.000000
    vertex -19.264729 -17.460533 21.000000
    vertex -3.704756 -3.357795 21.000000
  endloop
endfacet
facet normal 0.000000 0.000000 -1.000000
  outer loop
    vertex -17.690653 -10.603369 19.000000
    vertex -18.189627 -9.722558 19.000000
    vertex -4.409606 -2.356984 19.000000
  endloop
endfacet
facet normal 0.000000 0.000000 -1.000000
  outer loop
    vertex -18.189627 -9.722558 19.000000
    vertex -18.644779 -8.818324 19.000000
    vertex -4.409606 -2.356984 19.000000
  endloop
endfacet
facet normal 0.000000 -0.000000 1.000000
  outer loop
    vertex -24.480146 -8.759136 21.000000
    vertex -4.784702 -1.451423 21.000000
    vertex -24.880449 -7.547401 21.000000
  endloop
endfacet
facet normal 0.000000 -0.000000 1.000000
  outer loop
    vertex -24.880449 -7.547401 21.000000
    vertex -4.784702 -1.451423 21.000000
    vertex -25.220812 -6.317485 21.000000
  endloop
endfacet
facet normal 0.000000 -0.000000 1.000000
  outer loop
    vertex -25.500418 -5.072349 21.000000
    vertex -4.850156 -1.214901 21.000000
    vertex -25.718590 -3.814992 21.000000
  endloop
endfacet
facet normal 0.000000 -0.000000 1.000000
  outer loop
    vertex -25.220812 -6.317485 21.000000
    vertex -4.784702 -1.451423 21.000000
    vertex -25.500418 -5.072349 21.000000
  endloop
endfacet
facet normal 0.000000 -0.000000 1.000000
  outer loop
    vertex -25.718590 -3.814992 21.000000
    vertex -4.945882 -0.733652 21.000000
    vertex -25.874804 -2.548446 21.000000
  endloop
endfacet
facet normal 0.000000 -0.000000 1.000000
  outer loop
    vertex -25.874804 -2.548446 21.000000
    vertex -4.975924 -0.490086 21.000000
    vertex -25.968681 -1.275760 21.000000
  endloop
endfacet
facet normal 0.000000 -0.000000 1.000000
  outer loop
    vertex -25.968681 -1.275760 21.000000
    vertex -4.993977 -0.245338 21.000000
    vertex -26.000000 0.000000 21.000000
  endloop
endfacet
facet normal 0.000000 -0.000000 -1.000000
  outer loop
    vertex -19.736895 -5.987122 19.000000
    vertex -4.784702 -1.451423 19.000000
    vertex -19.419346 -6.948353 19.000000
  endloop
endfacet
facet normal 0.000000 0.000000 -1.000000
  outer loop
    vertex -19.736895 -5.987122 19.000000
    vertex -20.006895 -5.011466 19.000000
    vertex -4.784702 -1.451423 19.000000
  endloop
endfacet
facet normal 0.000000 0.000000 -1.000000
  outer loop
    vertex -20.006895 -5.011466 19.000000
    vertex -20.228697 -4.023738 19.000000
    vertex -4.903926 -0.975452 19.000000
  endloop
endfacet
facet normal 0.000000 0.000000 -1.000000
  outer loop
    vertex -18.644779 -8.818324 19.000000
    vertex -19.055016 -7.892846 19.000000
    vertex -4.519947 -2.137775 19.000000
  endloop
endfacet
facet normal 0.000000 0.000000 -1.000000
  outer loop
    vertex -19.055016 -7.892846 19.000000
    vertex -19.419346 -6.948353 19.000000
    vertex -4.707720 -1.684449 19.000000
  endloop
endfacet
facet normal 0.000000 0.000000 -1.000000
  outer loop
    vertex -20.228697 -4.023738 19.000000
    vertex -20.401766 -3.026316 19.000000
    vertex -4.945882 -0.733652 19.000000
  endloop
endfacet
facet normal 0.000000 0.000000 -1.000000
  outer loop
    vertex -20.401766 -3.026316 19.000000
    vertex -20.525684 -2.021604 19.000000
    vertex -4.975924 -0.490086 19.000000
  endloop
endfacet
facet normal 0.000000 0.000000 -1.000000
  outer loop
    vertex -20.525684 -2.021604 19.000000
    vertex -20.600157 -1.012021 19.000000
    vertex -4.975924 -0.490086 19.000000
  endloop
endfacet
facet normal 0.000000 0.000000 -1.000000
  outer loop
    vertex -20.600157 -1.012021 19.000000
    vertex -20.625000 0.000000 19.000000
    vertex -5.000000 0.000000 19.000000
  endloop
endfacet
facet normal -0.449611 -0.893224 0.000000
  outer loop
    vertex -11.116432 -23.503721 0.000000
    vertex -11.116432 -23.503721 21.000000
    vertex -12.256315 -22.929953 21.000000
  endloop
endfacet
facet normal -0.405242 -0.914210 0.000000
  outer loop
    vertex -9.949769 -24.020868 0.000000
    vertex -9.949769 -24.020868 21.000000
    vertex -11.116432 -23.503721 21.000000
  endloop
endfacet
facet normal -0.492898 -0.870087 0.000000
  outer loop
    vertex -12.256315 -22.929953 0.000000
    vertex -12.256315 -22.929953 21.000000
    vertex -13.366672 -22.300943 21.000000
  endloop
endfacet
facet normal -0.359895 -0.932993 0.000000
  outer loop
    vertex -8.759136 -24.480146 0.000000
    vertex -8.759136 -24.480146 21.000000
    vertex -9.949769 -24.020868 21.000000
  endloop
endfacet
facet normal -0.313682 -0.949528 0.000000
  outer loop
    vertex -7.547401 -24.880449 0.000000
    vertex -7.547401 -24.880449 21.000000
    vertex -8.759136 -24.480146 21.000000
  endloop
endfacet
facet normal -0.266712 -0.963776 0.000000
  outer loop
    vertex -6.317485 -25.220812 0.000000
    vertex -6.317485 -25.220812 21.000000
    vertex -7.547401 -24.880449 21.000000
  endloop
endfacet
facet normal 0.615231 0.788347 0.000000
  outer loop
    vertex -12.286298 -16.566154 3.000000
    vertex -13.084361 -15.943340 19.000000
    vertex -12.286298 -16.566154 19.000000
  endloop
endfacet
facet normal 0.575809 0.817584 0.000000
  outer loop
    vertex -11.458636 -17.149061 3.000000
    vertex -12.286298 -16.566154 19.000000
    vertex -11.458636 -17.149061 19.000000
  endloop
endfacet
facet normal 0.492899 0.870087 0.000000
  outer loop
    vertex -9.722558 -18.189627 3.000000
    vertex -10.603369 -17.690653 19.000000
    vertex -9.722558 -18.189627 19.000000
  endloop
endfacet
facet normal 0.534997 0.844854 0.000000
  outer loop
    vertex -10.603369 -17.690653 3.000000
    vertex -11.458636 -17.149061 19.000000
    vertex -10.603369 -17.690653 19.000000
  endloop
endfacet
facet normal 0.449611 0.893225 0.000000
  outer loop
    vertex -8.818324 -18.644779 3.000000
    vertex -9.722558 -18.189627 19.000000
    vertex -8.818324 -18.644779 19.000000
  endloop
endfacet
facet normal 0.405241 0.914210 0.000000
  outer loop
    vertex -7.892846 -19.055016 3.000000
    vertex -8.818324 -18.644779 19.000000
    vertex -7.892846 -19.055016 19.000000
  endloop
endfacet
facet normal 0.359895 0.932993 0.000000
  outer loop
    vertex -6.948353 -19.419346 3.000000
    vertex -7.892846 -19.055016 19.000000
    vertex -6.948353 -19.419346 19.000000
  endloop
endfacet
facet normal -0.219102 -0.975702 0.000000
  outer loop
    vertex -5.072349 -25.500418 0.000000
    vertex -5.072349 -25.500418 21.000000
    vertex -6.317485 -25.220812 21.000000
  endloop
endfacet
facet normal -0.170962 -0.985278 0.000000
  outer loop
    vertex -3.814992 -25.718590 0.000000
    vertex -3.814992 -25.718590 21.000000
    vertex -5.072349 -25.500418 21.000000
  endloop
endfacet
facet normal 0.313682 0.949528 0.000000
  outer loop
    vertex -5.987122 -19.736895 3.000000
    vertex -6.948353 -19.419346 19.000000
    vertex -5.987122 -19.736895 19.000000
  endloop
endfacet
facet normal 0.266713 0.963776 0.000000
  outer loop
    vertex -5.011466 -20.006895 3.000000
    vertex -5.987122 -19.736895 19.000000
    vertex -5.011466 -20.006895 19.000000
  endloop
endfacet
facet normal 0.219101 0.975702 0.000000
  outer loop
    vertex -4.023738 -20.228697 3.000000
    vertex -5.011466 -20.006895 19.000000
    vertex -4.023738 -20.228697 19.000000
  endloop
endfacet
facet normal 0.170962 0.985278 0.000000
  outer loop
    vertex -3.026316 -20.401766 3.000000
    vertex -4.023738 -20.228697 19.000000
    vertex -3.026316 -20.401766 19.000000
  endloop
endfacet
facet normal -0.122411 -0.992480 0.000000
  outer loop
    vertex -2.548446 -25.874804 0.000000
    vertex -2.548446 -25.874804 21.000000
    vertex -3.814992 -25.718590 21.000000
  endloop
endfacet
facet normal -0.073564 -0.997291 0.000000
  outer loop
    vertex -1.275760 -25.968681 0.000000
    vertex -1.275760 -25.968681 21.000000
    vertex -2.548446 -25.874804 21.000000
  endloop
endfacet
facet normal -0.024542 -0.999699 -0.000000
  outer loop
    vertex -0.000000 -26.000000 0.000000
    vertex -0.000000 -26.000000 21.000000
    vertex -1.275760 -25.968681 21.000000
  endloop
endfacet
facet normal 0.122410 0.992480 0.000000
  outer loop
    vertex -2.021604 -20.525684 3.000000
    vertex -3.026316 -20.401766 19.000000
    vertex -2.021604 -20.525684 19.000000
  endloop
endfacet
facet normal 0.073566 0.997290 0.000000
  outer loop
    vertex -1.012021 -20.600157 3.000000
    vertex -2.021604 -20.525684 19.000000
    vertex -1.012021 -20.600157 19.000000
  endloop
endfacet
facet normal 0.024541 0.999699 0.000000
  outer loop
    vertex -0.000000 -20.625000 3.000000
    vertex -1.012021 -20.600157 19.000000
    vertex -0.000000 -20.625000 19.000000
  endloop
endfacet
facet normal -0.000000 0.000000 1.000000
  outer loop
    vertex -16.494225 -20.098272 21.000000
    vertex -15.488182 -20.883396 21.000000
    vertex -2.777851 -4.157348 21.000000
  endloop
endfacet
facet normal 0.000000 -0.000000 1.000000
  outer loop
    vertex -16.494225 -20.098272 21.000000
    vertex -2.978497 -4.016037 21.000000
    vertex -17.460533 -19.264729 21.000000
  endloop
endfacet
facet normal -0.000000 0.000000 1.000000
  outer loop
    vertex -15.488182 -20.883396 21.000000
    vertex -14.444826 -21.618210 21.000000
    vertex -2.777851 -4.157348 21.000000
  endloop
endfacet
facet normal -0.000000 0.000000 1.000000
  outer loop
    vertex -14.444826 -21.618210 21.000000
    vertex -13.366672 -22.300943 21.000000
    vertex -2.777851 -4.157348 21.000000
  endloop
endfacet
facet normal -0.000000 0.000000 1.000000
  outer loop
    vertex -13.366672 -22.300943 21.000000
    vertex -12.256315 -22.929953 21.000000
    vertex -2.356984 -4.409606 21.000000
  endloop
endfacet
facet normal -0.000000 0.000000 1.000000
  outer loop
    vertex -12.256315 -22.929953 21.000000
    vertex -11.116432 -23.503721 21.000000
    vertex -2.356984 -4.409606 21.000000
  endloop
endfacet
facet normal -0.000000 0.000000 1.000000
  outer loop
    vertex -11.116432 -23.503721 21.000000
    vertex -9.949769 -24.020868 21.000000
    vertex -1.684449 -4.707720 21.000000
  endloop
endfacet
facet normal -0.000000 0.000000 1.000000
  outer loop
    vertex -9.949769 -24.020868 21.000000
    vertex -8.759136 -24.480146 21.000000
    vertex -1.451423 -4.784702 21.000000
  endloop
endfacet
facet normal 0.000000 -0.000000 -1.000000
  outer loop
    vertex -10.603369 -17.690653 19.000000
    vertex -2.570514 -4.288643 19.000000
    vertex -9.722558 -18.189627 19.000000
  endloop
endfacet
facet normal 0.000000 -0.000000 -1.000000
  outer loop
    vertex -9.722558 -18.189627 19.000000
    vertex -2.356984 -4.409606 19.000000
    vertex -8.818324 -18.644779 19.000000
  endloop
endfacet
facet normal -0.000000 0.000000 1.000000
  outer loop
    vertex -8.759136 -24.480146 21.000000
    vertex -7.547401 -24.880449 21.000000
    vertex -1.214901 -4.850156 21.000000
  endloop
endfacet
facet normal -0.000000 0.000000 1.000000
  outer loop
    vertex -7.547401 -24.880449 21.000000
    vertex -6.317485 -25.220812 21.000000
    vertex -1.214901 -4.850156 21.000000
  endloop
endfacet
facet normal -0.000000 0.000000 1.000000
  outer loop
    vertex -6.317485 -25.220812 21.000000
    vertex -5.072349 -25.500418 21.000000
    vertex -1.214901 -4.850156 21.000000
  endloop
endfacet
facet normal 0.000000 -0.000000 -1.000000
  outer loop
    vertex -8.818324 -18.644779 19.000000
    vertex -2.137775 -4.519947 19.000000
    vertex -7.892846 -19.055016 19.000000
  endloop
endfacet
facet normal 0.000000 -0.000000 -1.000000
  outer loop
    vertex -7.892846 -19.055016 19.000000
    vertex -1.913417 -4.619398 19.000000
    vertex -6.948353 -19.419346 19.000000
  endloop
endfacet
facet normal 0.000000 -0.000000 -1.000000
  outer loop
    vertex -5.987122 -19.736895 19.000000
    vertex -1.451423 -4.784702 19.000000
    vertex -5.011466 -20.006895 19.000000
  endloop
endfacet
facet normal 0.000000 -0.000000 -1.000000
  outer loop
    vertex -5.011466 -20.006895 19.000000
    vertex -1.214901 -4.850156 19.000000
    vertex -4.023738 -20.228697 19.000000
  endloop
endfacet
facet normal 0.000000 -0.000000 -1.000000
  outer loop
    vertex -6.948353 -19.419346 19.000000
    vertex -1.684449 -4.707720 19.000000
    vertex -5.987122 -19.736895 19.000000
  endloop
endfacet
facet normal -0.000000 0.000000 1.000000
  outer loop
    vertex -5.072349 -25.500418 21.000000
    vertex -3.814992 -25.718590 21.000000
    vertex -0.490086 -4.975924 21.000000
  endloop
endfacet
facet normal -0.000000 0.000000 1.000000
  outer loop
    vertex -3.814992 -25.718590 21.000000
    vertex -2.548446 -25.874804 21.000000
    vertex -0.490086 -4.975924 21.000000
  endloop
endfacet
facet normal -0.000000 0.000000 1.000000
  outer loop
    vertex -2.548446 -25.874804 21.000000
    vertex -1.275760 -25.968681 21.000000
    vertex -0.245338 -4.993977 21.000000
  endloop
endfacet
facet normal -0.000000 -0.000000 1.000000
  outer loop
    vertex -1.275760 -25.968681 21.000000
    vertex -0.000000 -26.000000 21.000000
    vertex -0.124356 -5.267949 21.000000
  endloop
endfacet
facet normal 0.000000 -0.000000 -1.000000
  outer loop
    vertex -4.023738 -20.228697 19.000000
    vertex -0.975452 -4.903926 19.000000
    vertex -3.026316 -20.401766 19.000000
  endloop
endfacet
facet normal 0.000000 -0.000000 -1.000000
  outer loop
    vertex -3.026316 -20.401766 19.000000
    vertex -0.733652 -4.945882 19.000000
    vertex -2.021604 -20.525684 19.000000
  endloop
endfacet
facet normal 0.000000 -0.000000 -1.000000
  outer loop
    vertex -2.021604 -20.525684 19.000000
    vertex -0.490086 -4.975924 19.000000
    vertex -1.012021 -20.600157 19.000000
  endloop
endfacet
facet normal 0.000000 -0.000000 -1.000000
  outer loop
    vertex -15.943340 -13.084361 19.000000
    vertex -3.865052 -3.171966 19.000000
    vertex -15.282117 -13.850904 19.000000
  endloop
endfacet
facet normal 0.000000 -0.000000 -1.000000
  outer loop
    vertex -13.850904 -15.282117 19.000000
    vertex -3.357795 -3.704756 19.000000
    vertex -13.084361 -15.943340 19.000000
  endloop
endfacet
facet normal 0.000000 -0.000000 -1.000000
  outer loop
    vertex -15.282117 -13.850904 19.000000
    vertex -3.535534 -3.535534 19.000000
    vertex -14.584078 -14.584078 19.000000
  endloop
endfacet
facet normal 0.000000 0.000000 -1.000000
  outer loop
    vertex -13.850904 -15.282117 19.000000
    vertex -14.584078 -14.584078 19.000000
    vertex -3.535534 -3.535534 19.000000
  endloop
endfacet
facet normal 0.000000 -0.000000 -1.000000
  outer loop
    vertex -17.149061 -11.458636 19.000000
    vertex -4.157348 -2.777851 19.000000
    vertex -16.566154 -12.286298 19.000000
  endloop
endfacet
facet normal 0.000000 0.000000 -1.000000
  outer loop
    vertex -17.149061 -11.458636 19.000000
    vertex -17.690653 -10.603369 19.000000
    vertex -4.157348 -2.777851 19.000000
  endloop
endfacet
facet normal 0.000000 0.000000 -1.000000
  outer loop
    vertex -15.943340 -13.084361 19.000000
    vertex -16.566154 -12.286298 19.000000
    vertex -3.865052 -3.171966 19.000000
  endloop
endfacet
facet normal 0.000000 -0.000000 -1.000000
  outer loop
    vertex -13.084361 -15.943340 19.000000
    vertex -3.171966 -3.865052 19.000000
    vertex -12.286298 -16.566154 19.000000
  endloop
endfacet
facet normal 0.000000 -0.000000 -1.000000
  outer loop
    vertex -12.286298 -16.566154 19.000000
    vertex -2.978497 -4.016037 19.000000
    vertex -11.458636 -17.149061 19.000000
  endloop
endfacet
facet normal 0.000000 -0.000000 -1.000000
  outer loop
    vertex -11.458636 -17.149061 19.000000
    vertex -2.777851 -4.157348 19.000000
    vertex -10.603369 -17.690653 19.000000
  endloop
endfacet
facet normal 0.000000 0.000000 -1.000000
  outer loop
    vertex -15.282117 -13.850904 19.000000
    vertex -3.704756 -3.357795 19.000000
    vertex -3.535534 -3.535534 19.000000
  endloop
endfacet
facet normal 0.000000 0.000000 -1.000000
  outer loop
    vertex -15.282117 -13.850904 19.000000
    vertex -3.865052 -3.171966 19.000000
    vertex -3.704756 -3.357795 19.000000
  endloop
endfacet
facet normal 0.000000 0.000000 -1.000000
  outer loop
    vertex -13.850904 -15.282117 19.000000
    vertex -3.535534 -3.535534 19.000000
    vertex -3.357795 -3.704756 19.000000
  endloop
endfacet
facet normal 0.000000 0.000000 -1.000000
  outer loop
    vertex -13.084361 -15.943340 19.000000
    vertex -3.357795 -3.704756 19.000000
    vertex -3.171966 -3.865052 19.000000
  endloop
endfacet
facet normal 0.000000 -0.000000 1.000000
  outer loop
    vertex -20.098272 -16.494225 21.000000
    vertex -3.865052 -3.171966 21.000000
    vertex -4.016037 -2.978497 21.000000
  endloop
endfacet
facet normal 0.000000 -0.000000 1.000000
  outer loop
    vertex -20.098272 -16.494225 21.000000
    vertex -3.704756 -3.357795 21.000000
    vertex -3.865052 -3.171966 21.000000
  endloop
endfacet
facet normal 0.000000 -0.000000 1.000000
  outer loop
    vertex -19.264729 -17.460533 21.000000
    vertex -3.535534 -3.535534 21.000000
    vertex -3.704756 -3.357795 21.000000
  endloop
endfacet
facet normal 0.000000 -0.000000 1.000000
  outer loop
    vertex -17.460533 -19.264729 21.000000
    vertex -3.171966 -3.865052 21.000000
    vertex -3.357795 -3.704756 21.000000
  endloop
endfacet
facet normal 0.000000 -0.000000 1.000000
  outer loop
    vertex -17.460533 -19.264729 21.000000
    vertex -2.978497 -4.016037 21.000000
    vertex -3.171966 -3.865052 21.000000
  endloop
endfacet
facet normal 0.000000 -0.000000 1.000000
  outer loop
    vertex -16.494225 -20.098272 21.000000
    vertex -2.777851 -4.157348 21.000000
    vertex -2.978497 -4.016037 21.000000
  endloop
endfacet
facet normal 0.000000 -0.000000 1.000000
  outer loop
    vertex -17.460533 -19.264729 21.000000
    vertex -3.357795 -3.704756 21.000000
    vertex -3.535534 -3.535534 21.000000
  endloop
endfacet
facet normal 0.000000 -0.000000 1.000000
  outer loop
    vertex -23.503721 -11.116432 21.000000
    vertex -4.288643 -2.570514 21.000000
    vertex -4.409606 -2.356984 21.000000
  endloop
endfacet
facet normal 0.000000 -0.000000 1.000000
  outer loop
    vertex -22.300943 -13.366672 21.000000
    vertex -4.016037 -2.978497 21.000000
    vertex -4.157348 -2.777851 21.000000
  endloop
endfacet
facet normal 0.000000 -0.000000 1.000000
  outer loop
    vertex -22.300943 -13.366672 21.000000
    vertex -4.157348 -2.777851 21.000000
    vertex -4.288643 -2.570514 21.000000
  endloop
endfacet
facet normal 0.000000 -0.000000 1.000000
  outer loop
    vertex -24.020868 -9.949769 21.000000
    vertex -4.409606 -2.356984 21.000000
    vertex -4.519947 -2.137775 21.000000
  endloop
endfacet
facet normal 0.000000 -0.000000 1.000000
  outer loop
    vertex -24.020868 -9.949769 21.000000
    vertex -4.619398 -1.913417 21.000000
    vertex -4.707720 -1.684449 21.000000
  endloop
endfacet
facet normal 0.000000 -0.000000 1.000000
  outer loop
    vertex -24.020868 -9.949769 21.000000
    vertex -4.519947 -2.137775 21.000000
    vertex -4.619398 -1.913417 21.000000
  endloop
endfacet
facet normal 0.000000 -0.000000 1.000000
  outer loop
    vertex -24.480146 -8.759136 21.000000
    vertex -4.707720 -1.684449 21.000000
    vertex -4.784702 -1.451423 21.000000
  endloop
endfacet
facet normal 0.000000 0.000000 -1.000000
  outer loop
    vertex -20.006895 -5.011466 19.000000
    vertex -4.850156 -1.214901 19.000000
    vertex -4.784702 -1.451423 19.000000
  endloop
endfacet
facet normal 0.000000 0.000000 -1.000000
  outer loop
    vertex -20.006895 -5.011466 19.000000
    vertex -4.903926 -0.975452 19.000000
    vertex -4.850156 -1.214901 19.000000
  endloop
endfacet
facet normal 0.000000 0.000000 -1.000000
  outer loop
    vertex -20.228697 -4.023738 19.000000
    vertex -4.945882 -0.733652 19.000000
    vertex -4.903926 -0.975452 19.000000
  endloop
endfacet
facet normal 0.000000 0.000000 -1.000000
  outer loop
    vertex -20.401766 -3.026316 19.000000
    vertex -4.975924 -0.490086 19.000000
    vertex -4.945882 -0.733652 19.000000
  endloop
endfacet
facet normal 0.000000 0.000000 -1.000000
  outer loop
    vertex -20.600157 -1.012021 19.000000
    vertex -4.993977 -0.245338 19.000000
    vertex -4.975924 -0.490086 19.000000
  endloop
endfacet
facet normal 0.000000 0.000000 -1.000000
  outer loop
    vertex -20.600157 -1.012021 19.000000
    vertex -5.000000 0.000000 19.000000
    vertex -4.993977 -0.245338 19.000000
  endloop
endfacet
facet normal 0.000000 -0.000000 1.000000
  outer loop
    vertex -25.500418 -5.072349 21.000000
    vertex -4.784702 -1.451423 21.000000
    vertex -4.850156 -1.214901 21.000000
  endloop
endfacet
facet normal 0.000000 -0.000000 1.000000
  outer loop
    vertex -25.718590 -3.814992 21.000000
    vertex -4.850156 -1.214901 21.000000
    vertex -4.903926 -0.975452 21.000000
  endloop
endfacet
facet normal 0.000000 -0.000000 1.000000
  outer loop
    vertex -25.718590 -3.814992 21.000000
    vertex -4.903926 -0.975452 21.000000
    vertex -4.945882 -0.733652 21.000000
  endloop
endfacet
facet normal 0.000000 -0.000000 1.000000
  outer loop
    vertex -25.874804 -2.548446 21.000000
    vertex -4.945882 -0.733652 21.000000
    vertex -4.975924 -0.490086 21.000000
  endloop
endfacet
facet normal 0.000000 -0.000000 1.000000
  outer loop
    vertex -25.968681 -1.275760 21.000000
    vertex -4.975924 -0.490086 21.000000
    vertex -4.993977 -0.245338 21.000000
  endloop
endfacet
facet normal 0.000000 0.000000 1.000000
  outer loop
    vertex -4.993977 -0.245338 21.000000
    vertex -5.000000 0.000000 21.000000
    vertex -26.000000 0.000000 21.000000
  endloop
endfacet
facet normal 0.000000 0.000000 -1.000000
  outer loop
    vertex -16.566154 -12.286298 19.000000
    vertex -4.016037 -2.978497 19.000000
    vertex -3.865052 -3.171966 19.000000
  endloop
endfacet
facet normal 0.000000 0.000000 -1.000000
  outer loop
    vertex -16.566154 -12.286298 19.000000
    vertex -4.157348 -2.777851 19.000000
    vertex -4.016037 -2.978497 19.000000
  endloop
endfacet
facet normal 0.000000 0.000000 -1.000000
  outer loop
    vertex -17.690653 -10.603369 19.000000
    vertex -4.288643 -2.570514 19.000000
    vertex -4.157348 -2.777851 19.000000
  endloop
endfacet
facet normal 0.000000 0.000000 -1.000000
  outer loop
    vertex -17.690653 -10.603369 19.000000
    vertex -4.409606 -2.356984 19.000000
    vertex -4.288643 -2.570514 19.000000
  endloop
endfacet
facet normal 0.000000 0.000000 -1.000000
  outer loop
    vertex -18.644779 -8.818324 19.000000
    vertex -4.519947 -2.137775 19.000000
    vertex -4.409606 -2.356984 19.000000
  endloop
endfacet
facet normal 0.000000 0.000000 -1.000000
  outer loop
    vertex -19.055016 -7.892846 19.000000
    vertex -4.619398 -1.913417 19.000000
    vertex -4.519947 -2.137775 19.000000
  endloop
endfacet
facet normal 0.000000 0.000000 -1.000000
  outer loop
    vertex -19.055016 -7.892846 19.000000
    vertex -4.707720 -1.684449 19.000000
    vertex -4.619398 -1.913417 19.000000
  endloop
endfacet
facet normal 0.000000 0.000000 -1.000000
  outer loop
    vertex -19.419346 -6.948353 19.000000
    vertex -4.784702 -1.451423 19.000000
    vertex -4.707720 -1.684449 19.000000
  endloop
endfacet
facet normal 0.000000 -0.000000 1.000000
  outer loop
    vertex -13.366672 -22.300943 21.000000
    vertex -2.570514 -4.288643 21.000000
    vertex -2.777851 -4.157348 21.000000
  endloop
endfacet
facet normal 0.000000 -0.000000 1.000000
  outer loop
    vertex -13.366672 -22.300943 21.000000
    vertex -2.356984 -4.409606 21.000000
    vertex -2.570514 -4.288643 21.000000
  endloop
endfacet
facet normal 0.000000 -0.000000 1.000000
  outer loop
    vertex -11.116432 -23.503721 21.000000
    vertex -2.137775 -4.519947 21.000000
    vertex -2.356984 -4.409606 21.000000
  endloop
endfacet
facet normal 0.000000 -0.000000 1.000000
  outer loop
    vertex -11.116432 -23.503721 21.000000
    vertex -1.913417 -4.619398 21.000000
    vertex -2.137775 -4.519947 21.000000
  endloop
endfacet
facet normal 0.000000 -0.000000 1.000000
  outer loop
    vertex -11.116432 -23.503721 21.000000
    vertex -1.684449 -4.707720 21.000000
    vertex -1.913417 -4.619398 21.000000
  endloop
endfacet
facet normal 0.000000 -0.000000 1.000000
  outer loop
    vertex -9.949769 -24.020868 21.000000
    vertex -1.451423 -4.784702 21.000000
    vertex -1.684449 -4.707720 21.000000
  endloop
endfacet
facet normal 0.000000 -0.000000 1.000000
  outer loop
    vertex -8.759136 -24.480146 21.000000
    vertex -1.214901 -4.850156 21.000000
    vertex -1.451423 -4.784702 21.000000
  endloop
endfacet
facet normal 0.000000 0.000000 -1.000000
  outer loop
    vertex -12.286298 -16.566154 19.000000
    vertex -3.171966 -3.865052 19.000000
    vertex -2.978497 -4.016037 19.000000
  endloop
endfacet
facet normal 0.000000 0.000000 -1.000000
  outer loop
    vertex -11.458636 -17.149061 19.000000
    vertex -2.978497 -4.016037 19.000000
    vertex -2.777851 -4.157348 19.000000
  endloop
endfacet
facet normal 0.000000 0.000000 -1.000000
  outer loop
    vertex -9.722558 -18.189627 19.000000
    vertex -2.570514 -4.288643 19.000000
    vertex -2.356984 -4.409606 19.000000
  endloop
endfacet
facet normal 0.000000 0.000000 -1.000000
  outer loop
    vertex -10.603369 -17.690653 19.000000
    vertex -2.777851 -4.157348 19.000000
    vertex -2.570514 -4.288643 19.000000
  endloop
endfacet
facet normal 0.000000 0.000000 -1.000000
  outer loop
    vertex -8.818324 -18.644779 19.000000
    vertex -2.356984 -4.409606 19.000000
    vertex -2.137775 -4.519947 19.000000
  endloop
endfacet
facet normal 0.000000 0.000000 -1.000000
  outer loop
    vertex -7.892846 -19.055016 19.000000
    vertex -2.137775 -4.519947 19.000000
    vertex -1.913417 -4.619398 19.000000
  endloop
endfacet
facet normal 0.000000 0.000000 -1.000000
  outer loop
    vertex -6.948353 -19.419346 19.000000
    vertex -1.913417 -4.619398 19.000000
    vertex -1.684449 -4.707720 19.000000
  endloop
endfacet
facet normal 0.000000 0.000000 -1.000000
  outer loop
    vertex -5.011466 -20.006895 19.000000
    vertex -1.451423 -4.784702 19.000000
    vertex -1.214901 -4.850156 19.000000
  endloop
endfacet
facet normal 0.000000 0.000000 -1.000000
  outer loop
    vertex -4.023738 -20.228697 19.000000
    vertex -1.214901 -4.850156 19.000000
    vertex -0.975452 -4.903926 19.000000
  endloop
endfacet
facet normal 0.000000 0.000000 -1.000000
  outer loop
    vertex -3.026316 -20.401766 19.000000
    vertex -0.975452 -4.903926 19.000000
    vertex -0.733652 -4.945882 19.000000
  endloop
endfacet
facet normal 0.000000 0.000000 -1.000000
  outer loop
    vertex -2.021604 -20.525684 19.000000
    vertex -0.733652 -4.945882 19.000000
    vertex -0.490086 -4.975924 19.000000
  endloop
endfacet
facet normal 0.000000 0.000000 -1.000000
  outer loop
    vertex -1.012021 -20.600157 19.000000
    vertex -0.490086 -4.975924 19.000000
    vertex -0.245338 -4.993977 19.000000
  endloop
endfacet
facet normal 0.000000 0.000000 -1.000000
  outer loop
    vertex -1.012021 -20.600157 19.000000
    vertex -0.245338 -4.993977 19.000000
    vertex -0.124356 -5.267949 19.000000
  endloop
endfacet
facet normal 0.000000 -0.000000 1.000000
  outer loop
    vertex -5.072349 -25.500418 21.000000
    vertex -0.733652 -4.945882 21.000000
    vertex -0.975452 -4.903926 21.000000
  endloop
endfacet
facet normal 0.000000 -0.000000 1.000000
  outer loop
    vertex -5.072349 -25.500418 21.000000
    vertex -0.490086 -4.975924 21.000000
    vertex -0.733652 -4.945882 21.000000
  endloop
endfacet
facet normal 0.000000 -0.000000 1.000000
  outer loop
    vertex -5.072349 -25.500418 21.000000
    vertex -0.975452 -4.903926 21.000000
    vertex -1.214901 -4.850156 21.000000
  endloop
endfacet
facet normal 0.000000 -0.000000 1.000000
  outer loop
    vertex -2.548446 -25.874804 21.000000
    vertex -0.245338 -4.993977 21.000000
    vertex -0.490086 -4.975924 21.000000
  endloop
endfacet
facet normal 0.000000 -0.000000 1.000000
  outer loop
    vertex -1.275760 -25.968681 21.000000
    vertex -0.124356 -5.267949 21.000000
    vertex -0.245338 -4.993977 21.000000
  endloop
endfacet
facet normal 0.000000 0.000000 -1.000000
  outer loop
    vertex -5.987122 -19.736895 19.000000
    vertex -1.684449 -4.707720 19.000000
    vertex -1.451423 -4.784702 19.000000
  endloop
endfacet
facet normal 0.757209 0.653173 0.000000
  outer loop
    vertex -3.704756 -3.357795 19.000000
    vertex -3.865052 -3.171966 19.000000
    vertex -3.704756 -3.357795 21.000000
  endloop
endfacet
facet normal 0.724247 0.689540 0.000000
  outer loop
    vertex -3.704756 -3.357795 19.000000
    vertex -3.535534 -3.535534 21.000000
    vertex -3.535534 -3.535534 19.000000
  endloop
endfacet
facet normal 0.689540 0.724247 0.000000
  outer loop
    vertex -3.357795 -3.704756 19.000000
    vertex -3.535534 -3.535534 19.000000
    vertex -3.357795 -3.704756 21.000000
  endloop
endfacet
facet normal 0.653173 0.757209 -0.000000
  outer loop
    vertex -3.357795 -3.704756 19.000000
    vertex -3.357795 -3.704756 21.000000
    vertex -3.171966 -3.865052 21.000000
  endloop
endfacet
facet normal 0.689540 0.724247 -0.000000
  outer loop
    vertex -3.535534 -3.535534 19.000000
    vertex -3.535534 -3.535534 21.000000
    vertex -3.357795 -3.704756 21.000000
  endloop
endfacet
facet normal 0.724247 0.689540 -0.000000
  outer loop
    vertex -3.704756 -3.357795 19.000000
    vertex -3.704756 -3.357795 21.000000
    vertex -3.535534 -3.535534 21.000000
  endloop
endfacet
facet normal 0.985278 0.170961 0.000000
  outer loop
    vertex -4.903926 -0.975452 19.000000
    vertex -4.945882 -0.733652 19.000000
    vertex -4.903926 -0.975452 21.000000
  endloop
endfacet
facet normal 0.992479 0.122411 0.000000
  outer loop
    vertex -4.945882 -0.733652 19.000000
    vertex -4.975924 -0.490086 19.000000
    vertex -4.945882 -0.733652 21.000000
  endloop
endfacet
facet normal 0.997290 0.073564 0.000000
  outer loop
    vertex -4.975924 -0.490086 19.000000
    vertex -4.993977 -0.245338 19.000000
    vertex -4.975924 -0.490086 21.000000
  endloop
endfacet
facet normal 0.999699 0.024542 0.000000
  outer loop
    vertex -4.993977 -0.245338 19.000000
    vertex -5.000000 0.000000 19.000000
    vertex -4.993977 -0.245338 21.000000
  endloop
endfacet
facet normal 0.817584 0.575809 0.000000
  outer loop
    vertex -4.157348 -2.777851 19.000000
    vertex -4.016037 -2.978497 21.000000
    vertex -4.016037 -2.978497 19.000000
  endloop
endfacet
facet normal 0.870086 0.492899 0.000000
  outer loop
    vertex -4.288643 -2.570514 19.000000
    vertex -4.409606 -2.356984 19.000000
    vertex -4.288643 -2.570514 21.000000
  endloop
endfacet
facet normal 0.844854 0.534997 0.000000
  outer loop
    vertex -4.288643 -2.570514 19.000000
    vertex -4.157348 -2.777851 21.000000
    vertex -4.157348 -2.777851 19.000000
  endloop
endfacet
facet normal 0.914210 0.405241 0.000000
  outer loop
    vertex -4.519947 -2.137775 19.000000
    vertex -4.619398 -1.913417 19.000000
    vertex -4.519947 -2.137775 21.000000
  endloop
endfacet
facet normal 0.932993 0.359895 0.000000
  outer loop
    vertex -4.707720 -1.684449 19.000000
    vertex -4.619398 -1.913417 21.000000
    vertex -4.619398 -1.913417 19.000000
  endloop
endfacet
facet normal 0.893224 0.449611 0.000000
  outer loop
    vertex -4.519947 -2.137775 19.000000
    vertex -4.409606 -2.356984 21.000000
    vertex -4.409606 -2.356984 19.000000
  endloop
endfacet
facet normal 0.788347 0.615231 0.000000
  outer loop
    vertex -3.865052 -3.171966 19.000000
    vertex -4.016037 -2.978497 19.000000
    vertex -3.865052 -3.171966 21.000000
  endloop
endfacet
facet normal 0.949528 0.313682 0.000000
  outer loop
    vertex -4.707720 -1.684449 19.000000
    vertex -4.784702 -1.451423 19.000000
    vertex -4.707720 -1.684449 21.000000
  endloop
endfacet
facet normal 0.963776 0.266712 0.000000
  outer loop
    vertex -4.784702 -1.451423 19.000000
    vertex -4.850156 -1.214901 19.000000
    vertex -4.784702 -1.451423 21.000000
  endloop
endfacet
facet normal 0.975702 0.219101 0.000000
  outer loop
    vertex -4.903926 -0.975452 19.000000
    vertex -4.850156 -1.214901 21.000000
    vertex -4.850156 -1.214901 19.000000
  endloop
endfacet
facet normal 0.975702 0.219101 -0.000000
  outer loop
    vertex -4.903926 -0.975452 19.000000
    vertex -4.903926 -0.975452 21.000000
    vertex -4.850156 -1.214901 21.000000
  endloop
endfacet
facet normal 0.985278 0.170961 -0.000000
  outer loop
    vertex -4.945882 -0.733652 19.000000
    vertex -4.945882 -0.733652 21.000000
    vertex -4.903926 -0.975452 21.000000
  endloop
endfacet
facet normal 0.992479 0.122411 -0.000000
  outer loop
    vertex -4.975924 -0.490086 19.000000
    vertex -4.975924 -0.490086 21.000000
    vertex -4.945882 -0.733652 21.000000
  endloop
endfacet
facet normal 0.997290 0.073564 -0.000000
  outer loop
    vertex -4.993977 -0.245338 19.000000
    vertex -4.993977 -0.245338 21.000000
    vertex -4.975924 -0.490086 21.000000
  endloop
endfacet
facet normal 0.999699 0.024542 -0.000000
  outer loop
    vertex -4.993977 -0.245338 21.000000
    vertex -5.000000 0.000000 19.000000
    vertex -5.000000 0.000000 21.000000
  endloop
endfacet
facet normal 0.817584 0.575809 -0.000000
  outer loop
    vertex -4.157348 -2.777851 19.000000
    vertex -4.157348 -2.777851 21.000000
    vertex -4.016037 -2.978497 21.000000
  endloop
endfacet
facet normal 0.844854 0.534997 -0.000000
  outer loop
    vertex -4.288643 -2.570514 19.000000
    vertex -4.288643 -2.570514 21.000000
    vertex -4.157348 -2.777851 21.000000
  endloop
endfacet
facet normal 0.893224 0.449611 -0.000000
  outer loop
    vertex -4.519947 -2.137775 19.000000
    vertex -4.519947 -2.137775 21.000000
    vertex -4.409606 -2.356984 21.000000
  endloop
endfacet
facet normal 0.932993 0.359895 -0.000000
  outer loop
    vertex -4.707720 -1.684449 19.000000
    vertex -4.707720 -1.684449 21.000000
    vertex -4.619398 -1.913417 21.000000
  endloop
endfacet
facet normal 0.914210 0.405241 -0.000000
  outer loop
    vertex -4.619398 -1.913417 19.000000
    vertex -4.619398 -1.913417 21.000000
    vertex -4.519947 -2.137775 21.000000
  endloop
endfacet
facet normal 0.870086 0.492899 -0.000000
  outer loop
    vertex -4.409606 -2.356984 19.000000
    vertex -4.409606 -2.356984 21.000000
    vertex -4.288643 -2.570514 21.000000
  endloop
endfacet
facet normal 0.788347 0.615231 -0.000000
  outer loop
    vertex -4.016037 -2.978497 19.000000
    vertex -4.016037 -2.978497 21.000000
    vertex -3.865052 -3.171966 21.000000
  endloop
endfacet
facet normal 0.757209 0.653173 -0.000000
  outer loop
    vertex -3.704756 -3.357795 21.000000
    vertex -3.865052 -3.171966 19.000000
    vertex -3.865052 -3.171966 21.000000
  endloop
endfacet
facet normal 0.949528 0.313682 -0.000000
  outer loop
    vertex -4.784702 -1.451423 19.000000
    vertex -4.784702 -1.451423 21.000000
    vertex -4.707720 -1.684449 21.000000
  endloop
endfacet
facet normal 0.963776 0.266712 -0.000000
  outer loop
    vertex -4.850156 -1.214901 19.000000
    vertex -4.850156 -1.214901 21.000000
    vertex -4.784702 -1.451423 21.000000
  endloop
endfacet
facet normal 0.575809 0.817584 0.000000
  outer loop
    vertex -2.777851 -4.157348 19.000000
    vertex -2.978497 -4.016037 19.000000
    vertex -2.777851 -4.157348 21.000000
  endloop
endfacet
facet normal 0.534997 0.844854 0.000000
  outer loop
    vertex -2.777851 -4.157348 19.000000
    vertex -2.570514 -4.288643 21.000000
    vertex -2.570514 -4.288643 19.000000
  endloop
endfacet
facet normal 0.653173 0.757209 0.000000
  outer loop
    vertex -3.357795 -3.704756 19.000000
    vertex -3.171966 -3.865052 21.000000
    vertex -3.171966 -3.865052 19.000000
  endloop
endfacet
facet normal 0.615231 0.788347 0.000000
  outer loop
    vertex -3.171966 -3.865052 19.000000
    vertex -2.978497 -4.016037 21.000000
    vertex -2.978497 -4.016037 19.000000
  endloop
endfacet
facet normal 0.449611 0.893224 0.000000
  outer loop
    vertex -2.137775 -4.519947 19.000000
    vertex -2.356984 -4.409606 19.000000
    vertex -2.137775 -4.519947 21.000000
  endloop
endfacet
facet normal 0.492899 0.870086 0.000000
  outer loop
    vertex -2.570514 -4.288643 19.000000
    vertex -2.356984 -4.409606 21.000000
    vertex -2.356984 -4.409606 19.000000
  endloop
endfacet
facet normal 0.405241 0.914210 0.000000
  outer loop
    vertex -2.137775 -4.519947 19.000000
    vertex -1.913417 -4.619398 21.000000
    vertex -1.913417 -4.619398 19.000000
  endloop
endfacet
facet normal 0.359895 0.932993 0.000000
  outer loop
    vertex -1.913417 -4.619398 19.000000
    vertex -1.684449 -4.707720 21.000000
    vertex -1.684449 -4.707720 19.000000
  endloop
endfacet
facet normal 0.000000 -0.000000 -1.000000
  outer loop
    vertex -0.245338 -4.993977 19.000000
    vertex -0.000000 -5.000000 19.000000
    vertex -0.124356 -5.267949 19.000000
  endloop
endfacet
facet normal 0.219101 0.975702 0.000000
  outer loop
    vertex -0.975452 -4.903926 19.000000
    vertex -1.214901 -4.850156 19.000000
    vertex -0.975452 -4.903926 21.000000
  endloop
endfacet
facet normal 0.170961 0.985278 0.000000
  outer loop
    vertex -0.975452 -4.903926 19.000000
    vertex -0.733652 -4.945882 21.000000
    vertex -0.733652 -4.945882 19.000000
  endloop
endfacet
facet normal 0.122411 0.992479 0.000000
  outer loop
    vertex -0.733652 -4.945882 19.000000
    vertex -0.490086 -4.975924 21.000000
    vertex -0.490086 -4.975924 19.000000
  endloop
endfacet
facet normal 0.073564 0.997290 0.000000
  outer loop
    vertex -0.490086 -4.975924 19.000000
    vertex -0.245338 -4.993977 21.000000
    vertex -0.245338 -4.993977 19.000000
  endloop
endfacet
facet normal 0.024542 0.999699 0.000000
  outer loop
    vertex -0.245338 -4.993977 19.000000
    vertex -0.000000 -5.000000 21.000000
    vertex -0.000000 -5.000000 19.000000
  endloop
endfacet
facet normal 0.313682 0.949528 0.000000
  outer loop
    vertex -1.684449 -4.707720 19.000000
    vertex -1.451423 -4.784702 21.000000
    vertex -1.451423 -4.784702 19.000000
  endloop
endfacet
facet normal 0.266712 0.963776 0.000000
  outer loop
    vertex -1.451423 -4.784702 19.000000
    vertex -1.214901 -4.850156 21.000000
    vertex -1.214901 -4.850156 19.000000
  endloop
endfacet
facet normal 0.575809 0.817584 -0.000000
  outer loop
    vertex -2.978497 -4.016037 19.000000
    vertex -2.978497 -4.016037 21.000000
    vertex -2.777851 -4.157348 21.000000
  endloop
endfacet
facet normal 0.534997 0.844854 -0.000000
  outer loop
    vertex -2.777851 -4.157348 19.000000
    vertex -2.777851 -4.157348 21.000000
    vertex -2.570514 -4.288643 21.000000
  endloop
endfacet
facet normal 0.492899 0.870086 -0.000000
  outer loop
    vertex -2.570514 -4.288643 19.000000
    vertex -2.570514 -4.288643 21.000000
    vertex -2.356984 -4.409606 21.000000
  endloop
endfacet
facet normal 0.615231 0.788347 -0.000000
  outer loop
    vertex -3.171966 -3.865052 19.000000
    vertex -3.171966 -3.865052 21.000000
    vertex -2.978497 -4.016037 21.000000
  endloop
endfacet
facet normal 0.405241 0.914210 -0.000000
  outer loop
    vertex -2.137775 -4.519947 19.000000
    vertex -2.137775 -4.519947 21.000000
    vertex -1.913417 -4.619398 21.000000
  endloop
endfacet
facet normal 0.449611 0.893224 -0.000000
  outer loop
    vertex -2.356984 -4.409606 19.000000
    vertex -2.356984 -4.409606 21.000000
    vertex -2.137775 -4.519947 21.000000
  endloop
endfacet
facet normal 0.359895 0.932993 -0.000000
  outer loop
    vertex -1.913417 -4.619398 19.000000
    vertex -1.913417 -4.619398 21.000000
    vertex -1.684449 -4.707720 21.000000
  endloop
endfacet
facet normal 0.170961 0.985278 -0.000000
  outer loop
    vertex -0.975452 -4.903926 19.000000
    vertex -0.975452 -4.903926 21.000000
    vertex -0.733652 -4.945882 21.000000
  endloop
endfacet
facet normal 0.122411 0.992479 -0.000000
  outer loop
    vertex -0.733652 -4.945882 19.000000
    vertex -0.733652 -4.945882 21.000000
    vertex -0.490086 -4.975924 21.000000
  endloop
endfacet
facet normal 0.073564 0.997290 -0.000000
  outer loop
    vertex -0.490086 -4.975924 19.000000
    vertex -0.490086 -4.975924 21.000000
    vertex -0.245338 -4.993977 21.000000
  endloop
endfacet
facet normal 0.024542 0.999699 -0.000000
  outer loop
    vertex -0.245338 -4.993977 19.000000
    vertex -0.245338 -4.993977 21.000000
    vertex -0.000000 -5.000000 21.000000
  endloop
endfacet
facet normal -0.000000 0.000000 1.000000
  outer loop
    vertex -0.245338 -4.993977 21.000000
    vertex -0.124356 -5.267949 21.000000
    vertex -0.000000 -5.000000 21.000000
  endloop
endfacet
facet normal 0.313682 0.949528 -0.000000
  outer loop
    vertex -1.684449 -4.707720 19.000000
    vertex -1.684449 -4.707720 21.000000
    vertex -1.451423 -4.784702 21.000000
  endloop
endfacet
facet normal 0.266712 0.963776 -0.000000
  outer loop
    vertex -1.451423 -4.784702 19.000000
    vertex -1.451423 -4.784702 21.000000
    vertex -1.214901 -4.850156 21.000000
  endloop
endfacet
facet normal 0.219101 0.975702 -0.000000
  outer loop
    vertex -1.214901 -4.850156 19.000000
    vertex -1.214901 -4.850156 21.000000
    vertex -0.975452 -4.903926 21.000000
  endloop
endfacet
facet normal 0.000000 0.000000 -1.000000
  outer loop
    vertex -26.000000 0.000000 0.000000
    vertex -25.968681 1.275760 0.000000
    vertex -5.000000 0.000000 0.000000
  endloop
endfacet
facet normal 0.000000 0.000000 -1.000000
  outer loop
    vertex -25.968681 1.275760 0.000000
    vertex -25.874804 2.548446 0.000000
    vertex -4.993977 0.245338 0.000000
  endloop
endfacet
facet normal 0.000000 0.000000 -1.000000
  outer loop
    vertex -25.874804 2.548446 0.000000
    vertex -25.718590 3.814992 0.000000
    vertex -4.975924 0.490086 0.000000
  endloop
endfacet
facet normal 0.000000 0.000000 -1.000000
  outer loop
    vertex -25.718590 3.814992 0.000000
    vertex -25.500418 5.072349 0.000000
    vertex -4.903926 0.975452 0.000000
  endloop
endfacet
facet normal 0.000000 0.000000 -1.000000
  outer loop
    vertex -25.500418 5.072349 0.000000
    vertex -25.220812 6.317485 0.000000
    vertex -4.850156 1.214901 0.000000
  endloop
endfacet
facet normal 0.000000 0.000000 -1.000000
  outer loop
    vertex -25.220812 6.317485 0.000000
    vertex -24.880449 7.547401 0.000000
    vertex -4.850156 1.214901 0.000000
  endloop
endfacet
facet normal 0.000000 0.000000 -1.000000
  outer loop
    vertex -24.880449 7.547401 0.000000
    vertex -24.480146 8.759136 0.000000
    vertex -4.784702 1.451423 0.000000
  endloop
endfacet
facet normal -0.000000 -0.000000 1.000000
  outer loop
    vertex -20.625000 0.000000 3.000000
    vertex -5.000000 0.000000 3.000000
    vertex -20.600157 1.012021 3.000000
  endloop
endfacet
facet normal -0.000000 -0.000000 1.000000
  outer loop
    vertex -20.600157 1.012021 3.000000
    vertex -4.975924 0.490086 3.000000
    vertex -20.525684 2.021604 3.000000
  endloop
endfacet
facet normal -0.000000 -0.000000 1.000000
  outer loop
    vertex -20.525684 2.021604 3.000000
    vertex -4.975924 0.490086 3.000000
    vertex -20.401766 3.026316 3.000000
  endloop
endfacet
facet normal -0.000000 -0.000000 1.000000
  outer loop
    vertex -20.401766 3.026316 3.000000
    vertex -4.945882 0.733652 3.000000
    vertex -20.228697 4.023738 3.000000
  endloop
endfacet
facet normal -0.000000 -0.000000 1.000000
  outer loop
    vertex -20.228697 4.023738 3.000000
    vertex -4.903926 0.975452 3.000000
    vertex -20.006895 5.011466 3.000000
  endloop
endfacet
facet normal -0.000000 -0.000000 1.000000
  outer loop
    vertex -20.006895 5.011466 3.000000
    vertex -4.784702 1.451423 3.000000
    vertex -19.736895 5.987122 3.000000
  endloop
endfacet
facet normal -0.000000 -0.000000 1.000000
  outer loop
    vertex -19.736895 5.987122 3.000000
    vertex -4.784702 1.451423 3.000000
    vertex -19.419346 6.948353 3.000000
  endloop
endfacet
facet normal -0.000000 -0.000000 1.000000
  outer loop
    vertex -19.419346 6.948353 3.000000
    vertex -4.707720 1.684449 3.000000
    vertex -19.055016 7.892846 3.000000
  endloop
endfacet
facet normal -0.000000 -0.000000 1.000000
  outer loop
    vertex -19.055016 7.892846 3.000000
    vertex -4.519947 2.137775 3.000000
    vertex -18.644779 8.818324 3.000000
  endloop
endfacet
facet normal 0.000000 0.000000 -1.000000
  outer loop
    vertex -24.480146 8.759136 0.000000
    vertex -24.020868 9.949769 0.000000
    vertex -4.707720 1.684449 0.000000
  endloop
endfacet
facet normal 0.000000 0.000000 -1.000000
  outer loop
    vertex -24.020868 9.949769 0.000000
    vertex -23.503721 11.116432 0.000000
    vertex -4.519947 2.137775 0.000000
  endloop
endfacet
facet normal 0.000000 0.000000 -1.000000
  outer loop
    vertex -23.503721 11.116432 0.000000
    vertex -22.929953 12.256315 0.000000
    vertex -4.409606 2.356984 0.000000
  endloop
endfacet
facet normal 0.000000 0.000000 -1.000000
  outer loop
    vertex -22.929953 12.256315 0.000000
    vertex -22.300943 13.366672 0.000000
    vertex -4.409606 2.356984 0.000000
  endloop
endfacet
facet normal 0.000000 0.000000 -1.000000
  outer loop
    vertex -22.300943 13.366672 0.000000
    vertex -21.618210 14.444826 0.000000
    vertex -4.157348 2.777851 0.000000
  endloop
endfacet
facet normal 0.000000 0.000000 -1.000000
  outer loop
    vertex -21.618210 14.444826 0.000000
    vertex -20.883396 15.488182 0.000000
    vertex -4.157348 2.777851 0.000000
  endloop
endfacet
facet normal 0.000000 0.000000 -1.000000
  outer loop
    vertex -20.883396 15.488182 0.000000
    vertex -20.098272 16.494225 0.000000
    vertex -4.016037 2.978497 0.000000
  endloop
endfacet
facet normal 0.000000 0.000000 -1.000000
  outer loop
    vertex -20.098272 16.494225 0.000000
    vertex -19.264729 17.460533 0.000000
    vertex -3.704756 3.357795 0.000000
  endloop
endfacet
facet normal -0.000000 -0.000000 1.000000
  outer loop
    vertex -18.644779 8.818324 3.000000
    vertex -4.409606 2.356984 3.000000
    vertex -18.189627 9.722558 3.000000
  endloop
endfacet
facet normal -0.000000 -0.000000 1.000000
  outer loop
    vertex -18.189627 9.722558 3.000000
    vertex -4.409606 2.356984 3.000000
    vertex -17.690653 10.603369 3.000000
  endloop
endfacet
facet normal -0.999699 0.024542 0.000000
  outer loop
    vertex -26.000000 0.000000 0.000000
    vertex -25.968681 1.275760 21.000000
    vertex -25.968681 1.275760 0.000000
  endloop
endfacet
facet normal -0.997291 0.073564 0.000000
  outer loop
    vertex -25.968681 1.275760 0.000000
    vertex -25.874804 2.548446 21.000000
    vertex -25.874804 2.548446 0.000000
  endloop
endfacet
facet normal -0.992480 0.122411 0.000000
  outer loop
    vertex -25.874804 2.548446 0.000000
    vertex -25.718590 3.814992 21.000000
    vertex -25.718590 3.814992 0.000000
  endloop
endfacet
facet normal -0.985278 0.170962 0.000000
  outer loop
    vertex -25.718590 3.814992 0.000000
    vertex -25.500418 5.072349 21.000000
    vertex -25.500418 5.072349 0.000000
  endloop
endfacet
facet normal -0.975702 0.219102 0.000000
  outer loop
    vertex -25.500418 5.072349 0.000000
    vertex -25.220812 6.317485 21.000000
    vertex -25.220812 6.317485 0.000000
  endloop
endfacet
facet normal 0.999699 -0.024541 0.000000
  outer loop
    vertex -20.625000 0.000000 3.000000
    vertex -20.600157 1.012021 3.000000
    vertex -20.600157 1.012021 19.000000
  endloop
endfacet
facet normal 0.997290 -0.073566 0.000000
  outer loop
    vertex -20.600157 1.012021 3.000000
    vertex -20.525684 2.021604 3.000000
    vertex -20.525684 2.021604 19.000000
  endloop
endfacet
facet normal 0.992480 -0.122410 0.000000
  outer loop
    vertex -20.525684 2.021604 3.000000
    vertex -20.401766 3.026316 3.000000
    vertex -20.401766 3.026316 19.000000
  endloop
endfacet
facet normal 0.985278 -0.170962 0.000000
  outer loop
    vertex -20.401766 3.026316 3.000000
    vertex -20.228697 4.023738 3.000000
    vertex -20.228697 4.023738 19.000000
  endloop
endfacet
facet normal 0.975702 -0.219101 0.000000
  outer loop
    vertex -20.228697 4.023738 3.000000
    vertex -20.006895 5.011466 3.000000
    vertex -20.006895 5.011466 19.000000
  endloop
endfacet
facet normal 0.963776 -0.266713 0.000000
  outer loop
    vertex -20.006895 5.011466 3.000000
    vertex -19.736895 5.987122 3.000000
    vertex -19.736895 5.987122 19.000000
  endloop
endfacet
facet normal -0.963776 0.266712 0.000000
  outer loop
    vertex -25.220812 6.317485 0.000000
    vertex -24.880449 7.547401 21.000000
    vertex -24.880449 7.547401 0.000000
  endloop
endfacet
facet normal -0.949528 0.313682 0.000000
  outer loop
    vertex -24.880449 7.547401 0.000000
    vertex -24.480146 8.759136 21.000000
    vertex -24.480146 8.759136 0.000000
  endloop
endfacet
facet normal -0.932993 0.359895 0.000000
  outer loop
    vertex -24.480146 8.759136 0.000000
    vertex -24.020868 9.949769 21.000000
    vertex -24.020868 9.949769 0.000000
  endloop
endfacet
facet normal -0.914210 0.405242 0.000000
  outer loop
    vertex -24.020868 9.949769 0.000000
    vertex -23.503721 11.116432 21.000000
    vertex -23.503721 11.116432 0.000000
  endloop
endfacet
facet normal -0.893224 0.449611 0.000000
  outer loop
    vertex -23.503721 11.116432 0.000000
    vertex -22.929953 12.256315 21.000000
    vertex -22.929953 12.256315 0.000000
  endloop
endfacet
facet normal -0.870087 0.492898 0.000000
  outer loop
    vertex -22.929953 12.256315 0.000000
    vertex -22.300943 13.366672 21.000000
    vertex -22.300943 13.366672 0.000000
  endloop
endfacet
facet normal 0.949528 -0.313682 0.000000
  outer loop
    vertex -19.736895 5.987122 3.000000
    vertex -19.419346 6.948353 3.000000
    vertex -19.419346 6.948353 19.000000
  endloop
endfacet
facet normal 0.932993 -0.359895 0.000000
  outer loop
    vertex -19.419346 6.948353 3.000000
    vertex -19.055016 7.892846 3.000000
    vertex -19.055016 7.892846 19.000000
  endloop
endfacet
facet normal 0.914210 -0.405241 0.000000
  outer loop
    vertex -19.055016 7.892846 3.000000
    vertex -18.644779 8.818324 3.000000
    vertex -18.644779 8.818324 19.000000
  endloop
endfacet
facet normal 0.893225 -0.449611 0.000000
  outer loop
    vertex -18.644779 8.818324 3.000000
    vertex -18.189627 9.722558 3.000000
    vertex -18.189627 9.722558 19.000000
  endloop
endfacet
facet normal 0.870087 -0.492899 0.000000
  outer loop
    vertex -18.189627 9.722558 3.000000
    vertex -17.690653 10.603369 3.000000
    vertex -17.690653 10.603369 19.000000
  endloop
endfacet
facet normal 0.844854 -0.534997 0.000000
  outer loop
    vertex -17.690653 10.603369 3.000000
    vertex -17.149061 11.458636 3.000000
    vertex -17.149061 11.458636 19.000000
  endloop
endfacet
facet normal 0.817584 -0.575809 0.000000
  outer loop
    vertex -17.149061 11.458636 3.000000
    vertex -16.566154 12.286298 3.000000
    vertex -16.566154 12.286298 19.000000
  endloop
endfacet
facet normal 0.788347 -0.615231 0.000000
  outer loop
    vertex -16.566154 12.286298 3.000000
    vertex -15.943340 13.084361 3.000000
    vertex -15.943340 13.084361 19.000000
  endloop
endfacet
facet normal 0.000000 0.000000 -1.000000
  outer loop
    vertex -19.264729 17.460533 0.000000
    vertex -18.384777 18.384777 0.000000
    vertex -3.535534 3.535534 0.000000
  endloop
endfacet
facet normal 0.000000 0.000000 -1.000000
  outer loop
    vertex -18.384777 18.384777 0.000000
    vertex -17.460533 19.264729 0.000000
    vertex -3.535534 3.535534 0.000000
  endloop
endfacet
facet normal -0.844854 0.534997 0.000000
  outer loop
    vertex -22.300943 13.366672 0.000000
    vertex -21.618210 14.444826 21.000000
    vertex -21.618210 14.444826 0.000000
  endloop
endfacet
facet normal -0.817585 0.575808 0.000000
  outer loop
    vertex -21.618210 14.444826 0.000000
    vertex -20.883396 15.488182 21.000000
    vertex -20.883396 15.488182 0.000000
  endloop
endfacet
facet normal -0.788346 0.615232 0.000000
  outer loop
    vertex -20.883396 15.488182 0.000000
    vertex -20.098272 16.494225 21.000000
    vertex -20.098272 16.494225 0.000000
  endloop
endfacet
facet normal -0.757209 0.653173 0.000000
  outer loop
    vertex -20.098272 16.494225 0.000000
    vertex -19.264729 17.460533 21.000000
    vertex -19.264729 17.460533 0.000000
  endloop
endfacet
facet normal -0.724248 0.689540 0.000000
  outer loop
    vertex -19.264729 17.460533 0.000000
    vertex -18.384777 18.384777 21.000000
    vertex -18.384777 18.384777 0.000000
  endloop
endfacet
facet normal -0.689540 0.724248 0.000000
  outer loop
    vertex -18.384777 18.384777 0.000000
    vertex -17.460533 19.264729 21.000000
    vertex -17.460533 19.264729 0.000000
  endloop
endfacet
facet normal 0.757209 -0.653172 0.000000
  outer loop
    vertex -15.943340 13.084361 3.000000
    vertex -15.282117 13.850904 3.000000
    vertex -15.282117 13.850904 19.000000
  endloop
endfacet
facet normal 0.724248 -0.689540 0.000000
  outer loop
    vertex -15.282117 13.850904 3.000000
    vertex -14.584078 14.584078 3.000000
    vertex -14.584078 14.584078 19.000000
  endloop
endfacet
facet normal 0.689540 -0.724248 0.000000
  outer loop
    vertex -14.584078 14.584078 3.000000
    vertex -13.850904 15.282117 3.000000
    vertex -13.850904 15.282117 19.000000
  endloop
endfacet
facet normal 0.653172 -0.757209 0.000000
  outer loop
    vertex -13.850904 15.282117 3.000000
    vertex -13.084361 15.943340 3.000000
    vertex -13.084361 15.943340 19.000000
  endloop
endfacet
facet normal -0.653173 0.757209 0.000000
  outer loop
    vertex -17.460533 19.264729 0.000000
    vertex -16.494225 20.098272 21.000000
    vertex -16.494225 20.098272 0.000000
  endloop
endfacet
facet normal -0.615232 0.788346 0.000000
  outer loop
    vertex -16.494225 20.098272 0.000000
    vertex -15.488182 20.883396 21.000000
    vertex -15.488182 20.883396 0.000000
  endloop
endfacet
facet normal -0.575808 0.817585 0.000000
  outer loop
    vertex -15.488182 20.883396 0.000000
    vertex -14.444826 21.618210 21.000000
    vertex -14.444826 21.618210 0.000000
  endloop
endfacet
facet normal -0.534997 0.844854 0.000000
  outer loop
    vertex -14.444826 21.618210 0.000000
    vertex -13.366672 22.300943 21.000000
    vertex -13.366672 22.300943 0.000000
  endloop
endfacet
facet normal 0.000000 -0.000000 -1.000000
  outer loop
    vertex -25.968681 1.275760 0.000000
    vertex -4.993977 0.245338 0.000000
    vertex -5.000000 0.000000 0.000000
  endloop
endfacet
facet normal 0.000000 -0.000000 -1.000000
  outer loop
    vertex -25.874804 2.548446 0.000000
    vertex -4.975924 0.490086 0.000000
    vertex -4.993977 0.245338 0.000000
  endloop
endfacet
facet normal 0.000000 -0.000000 -1.000000
  outer loop
    vertex -25.718590 3.814992 0.000000
    vertex -4.945882 0.733652 0.000000
    vertex -4.975924 0.490086 0.000000
  endloop
endfacet
facet normal 0.000000 -0.000000 -1.000000
  outer loop
    vertex -25.718590 3.814992 0.000000
    vertex -4.903926 0.975452 0.000000
    vertex -4.945882 0.733652 0.000000
  endloop
endfacet
facet normal 0.000000 -0.000000 -1.000000
  outer loop
    vertex -25.500418 5.072349 0.000000
    vertex -4.850156 1.214901 0.000000
    vertex -4.903926 0.975452 0.000000
  endloop
endfacet
facet normal 0.000000 -0.000000 -1.000000
  outer loop
    vertex -24.880449 7.547401 0.000000
    vertex -4.784702 1.451423 0.000000
    vertex -4.850156 1.214901 0.000000
  endloop
endfacet
facet normal 0.000000 -0.000000 -1.000000
  outer loop
    vertex -24.480146 8.759136 0.000000
    vertex -4.707720 1.684449 0.000000
    vertex -4.784702 1.451423 0.000000
  endloop
endfacet
facet normal 0.000000 -0.000000 -1.000000
  outer loop
    vertex -24.020868 9.949769 0.000000
    vertex -4.619398 1.913417 0.000000
    vertex -4.707720 1.684449 0.000000
  endloop
endfacet
facet normal 0.000000 -0.000000 -1.000000
  outer loop
    vertex -24.020868 9.949769 0.000000
    vertex -4.519947 2.137775 0.000000
    vertex -4.619398 1.913417 0.000000
  endloop
endfacet
facet normal 0.000000 -0.000000 -1.000000
  outer loop
    vertex -23.503721 11.116432 0.000000
    vertex -4.409606 2.356984 0.000000
    vertex -4.519947 2.137775 0.000000
  endloop
endfacet
facet normal 0.000000 -0.000000 -1.000000
  outer loop
    vertex -22.300943 13.366672 0.000000
    vertex -4.288643 2.570514 0.000000
    vertex -4.409606 2.356984 0.000000
  endloop
endfacet
facet normal 0.000000 -0.000000 -1.000000
  outer loop
    vertex -22.300943 13.366672 0.000000
    vertex -4.157348 2.777851 0.000000
    vertex -4.288643 2.570514 0.000000
  endloop
endfacet
facet normal -0.000000 0.000000 1.000000
  outer loop
    vertex -20.600157 1.012021 3.000000
    vertex -5.000000 0.000000 3.000000
    vertex -4.993977 0.245338 3.000000
  endloop
endfacet
facet normal -0.000000 0.000000 1.000000
  outer loop
    vertex -20.600157 1.012021 3.000000
    vertex -4.993977 0.245338 3.000000
    vertex -4.975924 0.490086 3.000000
  endloop
endfacet
facet normal -0.000000 0.000000 1.000000
  outer loop
    vertex -20.401766 3.026316 3.000000
    vertex -4.975924 0.490086 3.000000
    vertex -4.945882 0.733652 3.000000
  endloop
endfacet
facet normal -0.000000 0.000000 1.000000
  outer loop
    vertex -20.228697 4.023738 3.000000
    vertex -4.945882 0.733652 3.000000
    vertex -4.903926 0.975452 3.000000
  endloop
endfacet
facet normal -0.000000 0.000000 1.000000
  outer loop
    vertex -20.006895 5.011466 3.000000
    vertex -4.903926 0.975452 3.000000
    vertex -4.850156 1.214901 3.000000
  endloop
endfacet
facet normal -0.000000 0.000000 1.000000
  outer loop
    vertex -20.006895 5.011466 3.000000
    vertex -4.850156 1.214901 3.000000
    vertex -4.784702 1.451423 3.000000
  endloop
endfacet
facet normal -0.000000 0.000000 1.000000
  outer loop
    vertex -19.419346 6.948353 3.000000
    vertex -4.784702 1.451423 3.000000
    vertex -4.707720 1.684449 3.000000
  endloop
endfacet
facet normal -0.000000 0.000000 1.000000
  outer loop
    vertex -19.055016 7.892846 3.000000
    vertex -4.707720 1.684449 3.000000
    vertex -4.619398 1.913417 3.000000
  endloop
endfacet
facet normal -0.000000 0.000000 1.000000
  outer loop
    vertex -19.055016 7.892846 3.000000
    vertex -4.619398 1.913417 3.000000
    vertex -4.519947 2.137775 3.000000
  endloop
endfacet
facet normal -0.000000 0.000000 1.000000
  outer loop
    vertex -18.644779 8.818324 3.000000
    vertex -4.519947 2.137775 3.000000
    vertex -4.409606 2.356984 3.000000
  endloop
endfacet
facet normal -0.000000 0.000000 1.000000
  outer loop
    vertex -17.690653 10.603369 3.000000
    vertex -4.409606 2.356984 3.000000
    vertex -4.288643 2.570514 3.000000
  endloop
endfacet
facet normal -0.000000 0.000000 1.000000
  outer loop
    vertex -17.690653 10.603369 3.000000
    vertex -4.288643 2.570514 3.000000
    vertex -4.157348 2.777851 3.000000
  endloop
endfacet
facet normal -0.000000 0.000000 1.000000
  outer loop
    vertex -16.566154 12.286298 3.000000
    vertex -4.157348 2.777851 3.000000
    vertex -4.016037 2.978497 3.000000
  endloop
endfacet
facet normal -0.000000 0.000000 1.000000
  outer loop
    vertex -16.566154 12.286298 3.000000
    vertex -4.016037 2.978497 3.000000
    vertex -3.865052 3.171966 3.000000
  endloop
endfacet
facet normal 0.000000 -0.000000 -1.000000
  outer loop
    vertex -20.883396 15.488182 0.000000
    vertex -4.016037 2.978497 0.000000
    vertex -4.157348 2.777851 0.000000
  endloop
endfacet
facet normal 0.000000 -0.000000 -1.000000
  outer loop
    vertex -20.098272 16.494225 0.000000
    vertex -3.865052 3.171966 0.000000
    vertex -4.016037 2.978497 0.000000
  endloop
endfacet
facet normal 0.000000 -0.000000 -1.000000
  outer loop
    vertex -20.098272 16.494225 0.000000
    vertex -3.704756 3.357795 0.000000
    vertex -3.865052 3.171966 0.000000
  endloop
endfacet
facet normal 0.000000 -0.000000 -1.000000
  outer loop
    vertex -19.264729 17.460533 0.000000
    vertex -3.535534 3.535534 0.000000
    vertex -3.704756 3.357795 0.000000
  endloop
endfacet
facet normal 0.000000 -0.000000 -1.000000
  outer loop
    vertex -17.460533 19.264729 0.000000
    vertex -3.357795 3.704756 0.000000
    vertex -3.535534 3.535534 0.000000
  endloop
endfacet
facet normal 0.000000 -0.000000 -1.000000
  outer loop
    vertex -16.494225 20.098272 0.000000
    vertex -3.171966 3.865052 0.000000
    vertex -3.357795 3.704756 0.000000
  endloop
endfacet
facet normal 0.000000 -0.000000 -1.000000
  outer loop
    vertex -15.488182 20.883396 0.000000
    vertex -2.978497 4.016037 0.000000
    vertex -3.171966 3.865052 0.000000
  endloop
endfacet
facet normal 0.000000 -0.000000 -1.000000
  outer loop
    vertex -14.444826 21.618210 0.000000
    vertex -2.777851 4.157348 0.000000
    vertex -2.978497 4.016037 0.000000
  endloop
endfacet
facet normal -0.000000 -0.000000 1.000000
  outer loop
    vertex -17.690653 10.603369 3.000000
    vertex -4.157348 2.777851 3.000000
    vertex -17.149061 11.458636 3.000000
  endloop
endfacet
facet normal -0.000000 -0.000000 1.000000
  outer loop
    vertex -17.149061 11.458636 3.000000
    vertex -4.157348 2.777851 3.000000
    vertex -16.566154 12.286298 3.000000
  endloop
endfacet
facet normal -0.000000 -0.000000 1.000000
  outer loop
    vertex -16.566154 12.286298 3.000000
    vertex -3.865052 3.171966 3.000000
    vertex -15.943340 13.084361 3.000000
  endloop
endfacet
facet normal -0.000000 -0.000000 1.000000
  outer loop
    vertex -15.943340 13.084361 3.000000
    vertex -3.865052 3.171966 3.000000
    vertex -15.282117 13.850904 3.000000
  endloop
endfacet
facet normal -0.000000 -0.000000 1.000000
  outer loop
    vertex -15.282117 13.850904 3.000000
    vertex -3.535534 3.535534 3.000000
    vertex -14.584078 14.584078 3.000000
  endloop
endfacet
facet normal -0.000000 -0.000000 1.000000
  outer loop
    vertex -14.584078 14.584078 3.000000
    vertex -3.535534 3.535534 3.000000
    vertex -13.850904 15.282117 3.000000
  endloop
endfacet
facet normal -0.000000 -0.000000 1.000000
  outer loop
    vertex -13.850904 15.282117 3.000000
    vertex -3.357795 3.704756 3.000000
    vertex -13.084361 15.943340 3.000000
  endloop
endfacet
facet normal -0.000000 0.000000 1.000000
  outer loop
    vertex -15.282117 13.850904 3.000000
    vertex -3.865052 3.171966 3.000000
    vertex -3.704756 3.357795 3.000000
  endloop
endfacet
facet normal -0.000000 0.000000 1.000000
  outer loop
    vertex -15.282117 13.850904 3.000000
    vertex -3.704756 3.357795 3.000000
    vertex -3.535534 3.535534 3.000000
  endloop
endfacet
facet normal -0.000000 0.000000 1.000000
  outer loop
    vertex -13.850904 15.282117 3.000000
    vertex -3.535534 3.535534 3.000000
    vertex -3.357795 3.704756 3.000000
  endloop
endfacet
facet normal -0.000000 0.000000 1.000000
  outer loop
    vertex -13.084361 15.943340 3.000000
    vertex -3.357795 3.704756 3.000000
    vertex -3.171966 3.865052 3.000000
  endloop
endfacet
facet normal -0.000000 -0.000000 1.000000
  outer loop
    vertex -13.084361 15.943340 3.000000
    vertex -3.171966 3.865052 3.000000
    vertex -12.286298 16.566154 3.000000
  endloop
endfacet
facet normal 0.000000 0.000000 1.000000
  outer loop
    vertex -2.978497 4.016037 3.000000
    vertex -11.458636 17.149061 3.000000
    vertex -12.286298 16.566154 3.000000
  endloop
endfacet
facet normal 0.000000 0.000000 1.000000
  outer loop
    vertex -2.777851 4.157348 3.000000
    vertex -10.603369 17.690653 3.000000
    vertex -11.458636 17.149061 3.000000
  endloop
endfacet
facet normal 0.999699 -0.024542 0.000000
  outer loop
    vertex -5.000000 0.000000 0.000000
    vertex -4.993977 0.245338 0.000000
    vertex -5.000000 0.000000 3.000000
  endloop
endfacet
facet normal 0.997290 -0.073564 0.000000
  outer loop
    vertex -4.993977 0.245338 0.000000
    vertex -4.975924 0.490086 0.000000
    vertex -4.993977 0.245338 3.000000
  endloop
endfacet
facet normal 0.992479 -0.122411 0.000000
  outer loop
    vertex -4.975924 0.490086 0.000000
    vertex -4.945882 0.733652 0.000000
    vertex -4.975924 0.490086 3.000000
  endloop
endfacet
facet normal 0.985278 -0.170961 0.000000
  outer loop
    vertex -4.945882 0.733652 0.000000
    vertex -4.903926 0.975452 0.000000
    vertex -4.945882 0.733652 3.000000
  endloop
endfacet
facet normal 0.975702 -0.219101 0.000000
  outer loop
    vertex -4.903926 0.975452 0.000000
    vertex -4.850156 1.214901 0.000000
    vertex -4.903926 0.975452 3.000000
  endloop
endfacet
facet normal 0.963776 -0.266712 0.000000
  outer loop
    vertex -4.850156 1.214901 0.000000
    vertex -4.784702 1.451423 0.000000
    vertex -4.850156 1.214901 3.000000
  endloop
endfacet
facet normal 0.949528 -0.313682 0.000000
  outer loop
    vertex -4.784702 1.451423 0.000000
    vertex -4.707720 1.684449 0.000000
    vertex -4.784702 1.451423 3.000000
  endloop
endfacet
facet normal 0.932993 -0.359895 0.000000
  outer loop
    vertex -4.707720 1.684449 0.000000
    vertex -4.619398 1.913417 0.000000
    vertex -4.707720 1.684449 3.000000
  endloop
endfacet
facet normal 0.914210 -0.405241 0.000000
  outer loop
    vertex -4.619398 1.913417 0.000000
    vertex -4.519947 2.137775 0.000000
    vertex -4.619398 1.913417 3.000000
  endloop
endfacet
facet normal 0.893224 -0.449611 0.000000
  outer loop
    vertex -4.519947 2.137775 0.000000
    vertex -4.409606 2.356984 0.000000
    vertex -4.519947 2.137775 3.000000
  endloop
endfacet
facet normal 0.870086 -0.492899 0.000000
  outer loop
    vertex -4.409606 2.356984 0.000000
    vertex -4.288643 2.570514 0.000000
    vertex -4.409606 2.356984 3.000000
  endloop
endfacet
facet normal 0.844854 -0.534997 0.000000
  outer loop
    vertex -4.288643 2.570514 0.000000
    vertex -4.157348 2.777851 0.000000
    vertex -4.288643 2.570514 3.000000
  endloop
endfacet
facet normal 0.817584 -0.575809 0.000000
  outer loop
    vertex -4.157348 2.777851 0.000000
    vertex -4.016037 2.978497 0.000000
    vertex -4.157348 2.777851 3.000000
  endloop
endfacet
facet normal 0.788347 -0.615231 0.000000
  outer loop
    vertex -4.016037 2.978497 0.000000
    vertex -3.865052 3.171966 0.000000
    vertex -4.016037 2.978497 3.000000
  endloop
endfacet
facet normal 0.757209 -0.653173 0.000000
  outer loop
    vertex -3.865052 3.171966 0.000000
    vertex -3.704756 3.357795 0.000000
    vertex -3.865052 3.171966 3.000000
  endloop
endfacet
facet normal 0.999699 -0.024542 0.000000
  outer loop
    vertex -4.993977 0.245338 0.000000
    vertex -4.993977 0.245338 3.000000
    vertex -5.000000 0.000000 3.000000
  endloop
endfacet
facet normal 0.997290 -0.073564 0.000000
  outer loop
    vertex -4.975924 0.490086 0.000000
    vertex -4.975924 0.490086 3.000000
    vertex -4.993977 0.245338 3.000000
  endloop
endfacet
facet normal 0.992479 -0.122411 0.000000
  outer loop
    vertex -4.945882 0.733652 0.000000
    vertex -4.945882 0.733652 3.000000
    vertex -4.975924 0.490086 3.000000
  endloop
endfacet
facet normal 0.985278 -0.170961 0.000000
  outer loop
    vertex -4.903926 0.975452 0.000000
    vertex -4.903926 0.975452 3.000000
    vertex -4.945882 0.733652 3.000000
  endloop
endfacet
facet normal 0.975702 -0.219101 0.000000
  outer loop
    vertex -4.850156 1.214901 0.000000
    vertex -4.850156 1.214901 3.000000
    vertex -4.903926 0.975452 3.000000
  endloop
endfacet
facet normal 0.963776 -0.266712 0.000000
  outer loop
    vertex -4.784702 1.451423 0.000000
    vertex -4.784702 1.451423 3.000000
    vertex -4.850156 1.214901 3.000000
  endloop
endfacet
facet normal 0.949528 -0.313682 0.000000
  outer loop
    vertex -4.707720 1.684449 0.000000
    vertex -4.707720 1.684449 3.000000
    vertex -4.784702 1.451423 3.000000
  endloop
endfacet
facet normal 0.932993 -0.359895 0.000000
  outer loop
    vertex -4.619398 1.913417 0.000000
    vertex -4.619398 1.913417 3.000000
    vertex -4.707720 1.684449 3.000000
  endloop
endfacet
facet normal 0.914210 -0.405241 0.000000
  outer loop
    vertex -4.519947 2.137775 0.000000
    vertex -4.519947 2.137775 3.000000
    vertex -4.619398 1.913417 3.000000
  endloop
endfacet
facet normal 0.893224 -0.449611 0.000000
  outer loop
    vertex -4.409606 2.356984 0.000000
    vertex -4.409606 2.356984 3.000000
    vertex -4.519947 2.137775 3.000000
  endloop
endfacet
facet normal 0.870086 -0.492899 0.000000
  outer loop
    vertex -4.288643 2.570514 0.000000
    vertex -4.288643 2.570514 3.000000
    vertex -4.409606 2.356984 3.000000
  endloop
endfacet
facet normal 0.844854 -0.534997 0.000000
  outer loop
    vertex -4.157348 2.777851 0.000000
    vertex -4.157348 2.777851 3.000000
    vertex -4.288643 2.570514 3.000000
  endloop
endfacet
facet normal 0.817584 -0.575809 0.000000
  outer loop
    vertex -4.016037 2.978497 0.000000
    vertex -4.016037 2.978497 3.000000
    vertex -4.157348 2.777851 3.000000
  endloop
endfacet
facet normal 0.788347 -0.615231 0.000000
  outer loop
    vertex -3.865052 3.171966 0.000000
    vertex -3.865052 3.171966 3.000000
    vertex -4.016037 2.978497 3.000000
  endloop
endfacet
facet normal 0.724247 -0.689540 0.000000
  outer loop
    vertex -3.704756 3.357795 0.000000
    vertex -3.535534 3.535534 0.000000
    vertex -3.704756 3.357795 3.000000
  endloop
endfacet
facet normal 0.689540 -0.724247 0.000000
  outer loop
    vertex -3.535534 3.535534 0.000000
    vertex -3.357795 3.704756 0.000000
    vertex -3.535534 3.535534 3.000000
  endloop
endfacet
facet normal 0.653173 -0.757209 0.000000
  outer loop
    vertex -3.357795 3.704756 0.000000
    vertex -3.171966 3.865052 0.000000
    vertex -3.357795 3.704756 3.000000
  endloop
endfacet
facet normal 0.757209 -0.653173 0.000000
  outer loop
    vertex -3.704756 3.357795 0.000000
    vertex -3.704756 3.357795 3.000000
    vertex -3.865052 3.171966 3.000000
  endloop
endfacet
facet normal 0.724247 -0.689540 0.000000
  outer loop
    vertex -3.535534 3.535534 0.000000
    vertex -3.535534 3.535534 3.000000
    vertex -3.704756 3.357795 3.000000
  endloop
endfacet
facet normal 0.689540 -0.724247 0.000000
  outer loop
    vertex -3.357795 3.704756 0.000000
    vertex -3.357795 3.704756 3.000000
    vertex -3.535534 3.535534 3.000000
  endloop
endfacet
facet normal 0.615231 -0.788347 0.000000
  outer loop
    vertex -3.171966 3.865052 0.000000
    vertex -2.978497 4.016037 0.000000
    vertex -3.171966 3.865052 3.000000
  endloop
endfacet
facet normal 0.575809 -0.817584 0.000000
  outer loop
    vertex -2.978497 4.016037 0.000000
    vertex -2.777851 4.157348 0.000000
    vertex -2.978497 4.016037 3.000000
  endloop
endfacet
facet normal 0.534997 -0.844854 0.000000
  outer loop
    vertex -2.777851 4.157348 0.000000
    vertex -2.570514 4.288643 0.000000
    vertex -2.777851 4.157348 3.000000
  endloop
endfacet
facet normal 0.492899 -0.870086 0.000000
  outer loop
    vertex -2.570514 4.288643 0.000000
    vertex -2.356984 4.409606 0.000000
    vertex -2.570514 4.288643 3.000000
  endloop
endfacet
facet normal 0.449611 -0.893224 0.000000
  outer loop
    vertex -2.356984 4.409606 0.000000
    vertex -2.137775 4.519947 0.000000
    vertex -2.356984 4.409606 3.000000
  endloop
endfacet
facet normal 0.405241 -0.914210 0.000000
  outer loop
    vertex -2.137775 4.519947 0.000000
    vertex -1.913417 4.619398 0.000000
    vertex -2.137775 4.519947 3.000000
  endloop
endfacet
facet normal 0.359895 -0.932993 0.000000
  outer loop
    vertex -1.913417 4.619398 0.000000
    vertex -1.684449 4.707720 0.000000
    vertex -1.913417 4.619398 3.000000
  endloop
endfacet
facet normal 0.313682 -0.949528 0.000000
  outer loop
    vertex -1.684449 4.707720 0.000000
    vertex -1.451423 4.784702 0.000000
    vertex -1.684449 4.707720 3.000000
  endloop
endfacet
facet normal 0.266712 -0.963776 0.000000
  outer loop
    vertex -1.451423 4.784702 0.000000
    vertex -1.214901 4.850156 0.000000
    vertex -1.451423 4.784702 3.000000
  endloop
endfacet
facet normal 0.219101 -0.975702 0.000000
  outer loop
    vertex -1.214901 4.850156 0.000000
    vertex -0.975452 4.903926 0.000000
    vertex -1.214901 4.850156 3.000000
  endloop
endfacet
facet normal 0.000000 0.000000 -1.000000
  outer loop
    vertex -0.245338 4.993977 0.000000
    vertex -0.124356 5.267949 0.000000
    vertex 0.000000 5.000000 0.000000
  endloop
endfacet
facet normal 0.170961 -0.985278 0.000000
  outer loop
    vertex -0.975452 4.903926 0.000000
    vertex -0.733652 4.945882 0.000000
    vertex -0.975452 4.903926 3.000000
  endloop
endfacet
facet normal 0.122411 -0.992479 0.000000
  outer loop
    vertex -0.733652 4.945882 0.000000
    vertex -0.490086 4.975924 0.000000
    vertex -0.733652 4.945882 3.000000
  endloop
endfacet
facet normal 0.073564 -0.997290 0.000000
  outer loop
    vertex -0.490086 4.975924 0.000000
    vertex -0.245338 4.993977 0.000000
    vertex -0.490086 4.975924 3.000000
  endloop
endfacet
facet normal 0.024542 -0.999699 0.000000
  outer loop
    vertex -0.245338 4.993977 0.000000
    vertex 0.000000 5.000000 0.000000
    vertex -0.245338 4.993977 3.000000
  endloop
endfacet
facet normal 0.653173 -0.757209 0.000000
  outer loop
    vertex -3.171966 3.865052 0.000000
    vertex -3.171966 3.865052 3.000000
    vertex -3.357795 3.704756 3.000000
  endloop
endfacet
facet normal 0.615231 -0.788347 0.000000
  outer loop
    vertex -2.978497 4.016037 0.000000
    vertex -2.978497 4.016037 3.000000
    vertex -3.171966 3.865052 3.000000
  endloop
endfacet
facet normal 0.575809 -0.817584 0.000000
  outer loop
    vertex -2.777851 4.157348 0.000000
    vertex -2.777851 4.157348 3.000000
    vertex -2.978497 4.016037 3.000000
  endloop
endfacet
facet normal 0.534997 -0.844854 0.000000
  outer loop
    vertex -2.570514 4.288643 0.000000
    vertex -2.570514 4.288643 3.000000
    vertex -2.777851 4.157348 3.000000
  endloop
endfacet
facet normal 0.492899 -0.870086 0.000000
  outer loop
    vertex -2.356984 4.409606 0.000000
    vertex -2.356984 4.409606 3.000000
    vertex -2.570514 4.288643 3.000000
  endloop
endfacet
facet normal 0.449611 -0.893224 0.000000
  outer loop
    vertex -2.137775 4.519947 0.000000
    vertex -2.137775 4.519947 3.000000
    vertex -2.356984 4.409606 3.000000
  endloop
endfacet
facet normal 0.405241 -0.914210 0.000000
  outer loop
    vertex -1.913417 4.619398 0.000000
    vertex -1.913417 4.619398 3.000000
    vertex -2.137775 4.519947 3.000000
  endloop
endfacet
facet normal 0.359895 -0.932993 0.000000
  outer loop
    vertex -1.684449 4.707720 0.000000
    vertex -1.684449 4.707720 3.000000
    vertex -1.913417 4.619398 3.000000
  endloop
endfacet
facet normal 0.313682 -0.949528 0.000000
  outer loop
    vertex -1.451423 4.784702 0.000000
    vertex -1.451423 4.784702 3.000000
    vertex -1.684449 4.707720 3.000000
  endloop
endfacet
facet normal 0.266712 -0.963776 0.000000
  outer loop
    vertex -1.214901 4.850156 0.000000
    vertex -1.214901 4.850156 3.000000
    vertex -1.451423 4.784702 3.000000
  endloop
endfacet
facet normal 0.219101 -0.975702 0.000000
  outer loop
    vertex -0.975452 4.903926 0.000000
    vertex -0.975452 4.903926 3.000000
    vertex -1.214901 4.850156 3.000000
  endloop
endfacet
facet normal 0.170961 -0.985278 0.000000
  outer loop
    vertex -0.733652 4.945882 0.000000
    vertex -0.733652 4.945882 3.000000
    vertex -0.975452 4.903926 3.000000
  endloop
endfacet
facet normal 0.122411 -0.992479 0.000000
  outer loop
    vertex -0.490086 4.975924 0.000000
    vertex -0.490086 4.975924 3.000000
    vertex -0.733652 4.945882 3.000000
  endloop
endfacet
facet normal 0.073564 -0.997290 0.000000
  outer loop
    vertex -0.245338 4.993977 0.000000
    vertex -0.245338 4.993977 3.000000
    vertex -0.490086 4.975924 3.000000
  endloop
endfacet
facet normal 0.024542 -0.999699 0.000000
  outer loop
    vertex -0.245338 4.993977 3.000000
    vertex 0.000000 5.000000 0.000000
    vertex 0.000000 5.000000 3.000000
  endloop
endfacet
facet normal 0.000000 -0.000000 1.000000
  outer loop
    vertex -0.245338 4.993977 3.000000
    vertex 0.000000 5.000000 3.000000
    vertex -0.124356 5.267949 3.000000
  endloop
endfacet
facet normal 0.000000 -0.000000 -1.000000
  outer loop
    vertex -13.366672 22.300943 0.000000
    vertex -2.570514 4.288643 0.000000
    vertex -2.777851 4.157348 0.000000
  endloop
endfacet
facet normal 0.000000 0.000000 -1.000000
  outer loop
    vertex -2.570514 4.288643 0.000000
    vertex -12.256315 22.929953 0.000000
    vertex -2.356984 4.409606 0.000000
  endloop
endfacet
facet normal 0.000000 0.000000 -1.000000
  outer loop
    vertex -2.356984 4.409606 0.000000
    vertex -11.116432 23.503721 0.000000
    vertex -2.137775 4.519947 0.000000
  endloop
endfacet
facet normal 0.000000 0.000000 -1.000000
  outer loop
    vertex -2.137775 4.519947 0.000000
    vertex -9.949769 24.020868 0.000000
    vertex -1.913417 4.619398 0.000000
  endloop
endfacet
facet normal 0.000000 0.000000 -1.000000
  outer loop
    vertex -1.913417 4.619398 0.000000
    vertex -8.759136 24.480146 0.000000
    vertex -1.684449 4.707720 0.000000
  endloop
endfacet
facet normal 0.000000 0.000000 -1.000000
  outer loop
    vertex -1.684449 4.707720 0.000000
    vertex -8.759136 24.480146 0.000000
    vertex -1.451423 4.784702 0.000000
  endloop
endfacet
facet normal 0.000000 0.000000 -1.000000
  outer loop
    vertex -1.451423 4.784702 0.000000
    vertex -6.317485 25.220812 0.000000
    vertex -1.214901 4.850156 0.000000
  endloop
endfacet
facet normal 0.000000 0.000000 -1.000000
  outer loop
    vertex -1.214901 4.850156 0.000000
    vertex -5.072349 25.500418 0.000000
    vertex -0.975452 4.903926 0.000000
  endloop
endfacet
facet normal 0.000000 0.000000 -1.000000
  outer loop
    vertex -0.975452 4.903926 0.000000
    vertex -3.814992 25.718590 0.000000
    vertex -0.733652 4.945882 0.000000
  endloop
endfacet
facet normal 0.000000 0.000000 -1.000000
  outer loop
    vertex -0.733652 4.945882 0.000000
    vertex -3.814992 25.718590 0.000000
    vertex -0.490086 4.975924 0.000000
  endloop
endfacet
facet normal 0.000000 0.000000 -1.000000
  outer loop
    vertex -0.490086 4.975924 0.000000
    vertex -1.275760 25.968681 0.000000
    vertex -0.245338 4.993977 0.000000
  endloop
endfacet
facet normal 0.000000 0.000000 -1.000000
  outer loop
    vertex -0.245338 4.993977 0.000000
    vertex -1.275760 25.968681 0.000000
    vertex -0.124356 5.267949 0.000000
  endloop
endfacet
facet normal 0.000000 -0.000000 1.000000
  outer loop
    vertex -3.171966 3.865052 3.000000
    vertex -2.978497 4.016037 3.000000
    vertex -12.286298 16.566154 3.000000
  endloop
endfacet
facet normal 0.000000 -0.000000 1.000000
  outer loop
    vertex -2.978497 4.016037 3.000000
    vertex -2.777851 4.157348 3.000000
    vertex -11.458636 17.149061 3.000000
  endloop
endfacet
facet normal 0.000000 -0.000000 1.000000
  outer loop
    vertex -2.777851 4.157348 3.000000
    vertex -2.570514 4.288643 3.000000
    vertex -10.603369 17.690653 3.000000
  endloop
endfacet
facet normal 0.000000 -0.000000 1.000000
  outer loop
    vertex -2.570514 4.288643 3.000000
    vertex -2.356984 4.409606 3.000000
    vertex -9.722558 18.189627 3.000000
  endloop
endfacet
facet normal 0.000000 -0.000000 1.000000
  outer loop
    vertex -2.356984 4.409606 3.000000
    vertex -2.137775 4.519947 3.000000
    vertex -8.818324 18.644779 3.000000
  endloop
endfacet
facet normal 0.000000 -0.000000 1.000000
  outer loop
    vertex -2.137775 4.519947 3.000000
    vertex -1.913417 4.619398 3.000000
    vertex -7.892846 19.055016 3.000000
  endloop
endfacet
facet normal 0.000000 -0.000000 1.000000
  outer loop
    vertex -1.913417 4.619398 3.000000
    vertex -1.684449 4.707720 3.000000
    vertex -6.948353 19.419346 3.000000
  endloop
endfacet
facet normal 0.000000 -0.000000 1.000000
  outer loop
    vertex -1.684449 4.707720 3.000000
    vertex -1.451423 4.784702 3.000000
    vertex -5.987122 19.736895 3.000000
  endloop
endfacet
facet normal 0.000000 -0.000000 1.000000
  outer loop
    vertex -1.451423 4.784702 3.000000
    vertex -1.214901 4.850156 3.000000
    vertex -5.011466 20.006895 3.000000
  endloop
endfacet
facet normal 0.000000 -0.000000 1.000000
  outer loop
    vertex -1.214901 4.850156 3.000000
    vertex -0.975452 4.903926 3.000000
    vertex -4.023738 20.228697 3.000000
  endloop
endfacet
facet normal 0.000000 -0.000000 1.000000
  outer loop
    vertex -0.975452 4.903926 3.000000
    vertex -0.733652 4.945882 3.000000
    vertex -3.026316 20.401766 3.000000
  endloop
endfacet
facet normal 0.000000 -0.000000 1.000000
  outer loop
    vertex -0.733652 4.945882 3.000000
    vertex -0.490086 4.975924 3.000000
    vertex -2.021604 20.525684 3.000000
  endloop
endfacet
facet normal 0.000000 -0.000000 1.000000
  outer loop
    vertex -0.490086 4.975924 3.000000
    vertex -0.245338 4.993977 3.000000
    vertex -1.012021 20.600157 3.000000
  endloop
endfacet
facet normal 0.000000 -0.000000 1.000000
  outer loop
    vertex -0.245338 4.993977 3.000000
    vertex -0.124356 5.267949 3.000000
    vertex -1.012021 20.600157 3.000000
  endloop
endfacet
facet normal 0.000000 0.000000 -1.000000
  outer loop
    vertex -17.460533 19.264729 0.000000
    vertex -16.494225 20.098272 0.000000
    vertex -3.357795 3.704756 0.000000
  endloop
endfacet
facet normal 0.000000 0.000000 -1.000000
  outer loop
    vertex -16.494225 20.098272 0.000000
    vertex -15.488182 20.883396 0.000000
    vertex -3.171966 3.865052 0.000000
  endloop
endfacet
facet normal 0.000000 0.000000 -1.000000
  outer loop
    vertex -15.488182 20.883396 0.000000
    vertex -14.444826 21.618210 0.000000
    vertex -2.978497 4.016037 0.000000
  endloop
endfacet
facet normal 0.000000 0.000000 -1.000000
  outer loop
    vertex -14.444826 21.618210 0.000000
    vertex -13.366672 22.300943 0.000000
    vertex -2.777851 4.157348 0.000000
  endloop
endfacet
facet normal 0.000000 0.000000 -1.000000
  outer loop
    vertex -13.366672 22.300943 0.000000
    vertex -12.256315 22.929953 0.000000
    vertex -2.570514 4.288643 0.000000
  endloop
endfacet
facet normal 0.000000 0.000000 -1.000000
  outer loop
    vertex -2.356984 4.409606 0.000000
    vertex -12.256315 22.929953 0.000000
    vertex -11.116432 23.503721 0.000000
  endloop
endfacet
facet normal 0.000000 0.000000 -1.000000
  outer loop
    vertex -2.137775 4.519947 0.000000
    vertex -11.116432 23.503721 0.000000
    vertex -9.949769 24.020868 0.000000
  endloop
endfacet
facet normal 0.000000 0.000000 -1.000000
  outer loop
    vertex -1.913417 4.619398 0.000000
    vertex -9.949769 24.020868 0.000000
    vertex -8.759136 24.480146 0.000000
  endloop
endfacet
facet normal 0.000000 0.000000 1.000000
  outer loop
    vertex -2.570514 4.288643 3.000000
    vertex -9.722558 18.189627 3.000000
    vertex -10.603369 17.690653 3.000000
  endloop
endfacet
facet normal 0.000000 0.000000 1.000000
  outer loop
    vertex -2.356984 4.409606 3.000000
    vertex -8.818324 18.644779 3.000000
    vertex -9.722558 18.189627 3.000000
  endloop
endfacet
facet normal 0.000000 0.000000 -1.000000
  outer loop
    vertex -1.451423 4.784702 0.000000
    vertex -8.759136 24.480146 0.000000
    vertex -7.547401 24.880449 0.000000
  endloop
endfacet
facet normal 0.000000 0.000000 -1.000000
  outer loop
    vertex -1.451423 4.784702 0.000000
    vertex -7.547401 24.880449 0.000000
    vertex -6.317485 25.220812 0.000000
  endloop
endfacet
facet normal 0.000000 0.000000 -1.000000
  outer loop
    vertex -1.214901 4.850156 0.000000
    vertex -6.317485 25.220812 0.000000
    vertex -5.072349 25.500418 0.000000
  endloop
endfacet
facet normal 0.000000 0.000000 -1.000000
  outer loop
    vertex -0.975452 4.903926 0.000000
    vertex -5.072349 25.500418 0.000000
    vertex -3.814992 25.718590 0.000000
  endloop
endfacet
facet normal 0.000000 0.000000 -1.000000
  outer loop
    vertex -0.490086 4.975924 0.000000
    vertex -3.814992 25.718590 0.000000
    vertex -2.548446 25.874804 0.000000
  endloop
endfacet
facet normal 0.000000 0.000000 -1.000000
  outer loop
    vertex -0.490086 4.975924 0.000000
    vertex -2.548446 25.874804 0.000000
    vertex -1.275760 25.968681 0.000000
  endloop
endfacet
facet normal 0.000000 -0.000000 -1.000000
  outer loop
    vertex -1.275760 25.968681 0.000000
    vertex 0.000000 26.000000 0.000000
    vertex -0.124356 5.267949 0.000000
  endloop
endfacet
facet normal 0.000000 0.000000 1.000000
  outer loop
    vertex -2.137775 4.519947 3.000000
    vertex -7.892846 19.055016 3.000000
    vertex -8.818324 18.644779 3.000000
  endloop
endfacet
facet normal 0.000000 0.000000 1.000000
  outer loop
    vertex -1.913417 4.619398 3.000000
    vertex -6.948353 19.419346 3.000000
    vertex -7.892846 19.055016 3.000000
  endloop
endfacet
facet normal 0.000000 0.000000 1.000000
  outer loop
    vertex -1.684449 4.707720 3.000000
    vertex -5.987122 19.736895 3.000000
    vertex -6.948353 19.419346 3.000000
  endloop
endfacet
facet normal 0.000000 0.000000 1.000000
  outer loop
    vertex -1.451423 4.784702 3.000000
    vertex -5.011466 20.006895 3.000000
    vertex -5.987122 19.736895 3.000000
  endloop
endfacet
facet normal 0.000000 0.000000 1.000000
  outer loop
    vertex -1.214901 4.850156 3.000000
    vertex -4.023738 20.228697 3.000000
    vertex -5.011466 20.006895 3.000000
  endloop
endfacet
facet normal 0.000000 0.000000 1.000000
  outer loop
    vertex -0.975452 4.903926 3.000000
    vertex -3.026316 20.401766 3.000000
    vertex -4.023738 20.228697 3.000000
  endloop
endfacet
facet normal 0.000000 0.000000 1.000000
  outer loop
    vertex -0.733652 4.945882 3.000000
    vertex -2.021604 20.525684 3.000000
    vertex -3.026316 20.401766 3.000000
  endloop
endfacet
facet normal 0.000000 0.000000 1.000000
  outer loop
    vertex -0.490086 4.975924 3.000000
    vertex -1.012021 20.600157 3.000000
    vertex -2.021604 20.525684 3.000000
  endloop
endfacet
facet normal 0.615231 -0.788347 0.000000
  outer loop
    vertex -13.084361 15.943340 3.000000
    vertex -12.286298 16.566154 3.000000
    vertex -12.286298 16.566154 19.000000
  endloop
endfacet
facet normal 0.575809 -0.817584 0.000000
  outer loop
    vertex -12.286298 16.566154 3.000000
    vertex -11.458636 17.149061 3.000000
    vertex -11.458636 17.149061 19.000000
  endloop
endfacet
facet normal 0.534997 -0.844854 0.000000
  outer loop
    vertex -11.458636 17.149061 3.000000
    vertex -10.603369 17.690653 3.000000
    vertex -10.603369 17.690653 19.000000
  endloop
endfacet
facet normal 0.492899 -0.870087 0.000000
  outer loop
    vertex -10.603369 17.690653 3.000000
    vertex -9.722558 18.189627 3.000000
    vertex -9.722558 18.189627 19.000000
  endloop
endfacet
facet normal 0.449611 -0.893225 0.000000
  outer loop
    vertex -9.722558 18.189627 3.000000
    vertex -8.818324 18.644779 3.000000
    vertex -8.818324 18.644779 19.000000
  endloop
endfacet
facet normal 0.405241 -0.914210 0.000000
  outer loop
    vertex -8.818324 18.644779 3.000000
    vertex -7.892846 19.055016 3.000000
    vertex -7.892846 19.055016 19.000000
  endloop
endfacet
facet normal 0.359895 -0.932993 0.000000
  outer loop
    vertex -7.892846 19.055016 3.000000
    vertex -6.948353 19.419346 3.000000
    vertex -6.948353 19.419346 19.000000
  endloop
endfacet
facet normal -0.492898 0.870087 0.000000
  outer loop
    vertex -13.366672 22.300943 0.000000
    vertex -12.256315 22.929953 21.000000
    vertex -12.256315 22.929953 0.000000
  endloop
endfacet
facet normal -0.449611 0.893224 0.000000
  outer loop
    vertex -12.256315 22.929953 0.000000
    vertex -11.116432 23.503721 21.000000
    vertex -11.116432 23.503721 0.000000
  endloop
endfacet
facet normal -0.405242 0.914210 0.000000
  outer loop
    vertex -11.116432 23.503721 0.000000
    vertex -9.949769 24.020868 21.000000
    vertex -9.949769 24.020868 0.000000
  endloop
endfacet
facet normal -0.359895 0.932993 0.000000
  outer loop
    vertex -9.949769 24.020868 0.000000
    vertex -8.759136 24.480146 21.000000
    vertex -8.759136 24.480146 0.000000
  endloop
endfacet
facet normal -0.313682 0.949528 0.000000
  outer loop
    vertex -8.759136 24.480146 0.000000
    vertex -7.547401 24.880449 21.000000
    vertex -7.547401 24.880449 0.000000
  endloop
endfacet
facet normal -0.266712 0.963776 0.000000
  outer loop
    vertex -7.547401 24.880449 0.000000
    vertex -6.317485 25.220812 21.000000
    vertex -6.317485 25.220812 0.000000
  endloop
endfacet
facet normal -0.219102 0.975702 0.000000
  outer loop
    vertex -6.317485 25.220812 0.000000
    vertex -5.072349 25.500418 21.000000
    vertex -5.072349 25.500418 0.000000
  endloop
endfacet
facet normal -0.170962 0.985278 0.000000
  outer loop
    vertex -5.072349 25.500418 0.000000
    vertex -3.814992 25.718590 21.000000
    vertex -3.814992 25.718590 0.000000
  endloop
endfacet
facet normal -0.122411 0.992480 0.000000
  outer loop
    vertex -3.814992 25.718590 0.000000
    vertex -2.548446 25.874804 21.000000
    vertex -2.548446 25.874804 0.000000
  endloop
endfacet
facet normal -0.073564 0.997291 0.000000
  outer loop
    vertex -2.548446 25.874804 0.000000
    vertex -1.275760 25.968681 21.000000
    vertex -1.275760 25.968681 0.000000
  endloop
endfacet
facet normal -0.024542 0.999699 0.000000
  outer loop
    vertex -1.275760 25.968681 0.000000
    vertex 0.000000 26.000000 21.000000
    vertex 0.000000 26.000000 0.000000
  endloop
endfacet
facet normal 0.313682 -0.949528 0.000000
  outer loop
    vertex -6.948353 19.419346 3.000000
    vertex -5.987122 19.736895 3.000000
    vertex -5.987122 19.736895 19.000000
  endloop
endfacet
facet normal 0.266713 -0.963776 0.000000
  outer loop
    vertex -5.987122 19.736895 3.000000
    vertex -5.011466 20.006895 3.000000
    vertex -5.011466 20.006895 19.000000
  endloop
endfacet
facet normal 0.219101 -0.975702 0.000000
  outer loop
    vertex -5.011466 20.006895 3.000000
    vertex -4.023738 20.228697 3.000000
    vertex -4.023738 20.228697 19.000000
  endloop
endfacet
facet normal 0.170962 -0.985278 0.000000
  outer loop
    vertex -4.023738 20.228697 3.000000
    vertex -3.026316 20.401766 3.000000
    vertex -3.026316 20.401766 19.000000
  endloop
endfacet
facet normal 0.122410 -0.992480 0.000000
  outer loop
    vertex -3.026316 20.401766 3.000000
    vertex -2.021604 20.525684 3.000000
    vertex -2.021604 20.525684 19.000000
  endloop
endfacet
facet normal 0.073566 -0.997290 0.000000
  outer loop
    vertex -2.021604 20.525684 3.000000
    vertex -1.012021 20.600157 3.000000
    vertex -1.012021 20.600157 19.000000
  endloop
endfacet
facet normal 0.024541 -0.999699 0.000000
  outer loop
    vertex -1.012021 20.600157 3.000000
    vertex 0.000000 20.625000 3.000000
    vertex 0.000000 20.625000 19.000000
  endloop
endfacet
facet normal -0.999699 0.024542 0.000000
  outer loop
    vertex -26.000000 0.000000 0.000000
    vertex -26.000000 0.000000 21.000000
    vertex -25.968681 1.275760 21.000000
  endloop
endfacet
facet normal -0.997291 0.073564 0.000000
  outer loop
    vertex -25.968681 1.275760 0.000000
    vertex -25.968681 1.275760 21.000000
    vertex -25.874804 2.548446 21.000000
  endloop
endfacet
facet normal -0.992480 0.122411 0.000000
  outer loop
    vertex -25.874804 2.548446 0.000000
    vertex -25.874804 2.548446 21.000000
    vertex -25.718590 3.814992 21.000000
  endloop
endfacet
facet normal -0.985278 0.170962 0.000000
  outer loop
    vertex -25.718590 3.814992 0.000000
    vertex -25.718590 3.814992 21.000000
    vertex -25.500418 5.072349 21.000000
  endloop
endfacet
facet normal -0.975702 0.219102 0.000000
  outer loop
    vertex -25.500418 5.072349 0.000000
    vertex -25.500418 5.072349 21.000000
    vertex -25.220812 6.317485 21.000000
  endloop
endfacet
facet normal 0.999699 -0.024541 0.000000
  outer loop
    vertex -20.625000 0.000000 3.000000
    vertex -20.600157 1.012021 19.000000
    vertex -20.625000 0.000000 19.000000
  endloop
endfacet
facet normal 0.997290 -0.073566 0.000000
  outer loop
    vertex -20.600157 1.012021 3.000000
    vertex -20.525684 2.021604 19.000000
    vertex -20.600157 1.012021 19.000000
  endloop
endfacet
facet normal 0.992480 -0.122410 0.000000
  outer loop
    vertex -20.525684 2.021604 3.000000
    vertex -20.401766 3.026316 19.000000
    vertex -20.525684 2.021604 19.000000
  endloop
endfacet
facet normal 0.985278 -0.170962 0.000000
  outer loop
    vertex -20.401766 3.026316 3.000000
    vertex -20.228697 4.023738 19.000000
    vertex -20.401766 3.026316 19.000000
  endloop
endfacet
facet normal 0.975702 -0.219101 0.000000
  outer loop
    vertex -20.228697 4.023738 3.000000
    vertex -20.006895 5.011466 19.000000
    vertex -20.228697 4.023738 19.000000
  endloop
endfacet
facet normal 0.963776 -0.266713 0.000000
  outer loop
    vertex -20.006895 5.011466 3.000000
    vertex -19.736895 5.987122 19.000000
    vertex -20.006895 5.011466 19.000000
  endloop
endfacet
facet normal 0.949528 -0.313682 0.000000
  outer loop
    vertex -19.736895 5.987122 3.000000
    vertex -19.419346 6.948353 19.000000
    vertex -19.736895 5.987122 19.000000
  endloop
endfacet
facet normal -0.963776 0.266712 0.000000
  outer loop
    vertex -25.220812 6.317485 0.000000
    vertex -25.220812 6.317485 21.000000
    vertex -24.880449 7.547401 21.000000
  endloop
endfacet
facet normal -0.949528 0.313682 0.000000
  outer loop
    vertex -24.880449 7.547401 0.000000
    vertex -24.880449 7.547401 21.000000
    vertex -24.480146 8.759136 21.000000
  endloop
endfacet
facet normal -0.932993 0.359895 0.000000
  outer loop
    vertex -24.480146 8.759136 0.000000
    vertex -24.480146 8.759136 21.000000
    vertex -24.020868 9.949769 21.000000
  endloop
endfacet
facet normal -0.914210 0.405242 0.000000
  outer loop
    vertex -24.020868 9.949769 0.000000
    vertex -24.020868 9.949769 21.000000
    vertex -23.503721 11.116432 21.000000
  endloop
endfacet
facet normal -0.893224 0.449611 0.000000
  outer loop
    vertex -23.503721 11.116432 0.000000
    vertex -23.503721 11.116432 21.000000
    vertex -22.929953 12.256315 21.000000
  endloop
endfacet
facet normal -0.870087 0.492898 0.000000
  outer loop
    vertex -22.929953 12.256315 0.000000
    vertex -22.929953 12.256315 21.000000
    vertex -22.300943 13.366672 21.000000
  endloop
endfacet
facet normal 0.932993 -0.359895 0.000000
  outer loop
    vertex -19.419346 6.948353 3.000000
    vertex -19.055016 7.892846 19.000000
    vertex -19.419346 6.948353 19.000000
  endloop
endfacet
facet normal 0.914210 -0.405241 0.000000
  outer loop
    vertex -19.055016 7.892846 3.000000
    vertex -18.644779 8.818324 19.000000
    vertex -19.055016 7.892846 19.000000
  endloop
endfacet
facet normal 0.893225 -0.449611 0.000000
  outer loop
    vertex -18.644779 8.818324 3.000000
    vertex -18.189627 9.722558 19.000000
    vertex -18.644779 8.818324 19.000000
  endloop
endfacet
facet normal 0.870087 -0.492899 0.000000
  outer loop
    vertex -18.189627 9.722558 3.000000
    vertex -17.690653 10.603369 19.000000
    vertex -18.189627 9.722558 19.000000
  endloop
endfacet
facet normal 0.844854 -0.534997 0.000000
  outer loop
    vertex -17.690653 10.603369 3.000000
    vertex -17.149061 11.458636 19.000000
    vertex -17.690653 10.603369 19.000000
  endloop
endfacet
facet normal 0.817584 -0.575809 0.000000
  outer loop
    vertex -17.149061 11.458636 3.000000
    vertex -16.566154 12.286298 19.000000
    vertex -17.149061 11.458636 19.000000
  endloop
endfacet
facet normal 0.788347 -0.615231 0.000000
  outer loop
    vertex -16.566154 12.286298 3.000000
    vertex -15.943340 13.084361 19.000000
    vertex -16.566154 12.286298 19.000000
  endloop
endfacet
facet normal -0.000000 -0.000000 1.000000
  outer loop
    vertex -26.000000 0.000000 21.000000
    vertex -5.000000 0.000000 21.000000
    vertex -25.968681 1.275760 21.000000
  endloop
endfacet
facet normal -0.000000 -0.000000 1.000000
  outer loop
    vertex -25.968681 1.275760 21.000000
    vertex -4.993977 0.245338 21.000000
    vertex -25.874804 2.548446 21.000000
  endloop
endfacet
facet normal -0.000000 -0.000000 1.000000
  outer loop
    vertex -25.874804 2.548446 21.000000
    vertex -4.975924 0.490086 21.000000
    vertex -25.718590 3.814992 21.000000
  endloop
endfacet
facet normal -0.000000 -0.000000 1.000000
  outer loop
    vertex -25.718590 3.814992 21.000000
    vertex -4.975924 0.490086 21.000000
    vertex -25.500418 5.072349 21.000000
  endloop
endfacet
facet normal -0.000000 -0.000000 1.000000
  outer loop
    vertex -25.500418 5.072349 21.000000
    vertex -4.850156 1.214901 21.000000
    vertex -25.220812 6.317485 21.000000
  endloop
endfacet
facet normal -0.000000 -0.000000 1.000000
  outer loop
    vertex -25.220812 6.317485 21.000000
    vertex -4.850156 1.214901 21.000000
    vertex -24.880449 7.547401 21.000000
  endloop
endfacet
facet normal -0.000000 -0.000000 1.000000
  outer loop
    vertex -24.880449 7.547401 21.000000
    vertex -4.850156 1.214901 21.000000
    vertex -24.480146 8.759136 21.000000
  endloop
endfacet
facet normal 0.000000 0.000000 -1.000000
  outer loop
    vertex -20.625000 0.000000 19.000000
    vertex -20.600157 1.012021 19.000000
    vertex -5.000000 0.000000 19.000000
  endloop
endfacet
facet normal 0.000000 0.000000 -1.000000
  outer loop
    vertex -20.600157 1.012021 19.000000
    vertex -20.525684 2.021604 19.000000
    vertex -4.975924 0.490086 19.000000
  endloop
endfacet
facet normal 0.000000 0.000000 -1.000000
  outer loop
    vertex -20.525684 2.021604 19.000000
    vertex -20.401766 3.026316 19.000000
    vertex -4.945882 0.733652 19.000000
  endloop
endfacet
facet normal 0.000000 0.000000 -1.000000
  outer loop
    vertex -20.401766 3.026316 19.000000
    vertex -20.228697 4.023738 19.000000
    vertex -4.903926 0.975452 19.000000
  endloop
endfacet
facet normal 0.000000 0.000000 -1.000000
  outer loop
    vertex -20.228697 4.023738 19.000000
    vertex -20.006895 5.011466 19.000000
    vertex -4.850156 1.214901 19.000000
  endloop
endfacet
facet normal 0.000000 0.000000 -1.000000
  outer loop
    vertex -20.006895 5.011466 19.000000
    vertex -19.736895 5.987122 19.000000
    vertex -4.784702 1.451423 19.000000
  endloop
endfacet
facet normal 0.000000 0.000000 -1.000000
  outer loop
    vertex -19.736895 5.987122 19.000000
    vertex -19.419346 6.948353 19.000000
    vertex -4.707720 1.684449 19.000000
  endloop
endfacet
facet normal 0.000000 0.000000 -1.000000
  outer loop
    vertex -19.419346 6.948353 19.000000
    vertex -19.055016 7.892846 19.000000
    vertex -4.619398 1.913417 19.000000
  endloop
endfacet
facet normal 0.000000 0.000000 -1.000000
  outer loop
    vertex -19.055016 7.892846 19.000000
    vertex -18.644779 8.818324 19.000000
    vertex -4.519947 2.137775 19.000000
  endloop
endfacet
facet normal -0.000000 -0.000000 1.000000
  outer loop
    vertex -24.480146 8.759136 21.000000
    vertex -4.784702 1.451423 21.000000
    vertex -24.020868 9.949769 21.000000
  endloop
endfacet
facet normal -0.000000 -0.000000 1.000000
  outer loop
    vertex -24.020868 9.949769 21.000000
    vertex -4.707720 1.684449 21.000000
    vertex -23.503721 11.116432 21.000000
  endloop
endfacet
facet normal -0.000000 -0.000000 1.000000
  outer loop
    vertex -23.503721 11.116432 21.000000
    vertex -4.409606 2.356984 21.000000
    vertex -22.929953 12.256315 21.000000
  endloop
endfacet
facet normal -0.000000 -0.000000 1.000000
  outer loop
    vertex -22.929953 12.256315 21.000000
    vertex -4.409606 2.356984 21.000000
    vertex -22.300943 13.366672 21.000000
  endloop
endfacet
facet normal 0.000000 0.000000 -1.000000
  outer loop
    vertex -18.644779 8.818324 19.000000
    vertex -18.189627 9.722558 19.000000
    vertex -4.409606 2.356984 19.000000
  endloop
endfacet
facet normal 0.000000 0.000000 -1.000000
  outer loop
    vertex -18.189627 9.722558 19.000000
    vertex -17.690653 10.603369 19.000000
    vertex -4.288643 2.570514 19.000000
  endloop
endfacet
facet normal -0.000000 -0.000000 1.000000
  outer loop
    vertex -22.300943 13.366672 21.000000
    vertex -4.157348 2.777851 21.000000
    vertex -21.618210 14.444826 21.000000
  endloop
endfacet
facet normal -0.000000 -0.000000 1.000000
  outer loop
    vertex -21.618210 14.444826 21.000000
    vertex -4.157348 2.777851 21.000000
    vertex -20.883396 15.488182 21.000000
  endloop
endfacet
facet normal -0.000000 -0.000000 1.000000
  outer loop
    vertex -20.883396 15.488182 21.000000
    vertex -4.157348 2.777851 21.000000
    vertex -20.098272 16.494225 21.000000
  endloop
endfacet
facet normal -0.000000 -0.000000 1.000000
  outer loop
    vertex -20.098272 16.494225 21.000000
    vertex -4.016037 2.978497 21.000000
    vertex -19.264729 17.460533 21.000000
  endloop
endfacet
facet normal -0.844854 0.534997 0.000000
  outer loop
    vertex -22.300943 13.366672 0.000000
    vertex -22.300943 13.366672 21.000000
    vertex -21.618210 14.444826 21.000000
  endloop
endfacet
facet normal -0.817585 0.575808 0.000000
  outer loop
    vertex -21.618210 14.444826 0.000000
    vertex -21.618210 14.444826 21.000000
    vertex -20.883396 15.488182 21.000000
  endloop
endfacet
facet normal -0.788346 0.615232 0.000000
  outer loop
    vertex -20.883396 15.488182 0.000000
    vertex -20.883396 15.488182 21.000000
    vertex -20.098272 16.494225 21.000000
  endloop
endfacet
facet normal -0.757209 0.653173 0.000000
  outer loop
    vertex -20.098272 16.494225 0.000000
    vertex -20.098272 16.494225 21.000000
    vertex -19.264729 17.460533 21.000000
  endloop
endfacet
facet normal -0.724248 0.689540 0.000000
  outer loop
    vertex -19.264729 17.460533 0.000000
    vertex -19.264729 17.460533 21.000000
    vertex -18.384777 18.384777 21.000000
  endloop
endfacet
facet normal -0.689540 0.724248 0.000000
  outer loop
    vertex -18.384777 18.384777 0.000000
    vertex -18.384777 18.384777 21.000000
    vertex -17.460533 19.264729 21.000000
  endloop
endfacet
facet normal 0.757209 -0.653172 0.000000
  outer loop
    vertex -15.943340 13.084361 3.000000
    vertex -15.282117 13.850904 19.000000
    vertex -15.943340 13.084361 19.000000
  endloop
endfacet
facet normal 0.724248 -0.689540 0.000000
  outer loop
    vertex -15.282117 13.850904 3.000000
    vertex -14.584078 14.584078 19.000000
    vertex -15.282117 13.850904 19.000000
  endloop
endfacet
facet normal 0.689540 -0.724248 0.000000
  outer loop
    vertex -14.584078 14.584078 3.000000
    vertex -13.850904 15.282117 19.000000
    vertex -14.584078 14.584078 19.000000
  endloop
endfacet
facet normal 0.653172 -0.757209 0.000000
  outer loop
    vertex -13.850904 15.282117 3.000000
    vertex -13.084361 15.943340 19.000000
    vertex -13.850904 15.282117 19.000000
  endloop
endfacet
facet normal -0.653173 0.757209 0.000000
  outer loop
    vertex -17.460533 19.264729 0.000000
    vertex -17.460533 19.264729 21.000000
    vertex -16.494225 20.098272 21.000000
  endloop
endfacet
facet normal -0.615232 0.788346 0.000000
  outer loop
    vertex -16.494225 20.098272 0.000000
    vertex -16.494225 20.098272 21.000000
    vertex -15.488182 20.883396 21.000000
  endloop
endfacet
facet normal -0.575808 0.817585 0.000000
  outer loop
    vertex -15.488182 20.883396 0.000000
    vertex -15.488182 20.883396 21.000000
    vertex -14.444826 21.618210 21.000000
  endloop
endfacet
facet normal -0.534997 0.844854 0.000000
  outer loop
    vertex -14.444826 21.618210 0.000000
    vertex -14.444826 21.618210 21.000000
    vertex -13.366672 22.300943 21.000000
  endloop
endfacet
facet normal -0.000000 -0.000000 1.000000
  outer loop
    vertex -19.264729 17.460533 21.000000
    vertex -3.535534 3.535534 21.000000
    vertex -18.384777 18.384777 21.000000
  endloop
endfacet
facet normal -0.000000 -0.000000 1.000000
  outer loop
    vertex -18.384777 18.384777 21.000000
    vertex -3.535534 3.535534 21.000000
    vertex -17.460533 19.264729 21.000000
  endloop
endfacet
facet normal 0.000000 -0.000000 -1.000000
  outer loop
    vertex -20.600157 1.012021 19.000000
    vertex -4.993977 0.245338 19.000000
    vertex -5.000000 0.000000 19.000000
  endloop
endfacet
facet normal 0.000000 -0.000000 -1.000000
  outer loop
    vertex -20.600157 1.012021 19.000000
    vertex -4.975924 0.490086 19.000000
    vertex -4.993977 0.245338 19.000000
  endloop
endfacet
facet normal 0.000000 -0.000000 -1.000000
  outer loop
    vertex -20.525684 2.021604 19.000000
    vertex -4.945882 0.733652 19.000000
    vertex -4.975924 0.490086 19.000000
  endloop
endfacet
facet normal 0.000000 -0.000000 -1.000000
  outer loop
    vertex -20.401766 3.026316 19.000000
    vertex -4.903926 0.975452 19.000000
    vertex -4.945882 0.733652 19.000000
  endloop
endfacet
facet normal 0.000000 -0.000000 -1.000000
  outer loop
    vertex -20.228697 4.023738 19.000000
    vertex -4.850156 1.214901 19.000000
    vertex -4.903926 0.975452 19.000000
  endloop
endfacet
facet normal 0.000000 -0.000000 -1.000000
  outer loop
    vertex -20.006895 5.011466 19.000000
    vertex -4.784702 1.451423 19.000000
    vertex -4.850156 1.214901 19.000000
  endloop
endfacet
facet normal -0.000000 0.000000 1.000000
  outer loop
    vertex -25.968681 1.275760 21.000000
    vertex -5.000000 0.000000 21.000000
    vertex -4.993977 0.245338 21.000000
  endloop
endfacet
facet normal -0.000000 0.000000 1.000000
  outer loop
    vertex -25.874804 2.548446 21.000000
    vertex -4.993977 0.245338 21.000000
    vertex -4.975924 0.490086 21.000000
  endloop
endfacet
facet normal -0.000000 0.000000 1.000000
  outer loop
    vertex -25.500418 5.072349 21.000000
    vertex -4.975924 0.490086 21.000000
    vertex -4.945882 0.733652 21.000000
  endloop
endfacet
facet normal -0.000000 0.000000 1.000000
  outer loop
    vertex -25.500418 5.072349 21.000000
    vertex -4.945882 0.733652 21.000000
    vertex -4.903926 0.975452 21.000000
  endloop
endfacet
facet normal -0.000000 0.000000 1.000000
  outer loop
    vertex -25.500418 5.072349 21.000000
    vertex -4.903926 0.975452 21.000000
    vertex -4.850156 1.214901 21.000000
  endloop
endfacet
facet normal -0.000000 0.000000 1.000000
  outer loop
    vertex -24.480146 8.759136 21.000000
    vertex -4.850156 1.214901 21.000000
    vertex -4.784702 1.451423 21.000000
  endloop
endfacet
facet normal -0.000000 0.000000 1.000000
  outer loop
    vertex -24.020868 9.949769 21.000000
    vertex -4.784702 1.451423 21.000000
    vertex -4.707720 1.684449 21.000000
  endloop
endfacet
facet normal -0.000000 0.000000 1.000000
  outer loop
    vertex -23.503721 11.116432 21.000000
    vertex -4.707720 1.684449 21.000000
    vertex -4.619398 1.913417 21.000000
  endloop
endfacet
facet normal -0.000000 0.000000 1.000000
  outer loop
    vertex -23.503721 11.116432 21.000000
    vertex -4.619398 1.913417 21.000000
    vertex -4.519947 2.137775 21.000000
  endloop
endfacet
facet normal -0.000000 0.000000 1.000000
  outer loop
    vertex -23.503721 11.116432 21.000000
    vertex -4.519947 2.137775 21.000000
    vertex -4.409606 2.356984 21.000000
  endloop
endfacet
facet normal -0.000000 0.000000 1.000000
  outer loop
    vertex -22.300943 13.366672 21.000000
    vertex -4.409606 2.356984 21.000000
    vertex -4.288643 2.570514 21.000000
  endloop
endfacet
facet normal -0.000000 0.000000 1.000000
  outer loop
    vertex -22.300943 13.366672 21.000000
    vertex -4.288643 2.570514 21.000000
    vertex -4.157348 2.777851 21.000000
  endloop
endfacet
facet normal 0.000000 -0.000000 -1.000000
  outer loop
    vertex -19.736895 5.987122 19.000000
    vertex -4.707720 1.684449 19.000000
    vertex -4.784702 1.451423 19.000000
  endloop
endfacet
facet normal 0.000000 -0.000000 -1.000000
  outer loop
    vertex -19.419346 6.948353 19.000000
    vertex -4.619398 1.913417 19.000000
    vertex -4.707720 1.684449 19.000000
  endloop
endfacet
facet normal 0.000000 -0.000000 -1.000000
  outer loop
    vertex -19.055016 7.892846 19.000000
    vertex -4.519947 2.137775 19.000000
    vertex -4.619398 1.913417 19.000000
  endloop
endfacet
facet normal 0.000000 -0.000000 -1.000000
  outer loop
    vertex -18.644779 8.818324 19.000000
    vertex -4.409606 2.356984 19.000000
    vertex -4.519947 2.137775 19.000000
  endloop
endfacet
facet normal 0.000000 -0.000000 -1.000000
  outer loop
    vertex -18.189627 9.722558 19.000000
    vertex -4.288643 2.570514 19.000000
    vertex -4.409606 2.356984 19.000000
  endloop
endfacet
facet normal 0.000000 -0.000000 -1.000000
  outer loop
    vertex -17.690653 10.603369 19.000000
    vertex -4.157348 2.777851 19.000000
    vertex -4.288643 2.570514 19.000000
  endloop
endfacet
facet normal 0.000000 -0.000000 -1.000000
  outer loop
    vertex -17.149061 11.458636 19.000000
    vertex -4.016037 2.978497 19.000000
    vertex -4.157348 2.777851 19.000000
  endloop
endfacet
facet normal 0.000000 -0.000000 -1.000000
  outer loop
    vertex -16.566154 12.286298 19.000000
    vertex -3.865052 3.171966 19.000000
    vertex -4.016037 2.978497 19.000000
  endloop
endfacet
facet normal 0.000000 0.000000 -1.000000
  outer loop
    vertex -17.690653 10.603369 19.000000
    vertex -17.149061 11.458636 19.000000
    vertex -4.157348 2.777851 19.000000
  endloop
endfacet
facet normal 0.000000 0.000000 -1.000000
  outer loop
    vertex -17.149061 11.458636 19.000000
    vertex -16.566154 12.286298 19.000000
    vertex -4.016037 2.978497 19.000000
  endloop
endfacet
facet normal 0.000000 0.000000 -1.000000
  outer loop
    vertex -16.566154 12.286298 19.000000
    vertex -15.943340 13.084361 19.000000
    vertex -3.865052 3.171966 19.000000
  endloop
endfacet
facet normal 0.000000 0.000000 -1.000000
  outer loop
    vertex -15.943340 13.084361 19.000000
    vertex -15.282117 13.850904 19.000000
    vertex -3.704756 3.357795 19.000000
  endloop
endfacet
facet normal 0.000000 0.000000 -1.000000
  outer loop
    vertex -15.282117 13.850904 19.000000
    vertex -14.584078 14.584078 19.000000
    vertex -3.535534 3.535534 19.000000
  endloop
endfacet
facet normal 0.000000 0.000000 -1.000000
  outer loop
    vertex -14.584078 14.584078 19.000000
    vertex -13.850904 15.282117 19.000000
    vertex -3.535534 3.535534 19.000000
  endloop
endfacet
facet normal 0.000000 0.000000 -1.000000
  outer loop
    vertex -13.850904 15.282117 19.000000
    vertex -13.084361 15.943340 19.000000
    vertex -3.171966 3.865052 19.000000
  endloop
endfacet
facet normal 0.000000 -0.000000 -1.000000
  outer loop
    vertex -15.943340 13.084361 19.000000
    vertex -3.704756 3.357795 19.000000
    vertex -3.865052 3.171966 19.000000
  endloop
endfacet
facet normal 0.000000 -0.000000 -1.000000
  outer loop
    vertex -15.282117 13.850904 19.000000
    vertex -3.535534 3.535534 19.000000
    vertex -3.704756 3.357795 19.000000
  endloop
endfacet
facet normal 0.000000 -0.000000 -1.000000
  outer loop
    vertex -13.850904 15.282117 19.000000
    vertex -3.357795 3.704756 19.000000
    vertex -3.535534 3.535534 19.000000
  endloop
endfacet
facet normal 0.000000 -0.000000 -1.000000
  outer loop
    vertex -13.850904 15.282117 19.000000
    vertex -3.171966 3.865052 19.000000
    vertex -3.357795 3.704756 19.000000
  endloop
endfacet
facet normal -0.000000 0.000000 1.000000
  outer loop
    vertex -20.098272 16.494225 21.000000
    vertex -4.157348 2.777851 21.000000
    vertex -4.016037 2.978497 21.000000
  endloop
endfacet
facet normal -0.000000 0.000000 1.000000
  outer loop
    vertex -19.264729 17.460533 21.000000
    vertex -4.016037 2.978497 21.000000
    vertex -3.865052 3.171966 21.000000
  endloop
endfacet
facet normal -0.000000 0.000000 1.000000
  outer loop
    vertex -19.264729 17.460533 21.000000
    vertex -3.865052 3.171966 21.000000
    vertex -3.704756 3.357795 21.000000
  endloop
endfacet
facet normal -0.000000 0.000000 1.000000
  outer loop
    vertex -19.264729 17.460533 21.000000
    vertex -3.704756 3.357795 21.000000
    vertex -3.535534 3.535534 21.000000
  endloop
endfacet
facet normal -0.000000 0.000000 1.000000
  outer loop
    vertex -17.460533 19.264729 21.000000
    vertex -3.535534 3.535534 21.000000
    vertex -3.357795 3.704756 21.000000
  endloop
endfacet
facet normal -0.000000 0.000000 1.000000
  outer loop
    vertex -16.494225 20.098272 21.000000
    vertex -3.357795 3.704756 21.000000
    vertex -3.171966 3.865052 21.000000
  endloop
endfacet
facet normal -0.000000 0.000000 1.000000
  outer loop
    vertex -16.494225 20.098272 21.000000
    vertex -3.171966 3.865052 21.000000
    vertex -2.978497 4.016037 21.000000
  endloop
endfacet
facet normal 0.000000 0.000000 -1.000000
  outer loop
    vertex -13.084361 15.943340 19.000000
    vertex -12.286298 16.566154 19.000000
    vertex -3.171966 3.865052 19.000000
  endloop
endfacet
facet normal 0.000000 0.000000 -1.000000
  outer loop
    vertex -2.777851 4.157348 19.000000
    vertex -12.286298 16.566154 19.000000
    vertex -11.458636 17.149061 19.000000
  endloop
endfacet
facet normal 0.000000 0.000000 -1.000000
  outer loop
    vertex -2.777851 4.157348 19.000000
    vertex -11.458636 17.149061 19.000000
    vertex -10.603369 17.690653 19.000000
  endloop
endfacet
facet normal 0.999699 -0.024542 0.000000
  outer loop
    vertex -5.000000 0.000000 19.000000
    vertex -4.993977 0.245338 19.000000
    vertex -5.000000 0.000000 21.000000
  endloop
endfacet
facet normal 0.997290 -0.073564 0.000000
  outer loop
    vertex -4.993977 0.245338 19.000000
    vertex -4.975924 0.490086 19.000000
    vertex -4.993977 0.245338 21.000000
  endloop
endfacet
facet normal 0.992479 -0.122411 0.000000
  outer loop
    vertex -4.975924 0.490086 19.000000
    vertex -4.945882 0.733652 19.000000
    vertex -4.975924 0.490086 21.000000
  endloop
endfacet
facet normal 0.985278 -0.170961 0.000000
  outer loop
    vertex -4.945882 0.733652 19.000000
    vertex -4.903926 0.975452 19.000000
    vertex -4.945882 0.733652 21.000000
  endloop
endfacet
facet normal 0.975702 -0.219101 0.000000
  outer loop
    vertex -4.903926 0.975452 19.000000
    vertex -4.850156 1.214901 19.000000
    vertex -4.903926 0.975452 21.000000
  endloop
endfacet
facet normal 0.963776 -0.266712 0.000000
  outer loop
    vertex -4.850156 1.214901 19.000000
    vertex -4.784702 1.451423 19.000000
    vertex -4.850156 1.214901 21.000000
  endloop
endfacet
facet normal 0.949528 -0.313682 0.000000
  outer loop
    vertex -4.784702 1.451423 19.000000
    vertex -4.707720 1.684449 19.000000
    vertex -4.784702 1.451423 21.000000
  endloop
endfacet
facet normal 0.932993 -0.359895 0.000000
  outer loop
    vertex -4.707720 1.684449 19.000000
    vertex -4.619398 1.913417 19.000000
    vertex -4.707720 1.684449 21.000000
  endloop
endfacet
facet normal 0.914210 -0.405241 0.000000
  outer loop
    vertex -4.619398 1.913417 19.000000
    vertex -4.519947 2.137775 19.000000
    vertex -4.619398 1.913417 21.000000
  endloop
endfacet
facet normal 0.893224 -0.449611 0.000000
  outer loop
    vertex -4.519947 2.137775 19.000000
    vertex -4.409606 2.356984 19.000000
    vertex -4.519947 2.137775 21.000000
  endloop
endfacet
facet normal 0.870086 -0.492899 0.000000
  outer loop
    vertex -4.409606 2.356984 19.000000
    vertex -4.288643 2.570514 19.000000
    vertex -4.409606 2.356984 21.000000
  endloop
endfacet
facet normal 0.844854 -0.534997 0.000000
  outer loop
    vertex -4.288643 2.570514 19.000000
    vertex -4.157348 2.777851 19.000000
    vertex -4.288643 2.570514 21.000000
  endloop
endfacet
facet normal 0.817584 -0.575809 0.000000
  outer loop
    vertex -4.157348 2.777851 19.000000
    vertex -4.016037 2.978497 19.000000
    vertex -4.157348 2.777851 21.000000
  endloop
endfacet
facet normal 0.788347 -0.615231 0.000000
  outer loop
    vertex -4.016037 2.978497 19.000000
    vertex -3.865052 3.171966 19.000000
    vertex -4.016037 2.978497 21.000000
  endloop
endfacet
facet normal 0.757209 -0.653173 0.000000
  outer loop
    vertex -3.865052 3.171966 19.000000
    vertex -3.704756 3.357795 19.000000
    vertex -3.865052 3.171966 21.000000
  endloop
endfacet
facet normal 0.999699 -0.024542 0.000000
  outer loop
    vertex -4.993977 0.245338 19.000000
    vertex -4.993977 0.245338 21.000000
    vertex -5.000000 0.000000 21.000000
  endloop
endfacet
facet normal 0.997290 -0.073564 0.000000
  outer loop
    vertex -4.975924 0.490086 19.000000
    vertex -4.975924 0.490086 21.000000
    vertex -4.993977 0.245338 21.000000
  endloop
endfacet
facet normal 0.992479 -0.122411 0.000000
  outer loop
    vertex -4.945882 0.733652 19.000000
    vertex -4.945882 0.733652 21.000000
    vertex -4.975924 0.490086 21.000000
  endloop
endfacet
facet normal 0.985278 -0.170961 0.000000
  outer loop
    vertex -4.903926 0.975452 19.000000
    vertex -4.903926 0.975452 21.000000
    vertex -4.945882 0.733652 21.000000
  endloop
endfacet
facet normal 0.975702 -0.219101 0.000000
  outer loop
    vertex -4.850156 1.214901 19.000000
    vertex -4.850156 1.214901 21.000000
    vertex -4.903926 0.975452 21.000000
  endloop
endfacet
facet normal 0.963776 -0.266712 0.000000
  outer loop
    vertex -4.784702 1.451423 19.000000
    vertex -4.784702 1.451423 21.000000
    vertex -4.850156 1.214901 21.000000
  endloop
endfacet
facet normal 0.949528 -0.313682 0.000000
  outer loop
    vertex -4.707720 1.684449 19.000000
    vertex -4.707720 1.684449 21.000000
    vertex -4.784702 1.451423 21.000000
  endloop
endfacet
facet normal 0.932993 -0.359895 0.000000
  outer loop
    vertex -4.619398 1.913417 19.000000
    vertex -4.619398 1.913417 21.000000
    vertex -4.707720 1.684449 21.000000
  endloop
endfacet
facet normal 0.914210 -0.405241 0.000000
  outer loop
    vertex -4.519947 2.137775 19.000000
    vertex -4.519947 2.137775 21.000000
    vertex -4.619398 1.913417 21.000000
  endloop
endfacet
facet normal 0.893224 -0.449611 0.000000
  outer loop
    vertex -4.409606 2.356984 19.000000
    vertex -4.409606 2.356984 21.000000
    vertex -4.519947 2.137775 21.000000
  endloop
endfacet
facet normal 0.870086 -0.492899 0.000000
  outer loop
    vertex -4.288643 2.570514 19.000000
    vertex -4.288643 2.570514 21.000000
    vertex -4.409606 2.356984 21.000000
  endloop
endfacet
facet normal 0.844854 -0.534997 0.000000
  outer loop
    vertex -4.157348 2.777851 19.000000
    vertex -4.157348 2.777851 21.000000
    vertex -4.288643 2.570514 21.000000
  endloop
endfacet
facet normal 0.817584 -0.575809 0.000000
  outer loop
    vertex -4.016037 2.978497 19.000000
    vertex -4.016037 2.978497 21.000000
    vertex -4.157348 2.777851 21.000000
  endloop
endfacet
facet normal 0.788347 -0.615231 0.000000
  outer loop
    vertex -3.865052 3.171966 19.000000
    vertex -3.865052 3.171966 21.000000
    vertex -4.016037 2.978497 21.000000
  endloop
endfacet
facet normal 0.724247 -0.689540 0.000000
  outer loop
    vertex -3.704756 3.357795 19.000000
    vertex -3.535534 3.535534 19.000000
    vertex -3.704756 3.357795 21.000000
  endloop
endfacet
facet normal 0.689540 -0.724247 0.000000
  outer loop
    vertex -3.535534 3.535534 19.000000
    vertex -3.357795 3.704756 19.000000
    vertex -3.535534 3.535534 21.000000
  endloop
endfacet
facet normal 0.653173 -0.757209 0.000000
  outer loop
    vertex -3.357795 3.704756 19.000000
    vertex -3.171966 3.865052 19.000000
    vertex -3.357795 3.704756 21.000000
  endloop
endfacet
facet normal 0.757209 -0.653173 0.000000
  outer loop
    vertex -3.865052 3.171966 21.000000
    vertex -3.704756 3.357795 19.000000
    vertex -3.704756 3.357795 21.000000
  endloop
endfacet
facet normal 0.724247 -0.689540 0.000000
  outer loop
    vertex -3.535534 3.535534 19.000000
    vertex -3.535534 3.535534 21.000000
    vertex -3.704756 3.357795 21.000000
  endloop
endfacet
facet normal 0.689540 -0.724247 0.000000
  outer loop
    vertex -3.357795 3.704756 19.000000
    vertex -3.357795 3.704756 21.000000
    vertex -3.535534 3.535534 21.000000
  endloop
endfacet
facet normal 0.615231 -0.788347 0.000000
  outer loop
    vertex -3.171966 3.865052 19.000000
    vertex -2.978497 4.016037 19.000000
    vertex -3.171966 3.865052 21.000000
  endloop
endfacet
facet normal 0.575809 -0.817584 0.000000
  outer loop
    vertex -2.978497 4.016037 19.000000
    vertex -2.777851 4.157348 19.000000
    vertex -2.978497 4.016037 21.000000
  endloop
endfacet
facet normal 0.534997 -0.844854 0.000000
  outer loop
    vertex -2.777851 4.157348 19.000000
    vertex -2.570514 4.288643 19.000000
    vertex -2.777851 4.157348 21.000000
  endloop
endfacet
facet normal 0.492899 -0.870086 0.000000
  outer loop
    vertex -2.570514 4.288643 19.000000
    vertex -2.356984 4.409606 19.000000
    vertex -2.570514 4.288643 21.000000
  endloop
endfacet
facet normal 0.449611 -0.893224 0.000000
  outer loop
    vertex -2.356984 4.409606 19.000000
    vertex -2.137775 4.519947 19.000000
    vertex -2.356984 4.409606 21.000000
  endloop
endfacet
facet normal 0.405241 -0.914210 0.000000
  outer loop
    vertex -2.137775 4.519947 19.000000
    vertex -1.913417 4.619398 19.000000
    vertex -2.137775 4.519947 21.000000
  endloop
endfacet
facet normal 0.359895 -0.932993 0.000000
  outer loop
    vertex -1.913417 4.619398 19.000000
    vertex -1.684449 4.707720 19.000000
    vertex -1.913417 4.619398 21.000000
  endloop
endfacet
facet normal 0.313682 -0.949528 0.000000
  outer loop
    vertex -1.684449 4.707720 19.000000
    vertex -1.451423 4.784702 19.000000
    vertex -1.684449 4.707720 21.000000
  endloop
endfacet
facet normal 0.266712 -0.963776 0.000000
  outer loop
    vertex -1.451423 4.784702 19.000000
    vertex -1.214901 4.850156 19.000000
    vertex -1.451423 4.784702 21.000000
  endloop
endfacet
facet normal 0.219101 -0.975702 0.000000
  outer loop
    vertex -1.214901 4.850156 19.000000
    vertex -0.975452 4.903926 19.000000
    vertex -1.214901 4.850156 21.000000
  endloop
endfacet
facet normal 0.000000 0.000000 -1.000000
  outer loop
    vertex -0.245338 4.993977 19.000000
    vertex -0.124356 5.267949 19.000000
    vertex 0.000000 5.000000 19.000000
  endloop
endfacet
facet normal 0.170961 -0.985278 0.000000
  outer loop
    vertex -0.975452 4.903926 19.000000
    vertex -0.733652 4.945882 19.000000
    vertex -0.975452 4.903926 21.000000
  endloop
endfacet
facet normal 0.122411 -0.992479 0.000000
  outer loop
    vertex -0.733652 4.945882 19.000000
    vertex -0.490086 4.975924 19.000000
    vertex -0.733652 4.945882 21.000000
  endloop
endfacet
facet normal 0.073564 -0.997290 0.000000
  outer loop
    vertex -0.490086 4.975924 19.000000
    vertex -0.245338 4.993977 19.000000
    vertex -0.490086 4.975924 21.000000
  endloop
endfacet
facet normal 0.024542 -0.999699 0.000000
  outer loop
    vertex -0.245338 4.993977 19.000000
    vertex 0.000000 5.000000 19.000000
    vertex -0.245338 4.993977 21.000000
  endloop
endfacet
facet normal 0.653173 -0.757209 0.000000
  outer loop
    vertex -3.357795 3.704756 21.000000
    vertex -3.171966 3.865052 19.000000
    vertex -3.171966 3.865052 21.000000
  endloop
endfacet
facet normal 0.615231 -0.788347 0.000000
  outer loop
    vertex -2.978497 4.016037 19.000000
    vertex -2.978497 4.016037 21.000000
    vertex -3.171966 3.865052 21.000000
  endloop
endfacet
facet normal 0.575809 -0.817584 0.000000
  outer loop
    vertex -2.777851 4.157348 19.000000
    vertex -2.777851 4.157348 21.000000
    vertex -2.978497 4.016037 21.000000
  endloop
endfacet
facet normal 0.534997 -0.844854 0.000000
  outer loop
    vertex -2.570514 4.288643 19.000000
    vertex -2.570514 4.288643 21.000000
    vertex -2.777851 4.157348 21.000000
  endloop
endfacet
facet normal 0.492899 -0.870086 0.000000
  outer loop
    vertex -2.356984 4.409606 19.000000
    vertex -2.356984 4.409606 21.000000
    vertex -2.570514 4.288643 21.000000
  endloop
endfacet
facet normal 0.449611 -0.893224 0.000000
  outer loop
    vertex -2.137775 4.519947 19.000000
    vertex -2.137775 4.519947 21.000000
    vertex -2.356984 4.409606 21.000000
  endloop
endfacet
facet normal 0.405241 -0.914210 0.000000
  outer loop
    vertex -1.913417 4.619398 19.000000
    vertex -1.913417 4.619398 21.000000
    vertex -2.137775 4.519947 21.000000
  endloop
endfacet
facet normal 0.359895 -0.932993 0.000000
  outer loop
    vertex -1.684449 4.707720 19.000000
    vertex -1.684449 4.707720 21.000000
    vertex -1.913417 4.619398 21.000000
  endloop
endfacet
facet normal 0.313682 -0.949528 0.000000
  outer loop
    vertex -1.451423 4.784702 19.000000
    vertex -1.451423 4.784702 21.000000
    vertex -1.684449 4.707720 21.000000
  endloop
endfacet
facet normal 0.266712 -0.963776 0.000000
  outer loop
    vertex -1.214901 4.850156 19.000000
    vertex -1.214901 4.850156 21.000000
    vertex -1.451423 4.784702 21.000000
  endloop
endfacet
facet normal 0.219101 -0.975702 0.000000
  outer loop
    vertex -0.975452 4.903926 19.000000
    vertex -0.975452 4.903926 21.000000
    vertex -1.214901 4.850156 21.000000
  endloop
endfacet
facet normal 0.170961 -0.985278 0.000000
  outer loop
    vertex -0.733652 4.945882 19.000000
    vertex -0.733652 4.945882 21.000000
    vertex -0.975452 4.903926 21.000000
  endloop
endfacet
facet normal 0.122411 -0.992479 0.000000
  outer loop
    vertex -0.490086 4.975924 19.000000
    vertex -0.490086 4.975924 21.000000
    vertex -0.733652 4.945882 21.000000
  endloop
endfacet
facet normal 0.073564 -0.997290 0.000000
  outer loop
    vertex -0.245338 4.993977 19.000000
    vertex -0.245338 4.993977 21.000000
    vertex -0.490086 4.975924 21.000000
  endloop
endfacet
facet normal 0.024542 -0.999699 0.000000
  outer loop
    vertex -0.245338 4.993977 21.000000
    vertex 0.000000 5.000000 19.000000
    vertex 0.000000 5.000000 21.000000
  endloop
endfacet
facet normal 0.000000 -0.000000 1.000000
  outer loop
    vertex -0.245338 4.993977 21.000000
    vertex 0.000000 5.000000 21.000000
    vertex -0.124356 5.267949 21.000000
  endloop
endfacet
facet normal 0.000000 0.000000 -1.000000
  outer loop
    vertex -3.171966 3.865052 19.000000
    vertex -12.286298 16.566154 19.000000
    vertex -2.978497 4.016037 19.000000
  endloop
endfacet
facet normal 0.000000 0.000000 -1.000000
  outer loop
    vertex -2.978497 4.016037 19.000000
    vertex -12.286298 16.566154 19.000000
    vertex -2.777851 4.157348 19.000000
  endloop
endfacet
facet normal 0.000000 0.000000 -1.000000
  outer loop
    vertex -2.777851 4.157348 19.000000
    vertex -10.603369 17.690653 19.000000
    vertex -2.570514 4.288643 19.000000
  endloop
endfacet
facet normal 0.000000 0.000000 -1.000000
  outer loop
    vertex -2.570514 4.288643 19.000000
    vertex -10.603369 17.690653 19.000000
    vertex -2.356984 4.409606 19.000000
  endloop
endfacet
facet normal 0.000000 0.000000 -1.000000
  outer loop
    vertex -2.356984 4.409606 19.000000
    vertex -8.818324 18.644779 19.000000
    vertex -2.137775 4.519947 19.000000
  endloop
endfacet
facet normal 0.000000 0.000000 -1.000000
  outer loop
    vertex -2.137775 4.519947 19.000000
    vertex -7.892846 19.055016 19.000000
    vertex -1.913417 4.619398 19.000000
  endloop
endfacet
facet normal 0.000000 0.000000 -1.000000
  outer loop
    vertex -1.913417 4.619398 19.000000
    vertex -7.892846 19.055016 19.000000
    vertex -1.684449 4.707720 19.000000
  endloop
endfacet
facet normal 0.000000 0.000000 -1.000000
  outer loop
    vertex -1.684449 4.707720 19.000000
    vertex -6.948353 19.419346 19.000000
    vertex -1.451423 4.784702 19.000000
  endloop
endfacet
facet normal -0.000000 0.000000 1.000000
  outer loop
    vertex -13.366672 22.300943 21.000000
    vertex -2.978497 4.016037 21.000000
    vertex -2.777851 4.157348 21.000000
  endloop
endfacet
facet normal -0.000000 0.000000 1.000000
  outer loop
    vertex -13.366672 22.300943 21.000000
    vertex -2.777851 4.157348 21.000000
    vertex -2.570514 4.288643 21.000000
  endloop
endfacet
facet normal 0.000000 -0.000000 1.000000
  outer loop
    vertex -2.570514 4.288643 21.000000
    vertex -2.356984 4.409606 21.000000
    vertex -11.116432 23.503721 21.000000
  endloop
endfacet
facet normal 0.000000 -0.000000 1.000000
  outer loop
    vertex -2.356984 4.409606 21.000000
    vertex -2.137775 4.519947 21.000000
    vertex -9.949769 24.020868 21.000000
  endloop
endfacet
facet normal 0.000000 -0.000000 1.000000
  outer loop
    vertex -2.137775 4.519947 21.000000
    vertex -1.913417 4.619398 21.000000
    vertex -9.949769 24.020868 21.000000
  endloop
endfacet
facet normal 0.000000 -0.000000 1.000000
  outer loop
    vertex -1.913417 4.619398 21.000000
    vertex -1.684449 4.707720 21.000000
    vertex -9.949769 24.020868 21.000000
  endloop
endfacet
facet normal 0.000000 -0.000000 1.000000
  outer loop
    vertex -1.684449 4.707720 21.000000
    vertex -1.451423 4.784702 21.000000
    vertex -8.759136 24.480146 21.000000
  endloop
endfacet
facet normal 0.000000 0.000000 -1.000000
  outer loop
    vertex -1.451423 4.784702 19.000000
    vertex -5.011466 20.006895 19.000000
    vertex -1.214901 4.850156 19.000000
  endloop
endfacet
facet normal 0.000000 0.000000 -1.000000
  outer loop
    vertex -1.214901 4.850156 19.000000
    vertex -5.011466 20.006895 19.000000
    vertex -0.975452 4.903926 19.000000
  endloop
endfacet
facet normal 0.000000 0.000000 -1.000000
  outer loop
    vertex -0.975452 4.903926 19.000000
    vertex -4.023738 20.228697 19.000000
    vertex -0.733652 4.945882 19.000000
  endloop
endfacet
facet normal 0.000000 0.000000 -1.000000
  outer loop
    vertex -0.733652 4.945882 19.000000
    vertex -3.026316 20.401766 19.000000
    vertex -0.490086 4.975924 19.000000
  endloop
endfacet
facet normal 0.000000 0.000000 -1.000000
  outer loop
    vertex -0.490086 4.975924 19.000000
    vertex -1.012021 20.600157 19.000000
    vertex -0.245338 4.993977 19.000000
  endloop
endfacet
facet normal 0.000000 0.000000 -1.000000
  outer loop
    vertex -0.245338 4.993977 19.000000
    vertex -1.012021 20.600157 19.000000
    vertex -0.124356 5.267949 19.000000
  endloop
endfacet
facet normal 0.000000 -0.000000 1.000000
  outer loop
    vertex -1.451423 4.784702 21.000000
    vertex -1.214901 4.850156 21.000000
    vertex -5.072349 25.500418 21.000000
  endloop
endfacet
facet normal 0.000000 -0.000000 1.000000
  outer loop
    vertex -1.214901 4.850156 21.000000
    vertex -0.975452 4.903926 21.000000
    vertex -3.814992 25.718590 21.000000
  endloop
endfacet
facet normal 0.000000 -0.000000 1.000000
  outer loop
    vertex -0.975452 4.903926 21.000000
    vertex -0.733652 4.945882 21.000000
    vertex -3.814992 25.718590 21.000000
  endloop
endfacet
facet normal 0.000000 -0.000000 1.000000
  outer loop
    vertex -0.733652 4.945882 21.000000
    vertex -0.490086 4.975924 21.000000
    vertex -2.548446 25.874804 21.000000
  endloop
endfacet
facet normal 0.000000 -0.000000 1.000000
  outer loop
    vertex -0.490086 4.975924 21.000000
    vertex -0.245338 4.993977 21.000000
    vertex -1.275760 25.968681 21.000000
  endloop
endfacet
facet normal 0.000000 0.000000 1.000000
  outer loop
    vertex -0.245338 4.993977 21.000000
    vertex -0.124356 5.267949 21.000000
    vertex 0.000000 26.000000 21.000000
  endloop
endfacet
facet normal 0.615231 -0.788347 0.000000
  outer loop
    vertex -13.084361 15.943340 3.000000
    vertex -12.286298 16.566154 19.000000
    vertex -13.084361 15.943340 19.000000
  endloop
endfacet
facet normal 0.575809 -0.817584 0.000000
  outer loop
    vertex -12.286298 16.566154 3.000000
    vertex -11.458636 17.149061 19.000000
    vertex -12.286298 16.566154 19.000000
  endloop
endfacet
facet normal 0.534997 -0.844854 0.000000
  outer loop
    vertex -11.458636 17.149061 3.000000
    vertex -10.603369 17.690653 19.000000
    vertex -11.458636 17.149061 19.000000
  endloop
endfacet
facet normal 0.492899 -0.870087 0.000000
  outer loop
    vertex -10.603369 17.690653 3.000000
    vertex -9.722558 18.189627 19.000000
    vertex -10.603369 17.690653 19.000000
  endloop
endfacet
facet normal 0.449611 -0.893225 0.000000
  outer loop
    vertex -9.722558 18.189627 3.000000
    vertex -8.818324 18.644779 19.000000
    vertex -9.722558 18.189627 19.000000
  endloop
endfacet
facet normal 0.405241 -0.914210 0.000000
  outer loop
    vertex -8.818324 18.644779 3.000000
    vertex -7.892846 19.055016 19.000000
    vertex -8.818324 18.644779 19.000000
  endloop
endfacet
facet normal 0.359895 -0.932993 0.000000
  outer loop
    vertex -7.892846 19.055016 3.000000
    vertex -6.948353 19.419346 19.000000
    vertex -7.892846 19.055016 19.000000
  endloop
endfacet
facet normal -0.492898 0.870087 0.000000
  outer loop
    vertex -13.366672 22.300943 0.000000
    vertex -13.366672 22.300943 21.000000
    vertex -12.256315 22.929953 21.000000
  endloop
endfacet
facet normal -0.449611 0.893224 0.000000
  outer loop
    vertex -12.256315 22.929953 0.000000
    vertex -12.256315 22.929953 21.000000
    vertex -11.116432 23.503721 21.000000
  endloop
endfacet
facet normal -0.405242 0.914210 0.000000
  outer loop
    vertex -11.116432 23.503721 0.000000
    vertex -11.116432 23.503721 21.000000
    vertex -9.949769 24.020868 21.000000
  endloop
endfacet
facet normal 0.313682 -0.949528 0.000000
  outer loop
    vertex -6.948353 19.419346 3.000000
    vertex -5.987122 19.736895 19.000000
    vertex -6.948353 19.419346 19.000000
  endloop
endfacet
facet normal -0.359895 0.932993 0.000000
  outer loop
    vertex -9.949769 24.020868 0.000000
    vertex -9.949769 24.020868 21.000000
    vertex -8.759136 24.480146 21.000000
  endloop
endfacet
facet normal -0.313682 0.949528 0.000000
  outer loop
    vertex -8.759136 24.480146 0.000000
    vertex -8.759136 24.480146 21.000000
    vertex -7.547401 24.880449 21.000000
  endloop
endfacet
facet normal -0.266712 0.963776 0.000000
  outer loop
    vertex -7.547401 24.880449 0.000000
    vertex -7.547401 24.880449 21.000000
    vertex -6.317485 25.220812 21.000000
  endloop
endfacet
facet normal 0.266713 -0.963776 0.000000
  outer loop
    vertex -5.987122 19.736895 3.000000
    vertex -5.011466 20.006895 19.000000
    vertex -5.987122 19.736895 19.000000
  endloop
endfacet
facet normal 0.219101 -0.975702 0.000000
  outer loop
    vertex -5.011466 20.006895 3.000000
    vertex -4.023738 20.228697 19.000000
    vertex -5.011466 20.006895 19.000000
  endloop
endfacet
facet normal 0.170962 -0.985278 0.000000
  outer loop
    vertex -4.023738 20.228697 3.000000
    vertex -3.026316 20.401766 19.000000
    vertex -4.023738 20.228697 19.000000
  endloop
endfacet
facet normal -0.219102 0.975702 0.000000
  outer loop
    vertex -6.317485 25.220812 0.000000
    vertex -6.317485 25.220812 21.000000
    vertex -5.072349 25.500418 21.000000
  endloop
endfacet
facet normal -0.170962 0.985278 0.000000
  outer loop
    vertex -5.072349 25.500418 0.000000
    vertex -5.072349 25.500418 21.000000
    vertex -3.814992 25.718590 21.000000
  endloop
endfacet
facet normal -0.122411 0.992480 0.000000
  outer loop
    vertex -3.814992 25.718590 0.000000
    vertex -3.814992 25.718590 21.000000
    vertex -2.548446 25.874804 21.000000
  endloop
endfacet
facet normal 0.122410 -0.992480 0.000000
  outer loop
    vertex -3.026316 20.401766 3.000000
    vertex -2.021604 20.525684 19.000000
    vertex -3.026316 20.401766 19.000000
  endloop
endfacet
facet normal 0.073566 -0.997290 0.000000
  outer loop
    vertex -2.021604 20.525684 3.000000
    vertex -1.012021 20.600157 19.000000
    vertex -2.021604 20.525684 19.000000
  endloop
endfacet
facet normal 0.024541 -0.999699 0.000000
  outer loop
    vertex -1.012021 20.600157 3.000000
    vertex 0.000000 20.625000 19.000000
    vertex -1.012021 20.600157 19.000000
  endloop
endfacet
facet normal -0.073564 0.997291 0.000000
  outer loop
    vertex -2.548446 25.874804 0.000000
    vertex -2.548446 25.874804 21.000000
    vertex -1.275760 25.968681 21.000000
  endloop
endfacet
facet normal -0.024542 0.999699 0.000000
  outer loop
    vertex -1.275760 25.968681 0.000000
    vertex -1.275760 25.968681 21.000000
    vertex 0.000000 26.000000 21.000000
  endloop
endfacet
facet normal -0.000000 -0.000000 1.000000
  outer loop
    vertex -17.460533 19.264729 21.000000
    vertex -3.357795 3.704756 21.000000
    vertex -16.494225 20.098272 21.000000
  endloop
endfacet
facet normal -0.000000 -0.000000 1.000000
  outer loop
    vertex -16.494225 20.098272 21.000000
    vertex -2.978497 4.016037 21.000000
    vertex -15.488182 20.883396 21.000000
  endloop
endfacet
facet normal -0.000000 -0.000000 1.000000
  outer loop
    vertex -15.488182 20.883396 21.000000
    vertex -2.978497 4.016037 21.000000
    vertex -14.444826 21.618210 21.000000
  endloop
endfacet
facet normal -0.000000 -0.000000 1.000000
  outer loop
    vertex -14.444826 21.618210 21.000000
    vertex -2.978497 4.016037 21.000000
    vertex -13.366672 22.300943 21.000000
  endloop
endfacet
facet normal 0.000000 0.000000 -1.000000
  outer loop
    vertex -2.356984 4.409606 19.000000
    vertex -10.603369 17.690653 19.000000
    vertex -9.722558 18.189627 19.000000
  endloop
endfacet
facet normal 0.000000 0.000000 -1.000000
  outer loop
    vertex -2.356984 4.409606 19.000000
    vertex -9.722558 18.189627 19.000000
    vertex -8.818324 18.644779 19.000000
  endloop
endfacet
facet normal -0.000000 -0.000000 1.000000
  outer loop
    vertex -13.366672 22.300943 21.000000
    vertex -2.570514 4.288643 21.000000
    vertex -12.256315 22.929953 21.000000
  endloop
endfacet
facet normal 0.000000 0.000000 1.000000
  outer loop
    vertex -2.570514 4.288643 21.000000
    vertex -11.116432 23.503721 21.000000
    vertex -12.256315 22.929953 21.000000
  endloop
endfacet
facet normal 0.000000 0.000000 1.000000
  outer loop
    vertex -2.356984 4.409606 21.000000
    vertex -9.949769 24.020868 21.000000
    vertex -11.116432 23.503721 21.000000
  endloop
endfacet
facet normal 0.000000 0.000000 1.000000
  outer loop
    vertex -1.684449 4.707720 21.000000
    vertex -8.759136 24.480146 21.000000
    vertex -9.949769 24.020868 21.000000
  endloop
endfacet
facet normal 0.000000 0.000000 -1.000000
  outer loop
    vertex -2.137775 4.519947 19.000000
    vertex -8.818324 18.644779 19.000000
    vertex -7.892846 19.055016 19.000000
  endloop
endfacet
facet normal 0.000000 0.000000 -1.000000
  outer loop
    vertex -1.684449 4.707720 19.000000
    vertex -7.892846 19.055016 19.000000
    vertex -6.948353 19.419346 19.000000
  endloop
endfacet
facet normal 0.000000 0.000000 -1.000000
  outer loop
    vertex -1.451423 4.784702 19.000000
    vertex -6.948353 19.419346 19.000000
    vertex -5.987122 19.736895 19.000000
  endloop
endfacet
facet normal 0.000000 0.000000 -1.000000
  outer loop
    vertex -1.451423 4.784702 19.000000
    vertex -5.987122 19.736895 19.000000
    vertex -5.011466 20.006895 19.000000
  endloop
endfacet
facet normal 0.000000 0.000000 -1.000000
  outer loop
    vertex -0.975452 4.903926 19.000000
    vertex -5.011466 20.006895 19.000000
    vertex -4.023738 20.228697 19.000000
  endloop
endfacet
facet normal 0.000000 0.000000 1.000000
  outer loop
    vertex -1.451423 4.784702 21.000000
    vertex -7.547401 24.880449 21.000000
    vertex -8.759136 24.480146 21.000000
  endloop
endfacet
facet normal 0.000000 0.000000 1.000000
  outer loop
    vertex -1.451423 4.784702 21.000000
    vertex -6.317485 25.220812 21.000000
    vertex -7.547401 24.880449 21.000000
  endloop
endfacet
facet normal 0.000000 0.000000 1.000000
  outer loop
    vertex -1.451423 4.784702 21.000000
    vertex -5.072349 25.500418 21.000000
    vertex -6.317485 25.220812 21.000000
  endloop
endfacet
facet normal 0.000000 0.000000 1.000000
  outer loop
    vertex -1.214901 4.850156 21.000000
    vertex -3.814992 25.718590 21.000000
    vertex -5.072349 25.500418 21.000000
  endloop
endfacet
facet normal 0.000000 0.000000 -1.000000
  outer loop
    vertex -0.733652 4.945882 19.000000
    vertex -4.023738 20.228697 19.000000
    vertex -3.026316 20.401766 19.000000
  endloop
endfacet
facet normal 0.000000 0.000000 -1.000000
  outer loop
    vertex -0.490086 4.975924 19.000000
    vertex -3.026316 20.401766 19.000000
    vertex -2.021604 20.525684 19.000000
  endloop
endfacet
facet normal 0.000000 0.000000 -1.000000
  outer loop
    vertex -0.490086 4.975924 19.000000
    vertex -2.021604 20.525684 19.000000
    vertex -1.012021 20.600157 19.000000
  endloop
endfacet
facet normal 0.000000 -0.000000 -1.000000
  outer loop
    vertex -1.012021 20.600157 19.000000
    vertex 0.000000 20.625000 19.000000
    vertex -0.124356 5.267949 19.000000
  endloop
endfacet
facet normal 0.000000 0.000000 1.000000
  outer loop
    vertex -0.733652 4.945882 21.000000
    vertex -2.548446 25.874804 21.000000
    vertex -3.814992 25.718590 21.000000
  endloop
endfacet
facet normal 0.000000 0.000000 1.000000
  outer loop
    vertex -0.490086 4.975924 21.000000
    vertex -1.275760 25.968681 21.000000
    vertex -2.548446 25.874804 21.000000
  endloop
endfacet
facet normal 0.000000 -0.000000 1.000000
  outer loop
    vertex -0.245338 4.993977 21.000000
    vertex 0.000000 26.000000 21.000000
    vertex -1.275760 25.968681 21.000000
  endloop
endfacet
facet normal 0.000000 -0.000000 -1.000000
  outer loop
    vertex -1.275760 -25.968681 0.000000
    vertex 1.875644 -8.732051 0.000000
    vertex -0.000000 -26.000000 0.000000
  endloop
endfacet
facet normal 0.000000 -0.000000 -1.000000
  outer loop
    vertex -0.000000 -26.000000 0.000000
    vertex 1.875644 -8.732051 0.000000
    vertex 1.275760 -25.968681 0.000000
  endloop
endfacet
facet normal 0.000000 0.000000 -1.000000
  outer loop
    vertex 1.275760 -25.968681 0.000000
    vertex 1.875644 -8.732051 0.000000
    vertex 2.548446 -25.874804 0.000000
  endloop
endfacet
facet normal 0.000000 0.000000 -1.000000
  outer loop
    vertex 2.548446 -25.874804 0.000000
    vertex 1.875644 -8.732051 0.000000
    vertex 3.814992 -25.718590 0.000000
  endloop
endfacet
facet normal 0.000000 0.000000 -1.000000
  outer loop
    vertex 3.814992 -25.718590 0.000000
    vertex 1.875644 -8.732051 0.000000
    vertex 5.072349 -25.500418 0.000000
  endloop
endfacet
facet normal 0.000000 0.000000 -1.000000
  outer loop
    vertex 5.072349 -25.500418 0.000000
    vertex 1.875644 -8.732051 0.000000
    vertex 6.317485 -25.220812 0.000000
  endloop
endfacet
facet normal 0.000000 0.000000 -1.000000
  outer loop
    vertex 6.317485 -25.220812 0.000000
    vertex 1.875644 -8.732051 0.000000
    vertex 7.547401 -24.880449 0.000000
  endloop
endfacet
facet normal 0.000000 0.000000 -1.000000
  outer loop
    vertex -1.275760 -25.968681 0.000000
    vertex -0.124356 -5.267949 0.000000
    vertex 1.875644 -8.732051 0.000000
  endloop
endfacet
facet normal 0.000000 0.000000 -1.000000
  outer loop
    vertex 7.547401 -24.880449 0.000000
    vertex 1.875644 -8.732051 0.000000
    vertex 8.759136 -24.480146 0.000000
  endloop
endfacet
facet normal 0.000000 -0.000000 1.000000
  outer loop
    vertex -0.000000 -20.625000 3.000000
    vertex 1.012021 -20.600157 3.000000
    vertex -0.124356 -5.267949 3.000000
  endloop
endfacet
facet normal -0.000000 0.000000 1.000000
  outer loop
    vertex -0.124356 -5.267949 3.000000
    vertex 1.012021 -20.600157 3.000000
    vertex 2.021604 -20.525684 3.000000
  endloop
endfacet
facet normal -0.000000 0.000000 1.000000
  outer loop
    vertex -0.124356 -5.267949 3.000000
    vertex 2.021604 -20.525684 3.000000
    vertex 3.026316 -20.401766 3.000000
  endloop
endfacet
facet normal -0.000000 0.000000 1.000000
  outer loop
    vertex -0.124356 -5.267949 3.000000
    vertex 3.026316 -20.401766 3.000000
    vertex 4.023738 -20.228697 3.000000
  endloop
endfacet
facet normal 0.000000 -0.000000 1.000000
  outer loop
    vertex 4.023738 -20.228697 3.000000
    vertex 5.011466 -20.006895 3.000000
    vertex 1.875644 -8.732051 3.000000
  endloop
endfacet
facet normal 0.000000 -0.000000 1.000000
  outer loop
    vertex 5.011466 -20.006895 3.000000
    vertex 5.987122 -19.736895 3.000000
    vertex 1.875644 -8.732051 3.000000
  endloop
endfacet
facet normal 0.000000 -0.000000 1.000000
  outer loop
    vertex 5.987122 -19.736895 3.000000
    vertex 6.948353 -19.419346 3.000000
    vertex 1.875644 -8.732051 3.000000
  endloop
endfacet
facet normal 0.000000 -0.000000 1.000000
  outer loop
    vertex 6.948353 -19.419346 3.000000
    vertex 7.892846 -19.055016 3.000000
    vertex 1.875644 -8.732051 3.000000
  endloop
endfacet
facet normal 0.000000 -0.000000 1.000000
  outer loop
    vertex 7.892846 -19.055016 3.000000
    vertex 8.818324 -18.644779 3.000000
    vertex 1.875644 -8.732051 3.000000
  endloop
endfacet
facet normal 0.000000 0.000000 -1.000000
  outer loop
    vertex 8.759136 -24.480146 0.000000
    vertex 1.875644 -8.732051 0.000000
    vertex 9.949769 -24.020868 0.000000
  endloop
endfacet
facet normal 0.000000 0.000000 -1.000000
  outer loop
    vertex 9.949769 -24.020868 0.000000
    vertex 1.875644 -8.732051 0.000000
    vertex 11.116432 -23.503721 0.000000
  endloop
endfacet
facet normal 0.000000 0.000000 -1.000000
  outer loop
    vertex 11.116432 -23.503721 0.000000
    vertex 1.875644 -8.732051 0.000000
    vertex 12.256315 -22.929953 0.000000
  endloop
endfacet
facet normal 0.000000 0.000000 -1.000000
  outer loop
    vertex 12.256315 -22.929953 0.000000
    vertex 1.875644 -8.732051 0.000000
    vertex 13.366672 -22.300943 0.000000
  endloop
endfacet
facet normal -0.000000 -0.000000 -1.000000
  outer loop
    vertex 11.000000 -14.000000 0.000000
    vertex 15.488182 -20.883396 0.000000
    vertex 1.875644 -8.732051 0.000000
  endloop
endfacet
facet normal 0.000000 -0.000000 -1.000000
  outer loop
    vertex 1.875644 -8.732051 0.000000
    vertex 14.444826 -21.618210 0.000000
    vertex 13.366672 -22.300943 0.000000
  endloop
endfacet
facet normal 0.000000 -0.000000 -1.000000
  outer loop
    vertex 1.875644 -8.732051 0.000000
    vertex 15.488182 -20.883396 0.000000
    vertex 14.444826 -21.618210 0.000000
  endloop
endfacet
facet normal -0.000000 1.000000 0.000000
  outer loop
    vertex 11.000000 -14.000000 0.000000
    vertex 11.000000 -14.000000 3.000000
    vertex 15.000000 -14.000000 0.000000
  endloop
endfacet
facet normal 0.000000 -0.000000 1.000000
  outer loop
    vertex 8.818324 -18.644779 3.000000
    vertex 9.722558 -18.189627 3.000000
    vertex 1.875644 -8.732051 3.000000
  endloop
endfacet
facet normal 0.000000 -0.000000 1.000000
  outer loop
    vertex 9.722558 -18.189627 3.000000
    vertex 10.603369 -17.690653 3.000000
    vertex 1.875644 -8.732051 3.000000
  endloop
endfacet
facet normal 0.000000 -0.000000 1.000000
  outer loop
    vertex 10.603369 -17.690653 3.000000
    vertex 11.458636 -17.149061 3.000000
    vertex 1.875644 -8.732051 3.000000
  endloop
endfacet
facet normal 0.000000 -0.000000 1.000000
  outer loop
    vertex 11.458636 -17.149061 3.000000
    vertex 12.286298 -16.566154 3.000000
    vertex 1.875644 -8.732051 3.000000
  endloop
endfacet
facet normal 0.000000 0.000000 1.000000
  outer loop
    vertex 12.286298 -16.566154 3.000000
    vertex 11.000000 -14.000000 3.000000
    vertex 1.875644 -8.732051 3.000000
  endloop
endfacet
facet normal 0.000000 -0.000000 1.000000
  outer loop
    vertex 12.286298 -16.566154 3.000000
    vertex 13.084361 -15.943340 3.000000
    vertex 11.000000 -14.000000 3.000000
  endloop
endfacet
facet normal -0.000000 0.000000 1.000000
  outer loop
    vertex 11.000000 -14.000000 3.000000
    vertex 13.084361 -15.943340 3.000000
    vertex 13.850904 -15.282117 3.000000
  endloop
endfacet
facet normal 0.024542 -0.999699 0.000000
  outer loop
    vertex -0.000000 -26.000000 0.000000
    vertex 1.275760 -25.968681 0.000000
    vertex -0.000000 -26.000000 21.000000
  endloop
endfacet
facet normal 0.073564 -0.997291 0.000000
  outer loop
    vertex 1.275760 -25.968681 0.000000
    vertex 2.548446 -25.874804 0.000000
    vertex 1.275760 -25.968681 21.000000
  endloop
endfacet
facet normal 0.122411 -0.992480 0.000000
  outer loop
    vertex 2.548446 -25.874804 0.000000
    vertex 3.814992 -25.718590 0.000000
    vertex 2.548446 -25.874804 21.000000
  endloop
endfacet
facet normal 0.170962 -0.985278 0.000000
  outer loop
    vertex 3.814992 -25.718590 0.000000
    vertex 5.072349 -25.500418 0.000000
    vertex 3.814992 -25.718590 21.000000
  endloop
endfacet
facet normal 0.219102 -0.975702 0.000000
  outer loop
    vertex 5.072349 -25.500418 0.000000
    vertex 6.317485 -25.220812 0.000000
    vertex 5.072349 -25.500418 21.000000
  endloop
endfacet
facet normal -0.024541 0.999699 0.000000
  outer loop
    vertex -0.000000 -20.625000 3.000000
    vertex -0.000000 -20.625000 19.000000
    vertex 1.012021 -20.600157 3.000000
  endloop
endfacet
facet normal -0.073566 0.997290 0.000000
  outer loop
    vertex 1.012021 -20.600157 3.000000
    vertex 1.012021 -20.600157 19.000000
    vertex 2.021604 -20.525684 3.000000
  endloop
endfacet
facet normal -0.122410 0.992480 0.000000
  outer loop
    vertex 2.021604 -20.525684 3.000000
    vertex 2.021604 -20.525684 19.000000
    vertex 3.026316 -20.401766 3.000000
  endloop
endfacet
facet normal -0.170962 0.985278 0.000000
  outer loop
    vertex 3.026316 -20.401766 3.000000
    vertex 3.026316 -20.401766 19.000000
    vertex 4.023738 -20.228697 3.000000
  endloop
endfacet
facet normal -0.219101 0.975702 0.000000
  outer loop
    vertex 4.023738 -20.228697 3.000000
    vertex 4.023738 -20.228697 19.000000
    vertex 5.011466 -20.006895 3.000000
  endloop
endfacet
facet normal -0.266713 0.963776 0.000000
  outer loop
    vertex 5.011466 -20.006895 3.000000
    vertex 5.011466 -20.006895 19.000000
    vertex 5.987122 -19.736895 3.000000
  endloop
endfacet
facet normal -0.313682 0.949528 0.000000
  outer loop
    vertex 5.987122 -19.736895 3.000000
    vertex 5.987122 -19.736895 19.000000
    vertex 6.948353 -19.419346 3.000000
  endloop
endfacet
facet normal 0.266712 -0.963776 0.000000
  outer loop
    vertex 6.317485 -25.220812 0.000000
    vertex 7.547401 -24.880449 0.000000
    vertex 6.317485 -25.220812 21.000000
  endloop
endfacet
facet normal 0.313682 -0.949528 0.000000
  outer loop
    vertex 7.547401 -24.880449 0.000000
    vertex 8.759136 -24.480146 0.000000
    vertex 7.547401 -24.880449 21.000000
  endloop
endfacet
facet normal 0.359895 -0.932993 0.000000
  outer loop
    vertex 8.759136 -24.480146 0.000000
    vertex 9.949769 -24.020868 0.000000
    vertex 8.759136 -24.480146 21.000000
  endloop
endfacet
facet normal 0.405242 -0.914210 0.000000
  outer loop
    vertex 9.949769 -24.020868 0.000000
    vertex 11.116432 -23.503721 0.000000
    vertex 9.949769 -24.020868 21.000000
  endloop
endfacet
facet normal 0.449611 -0.893224 0.000000
  outer loop
    vertex 11.116432 -23.503721 0.000000
    vertex 12.256315 -22.929953 0.000000
    vertex 11.116432 -23.503721 21.000000
  endloop
endfacet
facet normal 0.492898 -0.870087 0.000000
  outer loop
    vertex 12.256315 -22.929953 0.000000
    vertex 13.366672 -22.300943 0.000000
    vertex 12.256315 -22.929953 21.000000
  endloop
endfacet
facet normal -0.359895 0.932993 0.000000
  outer loop
    vertex 6.948353 -19.419346 3.000000
    vertex 6.948353 -19.419346 19.000000
    vertex 7.892846 -19.055016 3.000000
  endloop
endfacet
facet normal -0.405241 0.914210 0.000000
  outer loop
    vertex 7.892846 -19.055016 3.000000
    vertex 7.892846 -19.055016 19.000000
    vertex 8.818324 -18.644779 3.000000
  endloop
endfacet
facet normal -0.449611 0.893225 0.000000
  outer loop
    vertex 8.818324 -18.644779 3.000000
    vertex 8.818324 -18.644779 19.000000
    vertex 9.722558 -18.189627 3.000000
  endloop
endfacet
facet normal -0.492899 0.870087 0.000000
  outer loop
    vertex 9.722558 -18.189627 3.000000
    vertex 9.722558 -18.189627 19.000000
    vertex 10.603369 -17.690653 3.000000
  endloop
endfacet
facet normal -0.534997 0.844854 0.000000
  outer loop
    vertex 10.603369 -17.690653 3.000000
    vertex 10.603369 -17.690653 19.000000
    vertex 11.458636 -17.149061 3.000000
  endloop
endfacet
facet normal -0.575809 0.817584 0.000000
  outer loop
    vertex 11.458636 -17.149061 3.000000
    vertex 11.458636 -17.149061 19.000000
    vertex 12.286298 -16.566154 3.000000
  endloop
endfacet
facet normal -0.615231 0.788347 0.000000
  outer loop
    vertex 12.286298 -16.566154 3.000000
    vertex 12.286298 -16.566154 19.000000
    vertex 13.084361 -15.943340 3.000000
  endloop
endfacet
facet normal 0.866025 0.500000 0.000000
  outer loop
    vertex -0.124356 -5.267949 3.000000
    vertex 1.875644 -8.732051 3.000000
    vertex 1.875644 -8.732051 0.000000
  endloop
endfacet
facet normal -0.500000 0.866025 0.000000
  outer loop
    vertex 1.875644 -8.732051 0.000000
    vertex 1.875644 -8.732051 3.000000
    vertex 11.000000 -3.464102 0.000000
  endloop
endfacet
facet normal -0.000000 -0.000000 1.000000
  outer loop
    vertex -0.124356 -5.267949 3.000000
    vertex 4.023738 -20.228697 3.000000
    vertex 1.875644 -8.732051 3.000000
  endloop
endfacet
facet normal 0.000000 0.000000 -1.000000
  outer loop
    vertex -0.124356 -5.267949 0.000000
    vertex -0.000000 -5.000000 0.000000
    vertex 0.245338 -4.993977 0.000000
  endloop
endfacet
facet normal 0.000000 0.000000 -1.000000
  outer loop
    vertex -0.124356 -5.267949 0.000000
    vertex 0.245338 -4.993977 0.000000
    vertex 0.365534 -4.985111 0.000000
  endloop
endfacet
facet normal 0.866025 0.500000 -0.000000
  outer loop
    vertex -0.124356 -5.267949 0.000000
    vertex -0.124356 -5.267949 3.000000
    vertex 1.875644 -8.732051 0.000000
  endloop
endfacet
facet normal 0.500000 -0.866025 0.000000
  outer loop
    vertex -0.124356 -5.267949 0.000000
    vertex 0.365534 -4.985111 0.000000
    vertex -0.124356 -5.267949 3.000000
  endloop
endfacet
facet normal -0.024542 0.999699 0.000000
  outer loop
    vertex -0.000000 -5.000000 0.000000
    vertex 0.245338 -4.993977 3.000000
    vertex 0.245338 -4.993977 0.000000
  endloop
endfacet
facet normal -0.073566 0.997290 0.000000
  outer loop
    vertex 0.245338 -4.993977 0.000000
    vertex 0.245338 -4.993977 3.000000
    vertex 0.365534 -4.985111 0.000000
  endloop
endfacet
facet normal 0.500000 -0.866025 0.000000
  outer loop
    vertex -0.124356 -5.267949 3.000000
    vertex 0.365534 -4.985111 0.000000
    vertex 0.365534 -4.985111 3.000000
  endloop
endfacet
facet normal -0.024542 0.999699 0.000000
  outer loop
    vertex -0.000000 -5.000000 0.000000
    vertex -0.000000 -5.000000 3.000000
    vertex 0.245338 -4.993977 3.000000
  endloop
endfacet
facet normal -0.073566 0.997290 0.000000
  outer loop
    vertex 0.365534 -4.985111 0.000000
    vertex 0.245338 -4.993977 3.000000
    vertex 0.365534 -4.985111 3.000000
  endloop
endfacet
facet normal 0.000000 -0.000000 1.000000
  outer loop
    vertex -0.124356 -5.267949 3.000000
    vertex 0.245338 -4.993977 3.000000
    vertex -0.000000 -5.000000 3.000000
  endloop
endfacet
facet normal 0.000000 -0.000000 1.000000
  outer loop
    vertex -0.124356 -5.267949 3.000000
    vertex 0.365534 -4.985111 3.000000
    vertex 0.245338 -4.993977 3.000000
  endloop
endfacet
facet normal 0.000000 0.000000 -1.000000
  outer loop
    vertex 11.000000 -14.000000 0.000000
    vertex 1.875644 -8.732051 0.000000
    vertex 11.000000 -3.464102 0.000000
  endloop
endfacet
facet normal 1.000000 0.000000 -0.000000
  outer loop
    vertex 11.000000 -14.000000 0.000000
    vertex 11.000000 -3.464102 3.000000
    vertex 11.000000 -14.000000 3.000000
  endloop
endfacet
facet normal 1.000000 0.000000 0.000000
  outer loop
    vertex 11.000000 -14.000000 0.000000
    vertex 11.000000 -3.464102 0.000000
    vertex 11.000000 -3.464102 3.000000
  endloop
endfacet
facet normal 0.000000 -0.000000 1.000000
  outer loop
    vertex 11.000000 -14.000000 3.000000
    vertex 11.000000 -3.464102 3.000000
    vertex 1.875644 -8.732051 3.000000
  endloop
endfacet
facet normal -0.500000 0.866025 0.000000
  outer loop
    vertex 1.875644 -8.732051 3.000000
    vertex 11.000000 -3.464102 3.000000
    vertex 11.000000 -3.464102 0.000000
  endloop
endfacet
facet normal 0.000000 0.000000 -1.000000
  outer loop
    vertex 11.000000 -14.000000 0.000000
    vertex 15.000000 -14.000000 0.000000
    vertex 15.488182 -20.883396 0.000000
  endloop
endfacet
facet normal 0.000000 0.000000 -1.000000
  outer loop
    vertex 15.488182 -20.883396 0.000000
    vertex 15.000000 -14.000000 0.000000
    vertex 16.494225 -20.098272 0.000000
  endloop
endfacet
facet normal -0.000000 1.000000 0.000000
  outer loop
    vertex 11.000000 -14.000000 3.000000
    vertex 15.000000 -14.000000 3.000000
    vertex 15.000000 -14.000000 0.000000
  endloop
endfacet
facet normal 0.000000 0.000000 -1.000000
  outer loop
    vertex 16.494225 -20.098272 0.000000
    vertex 15.000000 -14.000000 0.000000
    vertex 17.460533 -19.264729 0.000000
  endloop
endfacet
facet normal 0.000000 -0.000000 -1.000000
  outer loop
    vertex 15.000000 -14.000000 0.000000
    vertex 18.384777 -18.384777 0.000000
    vertex 17.460533 -19.264729 0.000000
  endloop
endfacet
facet normal 0.000000 -0.000000 -1.000000
  outer loop
    vertex 15.000000 -14.000000 0.000000
    vertex 19.264729 -17.460533 0.000000
    vertex 18.384777 -18.384777 0.000000
  endloop
endfacet
facet normal 0.000000 -0.000000 -1.000000
  outer loop
    vertex 15.000000 -14.000000 0.000000
    vertex 24.124355 -8.732051 0.000000
    vertex 19.264729 -17.460533 0.000000
  endloop
endfacet
facet normal -0.000000 0.000000 1.000000
  outer loop
    vertex 11.000000 -14.000000 3.000000
    vertex 13.850904 -15.282117 3.000000
    vertex 14.584078 -14.584078 3.000000
  endloop
endfacet
facet normal -0.000000 0.000000 1.000000
  outer loop
    vertex 11.000000 -14.000000 3.000000
    vertex 14.584078 -14.584078 3.000000
    vertex 15.000000 -14.000000 3.000000
  endloop
endfacet
facet normal 0.000000 -0.000000 1.000000
  outer loop
    vertex 14.584078 -14.584078 3.000000
    vertex 15.282117 -13.850904 3.000000
    vertex 15.000000 -14.000000 3.000000
  endloop
endfacet
facet normal 0.000000 0.000000 1.000000
  outer loop
    vertex 15.000000 -14.000000 3.000000
    vertex 15.282117 -13.850904 3.000000
    vertex 15.943340 -13.084361 3.000000
  endloop
endfacet
facet normal 0.000000 0.000000 1.000000
  outer loop
    vertex 15.000000 -14.000000 3.000000
    vertex 15.943340 -13.084361 3.000000
    vertex 16.566154 -12.286298 3.000000
  endloop
endfacet
facet normal 0.000000 -0.000000 -1.000000
  outer loop
    vertex 19.264729 -17.460533 0.000000
    vertex 24.124355 -8.732051 0.000000
    vertex 20.098272 -16.494225 0.000000
  endloop
endfacet
facet normal 0.000000 -0.000000 -1.000000
  outer loop
    vertex 20.098272 -16.494225 0.000000
    vertex 24.124355 -8.732051 0.000000
    vertex 20.883396 -15.488182 0.000000
  endloop
endfacet
facet normal 0.534997 -0.844854 0.000000
  outer loop
    vertex 13.366672 -22.300943 0.000000
    vertex 14.444826 -21.618210 0.000000
    vertex 13.366672 -22.300943 21.000000
  endloop
endfacet
facet normal 0.575808 -0.817585 0.000000
  outer loop
    vertex 14.444826 -21.618210 0.000000
    vertex 15.488182 -20.883396 0.000000
    vertex 14.444826 -21.618210 21.000000
  endloop
endfacet
facet normal 0.615232 -0.788346 0.000000
  outer loop
    vertex 15.488182 -20.883396 0.000000
    vertex 16.494225 -20.098272 0.000000
    vertex 15.488182 -20.883396 21.000000
  endloop
endfacet
facet normal 0.653173 -0.757209 0.000000
  outer loop
    vertex 16.494225 -20.098272 0.000000
    vertex 17.460533 -19.264729 0.000000
    vertex 16.494225 -20.098272 21.000000
  endloop
endfacet
facet normal 0.689540 -0.724248 0.000000
  outer loop
    vertex 17.460533 -19.264729 0.000000
    vertex 18.384777 -18.384777 0.000000
    vertex 17.460533 -19.264729 21.000000
  endloop
endfacet
facet normal 0.724248 -0.689540 0.000000
  outer loop
    vertex 18.384777 -18.384777 0.000000
    vertex 19.264729 -17.460533 0.000000
    vertex 18.384777 -18.384777 21.000000
  endloop
endfacet
facet normal -0.653172 0.757209 0.000000
  outer loop
    vertex 13.084361 -15.943340 3.000000
    vertex 13.084361 -15.943340 19.000000
    vertex 13.850904 -15.282117 3.000000
  endloop
endfacet
facet normal -0.689540 0.724248 0.000000
  outer loop
    vertex 13.850904 -15.282117 3.000000
    vertex 13.850904 -15.282117 19.000000
    vertex 14.584078 -14.584078 3.000000
  endloop
endfacet
facet normal -0.724248 0.689540 0.000000
  outer loop
    vertex 14.584078 -14.584078 3.000000
    vertex 14.584078 -14.584078 19.000000
    vertex 15.282117 -13.850904 3.000000
  endloop
endfacet
facet normal -0.757209 0.653172 0.000000
  outer loop
    vertex 15.282117 -13.850904 3.000000
    vertex 15.282117 -13.850904 19.000000
    vertex 15.943340 -13.084361 3.000000
  endloop
endfacet
facet normal 0.757209 -0.653173 0.000000
  outer loop
    vertex 19.264729 -17.460533 0.000000
    vertex 20.098272 -16.494225 0.000000
    vertex 19.264729 -17.460533 21.000000
  endloop
endfacet
facet normal 0.788346 -0.615232 0.000000
  outer loop
    vertex 20.098272 -16.494225 0.000000
    vertex 20.883396 -15.488182 0.000000
    vertex 20.098272 -16.494225 21.000000
  endloop
endfacet
facet normal 0.817585 -0.575808 0.000000
  outer loop
    vertex 20.883396 -15.488182 0.000000
    vertex 21.618210 -14.444826 0.000000
    vertex 20.883396 -15.488182 21.000000
  endloop
endfacet
facet normal 0.844854 -0.534997 0.000000
  outer loop
    vertex 21.618210 -14.444826 0.000000
    vertex 22.300943 -13.366672 0.000000
    vertex 21.618210 -14.444826 21.000000
  endloop
endfacet
facet normal -1.000000 0.000000 0.000000
  outer loop
    vertex 15.000000 -14.000000 0.000000
    vertex 15.000000 -14.000000 3.000000
    vertex 15.000000 -3.464102 0.000000
  endloop
endfacet
facet normal -1.000000 0.000000 0.000000
  outer loop
    vertex 15.000000 -14.000000 3.000000
    vertex 15.000000 -3.464102 3.000000
    vertex 15.000000 -3.464102 0.000000
  endloop
endfacet
facet normal 0.000000 0.000000 -1.000000
  outer loop
    vertex 15.000000 -14.000000 0.000000
    vertex 15.000000 -3.464102 0.000000
    vertex 24.124355 -8.732051 0.000000
  endloop
endfacet
facet normal 0.000000 0.000000 1.000000
  outer loop
    vertex 15.000000 -14.000000 3.000000
    vertex 16.566154 -12.286298 3.000000
    vertex 17.149061 -11.458636 3.000000
  endloop
endfacet
facet normal 0.000000 0.000000 1.000000
  outer loop
    vertex 15.000000 -14.000000 3.000000
    vertex 17.149061 -11.458636 3.000000
    vertex 17.690653 -10.603369 3.000000
  endloop
endfacet
facet normal 0.000000 0.000000 1.000000
  outer loop
    vertex 15.000000 -14.000000 3.000000
    vertex 17.690653 -10.603369 3.000000
    vertex 18.189627 -9.722558 3.000000
  endloop
endfacet
facet normal 0.000000 0.000000 1.000000
  outer loop
    vertex 15.000000 -14.000000 3.000000
    vertex 18.189627 -9.722558 3.000000
    vertex 18.644779 -8.818324 3.000000
  endloop
endfacet
facet normal 0.000000 0.000000 1.000000
  outer loop
    vertex 15.000000 -14.000000 3.000000
    vertex 18.644779 -8.818324 3.000000
    vertex 19.055016 -7.892846 3.000000
  endloop
endfacet
facet normal 0.000000 -0.000000 1.000000
  outer loop
    vertex 15.000000 -14.000000 3.000000
    vertex 19.419346 -6.948353 3.000000
    vertex 15.000000 -3.464102 3.000000
  endloop
endfacet
facet normal 0.000000 0.000000 1.000000
  outer loop
    vertex 15.000000 -14.000000 3.000000
    vertex 19.055016 -7.892846 3.000000
    vertex 19.419346 -6.948353 3.000000
  endloop
endfacet
facet normal 0.000000 -0.000000 1.000000
  outer loop
    vertex 19.419346 -6.948353 3.000000
    vertex 19.678125 -6.165019 3.000000
    vertex 15.000000 -3.464102 3.000000
  endloop
endfacet
facet normal 0.000000 -0.000000 -1.000000
  outer loop
    vertex 20.883396 -15.488182 0.000000
    vertex 24.124355 -8.732051 0.000000
    vertex 21.618210 -14.444826 0.000000
  endloop
endfacet
facet normal 0.000000 -0.000000 -1.000000
  outer loop
    vertex 21.618210 -14.444826 0.000000
    vertex 24.124355 -8.732051 0.000000
    vertex 22.300943 -13.366672 0.000000
  endloop
endfacet
facet normal 0.000000 -0.000000 -1.000000
  outer loop
    vertex 22.300943 -13.366672 0.000000
    vertex 24.124355 -8.732051 0.000000
    vertex 22.929953 -12.256315 0.000000
  endloop
endfacet
facet normal 0.000000 -0.000000 -1.000000
  outer loop
    vertex 22.929953 -12.256315 0.000000
    vertex 24.124355 -8.732051 0.000000
    vertex 23.503721 -11.116432 0.000000
  endloop
endfacet
facet normal 0.000000 -0.000000 -1.000000
  outer loop
    vertex 23.503721 -11.116432 0.000000
    vertex 24.124355 -8.732051 0.000000
    vertex 24.020868 -9.949769 0.000000
  endloop
endfacet
facet normal 0.000000 0.000000 -1.000000
  outer loop
    vertex 24.020868 -9.949769 0.000000
    vertex 24.124355 -8.732051 0.000000
    vertex 24.946856 -7.307438 0.000000
  endloop
endfacet
facet normal 0.000000 -0.000000 -1.000000
  outer loop
    vertex 24.020868 -9.949769 0.000000
    vertex 24.946856 -7.307438 0.000000
    vertex 24.480146 -8.759136 0.000000
  endloop
endfacet
facet normal 0.000000 -0.000000 -1.000000
  outer loop
    vertex 24.480146 -8.759136 0.000000
    vertex 24.946856 -7.307438 0.000000
    vertex 24.880449 -7.547401 0.000000
  endloop
endfacet
facet normal -0.788347 0.615231 0.000000
  outer loop
    vertex 15.943340 -13.084361 3.000000
    vertex 15.943340 -13.084361 19.000000
    vertex 16.566154 -12.286298 3.000000
  endloop
endfacet
facet normal -0.817584 0.575809 0.000000
  outer loop
    vertex 16.566154 -12.286298 3.000000
    vertex 16.566154 -12.286298 19.000000
    vertex 17.149061 -11.458636 3.000000
  endloop
endfacet
facet normal -0.844854 0.534997 0.000000
  outer loop
    vertex 17.149061 -11.458636 3.000000
    vertex 17.149061 -11.458636 19.000000
    vertex 17.690653 -10.603369 3.000000
  endloop
endfacet
facet normal -0.870087 0.492899 0.000000
  outer loop
    vertex 17.690653 -10.603369 3.000000
    vertex 17.690653 -10.603369 19.000000
    vertex 18.189627 -9.722558 3.000000
  endloop
endfacet
facet normal -0.893225 0.449611 0.000000
  outer loop
    vertex 18.189627 -9.722558 3.000000
    vertex 18.189627 -9.722558 19.000000
    vertex 18.644779 -8.818324 3.000000
  endloop
endfacet
facet normal -0.914210 0.405241 0.000000
  outer loop
    vertex 18.644779 -8.818324 3.000000
    vertex 18.644779 -8.818324 19.000000
    vertex 19.055016 -7.892846 3.000000
  endloop
endfacet
facet normal -0.932993 0.359895 0.000000
  outer loop
    vertex 19.055016 -7.892846 3.000000
    vertex 19.055016 -7.892846 19.000000
    vertex 19.419346 -6.948353 3.000000
  endloop
endfacet
facet normal 0.870087 -0.492898 0.000000
  outer loop
    vertex 22.300943 -13.366672 0.000000
    vertex 22.929953 -12.256315 0.000000
    vertex 22.300943 -13.366672 21.000000
  endloop
endfacet
facet normal 0.893224 -0.449611 0.000000
  outer loop
    vertex 22.929953 -12.256315 0.000000
    vertex 23.503721 -11.116432 0.000000
    vertex 22.929953 -12.256315 21.000000
  endloop
endfacet
facet normal 0.914210 -0.405242 0.000000
  outer loop
    vertex 23.503721 -11.116432 0.000000
    vertex 24.020868 -9.949769 0.000000
    vertex 23.503721 -11.116432 21.000000
  endloop
endfacet
facet normal 0.932993 -0.359895 0.000000
  outer loop
    vertex 24.020868 -9.949769 0.000000
    vertex 24.480146 -8.759136 0.000000
    vertex 24.020868 -9.949769 21.000000
  endloop
endfacet
facet normal 0.949528 -0.313682 0.000000
  outer loop
    vertex 24.480146 -8.759136 0.000000
    vertex 24.880449 -7.547401 0.000000
    vertex 24.480146 -8.759136 21.000000
  endloop
endfacet
facet normal 0.963777 -0.266711 0.000000
  outer loop
    vertex 24.880449 -7.547401 0.000000
    vertex 24.946856 -7.307438 0.000000
    vertex 24.946856 -7.307438 21.000000
  endloop
endfacet
facet normal -0.949528 0.313682 0.000000
  outer loop
    vertex 19.419346 -6.948353 3.000000
    vertex 19.419346 -6.948353 19.000000
    vertex 19.678125 -6.165019 3.000000
  endloop
endfacet
facet normal 0.024542 -0.999699 0.000000
  outer loop
    vertex -0.000000 -26.000000 21.000000
    vertex 1.275760 -25.968681 0.000000
    vertex 1.275760 -25.968681 21.000000
  endloop
endfacet
facet normal 0.073564 -0.997291 0.000000
  outer loop
    vertex 2.548446 -25.874804 0.000000
    vertex 2.548446 -25.874804 21.000000
    vertex 1.275760 -25.968681 21.000000
  endloop
endfacet
facet normal -0.024541 0.999699 0.000000
  outer loop
    vertex -0.000000 -20.625000 19.000000
    vertex 1.012021 -20.600157 19.000000
    vertex 1.012021 -20.600157 3.000000
  endloop
endfacet
facet normal -0.073566 0.997290 0.000000
  outer loop
    vertex 2.021604 -20.525684 3.000000
    vertex 1.012021 -20.600157 19.000000
    vertex 2.021604 -20.525684 19.000000
  endloop
endfacet
facet normal -0.122410 0.992480 0.000000
  outer loop
    vertex 3.026316 -20.401766 3.000000
    vertex 2.021604 -20.525684 19.000000
    vertex 3.026316 -20.401766 19.000000
  endloop
endfacet
facet normal 0.122411 -0.992480 0.000000
  outer loop
    vertex 3.814992 -25.718590 0.000000
    vertex 3.814992 -25.718590 21.000000
    vertex 2.548446 -25.874804 21.000000
  endloop
endfacet
facet normal 0.170962 -0.985278 0.000000
  outer loop
    vertex 5.072349 -25.500418 0.000000
    vertex 5.072349 -25.500418 21.000000
    vertex 3.814992 -25.718590 21.000000
  endloop
endfacet
facet normal 0.219102 -0.975702 0.000000
  outer loop
    vertex 6.317485 -25.220812 0.000000
    vertex 6.317485 -25.220812 21.000000
    vertex 5.072349 -25.500418 21.000000
  endloop
endfacet
facet normal -0.170962 0.985278 0.000000
  outer loop
    vertex 4.023738 -20.228697 3.000000
    vertex 3.026316 -20.401766 19.000000
    vertex 4.023738 -20.228697 19.000000
  endloop
endfacet
facet normal -0.219101 0.975702 0.000000
  outer loop
    vertex 5.011466 -20.006895 3.000000
    vertex 4.023738 -20.228697 19.000000
    vertex 5.011466 -20.006895 19.000000
  endloop
endfacet
facet normal -0.266713 0.963776 0.000000
  outer loop
    vertex 5.987122 -19.736895 3.000000
    vertex 5.011466 -20.006895 19.000000
    vertex 5.987122 -19.736895 19.000000
  endloop
endfacet
facet normal 0.266712 -0.963776 0.000000
  outer loop
    vertex 7.547401 -24.880449 0.000000
    vertex 7.547401 -24.880449 21.000000
    vertex 6.317485 -25.220812 21.000000
  endloop
endfacet
facet normal 0.313682 -0.949528 0.000000
  outer loop
    vertex 8.759136 -24.480146 0.000000
    vertex 8.759136 -24.480146 21.000000
    vertex 7.547401 -24.880449 21.000000
  endloop
endfacet
facet normal 0.359895 -0.932993 0.000000
  outer loop
    vertex 9.949769 -24.020868 0.000000
    vertex 9.949769 -24.020868 21.000000
    vertex 8.759136 -24.480146 21.000000
  endloop
endfacet
facet normal -0.313682 0.949528 0.000000
  outer loop
    vertex 6.948353 -19.419346 3.000000
    vertex 5.987122 -19.736895 19.000000
    vertex 6.948353 -19.419346 19.000000
  endloop
endfacet
facet normal 0.405242 -0.914210 0.000000
  outer loop
    vertex 11.116432 -23.503721 0.000000
    vertex 11.116432 -23.503721 21.000000
    vertex 9.949769 -24.020868 21.000000
  endloop
endfacet
facet normal 0.449611 -0.893224 0.000000
  outer loop
    vertex 12.256315 -22.929953 0.000000
    vertex 12.256315 -22.929953 21.000000
    vertex 11.116432 -23.503721 21.000000
  endloop
endfacet
facet normal 0.492898 -0.870087 0.000000
  outer loop
    vertex 13.366672 -22.300943 0.000000
    vertex 13.366672 -22.300943 21.000000
    vertex 12.256315 -22.929953 21.000000
  endloop
endfacet
facet normal -0.359895 0.932993 0.000000
  outer loop
    vertex 7.892846 -19.055016 3.000000
    vertex 6.948353 -19.419346 19.000000
    vertex 7.892846 -19.055016 19.000000
  endloop
endfacet
facet normal -0.405241 0.914210 0.000000
  outer loop
    vertex 8.818324 -18.644779 3.000000
    vertex 7.892846 -19.055016 19.000000
    vertex 8.818324 -18.644779 19.000000
  endloop
endfacet
facet normal -0.449611 0.893225 0.000000
  outer loop
    vertex 9.722558 -18.189627 3.000000
    vertex 8.818324 -18.644779 19.000000
    vertex 9.722558 -18.189627 19.000000
  endloop
endfacet
facet normal -0.492899 0.870087 0.000000
  outer loop
    vertex 10.603369 -17.690653 3.000000
    vertex 9.722558 -18.189627 19.000000
    vertex 10.603369 -17.690653 19.000000
  endloop
endfacet
facet normal -0.534997 0.844854 0.000000
  outer loop
    vertex 11.458636 -17.149061 3.000000
    vertex 10.603369 -17.690653 19.000000
    vertex 11.458636 -17.149061 19.000000
  endloop
endfacet
facet normal -0.575809 0.817584 0.000000
  outer loop
    vertex 12.286298 -16.566154 3.000000
    vertex 11.458636 -17.149061 19.000000
    vertex 12.286298 -16.566154 19.000000
  endloop
endfacet
facet normal -0.615231 0.788347 0.000000
  outer loop
    vertex 13.084361 -15.943340 3.000000
    vertex 12.286298 -16.566154 19.000000
    vertex 13.084361 -15.943340 19.000000
  endloop
endfacet
facet normal 0.000000 -0.000000 1.000000
  outer loop
    vertex 3.814992 -25.718590 21.000000
    vertex 5.072349 -25.500418 21.000000
    vertex 1.875644 -8.732051 21.000000
  endloop
endfacet
facet normal 0.000000 -0.000000 1.000000
  outer loop
    vertex 5.072349 -25.500418 21.000000
    vertex 6.317485 -25.220812 21.000000
    vertex 1.875644 -8.732051 21.000000
  endloop
endfacet
facet normal 0.000000 -0.000000 1.000000
  outer loop
    vertex 6.317485 -25.220812 21.000000
    vertex 7.547401 -24.880449 21.000000
    vertex 1.875644 -8.732051 21.000000
  endloop
endfacet
facet normal 0.000000 -0.000000 -1.000000
  outer loop
    vertex -1.012021 -20.600157 19.000000
    vertex 1.875644 -8.732051 19.000000
    vertex -0.000000 -20.625000 19.000000
  endloop
endfacet
facet normal 0.000000 -0.000000 -1.000000
  outer loop
    vertex -0.000000 -20.625000 19.000000
    vertex 1.875644 -8.732051 19.000000
    vertex 1.012021 -20.600157 19.000000
  endloop
endfacet
facet normal 0.000000 0.000000 -1.000000
  outer loop
    vertex 1.012021 -20.600157 19.000000
    vertex 1.875644 -8.732051 19.000000
    vertex 2.021604 -20.525684 19.000000
  endloop
endfacet
facet normal 0.000000 0.000000 -1.000000
  outer loop
    vertex 2.021604 -20.525684 19.000000
    vertex 1.875644 -8.732051 19.000000
    vertex 3.026316 -20.401766 19.000000
  endloop
endfacet
facet normal 0.000000 0.000000 -1.000000
  outer loop
    vertex 3.026316 -20.401766 19.000000
    vertex 1.875644 -8.732051 19.000000
    vertex 4.023738 -20.228697 19.000000
  endloop
endfacet
facet normal 0.000000 -0.000000 1.000000
  outer loop
    vertex -0.000000 -26.000000 21.000000
    vertex 1.275760 -25.968681 21.000000
    vertex -0.124356 -5.267949 21.000000
  endloop
endfacet
facet normal -0.000000 0.000000 1.000000
  outer loop
    vertex -0.124356 -5.267949 21.000000
    vertex 1.275760 -25.968681 21.000000
    vertex 2.548446 -25.874804 21.000000
  endloop
endfacet
facet normal -0.000000 0.000000 1.000000
  outer loop
    vertex -0.124356 -5.267949 21.000000
    vertex 2.548446 -25.874804 21.000000
    vertex 3.814992 -25.718590 21.000000
  endloop
endfacet
facet normal -0.000000 -0.000000 1.000000
  outer loop
    vertex -0.124356 -5.267949 21.000000
    vertex 3.814992 -25.718590 21.000000
    vertex 1.875644 -8.732051 21.000000
  endloop
endfacet
facet normal 0.000000 0.000000 -1.000000
  outer loop
    vertex 4.023738 -20.228697 19.000000
    vertex 1.875644 -8.732051 19.000000
    vertex 5.011466 -20.006895 19.000000
  endloop
endfacet
facet normal 0.000000 -0.000000 1.000000
  outer loop
    vertex 7.547401 -24.880449 21.000000
    vertex 8.759136 -24.480146 21.000000
    vertex 1.875644 -8.732051 21.000000
  endloop
endfacet
facet normal 0.000000 0.000000 -1.000000
  outer loop
    vertex 5.011466 -20.006895 19.000000
    vertex 1.875644 -8.732051 19.000000
    vertex 5.987122 -19.736895 19.000000
  endloop
endfacet
facet normal 0.000000 0.000000 -1.000000
  outer loop
    vertex 5.987122 -19.736895 19.000000
    vertex 1.875644 -8.732051 19.000000
    vertex 6.948353 -19.419346 19.000000
  endloop
endfacet
facet normal 0.000000 0.000000 -1.000000
  outer loop
    vertex 6.948353 -19.419346 19.000000
    vertex 1.875644 -8.732051 19.000000
    vertex 7.892846 -19.055016 19.000000
  endloop
endfacet
facet normal 0.000000 0.000000 -1.000000
  outer loop
    vertex 7.892846 -19.055016 19.000000
    vertex 1.875644 -8.732051 19.000000
    vertex 8.818324 -18.644779 19.000000
  endloop
endfacet
facet normal 0.000000 -0.000000 1.000000
  outer loop
    vertex 8.759136 -24.480146 21.000000
    vertex 9.949769 -24.020868 21.000000
    vertex 1.875644 -8.732051 21.000000
  endloop
endfacet
facet normal 0.000000 -0.000000 1.000000
  outer loop
    vertex 9.949769 -24.020868 21.000000
    vertex 11.116432 -23.503721 21.000000
    vertex 1.875644 -8.732051 21.000000
  endloop
endfacet
facet normal 0.000000 -0.000000 1.000000
  outer loop
    vertex 11.116432 -23.503721 21.000000
    vertex 12.256315 -22.929953 21.000000
    vertex 1.875644 -8.732051 21.000000
  endloop
endfacet
facet normal 0.000000 -0.000000 1.000000
  outer loop
    vertex 12.256315 -22.929953 21.000000
    vertex 13.366672 -22.300943 21.000000
    vertex 1.875644 -8.732051 21.000000
  endloop
endfacet
facet normal 0.000000 0.000000 -1.000000
  outer loop
    vertex 8.818324 -18.644779 19.000000
    vertex 1.875644 -8.732051 19.000000
    vertex 9.722558 -18.189627 19.000000
  endloop
endfacet
facet normal 0.000000 0.000000 -1.000000
  outer loop
    vertex 9.722558 -18.189627 19.000000
    vertex 1.875644 -8.732051 19.000000
    vertex 10.603369 -17.690653 19.000000
  endloop
endfacet
facet normal 0.000000 0.000000 -1.000000
  outer loop
    vertex 10.603369 -17.690653 19.000000
    vertex 1.875644 -8.732051 19.000000
    vertex 11.458636 -17.149061 19.000000
  endloop
endfacet
facet normal 0.000000 0.000000 -1.000000
  outer loop
    vertex 11.458636 -17.149061 19.000000
    vertex 1.875644 -8.732051 19.000000
    vertex 12.286298 -16.566154 19.000000
  endloop
endfacet
facet normal 0.000000 0.000000 -1.000000
  outer loop
    vertex 12.286298 -16.566154 19.000000
    vertex 1.875644 -8.732051 19.000000
    vertex 11.000000 -14.000000 19.000000
  endloop
endfacet
facet normal 0.000000 0.000000 1.000000
  outer loop
    vertex 11.000000 -14.000000 21.000000
    vertex 1.875644 -8.732051 21.000000
    vertex 15.488182 -20.883396 21.000000
  endloop
endfacet
facet normal -0.000000 0.000000 1.000000
  outer loop
    vertex 1.875644 -8.732051 21.000000
    vertex 13.366672 -22.300943 21.000000
    vertex 14.444826 -21.618210 21.000000
  endloop
endfacet
facet normal -0.000000 0.000000 1.000000
  outer loop
    vertex 1.875644 -8.732051 21.000000
    vertex 14.444826 -21.618210 21.000000
    vertex 15.488182 -20.883396 21.000000
  endloop
endfacet
facet normal 0.000000 0.000000 -1.000000
  outer loop
    vertex 12.286298 -16.566154 19.000000
    vertex 11.000000 -14.000000 19.000000
    vertex 15.000000 -14.000000 19.000000
  endloop
endfacet
facet normal -0.000000 1.000000 0.000000
  outer loop
    vertex 11.000000 -14.000000 19.000000
    vertex 11.000000 -14.000000 21.000000
    vertex 15.000000 -14.000000 19.000000
  endloop
endfacet
facet normal 0.000000 0.000000 -1.000000
  outer loop
    vertex -1.012021 -20.600157 19.000000
    vertex -0.124356 -5.267949 19.000000
    vertex 1.875644 -8.732051 19.000000
  endloop
endfacet
facet normal 0.866025 0.500000 0.000000
  outer loop
    vertex -0.124356 -5.267949 21.000000
    vertex 1.875644 -8.732051 21.000000
    vertex 1.875644 -8.732051 19.000000
  endloop
endfacet
facet normal -0.500000 0.866025 0.000000
  outer loop
    vertex 1.875644 -8.732051 19.000000
    vertex 1.875644 -8.732051 21.000000
    vertex 11.000000 -3.464102 19.000000
  endloop
endfacet
facet normal 0.000000 0.000000 -1.000000
  outer loop
    vertex -0.124356 -5.267949 19.000000
    vertex -0.000000 -5.000000 19.000000
    vertex 0.245338 -4.993977 19.000000
  endloop
endfacet
facet normal 0.000000 0.000000 -1.000000
  outer loop
    vertex -0.124356 -5.267949 19.000000
    vertex 0.245338 -4.993977 19.000000
    vertex 0.365534 -4.985111 19.000000
  endloop
endfacet
facet normal 0.866025 0.500000 -0.000000
  outer loop
    vertex -0.124356 -5.267949 19.000000
    vertex -0.124356 -5.267949 21.000000
    vertex 1.875644 -8.732051 19.000000
  endloop
endfacet
facet normal 0.500000 -0.866025 0.000000
  outer loop
    vertex -0.124356 -5.267949 19.000000
    vertex 0.365534 -4.985111 19.000000
    vertex -0.124356 -5.267949 21.000000
  endloop
endfacet
facet normal -0.024542 0.999699 0.000000
  outer loop
    vertex -0.000000 -5.000000 19.000000
    vertex 0.245338 -4.993977 21.000000
    vertex 0.245338 -4.993977 19.000000
  endloop
endfacet
facet normal -0.073566 0.997290 0.000000
  outer loop
    vertex 0.245338 -4.993977 19.000000
    vertex 0.245338 -4.993977 21.000000
    vertex 0.365534 -4.985111 19.000000
  endloop
endfacet
facet normal 0.500000 -0.866025 0.000000
  outer loop
    vertex -0.124356 -5.267949 21.000000
    vertex 0.365534 -4.985111 19.000000
    vertex 0.365534 -4.985111 21.000000
  endloop
endfacet
facet normal -0.024542 0.999699 0.000000
  outer loop
    vertex -0.000000 -5.000000 19.000000
    vertex -0.000000 -5.000000 21.000000
    vertex 0.245338 -4.993977 21.000000
  endloop
endfacet
facet normal -0.073566 0.997290 0.000000
  outer loop
    vertex 0.365534 -4.985111 19.000000
    vertex 0.245338 -4.993977 21.000000
    vertex 0.365534 -4.985111 21.000000
  endloop
endfacet
facet normal 0.000000 -0.000000 1.000000
  outer loop
    vertex -0.124356 -5.267949 21.000000
    vertex 0.245338 -4.993977 21.000000
    vertex -0.000000 -5.000000 21.000000
  endloop
endfacet
facet normal 0.000000 -0.000000 1.000000
  outer loop
    vertex -0.124356 -5.267949 21.000000
    vertex 0.365534 -4.985111 21.000000
    vertex 0.245338 -4.993977 21.000000
  endloop
endfacet
facet normal 0.000000 0.000000 -1.000000
  outer loop
    vertex 11.000000 -14.000000 19.000000
    vertex 1.875644 -8.732051 19.000000
    vertex 11.000000 -3.464102 19.000000
  endloop
endfacet
facet normal 0.000000 -0.000000 1.000000
  outer loop
    vertex 11.000000 -14.000000 21.000000
    vertex 11.000000 -3.464102 21.000000
    vertex 1.875644 -8.732051 21.000000
  endloop
endfacet
facet normal 1.000000 0.000000 -0.000000
  outer loop
    vertex 11.000000 -14.000000 19.000000
    vertex 11.000000 -3.464102 21.000000
    vertex 11.000000 -14.000000 21.000000
  endloop
endfacet
facet normal 1.000000 0.000000 0.000000
  outer loop
    vertex 11.000000 -14.000000 19.000000
    vertex 11.000000 -3.464102 19.000000
    vertex 11.000000 -3.464102 21.000000
  endloop
endfacet
facet normal -0.500000 0.866025 0.000000
  outer loop
    vertex 1.875644 -8.732051 21.000000
    vertex 11.000000 -3.464102 21.000000
    vertex 11.000000 -3.464102 19.000000
  endloop
endfacet
facet normal 0.534997 -0.844854 0.000000
  outer loop
    vertex 14.444826 -21.618210 0.000000
    vertex 14.444826 -21.618210 21.000000
    vertex 13.366672 -22.300943 21.000000
  endloop
endfacet
facet normal 0.575808 -0.817585 0.000000
  outer loop
    vertex 15.488182 -20.883396 0.000000
    vertex 15.488182 -20.883396 21.000000
    vertex 14.444826 -21.618210 21.000000
  endloop
endfacet
facet normal 0.615232 -0.788346 0.000000
  outer loop
    vertex 16.494225 -20.098272 0.000000
    vertex 16.494225 -20.098272 21.000000
    vertex 15.488182 -20.883396 21.000000
  endloop
endfacet
facet normal 0.653173 -0.757209 0.000000
  outer loop
    vertex 17.460533 -19.264729 0.000000
    vertex 17.460533 -19.264729 21.000000
    vertex 16.494225 -20.098272 21.000000
  endloop
endfacet
facet normal -0.653172 0.757209 0.000000
  outer loop
    vertex 13.850904 -15.282117 3.000000
    vertex 13.084361 -15.943340 19.000000
    vertex 13.850904 -15.282117 19.000000
  endloop
endfacet
facet normal -0.689540 0.724248 0.000000
  outer loop
    vertex 14.584078 -14.584078 3.000000
    vertex 13.850904 -15.282117 19.000000
    vertex 14.584078 -14.584078 19.000000
  endloop
endfacet
facet normal -0.724248 0.689540 0.000000
  outer loop
    vertex 15.282117 -13.850904 3.000000
    vertex 14.584078 -14.584078 19.000000
    vertex 15.282117 -13.850904 19.000000
  endloop
endfacet
facet normal -0.757209 0.653172 0.000000
  outer loop
    vertex 15.943340 -13.084361 3.000000
    vertex 15.282117 -13.850904 19.000000
    vertex 15.943340 -13.084361 19.000000
  endloop
endfacet
facet normal 0.689540 -0.724248 0.000000
  outer loop
    vertex 18.384777 -18.384777 0.000000
    vertex 18.384777 -18.384777 21.000000
    vertex 17.460533 -19.264729 21.000000
  endloop
endfacet
facet normal 0.724248 -0.689540 0.000000
  outer loop
    vertex 19.264729 -17.460533 0.000000
    vertex 19.264729 -17.460533 21.000000
    vertex 18.384777 -18.384777 21.000000
  endloop
endfacet
facet normal 0.757209 -0.653173 0.000000
  outer loop
    vertex 20.098272 -16.494225 0.000000
    vertex 20.098272 -16.494225 21.000000
    vertex 19.264729 -17.460533 21.000000
  endloop
endfacet
facet normal 0.788346 -0.615232 0.000000
  outer loop
    vertex 20.883396 -15.488182 0.000000
    vertex 20.883396 -15.488182 21.000000
    vertex 20.098272 -16.494225 21.000000
  endloop
endfacet
facet normal 0.817585 -0.575808 0.000000
  outer loop
    vertex 21.618210 -14.444826 0.000000
    vertex 21.618210 -14.444826 21.000000
    vertex 20.883396 -15.488182 21.000000
  endloop
endfacet
facet normal 0.844854 -0.534997 0.000000
  outer loop
    vertex 22.300943 -13.366672 0.000000
    vertex 22.300943 -13.366672 21.000000
    vertex 21.618210 -14.444826 21.000000
  endloop
endfacet
facet normal -0.000000 0.000000 1.000000
  outer loop
    vertex 11.000000 -14.000000 21.000000
    vertex 15.488182 -20.883396 21.000000
    vertex 16.494225 -20.098272 21.000000
  endloop
endfacet
facet normal -0.000000 0.000000 1.000000
  outer loop
    vertex 11.000000 -14.000000 21.000000
    vertex 16.494225 -20.098272 21.000000
    vertex 17.460533 -19.264729 21.000000
  endloop
endfacet
facet normal -0.000000 0.000000 1.000000
  outer loop
    vertex 11.000000 -14.000000 21.000000
    vertex 17.460533 -19.264729 21.000000
    vertex 18.384777 -18.384777 21.000000
  endloop
endfacet
facet normal 0.000000 -0.000000 -1.000000
  outer loop
    vertex 12.286298 -16.566154 19.000000
    vertex 15.000000 -14.000000 19.000000
    vertex 13.084361 -15.943340 19.000000
  endloop
endfacet
facet normal 0.000000 -0.000000 -1.000000
  outer loop
    vertex 13.084361 -15.943340 19.000000
    vertex 15.000000 -14.000000 19.000000
    vertex 13.850904 -15.282117 19.000000
  endloop
endfacet
facet normal 0.000000 -0.000000 -1.000000
  outer loop
    vertex 13.850904 -15.282117 19.000000
    vertex 15.000000 -14.000000 19.000000
    vertex 14.584078 -14.584078 19.000000
  endloop
endfacet
facet normal 0.000000 0.000000 -1.000000
  outer loop
    vertex 14.584078 -14.584078 19.000000
    vertex 15.000000 -14.000000 19.000000
    vertex 15.282117 -13.850904 19.000000
  endloop
endfacet
facet normal -0.000000 1.000000 0.000000
  outer loop
    vertex 11.000000 -14.000000 21.000000
    vertex 15.000000 -14.000000 21.000000
    vertex 15.000000 -14.000000 19.000000
  endloop
endfacet
facet normal -0.000000 -0.000000 1.000000
  outer loop
    vertex 11.000000 -14.000000 21.000000
    vertex 18.384777 -18.384777 21.000000
    vertex 15.000000 -14.000000 21.000000
  endloop
endfacet
facet normal -0.000000 0.000000 1.000000
  outer loop
    vertex 15.000000 -14.000000 21.000000
    vertex 18.384777 -18.384777 21.000000
    vertex 19.264729 -17.460533 21.000000
  endloop
endfacet
facet normal -0.000000 0.000000 1.000000
  outer loop
    vertex 15.000000 -14.000000 21.000000
    vertex 19.264729 -17.460533 21.000000
    vertex 20.098272 -16.494225 21.000000
  endloop
endfacet
facet normal -0.000000 0.000000 1.000000
  outer loop
    vertex 15.000000 -14.000000 21.000000
    vertex 20.098272 -16.494225 21.000000
    vertex 20.883396 -15.488182 21.000000
  endloop
endfacet
facet normal -0.000000 0.000000 1.000000
  outer loop
    vertex 15.000000 -14.000000 21.000000
    vertex 20.883396 -15.488182 21.000000
    vertex 21.618210 -14.444826 21.000000
  endloop
endfacet
facet normal -0.000000 0.000000 1.000000
  outer loop
    vertex 15.000000 -14.000000 21.000000
    vertex 21.618210 -14.444826 21.000000
    vertex 22.300943 -13.366672 21.000000
  endloop
endfacet
facet normal 0.000000 0.000000 1.000000
  outer loop
    vertex 15.000000 -14.000000 21.000000
    vertex 22.300943 -13.366672 21.000000
    vertex 22.929953 -12.256315 21.000000
  endloop
endfacet
facet normal -0.788347 0.615231 0.000000
  outer loop
    vertex 16.566154 -12.286298 3.000000
    vertex 15.943340 -13.084361 19.000000
    vertex 16.566154 -12.286298 19.000000
  endloop
endfacet
facet normal -0.817584 0.575809 0.000000
  outer loop
    vertex 17.149061 -11.458636 3.000000
    vertex 16.566154 -12.286298 19.000000
    vertex 17.149061 -11.458636 19.000000
  endloop
endfacet
facet normal -0.844854 0.534997 0.000000
  outer loop
    vertex 17.690653 -10.603369 3.000000
    vertex 17.149061 -11.458636 19.000000
    vertex 17.690653 -10.603369 19.000000
  endloop
endfacet
facet normal -0.870087 0.492899 0.000000
  outer loop
    vertex 18.189627 -9.722558 3.000000
    vertex 17.690653 -10.603369 19.000000
    vertex 18.189627 -9.722558 19.000000
  endloop
endfacet
facet normal -0.893225 0.449611 0.000000
  outer loop
    vertex 18.644779 -8.818324 3.000000
    vertex 18.189627 -9.722558 19.000000
    vertex 18.644779 -8.818324 19.000000
  endloop
endfacet
facet normal -0.914210 0.405241 0.000000
  outer loop
    vertex 19.055016 -7.892846 3.000000
    vertex 18.644779 -8.818324 19.000000
    vertex 19.055016 -7.892846 19.000000
  endloop
endfacet
facet normal -0.932993 0.359895 0.000000
  outer loop
    vertex 19.419346 -6.948353 3.000000
    vertex 19.055016 -7.892846 19.000000
    vertex 19.419346 -6.948353 19.000000
  endloop
endfacet
facet normal 0.870087 -0.492898 0.000000
  outer loop
    vertex 22.929953 -12.256315 0.000000
    vertex 22.929953 -12.256315 21.000000
    vertex 22.300943 -13.366672 21.000000
  endloop
endfacet
facet normal 0.893224 -0.449611 0.000000
  outer loop
    vertex 23.503721 -11.116432 0.000000
    vertex 23.503721 -11.116432 21.000000
    vertex 22.929953 -12.256315 21.000000
  endloop
endfacet
facet normal 0.914210 -0.405242 0.000000
  outer loop
    vertex 24.020868 -9.949769 0.000000
    vertex 24.020868 -9.949769 21.000000
    vertex 23.503721 -11.116432 21.000000
  endloop
endfacet
facet normal 0.932993 -0.359895 0.000000
  outer loop
    vertex 24.480146 -8.759136 0.000000
    vertex 24.480146 -8.759136 21.000000
    vertex 24.020868 -9.949769 21.000000
  endloop
endfacet
facet normal 0.949528 -0.313682 0.000000
  outer loop
    vertex 24.880449 -7.547401 0.000000
    vertex 24.880449 -7.547401 21.000000
    vertex 24.480146 -8.759136 21.000000
  endloop
endfacet
facet normal 0.963777 -0.266711 0.000000
  outer loop
    vertex 24.880449 -7.547401 0.000000
    vertex 24.946856 -7.307438 21.000000
    vertex 24.880449 -7.547401 21.000000
  endloop
endfacet
facet normal -0.949528 0.313682 0.000000
  outer loop
    vertex 19.419346 -6.948353 19.000000
    vertex 19.678125 -6.165019 19.000000
    vertex 19.678125 -6.165019 3.000000
  endloop
endfacet
facet normal 0.000000 0.000000 -1.000000
  outer loop
    vertex 15.000000 -14.000000 19.000000
    vertex 15.000000 -3.464102 19.000000
    vertex 15.282117 -13.850904 19.000000
  endloop
endfacet
facet normal -1.000000 0.000000 0.000000
  outer loop
    vertex 15.000000 -14.000000 19.000000
    vertex 15.000000 -14.000000 21.000000
    vertex 15.000000 -3.464102 19.000000
  endloop
endfacet
facet normal -1.000000 0.000000 0.000000
  outer loop
    vertex 15.000000 -14.000000 21.000000
    vertex 15.000000 -3.464102 21.000000
    vertex 15.000000 -3.464102 19.000000
  endloop
endfacet
facet normal 0.000000 -0.000000 -1.000000
  outer loop
    vertex 15.282117 -13.850904 19.000000
    vertex 19.678125 -6.165019 19.000000
    vertex 15.943340 -13.084361 19.000000
  endloop
endfacet
facet normal 0.000000 -0.000000 -1.000000
  outer loop
    vertex 15.943340 -13.084361 19.000000
    vertex 19.678125 -6.165019 19.000000
    vertex 16.566154 -12.286298 19.000000
  endloop
endfacet
facet normal 0.000000 -0.000000 -1.000000
  outer loop
    vertex 16.566154 -12.286298 19.000000
    vertex 19.678125 -6.165019 19.000000
    vertex 17.149061 -11.458636 19.000000
  endloop
endfacet
facet normal 0.000000 0.000000 -1.000000
  outer loop
    vertex 15.282117 -13.850904 19.000000
    vertex 15.000000 -3.464102 19.000000
    vertex 19.678125 -6.165019 19.000000
  endloop
endfacet
facet normal 0.000000 -0.000000 -1.000000
  outer loop
    vertex 17.149061 -11.458636 19.000000
    vertex 19.678125 -6.165019 19.000000
    vertex 17.690653 -10.603369 19.000000
  endloop
endfacet
facet normal 0.000000 -0.000000 -1.000000
  outer loop
    vertex 17.690653 -10.603369 19.000000
    vertex 19.678125 -6.165019 19.000000
    vertex 18.189627 -9.722558 19.000000
  endloop
endfacet
facet normal 0.000000 -0.000000 -1.000000
  outer loop
    vertex 18.189627 -9.722558 19.000000
    vertex 19.678125 -6.165019 19.000000
    vertex 18.644779 -8.818324 19.000000
  endloop
endfacet
facet normal 0.000000 -0.000000 -1.000000
  outer loop
    vertex 18.644779 -8.818324 19.000000
    vertex 19.678125 -6.165019 19.000000
    vertex 19.055016 -7.892846 19.000000
  endloop
endfacet
facet normal 0.000000 -0.000000 -1.000000
  outer loop
    vertex 19.055016 -7.892846 19.000000
    vertex 19.678125 -6.165019 19.000000
    vertex 19.419346 -6.948353 19.000000
  endloop
endfacet
facet normal 0.000000 -0.000000 1.000000
  outer loop
    vertex 15.000000 -14.000000 21.000000
    vertex 24.124355 -8.732051 21.000000
    vertex 15.000000 -3.464102 21.000000
  endloop
endfacet
facet normal 0.000000 0.000000 1.000000
  outer loop
    vertex 15.000000 -14.000000 21.000000
    vertex 22.929953 -12.256315 21.000000
    vertex 23.503721 -11.116432 21.000000
  endloop
endfacet
facet normal 0.000000 0.000000 1.000000
  outer loop
    vertex 15.000000 -14.000000 21.000000
    vertex 23.503721 -11.116432 21.000000
    vertex 24.020868 -9.949769 21.000000
  endloop
endfacet
facet normal 0.000000 0.000000 1.000000
  outer loop
    vertex 15.000000 -14.000000 21.000000
    vertex 24.020868 -9.949769 21.000000
    vertex 24.480146 -8.759136 21.000000
  endloop
endfacet
facet normal 0.000000 -0.000000 1.000000
  outer loop
    vertex 15.000000 -14.000000 21.000000
    vertex 24.480146 -8.759136 21.000000
    vertex 24.124355 -8.732051 21.000000
  endloop
endfacet
facet normal 0.000000 -0.000000 1.000000
  outer loop
    vertex 24.480146 -8.759136 21.000000
    vertex 24.880449 -7.547401 21.000000
    vertex 24.124355 -8.732051 21.000000
  endloop
endfacet
facet normal 0.000000 -0.000000 1.000000
  outer loop
    vertex 24.880449 -7.547401 21.000000
    vertex 24.946856 -7.307438 21.000000
    vertex 24.124355 -8.732051 21.000000
  endloop
endfacet
facet normal 0.000000 0.000000 -1.000000
  outer loop
    vertex 0.000000 5.000000 0.000000
    vertex -0.124356 5.267949 0.000000
    vertex 0.245338 4.993977 0.000000
  endloop
endfacet
facet normal 0.000000 0.000000 -1.000000
  outer loop
    vertex 0.245338 4.993977 0.000000
    vertex -0.124356 5.267949 0.000000
    vertex 0.365534 4.985111 0.000000
  endloop
endfacet
facet normal -0.024542 -0.999699 0.000000
  outer loop
    vertex 0.000000 5.000000 0.000000
    vertex 0.245338 4.993977 0.000000
    vertex 0.000000 5.000000 3.000000
  endloop
endfacet
facet normal -0.073566 -0.997290 0.000000
  outer loop
    vertex 0.245338 4.993977 0.000000
    vertex 0.365534 4.985111 0.000000
    vertex 0.365534 4.985111 3.000000
  endloop
endfacet
facet normal -0.024542 -0.999699 0.000000
  outer loop
    vertex 0.245338 4.993977 0.000000
    vertex 0.245338 4.993977 3.000000
    vertex 0.000000 5.000000 3.000000
  endloop
endfacet
facet normal -0.073566 -0.997290 0.000000
  outer loop
    vertex 0.245338 4.993977 0.000000
    vertex 0.365534 4.985111 3.000000
    vertex 0.245338 4.993977 3.000000
  endloop
endfacet
facet normal -0.000000 -0.000000 1.000000
  outer loop
    vertex 0.000000 5.000000 3.000000
    vertex 0.245338 4.993977 3.000000
    vertex -0.124356 5.267949 3.000000
  endloop
endfacet
facet normal -0.000000 -0.000000 1.000000
  outer loop
    vertex 0.245338 4.993977 3.000000
    vertex 0.365534 4.985111 3.000000
    vertex -0.124356 5.267949 3.000000
  endloop
endfacet
facet normal -0.000000 0.000000 1.000000
  outer loop
    vertex -1.012021 20.600157 3.000000
    vertex -0.124356 5.267949 3.000000
    vertex 1.875644 8.732051 3.000000
  endloop
endfacet
facet normal -0.000000 -0.000000 -1.000000
  outer loop
    vertex 11.000000 14.000000 0.000000
    vertex 11.000000 3.464102 0.000000
    vertex 1.875644 8.732051 0.000000
  endloop
endfacet
facet normal 1.000000 0.000000 0.000000
  outer loop
    vertex 11.000000 14.000000 3.000000
    vertex 11.000000 3.464102 3.000000
    vertex 11.000000 3.464102 0.000000
  endloop
endfacet
facet normal 1.000000 0.000000 -0.000000
  outer loop
    vertex 11.000000 14.000000 0.000000
    vertex 11.000000 14.000000 3.000000
    vertex 11.000000 3.464102 0.000000
  endloop
endfacet
facet normal 0.000000 0.000000 1.000000
  outer loop
    vertex 11.000000 14.000000 3.000000
    vertex 1.875644 8.732051 3.000000
    vertex 11.000000 3.464102 3.000000
  endloop
endfacet
facet normal 0.000000 0.000000 -1.000000
  outer loop
    vertex 5.072349 25.500418 0.000000
    vertex 1.875644 8.732051 0.000000
    vertex -0.124356 5.267949 0.000000
  endloop
endfacet
facet normal 0.000000 -0.000000 -1.000000
  outer loop
    vertex 0.000000 26.000000 0.000000
    vertex 1.275760 25.968681 0.000000
    vertex -0.124356 5.267949 0.000000
  endloop
endfacet
facet normal 0.000000 -0.000000 -1.000000
  outer loop
    vertex 1.275760 25.968681 0.000000
    vertex 2.548446 25.874804 0.000000
    vertex -0.124356 5.267949 0.000000
  endloop
endfacet
facet normal 0.000000 -0.000000 -1.000000
  outer loop
    vertex 2.548446 25.874804 0.000000
    vertex 3.814992 25.718590 0.000000
    vertex -0.124356 5.267949 0.000000
  endloop
endfacet
facet normal 0.000000 -0.000000 -1.000000
  outer loop
    vertex 3.814992 25.718590 0.000000
    vertex 5.072349 25.500418 0.000000
    vertex -0.124356 5.267949 0.000000
  endloop
endfacet
facet normal 0.000000 -0.000000 -1.000000
  outer loop
    vertex 7.547401 24.880449 0.000000
    vertex 8.759136 24.480146 0.000000
    vertex 1.875644 8.732051 0.000000
  endloop
endfacet
facet normal -0.000000 -0.000000 1.000000
  outer loop
    vertex -1.012021 20.600157 3.000000
    vertex 1.875644 8.732051 3.000000
    vertex 0.000000 20.625000 3.000000
  endloop
endfacet
facet normal -0.000000 -0.000000 1.000000
  outer loop
    vertex 0.000000 20.625000 3.000000
    vertex 1.875644 8.732051 3.000000
    vertex 1.012021 20.600157 3.000000
  endloop
endfacet
facet normal -0.000000 0.000000 1.000000
  outer loop
    vertex 1.012021 20.600157 3.000000
    vertex 1.875644 8.732051 3.000000
    vertex 2.021604 20.525684 3.000000
  endloop
endfacet
facet normal -0.000000 0.000000 1.000000
  outer loop
    vertex 2.021604 20.525684 3.000000
    vertex 1.875644 8.732051 3.000000
    vertex 3.026316 20.401766 3.000000
  endloop
endfacet
facet normal -0.000000 0.000000 1.000000
  outer loop
    vertex 3.026316 20.401766 3.000000
    vertex 1.875644 8.732051 3.000000
    vertex 4.023738 20.228697 3.000000
  endloop
endfacet
facet normal -0.000000 0.000000 1.000000
  outer loop
    vertex 5.011466 20.006895 3.000000
    vertex 1.875644 8.732051 3.000000
    vertex 5.987122 19.736895 3.000000
  endloop
endfacet
facet normal -0.000000 0.000000 1.000000
  outer loop
    vertex 5.987122 19.736895 3.000000
    vertex 1.875644 8.732051 3.000000
    vertex 6.948353 19.419346 3.000000
  endloop
endfacet
facet normal -0.000000 0.000000 1.000000
  outer loop
    vertex 6.948353 19.419346 3.000000
    vertex 1.875644 8.732051 3.000000
    vertex 7.892846 19.055016 3.000000
  endloop
endfacet
facet normal -0.000000 0.000000 1.000000
  outer loop
    vertex 7.892846 19.055016 3.000000
    vertex 1.875644 8.732051 3.000000
    vertex 8.818324 18.644779 3.000000
  endloop
endfacet
facet normal -0.000000 0.000000 1.000000
  outer loop
    vertex 4.023738 20.228697 3.000000
    vertex 1.875644 8.732051 3.000000
    vertex 5.011466 20.006895 3.000000
  endloop
endfacet
facet normal 0.000000 -0.000000 -1.000000
  outer loop
    vertex 5.072349 25.500418 0.000000
    vertex 6.317485 25.220812 0.000000
    vertex 1.875644 8.732051 0.000000
  endloop
endfacet
facet normal 0.000000 -0.000000 -1.000000
  outer loop
    vertex 6.317485 25.220812 0.000000
    vertex 7.547401 24.880449 0.000000
    vertex 1.875644 8.732051 0.000000
  endloop
endfacet
facet normal -0.000000 0.000000 -1.000000
  outer loop
    vertex 11.000000 14.000000 0.000000
    vertex 1.875644 8.732051 0.000000
    vertex 15.488182 20.883396 0.000000
  endloop
endfacet
facet normal 0.000000 -0.000000 -1.000000
  outer loop
    vertex 8.759136 24.480146 0.000000
    vertex 9.949769 24.020868 0.000000
    vertex 1.875644 8.732051 0.000000
  endloop
endfacet
facet normal 0.000000 -0.000000 -1.000000
  outer loop
    vertex 9.949769 24.020868 0.000000
    vertex 11.116432 23.503721 0.000000
    vertex 1.875644 8.732051 0.000000
  endloop
endfacet
facet normal 0.000000 -0.000000 -1.000000
  outer loop
    vertex 11.116432 23.503721 0.000000
    vertex 12.256315 22.929953 0.000000
    vertex 1.875644 8.732051 0.000000
  endloop
endfacet
facet normal 0.000000 -0.000000 -1.000000
  outer loop
    vertex 12.256315 22.929953 0.000000
    vertex 13.366672 22.300943 0.000000
    vertex 1.875644 8.732051 0.000000
  endloop
endfacet
facet normal 0.000000 -1.000000 0.000000
  outer loop
    vertex 11.000000 14.000000 0.000000
    vertex 15.000000 14.000000 3.000000
    vertex 11.000000 14.000000 3.000000
  endloop
endfacet
facet normal 0.000000 -0.000000 -1.000000
  outer loop
    vertex 13.366672 22.300943 0.000000
    vertex 14.444826 21.618210 0.000000
    vertex 1.875644 8.732051 0.000000
  endloop
endfacet
facet normal 0.000000 -0.000000 -1.000000
  outer loop
    vertex 14.444826 21.618210 0.000000
    vertex 15.488182 20.883396 0.000000
    vertex 1.875644 8.732051 0.000000
  endloop
endfacet
facet normal -0.000000 0.000000 1.000000
  outer loop
    vertex 10.603369 17.690653 3.000000
    vertex 1.875644 8.732051 3.000000
    vertex 11.458636 17.149061 3.000000
  endloop
endfacet
facet normal -0.000000 0.000000 1.000000
  outer loop
    vertex 8.818324 18.644779 3.000000
    vertex 1.875644 8.732051 3.000000
    vertex 9.722558 18.189627 3.000000
  endloop
endfacet
facet normal -0.000000 0.000000 1.000000
  outer loop
    vertex 9.722558 18.189627 3.000000
    vertex 1.875644 8.732051 3.000000
    vertex 10.603369 17.690653 3.000000
  endloop
endfacet
facet normal 0.000000 -0.000000 1.000000
  outer loop
    vertex 11.000000 14.000000 3.000000
    vertex 12.286298 16.566154 3.000000
    vertex 1.875644 8.732051 3.000000
  endloop
endfacet
facet normal -0.000000 0.000000 1.000000
  outer loop
    vertex 11.458636 17.149061 3.000000
    vertex 1.875644 8.732051 3.000000
    vertex 12.286298 16.566154 3.000000
  endloop
endfacet
facet normal 0.000000 -0.000000 1.000000
  outer loop
    vertex 11.000000 14.000000 3.000000
    vertex 15.000000 14.000000 3.000000
    vertex 12.286298 16.566154 3.000000
  endloop
endfacet
facet normal 0.024542 0.999699 0.000000
  outer loop
    vertex 0.000000 26.000000 0.000000
    vertex 1.275760 25.968681 21.000000
    vertex 1.275760 25.968681 0.000000
  endloop
endfacet
facet normal 0.073564 0.997291 0.000000
  outer loop
    vertex 1.275760 25.968681 0.000000
    vertex 2.548446 25.874804 21.000000
    vertex 2.548446 25.874804 0.000000
  endloop
endfacet
facet normal 0.122411 0.992480 0.000000
  outer loop
    vertex 2.548446 25.874804 0.000000
    vertex 3.814992 25.718590 21.000000
    vertex 3.814992 25.718590 0.000000
  endloop
endfacet
facet normal 0.170962 0.985278 0.000000
  outer loop
    vertex 3.814992 25.718590 0.000000
    vertex 5.072349 25.500418 21.000000
    vertex 5.072349 25.500418 0.000000
  endloop
endfacet
facet normal 0.219102 0.975702 0.000000
  outer loop
    vertex 5.072349 25.500418 0.000000
    vertex 6.317485 25.220812 21.000000
    vertex 6.317485 25.220812 0.000000
  endloop
endfacet
facet normal -0.024541 -0.999699 0.000000
  outer loop
    vertex 0.000000 20.625000 3.000000
    vertex 1.012021 20.600157 3.000000
    vertex 1.012021 20.600157 19.000000
  endloop
endfacet
facet normal -0.073566 -0.997290 0.000000
  outer loop
    vertex 1.012021 20.600157 3.000000
    vertex 2.021604 20.525684 3.000000
    vertex 2.021604 20.525684 19.000000
  endloop
endfacet
facet normal -0.122410 -0.992480 0.000000
  outer loop
    vertex 2.021604 20.525684 3.000000
    vertex 3.026316 20.401766 3.000000
    vertex 3.026316 20.401766 19.000000
  endloop
endfacet
facet normal -0.170962 -0.985278 0.000000
  outer loop
    vertex 3.026316 20.401766 3.000000
    vertex 4.023738 20.228697 3.000000
    vertex 4.023738 20.228697 19.000000
  endloop
endfacet
facet normal -0.219101 -0.975702 0.000000
  outer loop
    vertex 4.023738 20.228697 3.000000
    vertex 5.011466 20.006895 3.000000
    vertex 5.011466 20.006895 19.000000
  endloop
endfacet
facet normal -0.266713 -0.963776 0.000000
  outer loop
    vertex 5.011466 20.006895 3.000000
    vertex 5.987122 19.736895 3.000000
    vertex 5.987122 19.736895 19.000000
  endloop
endfacet
facet normal -0.359895 -0.932993 0.000000
  outer loop
    vertex 6.948353 19.419346 3.000000
    vertex 7.892846 19.055016 3.000000
    vertex 7.892846 19.055016 19.000000
  endloop
endfacet
facet normal -0.405241 -0.914210 0.000000
  outer loop
    vertex 7.892846 19.055016 3.000000
    vertex 8.818324 18.644779 3.000000
    vertex 8.818324 18.644779 19.000000
  endloop
endfacet
facet normal -0.449611 -0.893225 0.000000
  outer loop
    vertex 8.818324 18.644779 3.000000
    vertex 9.722558 18.189627 3.000000
    vertex 9.722558 18.189627 19.000000
  endloop
endfacet
facet normal -0.615231 -0.788347 0.000000
  outer loop
    vertex 12.286298 16.566154 3.000000
    vertex 13.084361 15.943340 3.000000
    vertex 13.084361 15.943340 19.000000
  endloop
endfacet
facet normal -0.492899 -0.870087 0.000000
  outer loop
    vertex 9.722558 18.189627 3.000000
    vertex 10.603369 17.690653 3.000000
    vertex 10.603369 17.690653 19.000000
  endloop
endfacet
facet normal -0.534997 -0.844854 0.000000
  outer loop
    vertex 10.603369 17.690653 3.000000
    vertex 11.458636 17.149061 3.000000
    vertex 11.458636 17.149061 19.000000
  endloop
endfacet
facet normal -0.575809 -0.817584 0.000000
  outer loop
    vertex 11.458636 17.149061 3.000000
    vertex 12.286298 16.566154 3.000000
    vertex 12.286298 16.566154 19.000000
  endloop
endfacet
facet normal 0.266712 0.963776 0.000000
  outer loop
    vertex 6.317485 25.220812 0.000000
    vertex 7.547401 24.880449 21.000000
    vertex 7.547401 24.880449 0.000000
  endloop
endfacet
facet normal 0.359895 0.932993 0.000000
  outer loop
    vertex 8.759136 24.480146 0.000000
    vertex 9.949769 24.020868 21.000000
    vertex 9.949769 24.020868 0.000000
  endloop
endfacet
facet normal 0.313682 0.949528 0.000000
  outer loop
    vertex 7.547401 24.880449 0.000000
    vertex 8.759136 24.480146 21.000000
    vertex 8.759136 24.480146 0.000000
  endloop
endfacet
facet normal 0.492898 0.870087 0.000000
  outer loop
    vertex 12.256315 22.929953 0.000000
    vertex 13.366672 22.300943 21.000000
    vertex 13.366672 22.300943 0.000000
  endloop
endfacet
facet normal 0.405242 0.914210 0.000000
  outer loop
    vertex 9.949769 24.020868 0.000000
    vertex 11.116432 23.503721 21.000000
    vertex 11.116432 23.503721 0.000000
  endloop
endfacet
facet normal 0.449611 0.893224 0.000000
  outer loop
    vertex 11.116432 23.503721 0.000000
    vertex 12.256315 22.929953 21.000000
    vertex 12.256315 22.929953 0.000000
  endloop
endfacet
facet normal -0.313682 -0.949528 0.000000
  outer loop
    vertex 5.987122 19.736895 3.000000
    vertex 6.948353 19.419346 3.000000
    vertex 6.948353 19.419346 19.000000
  endloop
endfacet
facet normal 0.500000 -0.866025 0.000000
  outer loop
    vertex 15.000000 3.464102 0.000000
    vertex 19.678125 6.165019 3.000000
    vertex 15.000000 3.464102 3.000000
  endloop
endfacet
facet normal -1.000000 0.000000 0.000000
  outer loop
    vertex 15.000000 3.464102 0.000000
    vertex 15.000000 3.464102 3.000000
    vertex 15.000000 14.000000 0.000000
  endloop
endfacet
facet normal -1.000000 0.000000 0.000000
  outer loop
    vertex 15.000000 3.464102 3.000000
    vertex 15.000000 14.000000 3.000000
    vertex 15.000000 14.000000 0.000000
  endloop
endfacet
facet normal 0.000000 0.000000 -1.000000
  outer loop
    vertex 15.000000 3.464102 0.000000
    vertex 15.000000 14.000000 0.000000
    vertex 24.124355 8.732051 0.000000
  endloop
endfacet
facet normal 0.000000 -0.000000 1.000000
  outer loop
    vertex 15.000000 3.464102 3.000000
    vertex 15.282117 13.850904 3.000000
    vertex 15.000000 14.000000 3.000000
  endloop
endfacet
facet normal 0.000000 -0.000000 1.000000
  outer loop
    vertex 15.000000 3.464102 3.000000
    vertex 19.678125 6.165019 3.000000
    vertex 15.282117 13.850904 3.000000
  endloop
endfacet
facet normal 0.000000 0.000000 1.000000
  outer loop
    vertex 19.419346 6.948353 3.000000
    vertex 19.055016 7.892846 3.000000
    vertex 19.678125 6.165019 3.000000
  endloop
endfacet
facet normal 0.000000 0.000000 1.000000
  outer loop
    vertex 19.055016 7.892846 3.000000
    vertex 18.644779 8.818324 3.000000
    vertex 19.678125 6.165019 3.000000
  endloop
endfacet
facet normal 0.000000 0.000000 1.000000
  outer loop
    vertex 18.189627 9.722558 3.000000
    vertex 17.690653 10.603369 3.000000
    vertex 19.678125 6.165019 3.000000
  endloop
endfacet
facet normal 0.000000 0.000000 1.000000
  outer loop
    vertex 17.690653 10.603369 3.000000
    vertex 17.149061 11.458636 3.000000
    vertex 19.678125 6.165019 3.000000
  endloop
endfacet
facet normal 0.000000 0.000000 1.000000
  outer loop
    vertex 18.644779 8.818324 3.000000
    vertex 18.189627 9.722558 3.000000
    vertex 19.678125 6.165019 3.000000
  endloop
endfacet
facet normal 0.000000 0.000000 1.000000
  outer loop
    vertex 19.678125 6.165019 3.000000
    vertex 15.943340 13.084361 3.000000
    vertex 15.282117 13.850904 3.000000
  endloop
endfacet
facet normal 0.000000 0.000000 1.000000
  outer loop
    vertex 16.566154 12.286298 3.000000
    vertex 15.943340 13.084361 3.000000
    vertex 19.678125 6.165019 3.000000
  endloop
endfacet
facet normal -0.000000 -0.000000 1.000000
  outer loop
    vertex 16.566154 12.286298 3.000000
    vertex 19.678125 6.165019 3.000000
    vertex 17.149061 11.458636 3.000000
  endloop
endfacet
facet normal 0.500000 -0.866025 -0.000000
  outer loop
    vertex 15.000000 3.464102 0.000000
    vertex 24.124355 8.732051 0.000000
    vertex 19.678125 6.165019 3.000000
  endloop
endfacet
facet normal -0.000000 -0.000000 -1.000000
  outer loop
    vertex 23.503721 11.116432 0.000000
    vertex 24.020868 9.949769 0.000000
    vertex 15.000000 14.000000 0.000000
  endloop
endfacet
facet normal 0.000000 0.000000 -1.000000
  outer loop
    vertex 23.503721 11.116432 0.000000
    vertex 15.000000 14.000000 0.000000
    vertex 22.929953 12.256315 0.000000
  endloop
endfacet
facet normal 0.000000 0.000000 -1.000000
  outer loop
    vertex 24.124355 8.732051 0.000000
    vertex 15.000000 14.000000 0.000000
    vertex 24.480146 8.759136 0.000000
  endloop
endfacet
facet normal 0.000000 0.000000 -1.000000
  outer loop
    vertex 24.480146 8.759136 0.000000
    vertex 15.000000 14.000000 0.000000
    vertex 24.020868 9.949769 0.000000
  endloop
endfacet
facet normal 0.000000 0.000000 -1.000000
  outer loop
    vertex 24.124355 8.732051 0.000000
    vertex 24.880449 7.547401 0.000000
    vertex 24.946856 7.307438 0.000000
  endloop
endfacet
facet normal 0.000000 0.000000 -1.000000
  outer loop
    vertex 24.124355 8.732051 0.000000
    vertex 24.480146 8.759136 0.000000
    vertex 24.880449 7.547401 0.000000
  endloop
endfacet
facet normal -0.932993 -0.359895 0.000000
  outer loop
    vertex 19.419346 6.948353 3.000000
    vertex 19.419346 6.948353 19.000000
    vertex 19.055016 7.892846 3.000000
  endloop
endfacet
facet normal -0.893225 -0.449611 0.000000
  outer loop
    vertex 18.644779 8.818324 3.000000
    vertex 18.644779 8.818324 19.000000
    vertex 18.189627 9.722558 3.000000
  endloop
endfacet
facet normal -0.914210 -0.405241 0.000000
  outer loop
    vertex 19.055016 7.892846 3.000000
    vertex 19.055016 7.892846 19.000000
    vertex 18.644779 8.818324 3.000000
  endloop
endfacet
facet normal -0.844854 -0.534997 0.000000
  outer loop
    vertex 17.690653 10.603369 3.000000
    vertex 17.690653 10.603369 19.000000
    vertex 17.149061 11.458636 3.000000
  endloop
endfacet
facet normal -0.817584 -0.575809 0.000000
  outer loop
    vertex 16.566154 12.286298 3.000000
    vertex 17.149061 11.458636 3.000000
    vertex 17.149061 11.458636 19.000000
  endloop
endfacet
facet normal -0.788347 -0.615231 0.000000
  outer loop
    vertex 16.566154 12.286298 3.000000
    vertex 16.566154 12.286298 19.000000
    vertex 15.943340 13.084361 3.000000
  endloop
endfacet
facet normal -0.870087 -0.492899 0.000000
  outer loop
    vertex 18.189627 9.722558 3.000000
    vertex 18.189627 9.722558 19.000000
    vertex 17.690653 10.603369 3.000000
  endloop
endfacet
facet normal -0.949528 -0.313682 0.000000
  outer loop
    vertex 19.419346 6.948353 3.000000
    vertex 19.678125 6.165019 3.000000
    vertex 19.678125 6.165019 19.000000
  endloop
endfacet
facet normal 0.500000 -0.866025 0.000000
  outer loop
    vertex 19.678125 6.165019 3.000000
    vertex 24.124355 8.732051 0.000000
    vertex 19.678125 6.165019 19.000000
  endloop
endfacet
facet normal 0.870087 0.492898 0.000000
  outer loop
    vertex 22.929953 12.256315 0.000000
    vertex 22.300943 13.366672 0.000000
    vertex 22.929953 12.256315 21.000000
  endloop
endfacet
facet normal 0.932993 0.359895 0.000000
  outer loop
    vertex 24.480146 8.759136 0.000000
    vertex 24.020868 9.949769 0.000000
    vertex 24.480146 8.759136 21.000000
  endloop
endfacet
facet normal 0.949528 0.313682 0.000000
  outer loop
    vertex 24.880449 7.547401 0.000000
    vertex 24.480146 8.759136 0.000000
    vertex 24.880449 7.547401 21.000000
  endloop
endfacet
facet normal 0.963777 0.266711 -0.000000
  outer loop
    vertex 24.946856 7.307438 0.000000
    vertex 24.880449 7.547401 0.000000
    vertex 24.880449 7.547401 21.000000
  endloop
endfacet
facet normal -0.866026 -0.500000 0.000000
  outer loop
    vertex 24.124355 8.732051 0.000000
    vertex 24.946856 7.307438 0.000000
    vertex 24.124355 8.732051 21.000000
  endloop
endfacet
facet normal 0.914210 0.405242 0.000000
  outer loop
    vertex 23.503721 11.116432 0.000000
    vertex 24.020868 9.949769 21.000000
    vertex 24.020868 9.949769 0.000000
  endloop
endfacet
facet normal 0.893224 0.449611 0.000000
  outer loop
    vertex 23.503721 11.116432 0.000000
    vertex 22.929953 12.256315 0.000000
    vertex 23.503721 11.116432 21.000000
  endloop
endfacet
facet normal 0.000000 -1.000000 0.000000
  outer loop
    vertex 11.000000 14.000000 0.000000
    vertex 15.000000 14.000000 0.000000
    vertex 15.000000 14.000000 3.000000
  endloop
endfacet
facet normal 0.000000 -0.000000 -1.000000
  outer loop
    vertex 11.000000 14.000000 0.000000
    vertex 18.384777 18.384777 0.000000
    vertex 15.000000 14.000000 0.000000
  endloop
endfacet
facet normal 0.000000 0.000000 -1.000000
  outer loop
    vertex 11.000000 14.000000 0.000000
    vertex 15.488182 20.883396 0.000000
    vertex 16.494225 20.098272 0.000000
  endloop
endfacet
facet normal 0.000000 0.000000 -1.000000
  outer loop
    vertex 11.000000 14.000000 0.000000
    vertex 16.494225 20.098272 0.000000
    vertex 17.460533 19.264729 0.000000
  endloop
endfacet
facet normal 0.000000 0.000000 -1.000000
  outer loop
    vertex 11.000000 14.000000 0.000000
    vertex 17.460533 19.264729 0.000000
    vertex 18.384777 18.384777 0.000000
  endloop
endfacet
facet normal 0.000000 0.000000 -1.000000
  outer loop
    vertex 15.000000 14.000000 0.000000
    vertex 20.098272 16.494225 0.000000
    vertex 20.883396 15.488182 0.000000
  endloop
endfacet
facet normal 0.000000 0.000000 -1.000000
  outer loop
    vertex 15.000000 14.000000 0.000000
    vertex 19.264729 17.460533 0.000000
    vertex 20.098272 16.494225 0.000000
  endloop
endfacet
facet normal 0.000000 0.000000 -1.000000
  outer loop
    vertex 15.000000 14.000000 0.000000
    vertex 20.883396 15.488182 0.000000
    vertex 21.618210 14.444826 0.000000
  endloop
endfacet
facet normal 0.000000 0.000000 -1.000000
  outer loop
    vertex 15.000000 14.000000 0.000000
    vertex 18.384777 18.384777 0.000000
    vertex 19.264729 17.460533 0.000000
  endloop
endfacet
facet normal 0.000000 0.000000 1.000000
  outer loop
    vertex 14.584078 14.584078 3.000000
    vertex 13.850904 15.282117 3.000000
    vertex 15.000000 14.000000 3.000000
  endloop
endfacet
facet normal -0.000000 -0.000000 1.000000
  outer loop
    vertex 12.286298 16.566154 3.000000
    vertex 15.000000 14.000000 3.000000
    vertex 13.084361 15.943340 3.000000
  endloop
endfacet
facet normal -0.000000 -0.000000 1.000000
  outer loop
    vertex 13.084361 15.943340 3.000000
    vertex 15.000000 14.000000 3.000000
    vertex 13.850904 15.282117 3.000000
  endloop
endfacet
facet normal 0.000000 0.000000 1.000000
  outer loop
    vertex 14.584078 14.584078 3.000000
    vertex 15.000000 14.000000 3.000000
    vertex 15.282117 13.850904 3.000000
  endloop
endfacet
facet normal 0.000000 0.000000 -1.000000
  outer loop
    vertex 22.929953 12.256315 0.000000
    vertex 15.000000 14.000000 0.000000
    vertex 22.300943 13.366672 0.000000
  endloop
endfacet
facet normal 0.000000 0.000000 -1.000000
  outer loop
    vertex 15.000000 14.000000 0.000000
    vertex 21.618210 14.444826 0.000000
    vertex 22.300943 13.366672 0.000000
  endloop
endfacet
facet normal 0.724248 0.689540 0.000000
  outer loop
    vertex 19.264729 17.460533 0.000000
    vertex 18.384777 18.384777 0.000000
    vertex 19.264729 17.460533 21.000000
  endloop
endfacet
facet normal 0.689540 0.724248 0.000000
  outer loop
    vertex 17.460533 19.264729 0.000000
    vertex 18.384777 18.384777 21.000000
    vertex 18.384777 18.384777 0.000000
  endloop
endfacet
facet normal -0.653172 -0.757209 0.000000
  outer loop
    vertex 13.084361 15.943340 3.000000
    vertex 13.850904 15.282117 3.000000
    vertex 13.850904 15.282117 19.000000
  endloop
endfacet
facet normal -0.689540 -0.724248 0.000000
  outer loop
    vertex 14.584078 14.584078 3.000000
    vertex 14.584078 14.584078 19.000000
    vertex 13.850904 15.282117 3.000000
  endloop
endfacet
facet normal -0.724248 -0.689540 0.000000
  outer loop
    vertex 14.584078 14.584078 3.000000
    vertex 15.282117 13.850904 3.000000
    vertex 15.282117 13.850904 19.000000
  endloop
endfacet
facet normal -0.757209 -0.653172 0.000000
  outer loop
    vertex 15.282117 13.850904 3.000000
    vertex 15.943340 13.084361 3.000000
    vertex 15.943340 13.084361 19.000000
  endloop
endfacet
facet normal 0.534997 0.844854 0.000000
  outer loop
    vertex 13.366672 22.300943 0.000000
    vertex 14.444826 21.618210 21.000000
    vertex 14.444826 21.618210 0.000000
  endloop
endfacet
facet normal 0.615232 0.788346 0.000000
  outer loop
    vertex 15.488182 20.883396 0.000000
    vertex 16.494225 20.098272 21.000000
    vertex 16.494225 20.098272 0.000000
  endloop
endfacet
facet normal 0.575808 0.817585 0.000000
  outer loop
    vertex 14.444826 21.618210 0.000000
    vertex 15.488182 20.883396 21.000000
    vertex 15.488182 20.883396 0.000000
  endloop
endfacet
facet normal 0.653173 0.757209 0.000000
  outer loop
    vertex 17.460533 19.264729 0.000000
    vertex 16.494225 20.098272 0.000000
    vertex 17.460533 19.264729 21.000000
  endloop
endfacet
facet normal 0.788346 0.615232 0.000000
  outer loop
    vertex 20.883396 15.488182 0.000000
    vertex 20.098272 16.494225 0.000000
    vertex 20.883396 15.488182 21.000000
  endloop
endfacet
facet normal 0.844854 0.534997 0.000000
  outer loop
    vertex 21.618210 14.444826 0.000000
    vertex 22.300943 13.366672 21.000000
    vertex 22.300943 13.366672 0.000000
  endloop
endfacet
facet normal 0.817585 0.575808 0.000000
  outer loop
    vertex 20.883396 15.488182 0.000000
    vertex 21.618210 14.444826 21.000000
    vertex 21.618210 14.444826 0.000000
  endloop
endfacet
facet normal 0.757209 0.653173 0.000000
  outer loop
    vertex 19.264729 17.460533 0.000000
    vertex 20.098272 16.494225 21.000000
    vertex 20.098272 16.494225 0.000000
  endloop
endfacet
facet normal 0.000000 0.000000 -1.000000
  outer loop
    vertex 0.000000 5.000000 19.000000
    vertex -0.124356 5.267949 19.000000
    vertex 0.245338 4.993977 19.000000
  endloop
endfacet
facet normal 0.000000 0.000000 -1.000000
  outer loop
    vertex 0.245338 4.993977 19.000000
    vertex -0.124356 5.267949 19.000000
    vertex 0.365534 4.985111 19.000000
  endloop
endfacet
facet normal -0.024542 -0.999699 0.000000
  outer loop
    vertex 0.000000 5.000000 19.000000
    vertex 0.245338 4.993977 19.000000
    vertex 0.000000 5.000000 21.000000
  endloop
endfacet
facet normal -0.073566 -0.997290 0.000000
  outer loop
    vertex 0.245338 4.993977 19.000000
    vertex 0.365534 4.985111 19.000000
    vertex 0.365534 4.985111 21.000000
  endloop
endfacet
facet normal -0.024542 -0.999699 0.000000
  outer loop
    vertex 0.245338 4.993977 19.000000
    vertex 0.245338 4.993977 21.000000
    vertex 0.000000 5.000000 21.000000
  endloop
endfacet
facet normal -0.073566 -0.997290 0.000000
  outer loop
    vertex 0.245338 4.993977 19.000000
    vertex 0.365534 4.985111 21.000000
    vertex 0.245338 4.993977 21.000000
  endloop
endfacet
facet normal -0.000000 -0.000000 1.000000
  outer loop
    vertex 0.000000 5.000000 21.000000
    vertex 0.245338 4.993977 21.000000
    vertex -0.124356 5.267949 21.000000
  endloop
endfacet
facet normal -0.000000 -0.000000 1.000000
  outer loop
    vertex 0.245338 4.993977 21.000000
    vertex 0.365534 4.985111 21.000000
    vertex -0.124356 5.267949 21.000000
  endloop
endfacet
facet normal 0.000000 0.000000 -1.000000
  outer loop
    vertex 4.023738 20.228697 19.000000
    vertex 1.875644 8.732051 19.000000
    vertex -0.124356 5.267949 19.000000
  endloop
endfacet
facet normal -0.000000 -0.000000 -1.000000
  outer loop
    vertex 11.000000 14.000000 19.000000
    vertex 11.000000 3.464102 19.000000
    vertex 1.875644 8.732051 19.000000
  endloop
endfacet
facet normal 0.000000 0.000000 1.000000
  outer loop
    vertex 11.000000 14.000000 21.000000
    vertex 1.875644 8.732051 21.000000
    vertex 11.000000 3.464102 21.000000
  endloop
endfacet
facet normal 1.000000 0.000000 0.000000
  outer loop
    vertex 11.000000 14.000000 21.000000
    vertex 11.000000 3.464102 21.000000
    vertex 11.000000 3.464102 19.000000
  endloop
endfacet
facet normal 1.000000 0.000000 -0.000000
  outer loop
    vertex 11.000000 14.000000 19.000000
    vertex 11.000000 14.000000 21.000000
    vertex 11.000000 3.464102 19.000000
  endloop
endfacet
facet normal -0.024541 -0.999699 0.000000
  outer loop
    vertex 0.000000 20.625000 3.000000
    vertex 1.012021 20.600157 19.000000
    vertex 0.000000 20.625000 19.000000
  endloop
endfacet
facet normal -0.073566 -0.997290 0.000000
  outer loop
    vertex 1.012021 20.600157 3.000000
    vertex 2.021604 20.525684 19.000000
    vertex 1.012021 20.600157 19.000000
  endloop
endfacet
facet normal -0.122410 -0.992480 0.000000
  outer loop
    vertex 2.021604 20.525684 3.000000
    vertex 3.026316 20.401766 19.000000
    vertex 2.021604 20.525684 19.000000
  endloop
endfacet
facet normal 0.024542 0.999699 -0.000000
  outer loop
    vertex 0.000000 26.000000 0.000000
    vertex 0.000000 26.000000 21.000000
    vertex 1.275760 25.968681 21.000000
  endloop
endfacet
facet normal 0.073564 0.997291 -0.000000
  outer loop
    vertex 1.275760 25.968681 0.000000
    vertex 1.275760 25.968681 21.000000
    vertex 2.548446 25.874804 21.000000
  endloop
endfacet
facet normal 0.122411 0.992480 -0.000000
  outer loop
    vertex 2.548446 25.874804 0.000000
    vertex 2.548446 25.874804 21.000000
    vertex 3.814992 25.718590 21.000000
  endloop
endfacet
facet normal -0.170962 -0.985278 0.000000
  outer loop
    vertex 3.026316 20.401766 3.000000
    vertex 4.023738 20.228697 19.000000
    vertex 3.026316 20.401766 19.000000
  endloop
endfacet
facet normal -0.219101 -0.975702 0.000000
  outer loop
    vertex 4.023738 20.228697 3.000000
    vertex 5.011466 20.006895 19.000000
    vertex 4.023738 20.228697 19.000000
  endloop
endfacet
facet normal -0.266713 -0.963776 0.000000
  outer loop
    vertex 5.011466 20.006895 3.000000
    vertex 5.987122 19.736895 19.000000
    vertex 5.011466 20.006895 19.000000
  endloop
endfacet
facet normal -0.313682 -0.949528 0.000000
  outer loop
    vertex 5.987122 19.736895 3.000000
    vertex 6.948353 19.419346 19.000000
    vertex 5.987122 19.736895 19.000000
  endloop
endfacet
facet normal 0.170962 0.985278 -0.000000
  outer loop
    vertex 3.814992 25.718590 0.000000
    vertex 3.814992 25.718590 21.000000
    vertex 5.072349 25.500418 21.000000
  endloop
endfacet
facet normal 0.219102 0.975702 -0.000000
  outer loop
    vertex 5.072349 25.500418 0.000000
    vertex 5.072349 25.500418 21.000000
    vertex 6.317485 25.220812 21.000000
  endloop
endfacet
facet normal -0.359895 -0.932993 0.000000
  outer loop
    vertex 6.948353 19.419346 3.000000
    vertex 7.892846 19.055016 19.000000
    vertex 6.948353 19.419346 19.000000
  endloop
endfacet
facet normal -0.405241 -0.914210 0.000000
  outer loop
    vertex 7.892846 19.055016 3.000000
    vertex 8.818324 18.644779 19.000000
    vertex 7.892846 19.055016 19.000000
  endloop
endfacet
facet normal -0.449611 -0.893225 0.000000
  outer loop
    vertex 8.818324 18.644779 3.000000
    vertex 9.722558 18.189627 19.000000
    vertex 8.818324 18.644779 19.000000
  endloop
endfacet
facet normal -0.534997 -0.844854 0.000000
  outer loop
    vertex 10.603369 17.690653 3.000000
    vertex 11.458636 17.149061 19.000000
    vertex 10.603369 17.690653 19.000000
  endloop
endfacet
facet normal -0.492899 -0.870087 0.000000
  outer loop
    vertex 9.722558 18.189627 3.000000
    vertex 10.603369 17.690653 19.000000
    vertex 9.722558 18.189627 19.000000
  endloop
endfacet
facet normal -0.575809 -0.817584 0.000000
  outer loop
    vertex 11.458636 17.149061 3.000000
    vertex 12.286298 16.566154 19.000000
    vertex 11.458636 17.149061 19.000000
  endloop
endfacet
facet normal -0.615231 -0.788347 0.000000
  outer loop
    vertex 12.286298 16.566154 3.000000
    vertex 13.084361 15.943340 19.000000
    vertex 12.286298 16.566154 19.000000
  endloop
endfacet
facet normal 0.266712 0.963776 -0.000000
  outer loop
    vertex 6.317485 25.220812 0.000000
    vertex 6.317485 25.220812 21.000000
    vertex 7.547401 24.880449 21.000000
  endloop
endfacet
facet normal 0.313682 0.949528 -0.000000
  outer loop
    vertex 7.547401 24.880449 0.000000
    vertex 7.547401 24.880449 21.000000
    vertex 8.759136 24.480146 21.000000
  endloop
endfacet
facet normal 0.359895 0.932993 -0.000000
  outer loop
    vertex 8.759136 24.480146 0.000000
    vertex 8.759136 24.480146 21.000000
    vertex 9.949769 24.020868 21.000000
  endloop
endfacet
facet normal 0.492898 0.870087 -0.000000
  outer loop
    vertex 12.256315 22.929953 0.000000
    vertex 12.256315 22.929953 21.000000
    vertex 13.366672 22.300943 21.000000
  endloop
endfacet
facet normal 0.405242 0.914210 -0.000000
  outer loop
    vertex 9.949769 24.020868 0.000000
    vertex 9.949769 24.020868 21.000000
    vertex 11.116432 23.503721 21.000000
  endloop
endfacet
facet normal 0.449611 0.893224 -0.000000
  outer loop
    vertex 11.116432 23.503721 0.000000
    vertex 11.116432 23.503721 21.000000
    vertex 12.256315 22.929953 21.000000
  endloop
endfacet
facet normal 0.000000 -0.000000 -1.000000
  outer loop
    vertex 0.000000 20.625000 19.000000
    vertex 1.012021 20.600157 19.000000
    vertex -0.124356 5.267949 19.000000
  endloop
endfacet
facet normal 0.000000 -0.000000 -1.000000
  outer loop
    vertex 1.012021 20.600157 19.000000
    vertex 2.021604 20.525684 19.000000
    vertex -0.124356 5.267949 19.000000
  endloop
endfacet
facet normal 0.000000 -0.000000 -1.000000
  outer loop
    vertex 2.021604 20.525684 19.000000
    vertex 3.026316 20.401766 19.000000
    vertex -0.124356 5.267949 19.000000
  endloop
endfacet
facet normal 0.000000 -0.000000 -1.000000
  outer loop
    vertex 3.026316 20.401766 19.000000
    vertex 4.023738 20.228697 19.000000
    vertex -0.124356 5.267949 19.000000
  endloop
endfacet
facet normal -0.000000 0.000000 1.000000
  outer loop
    vertex 0.000000 26.000000 21.000000
    vertex -0.124356 5.267949 21.000000
    vertex 1.875644 8.732051 21.000000
  endloop
endfacet
facet normal 0.000000 -0.000000 -1.000000
  outer loop
    vertex 5.011466 20.006895 19.000000
    vertex 5.987122 19.736895 19.000000
    vertex 1.875644 8.732051 19.000000
  endloop
endfacet
facet normal 0.000000 -0.000000 -1.000000
  outer loop
    vertex 5.987122 19.736895 19.000000
    vertex 6.948353 19.419346 19.000000
    vertex 1.875644 8.732051 19.000000
  endloop
endfacet
facet normal 0.000000 -0.000000 -1.000000
  outer loop
    vertex 6.948353 19.419346 19.000000
    vertex 7.892846 19.055016 19.000000
    vertex 1.875644 8.732051 19.000000
  endloop
endfacet
facet normal 0.000000 -0.000000 -1.000000
  outer loop
    vertex 7.892846 19.055016 19.000000
    vertex 8.818324 18.644779 19.000000
    vertex 1.875644 8.732051 19.000000
  endloop
endfacet
facet normal 0.000000 -0.000000 -1.000000
  outer loop
    vertex 4.023738 20.228697 19.000000
    vertex 5.011466 20.006895 19.000000
    vertex 1.875644 8.732051 19.000000
  endloop
endfacet
facet normal -0.000000 0.000000 1.000000
  outer loop
    vertex 7.547401 24.880449 21.000000
    vertex 1.875644 8.732051 21.000000
    vertex 8.759136 24.480146 21.000000
  endloop
endfacet
facet normal -0.000000 -0.000000 1.000000
  outer loop
    vertex 0.000000 26.000000 21.000000
    vertex 1.875644 8.732051 21.000000
    vertex 1.275760 25.968681 21.000000
  endloop
endfacet
facet normal -0.000000 0.000000 1.000000
  outer loop
    vertex 1.275760 25.968681 21.000000
    vertex 1.875644 8.732051 21.000000
    vertex 2.548446 25.874804 21.000000
  endloop
endfacet
facet normal -0.000000 0.000000 1.000000
  outer loop
    vertex 2.548446 25.874804 21.000000
    vertex 1.875644 8.732051 21.000000
    vertex 3.814992 25.718590 21.000000
  endloop
endfacet
facet normal -0.000000 0.000000 1.000000
  outer loop
    vertex 3.814992 25.718590 21.000000
    vertex 1.875644 8.732051 21.000000
    vertex 5.072349 25.500418 21.000000
  endloop
endfacet
facet normal -0.000000 0.000000 1.000000
  outer loop
    vertex 5.072349 25.500418 21.000000
    vertex 1.875644 8.732051 21.000000
    vertex 6.317485 25.220812 21.000000
  endloop
endfacet
facet normal -0.000000 0.000000 1.000000
  outer loop
    vertex 6.317485 25.220812 21.000000
    vertex 1.875644 8.732051 21.000000
    vertex 7.547401 24.880449 21.000000
  endloop
endfacet
facet normal 0.000000 -0.000000 -1.000000
  outer loop
    vertex 10.603369 17.690653 19.000000
    vertex 11.458636 17.149061 19.000000
    vertex 1.875644 8.732051 19.000000
  endloop
endfacet
facet normal 0.000000 -0.000000 -1.000000
  outer loop
    vertex 8.818324 18.644779 19.000000
    vertex 9.722558 18.189627 19.000000
    vertex 1.875644 8.732051 19.000000
  endloop
endfacet
facet normal 0.000000 -0.000000 -1.000000
  outer loop
    vertex 9.722558 18.189627 19.000000
    vertex 10.603369 17.690653 19.000000
    vertex 1.875644 8.732051 19.000000
  endloop
endfacet
facet normal -0.000000 0.000000 -1.000000
  outer loop
    vertex 11.000000 14.000000 19.000000
    vertex 1.875644 8.732051 19.000000
    vertex 12.286298 16.566154 19.000000
  endloop
endfacet
facet normal 0.000000 -0.000000 -1.000000
  outer loop
    vertex 11.458636 17.149061 19.000000
    vertex 12.286298 16.566154 19.000000
    vertex 1.875644 8.732051 19.000000
  endloop
endfacet
facet normal 0.000000 -0.000000 1.000000
  outer loop
    vertex 11.000000 14.000000 21.000000
    vertex 15.488182 20.883396 21.000000
    vertex 1.875644 8.732051 21.000000
  endloop
endfacet
facet normal -0.000000 0.000000 1.000000
  outer loop
    vertex 8.759136 24.480146 21.000000
    vertex 1.875644 8.732051 21.000000
    vertex 9.949769 24.020868 21.000000
  endloop
endfacet
facet normal -0.000000 0.000000 1.000000
  outer loop
    vertex 9.949769 24.020868 21.000000
    vertex 1.875644 8.732051 21.000000
    vertex 11.116432 23.503721 21.000000
  endloop
endfacet
facet normal -0.000000 0.000000 1.000000
  outer loop
    vertex 11.116432 23.503721 21.000000
    vertex 1.875644 8.732051 21.000000
    vertex 12.256315 22.929953 21.000000
  endloop
endfacet
facet normal -0.000000 0.000000 1.000000
  outer loop
    vertex 12.256315 22.929953 21.000000
    vertex 1.875644 8.732051 21.000000
    vertex 13.366672 22.300943 21.000000
  endloop
endfacet
facet normal 0.000000 0.000000 -1.000000
  outer loop
    vertex 11.000000 14.000000 19.000000
    vertex 12.286298 16.566154 19.000000
    vertex 13.084361 15.943340 19.000000
  endloop
endfacet
facet normal 0.000000 0.000000 -1.000000
  outer loop
    vertex 11.000000 14.000000 19.000000
    vertex 13.084361 15.943340 19.000000
    vertex 13.850904 15.282117 19.000000
  endloop
endfacet
facet normal 0.000000 -1.000000 0.000000
  outer loop
    vertex 11.000000 14.000000 19.000000
    vertex 15.000000 14.000000 21.000000
    vertex 11.000000 14.000000 21.000000
  endloop
endfacet
facet normal -0.000000 0.000000 1.000000
  outer loop
    vertex 13.366672 22.300943 21.000000
    vertex 1.875644 8.732051 21.000000
    vertex 14.444826 21.618210 21.000000
  endloop
endfacet
facet normal -0.000000 0.000000 1.000000
  outer loop
    vertex 14.444826 21.618210 21.000000
    vertex 1.875644 8.732051 21.000000
    vertex 15.488182 20.883396 21.000000
  endloop
endfacet
facet normal -0.788347 -0.615231 0.000000
  outer loop
    vertex 15.943340 13.084361 3.000000
    vertex 16.566154 12.286298 19.000000
    vertex 15.943340 13.084361 19.000000
  endloop
endfacet
facet normal -0.932993 -0.359895 0.000000
  outer loop
    vertex 19.055016 7.892846 3.000000
    vertex 19.419346 6.948353 19.000000
    vertex 19.055016 7.892846 19.000000
  endloop
endfacet
facet normal -0.893225 -0.449611 0.000000
  outer loop
    vertex 18.189627 9.722558 3.000000
    vertex 18.644779 8.818324 19.000000
    vertex 18.189627 9.722558 19.000000
  endloop
endfacet
facet normal -0.914210 -0.405241 0.000000
  outer loop
    vertex 18.644779 8.818324 3.000000
    vertex 19.055016 7.892846 19.000000
    vertex 18.644779 8.818324 19.000000
  endloop
endfacet
facet normal -0.870087 -0.492899 0.000000
  outer loop
    vertex 17.690653 10.603369 3.000000
    vertex 18.189627 9.722558 19.000000
    vertex 17.690653 10.603369 19.000000
  endloop
endfacet
facet normal -0.844854 -0.534997 0.000000
  outer loop
    vertex 17.149061 11.458636 3.000000
    vertex 17.690653 10.603369 19.000000
    vertex 17.149061 11.458636 19.000000
  endloop
endfacet
facet normal -0.817584 -0.575809 0.000000
  outer loop
    vertex 16.566154 12.286298 3.000000
    vertex 17.149061 11.458636 19.000000
    vertex 16.566154 12.286298 19.000000
  endloop
endfacet
facet normal -0.949528 -0.313682 0.000000
  outer loop
    vertex 19.419346 6.948353 3.000000
    vertex 19.678125 6.165019 19.000000
    vertex 19.419346 6.948353 19.000000
  endloop
endfacet
facet normal 0.500000 -0.866025 0.000000
  outer loop
    vertex 24.124355 8.732051 0.000000
    vertex 24.124355 8.732051 21.000000
    vertex 19.678125 6.165019 19.000000
  endloop
endfacet
facet normal 0.870087 0.492898 -0.000000
  outer loop
    vertex 22.300943 13.366672 0.000000
    vertex 22.300943 13.366672 21.000000
    vertex 22.929953 12.256315 21.000000
  endloop
endfacet
facet normal 0.932993 0.359895 -0.000000
  outer loop
    vertex 24.020868 9.949769 0.000000
    vertex 24.020868 9.949769 21.000000
    vertex 24.480146 8.759136 21.000000
  endloop
endfacet
facet normal -0.866026 -0.500000 0.000000
  outer loop
    vertex 24.946856 7.307438 0.000000
    vertex 24.946856 7.307438 21.000000
    vertex 24.124355 8.732051 21.000000
  endloop
endfacet
facet normal 0.963777 0.266711 0.000000
  outer loop
    vertex 24.946856 7.307438 0.000000
    vertex 24.880449 7.547401 21.000000
    vertex 24.946856 7.307438 21.000000
  endloop
endfacet
facet normal 0.949528 0.313682 -0.000000
  outer loop
    vertex 24.480146 8.759136 0.000000
    vertex 24.480146 8.759136 21.000000
    vertex 24.880449 7.547401 21.000000
  endloop
endfacet
facet normal 0.914210 0.405242 -0.000000
  outer loop
    vertex 23.503721 11.116432 0.000000
    vertex 23.503721 11.116432 21.000000
    vertex 24.020868 9.949769 21.000000
  endloop
endfacet
facet normal 0.893224 0.449611 -0.000000
  outer loop
    vertex 22.929953 12.256315 0.000000
    vertex 22.929953 12.256315 21.000000
    vertex 23.503721 11.116432 21.000000
  endloop
endfacet
facet normal 0.000000 0.000000 -1.000000
  outer loop
    vertex 15.000000 3.464102 19.000000
    vertex 19.419346 6.948353 19.000000
    vertex 19.678125 6.165019 19.000000
  endloop
endfacet
facet normal 0.500000 -0.866025 0.000000
  outer loop
    vertex 15.000000 3.464102 19.000000
    vertex 24.124355 8.732051 21.000000
    vertex 15.000000 3.464102 21.000000
  endloop
endfacet
facet normal -1.000000 0.000000 0.000000
  outer loop
    vertex 15.000000 3.464102 19.000000
    vertex 15.000000 3.464102 21.000000
    vertex 15.000000 14.000000 19.000000
  endloop
endfacet
facet normal -0.000000 -0.000000 -1.000000
  outer loop
    vertex 16.566154 12.286298 19.000000
    vertex 17.149061 11.458636 19.000000
    vertex 15.000000 14.000000 19.000000
  endloop
endfacet
facet normal -1.000000 0.000000 0.000000
  outer loop
    vertex 15.000000 3.464102 21.000000
    vertex 15.000000 14.000000 21.000000
    vertex 15.000000 14.000000 19.000000
  endloop
endfacet
facet normal 0.000000 0.000000 -1.000000
  outer loop
    vertex 15.000000 3.464102 19.000000
    vertex 15.000000 14.000000 19.000000
    vertex 19.419346 6.948353 19.000000
  endloop
endfacet
facet normal 0.000000 0.000000 -1.000000
  outer loop
    vertex 19.419346 6.948353 19.000000
    vertex 15.000000 14.000000 19.000000
    vertex 19.055016 7.892846 19.000000
  endloop
endfacet
facet normal 0.000000 -0.000000 1.000000
  outer loop
    vertex 15.000000 3.464102 21.000000
    vertex 24.124355 8.732051 21.000000
    vertex 15.000000 14.000000 21.000000
  endloop
endfacet
facet normal 0.000000 0.000000 -1.000000
  outer loop
    vertex 19.055016 7.892846 19.000000
    vertex 15.000000 14.000000 19.000000
    vertex 18.644779 8.818324 19.000000
  endloop
endfacet
facet normal 0.000000 0.000000 -1.000000
  outer loop
    vertex 18.644779 8.818324 19.000000
    vertex 15.000000 14.000000 19.000000
    vertex 18.189627 9.722558 19.000000
  endloop
endfacet
facet normal 0.000000 0.000000 -1.000000
  outer loop
    vertex 17.690653 10.603369 19.000000
    vertex 15.000000 14.000000 19.000000
    vertex 17.149061 11.458636 19.000000
  endloop
endfacet
facet normal 0.000000 0.000000 -1.000000
  outer loop
    vertex 18.189627 9.722558 19.000000
    vertex 15.000000 14.000000 19.000000
    vertex 17.690653 10.603369 19.000000
  endloop
endfacet
facet normal 0.500000 -0.866025 0.000000
  outer loop
    vertex 15.000000 3.464102 19.000000
    vertex 19.678125 6.165019 19.000000
    vertex 24.124355 8.732051 21.000000
  endloop
endfacet
facet normal 0.000000 0.000000 1.000000
  outer loop
    vertex 24.124355 8.732051 21.000000
    vertex 22.300943 13.366672 21.000000
    vertex 21.618210 14.444826 21.000000
  endloop
endfacet
facet normal 0.000000 0.000000 1.000000
  outer loop
    vertex 24.124355 8.732051 21.000000
    vertex 21.618210 14.444826 21.000000
    vertex 20.883396 15.488182 21.000000
  endloop
endfacet
facet normal 0.000000 -0.000000 1.000000
  outer loop
    vertex 24.124355 8.732051 21.000000
    vertex 24.480146 8.759136 21.000000
    vertex 24.020868 9.949769 21.000000
  endloop
endfacet
facet normal 0.000000 0.000000 1.000000
  outer loop
    vertex 24.946856 7.307438 21.000000
    vertex 24.880449 7.547401 21.000000
    vertex 24.480146 8.759136 21.000000
  endloop
endfacet
facet normal -0.000000 -0.000000 1.000000
  outer loop
    vertex 24.124355 8.732051 21.000000
    vertex 24.946856 7.307438 21.000000
    vertex 24.480146 8.759136 21.000000
  endloop
endfacet
facet normal 0.000000 0.000000 1.000000
  outer loop
    vertex 24.124355 8.732051 21.000000
    vertex 23.503721 11.116432 21.000000
    vertex 22.929953 12.256315 21.000000
  endloop
endfacet
facet normal 0.000000 0.000000 1.000000
  outer loop
    vertex 24.124355 8.732051 21.000000
    vertex 24.020868 9.949769 21.000000
    vertex 23.503721 11.116432 21.000000
  endloop
endfacet
facet normal 0.000000 0.000000 1.000000
  outer loop
    vertex 24.124355 8.732051 21.000000
    vertex 22.929953 12.256315 21.000000
    vertex 22.300943 13.366672 21.000000
  endloop
endfacet
facet normal -0.653172 -0.757209 0.000000
  outer loop
    vertex 13.084361 15.943340 3.000000
    vertex 13.850904 15.282117 19.000000
    vertex 13.084361 15.943340 19.000000
  endloop
endfacet
facet normal -0.689540 -0.724248 0.000000
  outer loop
    vertex 13.850904 15.282117 3.000000
    vertex 14.584078 14.584078 19.000000
    vertex 13.850904 15.282117 19.000000
  endloop
endfacet
facet normal -0.724248 -0.689540 0.000000
  outer loop
    vertex 14.584078 14.584078 3.000000
    vertex 15.282117 13.850904 19.000000
    vertex 14.584078 14.584078 19.000000
  endloop
endfacet
facet normal -0.757209 -0.653172 0.000000
  outer loop
    vertex 15.282117 13.850904 3.000000
    vertex 15.943340 13.084361 19.000000
    vertex 15.282117 13.850904 19.000000
  endloop
endfacet
facet normal 0.689540 0.724248 -0.000000
  outer loop
    vertex 17.460533 19.264729 0.000000
    vertex 17.460533 19.264729 21.000000
    vertex 18.384777 18.384777 21.000000
  endloop
endfacet
facet normal 0.724248 0.689540 -0.000000
  outer loop
    vertex 18.384777 18.384777 0.000000
    vertex 18.384777 18.384777 21.000000
    vertex 19.264729 17.460533 21.000000
  endloop
endfacet
facet normal 0.534997 0.844854 -0.000000
  outer loop
    vertex 13.366672 22.300943 0.000000
    vertex 13.366672 22.300943 21.000000
    vertex 14.444826 21.618210 21.000000
  endloop
endfacet
facet normal 0.615232 0.788346 -0.000000
  outer loop
    vertex 15.488182 20.883396 0.000000
    vertex 15.488182 20.883396 21.000000
    vertex 16.494225 20.098272 21.000000
  endloop
endfacet
facet normal 0.575808 0.817585 -0.000000
  outer loop
    vertex 14.444826 21.618210 0.000000
    vertex 14.444826 21.618210 21.000000
    vertex 15.488182 20.883396 21.000000
  endloop
endfacet
facet normal 0.653173 0.757209 -0.000000
  outer loop
    vertex 16.494225 20.098272 0.000000
    vertex 16.494225 20.098272 21.000000
    vertex 17.460533 19.264729 21.000000
  endloop
endfacet
facet normal 0.788346 0.615232 -0.000000
  outer loop
    vertex 20.098272 16.494225 0.000000
    vertex 20.098272 16.494225 21.000000
    vertex 20.883396 15.488182 21.000000
  endloop
endfacet
facet normal 0.844854 0.534997 -0.000000
  outer loop
    vertex 21.618210 14.444826 0.000000
    vertex 21.618210 14.444826 21.000000
    vertex 22.300943 13.366672 21.000000
  endloop
endfacet
facet normal 0.817585 0.575808 -0.000000
  outer loop
    vertex 20.883396 15.488182 0.000000
    vertex 20.883396 15.488182 21.000000
    vertex 21.618210 14.444826 21.000000
  endloop
endfacet
facet normal 0.757209 0.653173 -0.000000
  outer loop
    vertex 19.264729 17.460533 0.000000
    vertex 19.264729 17.460533 21.000000
    vertex 20.098272 16.494225 21.000000
  endloop
endfacet
facet normal 0.000000 0.000000 -1.000000
  outer loop
    vertex 11.000000 14.000000 19.000000
    vertex 13.850904 15.282117 19.000000
    vertex 14.584078 14.584078 19.000000
  endloop
endfacet
facet normal 0.000000 0.000000 -1.000000
  outer loop
    vertex 11.000000 14.000000 19.000000
    vertex 14.584078 14.584078 19.000000
    vertex 15.000000 14.000000 19.000000
  endloop
endfacet
facet normal 0.000000 -1.000000 0.000000
  outer loop
    vertex 11.000000 14.000000 19.000000
    vertex 15.000000 14.000000 19.000000
    vertex 15.000000 14.000000 21.000000
  endloop
endfacet
facet normal 0.000000 0.000000 -1.000000
  outer loop
    vertex 15.000000 14.000000 19.000000
    vertex 15.282117 13.850904 19.000000
    vertex 15.943340 13.084361 19.000000
  endloop
endfacet
facet normal -0.000000 -0.000000 -1.000000
  outer loop
    vertex 14.584078 14.584078 19.000000
    vertex 15.282117 13.850904 19.000000
    vertex 15.000000 14.000000 19.000000
  endloop
endfacet
facet normal 0.000000 0.000000 -1.000000
  outer loop
    vertex 16.566154 12.286298 19.000000
    vertex 15.000000 14.000000 19.000000
    vertex 15.943340 13.084361 19.000000
  endloop
endfacet
facet normal 0.000000 0.000000 1.000000
  outer loop
    vertex 11.000000 14.000000 21.000000
    vertex 15.000000 14.000000 21.000000
    vertex 15.488182 20.883396 21.000000
  endloop
endfacet
facet normal 0.000000 -0.000000 1.000000
  outer loop
    vertex 15.000000 14.000000 21.000000
    vertex 16.494225 20.098272 21.000000
    vertex 15.488182 20.883396 21.000000
  endloop
endfacet
facet normal 0.000000 0.000000 1.000000
  outer loop
    vertex 24.124355 8.732051 21.000000
    vertex 19.264729 17.460533 21.000000
    vertex 15.000000 14.000000 21.000000
  endloop
endfacet
facet normal 0.000000 -0.000000 1.000000
  outer loop
    vertex 15.000000 14.000000 21.000000
    vertex 17.460533 19.264729 21.000000
    vertex 16.494225 20.098272 21.000000
  endloop
endfacet
facet normal 0.000000 -0.000000 1.000000
  outer loop
    vertex 15.000000 14.000000 21.000000
    vertex 18.384777 18.384777 21.000000
    vertex 17.460533 19.264729 21.000000
  endloop
endfacet
facet normal 0.000000 -0.000000 1.000000
  outer loop
    vertex 15.000000 14.000000 21.000000
    vertex 19.264729 17.460533 21.000000
    vertex 18.384777 18.384777 21.000000
  endloop
endfacet
facet normal 0.000000 0.000000 1.000000
  outer loop
    vertex 24.124355 8.732051 21.000000
    vertex 20.883396 15.488182 21.000000
    vertex 20.098272 16.494225 21.000000
  endloop
endfacet
facet normal 0.000000 0.000000 1.000000
  outer loop
    vertex 24.124355 8.732051 21.000000
    vertex 20.098272 16.494225 21.000000
    vertex 19.264729 17.460533 21.000000
  endloop
endfacet
facet normal 0.500000 0.866025 -0.000000
  outer loop
    vertex 15.000000 -3.464102 0.000000
    vertex 15.000000 -3.464102 3.000000
    vertex 24.124355 -8.732051 0.000000
  endloop
endfacet
facet normal 0.500000 0.866025 -0.000000
  outer loop
    vertex 19.678125 -6.165019 3.000000
    vertex 24.124355 -8.732051 0.000000
    vertex 15.000000 -3.464102 3.000000
  endloop
endfacet
facet normal -0.866026 0.500000 0.000000
  outer loop
    vertex 24.946856 -7.307438 0.000000
    vertex 24.124355 -8.732051 0.000000
    vertex 24.946856 -7.307438 21.000000
  endloop
endfacet
facet normal 0.500000 0.866025 0.000000
  outer loop
    vertex 24.124355 -8.732051 0.000000
    vertex 19.678125 -6.165019 3.000000
    vertex 24.124355 -8.732051 21.000000
  endloop
endfacet
facet normal 0.500000 0.866025 -0.000000
  outer loop
    vertex 19.678125 -6.165019 3.000000
    vertex 19.678125 -6.165019 19.000000
    vertex 24.124355 -8.732051 21.000000
  endloop
endfacet
facet normal -0.866026 0.500000 0.000000
  outer loop
    vertex 24.946856 -7.307438 21.000000
    vertex 24.124355 -8.732051 0.000000
    vertex 24.124355 -8.732051 21.000000
  endloop
endfacet
facet normal 0.500000 0.866025 -0.000000
  outer loop
    vertex 15.000000 -3.464102 19.000000
    vertex 15.000000 -3.464102 21.000000
    vertex 19.678125 -6.165019 19.000000
  endloop
endfacet
facet normal 0.500000 0.866025 0.000000
  outer loop
    vertex 15.000000 -3.464102 21.000000
    vertex 24.124355 -8.732051 21.000000
    vertex 19.678125 -6.165019 19.000000
  endloop
endfacet
facet normal 0.500000 0.866025 0.000000
  outer loop
    vertex 0.365534 4.985111 3.000000
    vertex 0.365534 4.985111 0.000000
    vertex -0.124356 5.267949 0.000000
  endloop
endfacet
facet normal 0.500000 0.866025 -0.000000
  outer loop
    vertex 0.365534 4.985111 3.000000
    vertex -0.124356 5.267949 0.000000
    vertex -0.124356 5.267949 3.000000
  endloop
endfacet
facet normal 0.866025 -0.500000 0.000000
  outer loop
    vertex 1.875644 8.732051 3.000000
    vertex -0.124356 5.267949 3.000000
    vertex -0.124356 5.267949 0.000000
  endloop
endfacet
facet normal 0.866025 -0.500000 0.000000
  outer loop
    vertex -0.124356 5.267949 0.000000
    vertex 1.875644 8.732051 0.000000
    vertex 1.875644 8.732051 3.000000
  endloop
endfacet
facet normal -0.500000 -0.866025 -0.000000
  outer loop
    vertex 1.875644 8.732051 3.000000
    vertex 1.875644 8.732051 0.000000
    vertex 11.000000 3.464102 3.000000
  endloop
endfacet
facet normal -0.500000 -0.866025 0.000000
  outer loop
    vertex 1.875644 8.732051 0.000000
    vertex 11.000000 3.464102 0.000000
    vertex 11.000000 3.464102 3.000000
  endloop
endfacet
facet normal 0.500000 0.866025 0.000000
  outer loop
    vertex 0.365534 4.985111 19.000000
    vertex -0.124356 5.267949 19.000000
    vertex 0.365534 4.985111 21.000000
  endloop
endfacet
facet normal 0.500000 0.866025 -0.000000
  outer loop
    vertex 0.365534 4.985111 21.000000
    vertex -0.124356 5.267949 19.000000
    vertex -0.124356 5.267949 21.000000
  endloop
endfacet
facet normal 0.866025 -0.500000 0.000000
  outer loop
    vertex -0.124356 5.267949 19.000000
    vertex 1.875644 8.732051 21.000000
    vertex -0.124356 5.267949 21.000000
  endloop
endfacet
facet normal 0.866025 -0.500000 0.000000
  outer loop
    vertex -0.124356 5.267949 19.000000
    vertex 1.875644 8.732051 19.000000
    vertex 1.875644 8.732051 21.000000
  endloop
endfacet
facet normal -0.500000 -0.866025 0.000000
  outer loop
    vertex 1.875644 8.732051 19.000000
    vertex 11.000000 3.464102 21.000000
    vertex 1.875644 8.732051 21.000000
  endloop
endfacet
facet normal -0.500000 -0.866025 0.000000
  outer loop
    vertex 1.875644 8.732051 19.000000
    vertex 11.000000 3.464102 19.000000
    vertex 11.000000 3.464102 21.000000
  endloop
endfacet
endsolid gearbox_housing_clean
