solid seavolt
facet normal -0.7572092099 -0.6531724217 0
  outer loop
    vertex -16.23321915 -13.32225895 0
    vertex -15.55997372 -14.10273838 0
    vertex -16.23321915 -13.32225895 4
  endloop
endfacet
facet normal -0.8175846949 -0.5758083593 0
  outer loop
    vertex -17.46086121 -11.66697502 0
    vertex -16.86735725 -12.50968552 0
    vertex -17.46086121 -11.66697502 4
  endloop
endfacet
facet normal -0.8448533965 -0.5349978864 0
  outer loop
    vertex -18.01230049 -10.79615784 0
    vertex -17.46086121 -11.66697502 0
    vertex -18.01230049 -10.79615784 4
  endloop
endfacet
facet normal -0.788346627 -0.6152313351 -0
  outer loop
    vertex -16.23321915 -13.32225895 0
    vertex -16.86735725 -12.50968552 4
    vertex -16.86735725 -12.50968552 0
  endloop
endfacet
facet normal -0.7572092099 -0.6531724217 0
  outer loop
    vertex -15.55997372 -14.10273838 0
    vertex -15.55997372 -14.10273838 4
    vertex -16.23321915 -13.32225895 4
  endloop
endfacet
facet normal -0.8175846949 -0.5758083593 0
  outer loop
    vertex -16.86735725 -12.50968552 0
    vertex -16.86735725 -12.50968552 4
    vertex -17.46086121 -11.66697502 4
  endloop
endfacet
facet normal -0.8448533965 -0.5349978864 0
  outer loop
    vertex -17.46086121 -11.66697502 0
    vertex -17.46086121 -11.66697502 4
    vertex -18.01230049 -10.79615784 4
  endloop
endfacet
facet normal -0.788346627 -0.6152313351 0
  outer loop
    vertex -16.23321915 -13.32225895 0
    vertex -16.23321915 -13.32225895 4
    vertex -16.86735725 -12.50968552 4
  endloop
endfacet
facet normal -0.6531724217 -0.7572092099 -0
  outer loop
    vertex -13.32225895 -16.23321915 0
    vertex -14.10273838 -15.55997372 4
    vertex -14.10273838 -15.55997372 0
  endloop
endfacet
facet normal 0 -0 -1
  outer loop
    vertex -12.50968552 -16.86735725 0
    vertex -9.263842583 -13.93317413 0
    vertex -11.66697502 -17.46086121 0
  endloop
endfacet
facet normal -0.5758083593 -0.8175846949 0
  outer loop
    vertex -12.50968552 -16.86735725 0
    vertex -11.66697502 -17.46086121 0
    vertex -12.50968552 -16.86735725 4
  endloop
endfacet
facet normal -0.6152313351 -0.788346627 0
  outer loop
    vertex -13.32225895 -16.23321915 0
    vertex -12.50968552 -16.86735725 0
    vertex -13.32225895 -16.23321915 4
  endloop
endfacet
facet normal -0.5349978864 -0.8448533965 0
  outer loop
    vertex -11.66697502 -17.46086121 0
    vertex -10.79615784 -18.01230049 0
    vertex -11.66697502 -17.46086121 4
  endloop
endfacet
facet normal -0.6531724217 -0.7572092099 0
  outer loop
    vertex -13.32225895 -16.23321915 0
    vertex -13.32225895 -16.23321915 4
    vertex -14.10273838 -15.55997372 4
  endloop
endfacet
facet normal -0.5758083593 -0.8175846949 0
  outer loop
    vertex -11.66697502 -17.46086121 0
    vertex -11.66697502 -17.46086121 4
    vertex -12.50968552 -16.86735725 4
  endloop
endfacet
facet normal -0.6152313351 -0.788346627 0
  outer loop
    vertex -12.50968552 -16.86735725 0
    vertex -12.50968552 -16.86735725 4
    vertex -13.32225895 -16.23321915 4
  endloop
endfacet
facet normal -0.5349978864 -0.8448533965 0
  outer loop
    vertex -10.79615784 -18.01230049 0
    vertex -10.79615784 -18.01230049 4
    vertex -11.66697502 -17.46086121 4
  endloop
endfacet
facet normal -0.6895409401 -0.7242467065 0
  outer loop
    vertex -14.84924221 -14.84924221 0
    vertex -14.10273838 -15.55997372 0
    vertex -14.84924221 -14.84924221 4
  endloop
endfacet
facet normal -0.7242467065 -0.6895409401 -0
  outer loop
    vertex -14.84924221 -14.84924221 0
    vertex -15.55997372 -14.10273838 4
    vertex -15.55997372 -14.10273838 0
  endloop
endfacet
facet normal 0 -0 -1
  outer loop
    vertex -13.32225895 -16.23321915 0
    vertex -9.490369797 -12.79434681 0
    vertex -12.50968552 -16.86735725 0
  endloop
endfacet
facet normal 0 0 -1
  outer loop
    vertex -12.50968552 -16.86735725 0
    vertex -9.5 -12.99038124 0
    vertex -9.497591019 -13.08851624 0
  endloop
endfacet
facet normal 0 -0 -1
  outer loop
    vertex -12.50968552 -16.86735725 0
    vertex -9.497591019 -12.89224529 0
    vertex -9.5 -12.99038124 0
  endloop
endfacet
facet normal 0 -0 -1
  outer loop
    vertex -13.32225895 -16.23321915 0
    vertex -9.478352547 -12.69692039 0
    vertex -9.490369797 -12.79434681 0
  endloop
endfacet
facet normal 0 -0 -1
  outer loop
    vertex -13.32225895 -16.23321915 0
    vertex -9.46157074 -12.60020065 0
    vertex -9.478352547 -12.69692039 0
  endloop
endfacet
facet normal 0 -0 -1
  outer loop
    vertex -13.32225895 -16.23321915 0
    vertex -9.440062523 -12.50442028 0
    vertex -9.46157074 -12.60020065 0
  endloop
endfacet
facet normal 0 -0 -1
  outer loop
    vertex -13.32225895 -16.23321915 0
    vertex -9.413880348 -12.40981197 0
    vertex -9.440062523 -12.50442028 0
  endloop
endfacet
facet normal 0 -0 -1
  outer loop
    vertex -13.32225895 -16.23321915 0
    vertex -9.383088112 -12.31660175 0
    vertex -9.413880348 -12.40981197 0
  endloop
endfacet
facet normal 0 -0 -1
  outer loop
    vertex -13.32225895 -16.23321915 0
    vertex -9.347759247 -12.22501373 0
    vertex -9.383088112 -12.31660175 0
  endloop
endfacet
facet normal 0 -0 -1
  outer loop
    vertex -13.32225895 -16.23321915 0
    vertex -9.30797863 -12.13527107 0
    vertex -9.347759247 -12.22501373 0
  endloop
endfacet
facet normal 0 -0 -1
  outer loop
    vertex -13.32225895 -16.23321915 0
    vertex -9.263842583 -12.04758739 0
    vertex -9.30797863 -12.13527107 0
  endloop
endfacet
facet normal 0 -0 -1
  outer loop
    vertex -13.32225895 -16.23321915 0
    vertex -9.215456963 -11.96217537 0
    vertex -9.263842583 -12.04758739 0
  endloop
endfacet
facet normal 0 -0 -1
  outer loop
    vertex -13.32225895 -16.23321915 0
    vertex -9.162939072 -11.87924099 0
    vertex -9.215456963 -11.96217537 0
  endloop
endfacet
facet normal 0 -0 -1
  outer loop
    vertex -13.32225895 -16.23321915 0
    vertex -9.106414795 -11.79898262 0
    vertex -9.162939072 -11.87924099 0
  endloop
endfacet
facet normal -0.7242467065 -0.6895409401 0
  outer loop
    vertex -14.84924221 -14.84924221 0
    vertex -14.84924221 -14.84924221 4
    vertex -15.55997372 -14.10273838 4
  endloop
endfacet
facet normal -0.6895409401 -0.7242467065 0
  outer loop
    vertex -14.10273838 -15.55997372 0
    vertex -14.10273838 -15.55997372 4
    vertex -14.84924221 -14.84924221 4
  endloop
endfacet
facet normal -0 0 1
  outer loop
    vertex -12.50968552 -16.86735725 4
    vertex -11.66697502 -17.46086121 4
    vertex -9.30797863 -13.84549141 4
  endloop
endfacet
facet normal -0 0 1
  outer loop
    vertex -13.32225895 -16.23321915 4
    vertex -12.50968552 -16.86735725 4
    vertex -9.478352547 -12.69692039 4
  endloop
endfacet
facet normal 0 -0 1
  outer loop
    vertex -12.50968552 -16.86735725 4
    vertex -9.497591019 -13.08851624 4
    vertex -9.5 -12.99038124 4
  endloop
endfacet
facet normal 0 0 1
  outer loop
    vertex -12.50968552 -16.86735725 4
    vertex -9.5 -12.99038124 4
    vertex -9.497591019 -12.89224529 4
  endloop
endfacet
facet normal 0 0 1
  outer loop
    vertex -13.32225895 -16.23321915 4
    vertex -9.478352547 -12.69692039 4
    vertex -9.46157074 -12.60020065 4
  endloop
endfacet
facet normal 0 0 1
  outer loop
    vertex -13.32225895 -16.23321915 4
    vertex -9.46157074 -12.60020065 4
    vertex -9.440062523 -12.50442028 4
  endloop
endfacet
facet normal 0 0 1
  outer loop
    vertex -13.32225895 -16.23321915 4
    vertex -9.440062523 -12.50442028 4
    vertex -9.413880348 -12.40981197 4
  endloop
endfacet
facet normal 0 0 1
  outer loop
    vertex -13.32225895 -16.23321915 4
    vertex -9.413880348 -12.40981197 4
    vertex -9.383088112 -12.31660175 4
  endloop
endfacet
facet normal 0 0 1
  outer loop
    vertex -13.32225895 -16.23321915 4
    vertex -9.383088112 -12.31660175 4
    vertex -9.347759247 -12.22501373 4
  endloop
endfacet
facet normal 0 0 1
  outer loop
    vertex -13.32225895 -16.23321915 4
    vertex -9.347759247 -12.22501373 4
    vertex -9.30797863 -12.13527107 4
  endloop
endfacet
facet normal 0 0 1
  outer loop
    vertex -13.32225895 -16.23321915 4
    vertex -9.30797863 -12.13527107 4
    vertex -9.263842583 -12.04758739 4
  endloop
endfacet
facet normal 0 0 1
  outer loop
    vertex -13.32225895 -16.23321915 4
    vertex -9.263842583 -12.04758739 4
    vertex -9.215456963 -11.96217537 4
  endloop
endfacet
facet normal 0 0 1
  outer loop
    vertex -13.32225895 -16.23321915 4
    vertex -9.215456963 -11.96217537 4
    vertex -9.162939072 -11.87924099 4
  endloop
endfacet
facet normal 0 0 1
  outer loop
    vertex -13.32225895 -16.23321915 4
    vertex -9.162939072 -11.87924099 4
    vertex -9.106414795 -11.79898262 4
  endloop
endfacet
facet normal -0.893223563 -0.4496127962 -0
  outer loop
    vertex -18.52034569 -9.899331093 0
    vertex -18.98377609 -8.978656769 4
    vertex -18.98377609 -8.978656769 0
  endloop
endfacet
facet normal -0.9142100487 -0.405240653 0
  outer loop
    vertex -19.40147018 -8.036352158 0
    vertex -18.98377609 -8.978656769 0
    vertex -19.40147018 -8.036352158 4
  endloop
endfacet
facet normal -0.9495280073 -0.313682265 -0
  outer loop
    vertex -19.7724247 -7.074687004 0
    vertex -20.09574699 -6.09597826 4
    vertex -20.09574699 -6.09597826 0
  endloop
endfacet
facet normal -0.9637758848 -0.2667134114 -0
  outer loop
    vertex -20.09574699 -6.09597826 0
    vertex -20.37065697 -5.102583885 4
    vertex -20.37065697 -5.102583885 0
  endloop
endfacet
facet normal -0.9329930173 -0.3598944702 -0
  outer loop
    vertex -19.40147018 -8.036352158 0
    vertex -19.7724247 -7.074687004 4
    vertex -19.7724247 -7.074687004 0
  endloop
endfacet
facet normal -0.8700873567 -0.4928975469 -0
  outer loop
    vertex -18.01230049 -10.79615784 0
    vertex -18.52034569 -9.899331093 4
    vertex -18.52034569 -9.899331093 0
  endloop
endfacet
facet normal -0.893223563 -0.4496127962 0
  outer loop
    vertex -18.52034569 -9.899331093 0
    vertex -18.52034569 -9.899331093 4
    vertex -18.98377609 -8.978656769 4
  endloop
endfacet
facet normal -0.9142100487 -0.405240653 0
  outer loop
    vertex -18.98377609 -8.978656769 0
    vertex -18.98377609 -8.978656769 4
    vertex -19.40147018 -8.036352158 4
  endloop
endfacet
facet normal -0.9495280073 -0.313682265 0
  outer loop
    vertex -19.7724247 -7.074687004 0
    vertex -19.7724247 -7.074687004 4
    vertex -20.09574699 -6.09597826 4
  endloop
endfacet
facet normal -0.9637758848 -0.2667134114 0
  outer loop
    vertex -20.09574699 -6.09597826 0
    vertex -20.09574699 -6.09597826 4
    vertex -20.37065697 -5.102583885 4
  endloop
endfacet
facet normal -0.9329930173 -0.3598944702 0
  outer loop
    vertex -19.40147018 -8.036352158 0
    vertex -19.40147018 -8.036352158 4
    vertex -19.7724247 -7.074687004 4
  endloop
endfacet
facet normal -0.8700873567 -0.4928975469 0
  outer loop
    vertex -18.01230049 -10.79615784 0
    vertex -18.01230049 -10.79615784 4
    vertex -18.52034569 -9.899331093 4
  endloop
endfacet
facet normal -0.9757022811 -0.2191005676 -0
  outer loop
    vertex -20.37065697 -5.102583885 0
    vertex -20.59649086 -4.096896648 4
    vertex -20.59649086 -4.096896648 0
  endloop
endfacet
facet normal -0.9852775862 -0.1709622125 -0
  outer loop
    vertex -20.59649086 -4.096896648 0
    vertex -20.77270699 -3.081340075 4
    vertex -20.77270699 -3.081340075 0
  endloop
endfacet
facet normal -0.9924794822 -0.1224110998 -0
  outer loop
    vertex -20.77270699 -3.081340075 0
    vertex -20.89888 -2.058359861 4
    vertex -20.89888 -2.058359861 0
  endloop
endfacet
facet normal -0.9972904978 -0.07356400583 -0
  outer loop
    vertex -20.89888 -2.058359861 0
    vertex -20.97470474 -1.030421138 4
    vertex -20.97470474 -1.030421138 0
  endloop
endfacet
facet normal -0.9996988225 -0.02454107188 -0
  outer loop
    vertex -20.97470474 -1.030421138 0
    vertex -21 2.571758258e-15 4
    vertex -21 2.571758258e-15 0
  endloop
endfacet
facet normal -0.9757022811 -0.2191005676 0
  outer loop
    vertex -20.37065697 -5.102583885 0
    vertex -20.37065697 -5.102583885 4
    vertex -20.59649086 -4.096896648 4
  endloop
endfacet
facet normal -0.9852775862 -0.1709622125 0
  outer loop
    vertex -20.59649086 -4.096896648 0
    vertex -20.59649086 -4.096896648 4
    vertex -20.77270699 -3.081340075 4
  endloop
endfacet
facet normal -0.9924794822 -0.1224110998 0
  outer loop
    vertex -20.77270699 -3.081340075 0
    vertex -20.77270699 -3.081340075 4
    vertex -20.89888 -2.058359861 4
  endloop
endfacet
facet normal -0.9972904978 -0.07356400583 0
  outer loop
    vertex -20.89888 -2.058359861 0
    vertex -20.89888 -2.058359861 4
    vertex -20.97470474 -1.030421138 4
  endloop
endfacet
facet normal -0.9996988225 -0.02454107188 0
  outer loop
    vertex -20.97470474 -1.030421138 0
    vertex -20.97470474 -1.030421138 4
    vertex -21 2.571758258e-15 4
  endloop
endfacet
facet normal 0 0 -1
  outer loop
    vertex -18.52034569 -9.899331093 0
    vertex -18.98377609 -8.978656769 0
    vertex -2.204803228 -1.178491831 0
  endloop
endfacet
facet normal 0 0 -1
  outer loop
    vertex -19.40147018 -8.036352158 0
    vertex -19.7724247 -7.074687004 0
    vertex -2.30969882 -0.9567086101 0
  endloop
endfacet
facet normal 0 -0 -1
  outer loop
    vertex -19.40147018 -8.036352158 0
    vertex -2.259973288 -1.068887711 0
    vertex -18.98377609 -8.978656769 0
  endloop
endfacet
facet normal 0 -0 -1
  outer loop
    vertex -18.01230049 -10.79615784 0
    vertex -2.078674078 -1.388925552 0
    vertex -17.46086121 -11.66697502 0
  endloop
endfacet
facet normal 0 -0 -1
  outer loop
    vertex -17.46086121 -11.66697502 0
    vertex -2.008018732 -1.489248276 0
    vertex -16.86735725 -12.50968552 0
  endloop
endfacet
facet normal 0 -0 -1
  outer loop
    vertex -16.23321915 -13.32225895 0
    vertex -1.852377772 -1.678897381 0
    vertex -15.55997372 -14.10273838 0
  endloop
endfacet
facet normal 0 0 -1
  outer loop
    vertex -14.84924221 -14.84924221 0
    vertex -15.55997372 -14.10273838 0
    vertex -1.767766953 -1.767766953 0
  endloop
endfacet
facet normal 0 0 -1
  outer loop
    vertex -16.23321915 -13.32225895 0
    vertex -16.86735725 -12.50968552 0
    vertex -1.932526112 -1.585983157 0
  endloop
endfacet
facet normal 0 0 -1
  outer loop
    vertex -18.01230049 -10.79615784 0
    vertex -18.52034569 -9.899331093 0
    vertex -2.144321442 -1.285256863 0
  endloop
endfacet
facet normal 0 0 -1
  outer loop
    vertex -20.37065697 -5.102583885 0
    vertex -20.59649086 -4.096896648 0
    vertex -2.425078154 -0.6074504256 0
  endloop
endfacet
facet normal 0 0 -1
  outer loop
    vertex -19.7724247 -7.074687004 0
    vertex -20.09574699 -6.09597826 0
    vertex -2.35386014 -0.8422246575 0
  endloop
endfacet
facet normal 0 0 -1
  outer loop
    vertex -20.09574699 -6.09597826 0
    vertex -20.37065697 -5.102583885 0
    vertex -2.392350912 -0.7257117033 0
  endloop
endfacet
facet normal 0 0 -1
  outer loop
    vertex -20.59649086 -4.096896648 0
    vertex -20.77270699 -3.081340075 0
    vertex -2.451963186 -0.4877257943 0
  endloop
endfacet
facet normal 0 0 -1
  outer loop
    vertex -20.77270699 -3.081340075 0
    vertex -20.89888 -2.058359861 0
    vertex -2.487961769 -0.2450428456 0
  endloop
endfacet
facet normal 0 0 -1
  outer loop
    vertex -20.89888 -2.058359861 0
    vertex -20.97470474 -1.030421138 0
    vertex -2.487961769 -0.2450428456 0
  endloop
endfacet
facet normal 0 0 -1
  outer loop
    vertex -20.97470474 -1.030421138 0
    vertex -21 2.571758258e-15 0
    vertex -2.5 3.061616999e-16 0
  endloop
endfacet
facet normal 0 -0 1
  outer loop
    vertex -18.52034569 -9.899331093 4
    vertex -2.204803228 -1.178491831 4
    vertex -18.98377609 -8.978656769 4
  endloop
endfacet
facet normal 0 -0 1
  outer loop
    vertex -19.40147018 -8.036352158 4
    vertex -2.35386014 -0.8422246575 4
    vertex -19.7724247 -7.074687004 4
  endloop
endfacet
facet normal -0 0 1
  outer loop
    vertex -19.40147018 -8.036352158 4
    vertex -18.98377609 -8.978656769 4
    vertex -2.30969882 -0.9567086101 4
  endloop
endfacet
facet normal -0 0 1
  outer loop
    vertex -18.01230049 -10.79615784 4
    vertex -17.46086121 -11.66697502 4
    vertex -2.078674078 -1.388925552 4
  endloop
endfacet
facet normal -0 0 1
  outer loop
    vertex -17.46086121 -11.66697502 4
    vertex -16.86735725 -12.50968552 4
    vertex -2.078674078 -1.388925552 4
  endloop
endfacet
facet normal -0 0 1
  outer loop
    vertex -16.23321915 -13.32225895 4
    vertex -15.55997372 -14.10273838 4
    vertex -1.932526112 -1.585983157 4
  endloop
endfacet
facet normal 0 -0 1
  outer loop
    vertex -14.84924221 -14.84924221 4
    vertex -1.767766953 -1.767766953 4
    vertex -15.55997372 -14.10273838 4
  endloop
endfacet
facet normal 0 -0 1
  outer loop
    vertex -16.23321915 -13.32225895 4
    vertex -1.932526112 -1.585983157 4
    vertex -16.86735725 -12.50968552 4
  endloop
endfacet
facet normal 0 -0 1
  outer loop
    vertex -18.01230049 -10.79615784 4
    vertex -2.204803228 -1.178491831 4
    vertex -18.52034569 -9.899331093 4
  endloop
endfacet
facet normal 0 -0 1
  outer loop
    vertex -20.37065697 -5.102583885 4
    vertex -2.425078154 -0.6074504256 4
    vertex -20.59649086 -4.096896648 4
  endloop
endfacet
facet normal 0 -0 1
  outer loop
    vertex -19.7724247 -7.074687004 4
    vertex -2.392350912 -0.7257117033 4
    vertex -20.09574699 -6.09597826 4
  endloop
endfacet
facet normal 0 -0 1
  outer loop
    vertex -20.09574699 -6.09597826 4
    vertex -2.392350912 -0.7257117033 4
    vertex -20.37065697 -5.102583885 4
  endloop
endfacet
facet normal 0 -0 1
  outer loop
    vertex -20.59649086 -4.096896648 4
    vertex -2.47294116 -0.3668261766 4
    vertex -20.77270699 -3.081340075 4
  endloop
endfacet
facet normal 0 -0 1
  outer loop
    vertex -20.77270699 -3.081340075 4
    vertex -2.487961769 -0.2450428456 4
    vertex -20.89888 -2.058359861 4
  endloop
endfacet
facet normal 0 -0 1
  outer loop
    vertex -20.89888 -2.058359861 4
    vertex -2.496988535 -0.1226691827 4
    vertex -20.97470474 -1.030421138 4
  endloop
endfacet
facet normal 0 -0 1
  outer loop
    vertex -20.97470474 -1.030421138 4
    vertex -2.5 3.061616999e-16 4
    vertex -21 2.571758258e-15 4
  endloop
endfacet
facet normal -0.4496127962 -0.893223563 0
  outer loop
    vertex -9.899331093 -18.52034569 0
    vertex -8.978656769 -18.98377609 0
    vertex -9.899331093 -18.52034569 4
  endloop
endfacet
facet normal -0.405240653 -0.9142100487 0
  outer loop
    vertex -8.978656769 -18.98377609 0
    vertex -8.036352158 -19.40147018 0
    vertex -8.978656769 -18.98377609 4
  endloop
endfacet
facet normal 0 -0 -1
  outer loop
    vertex -10.79615784 -18.01230049 0
    vertex -8.528205872 -14.7058382 0
    vertex -9.899331093 -18.52034569 0
  endloop
endfacet
facet normal 0 -0 -1
  outer loop
    vertex -11.66697502 -17.46086121 0
    vertex -8.691398621 -14.59679604 0
    vertex -10.79615784 -18.01230049 0
  endloop
endfacet
facet normal 0 0 -1
  outer loop
    vertex -10.79615784 -18.01230049 0
    vertex -8.691398621 -14.59679604 0
    vertex -8.611140251 -14.65332031 0
  endloop
endfacet
facet normal 0 0 -1
  outer loop
    vertex -10.79615784 -18.01230049 0
    vertex -8.611140251 -14.65332031 0
    vertex -8.528205872 -14.7058382 0
  endloop
endfacet
facet normal 0 -0 -1
  outer loop
    vertex -9.899331093 -18.52034569 0
    vertex -7.890180588 -14.95195198 0
    vertex -8.978656769 -18.98377609 0
  endloop
endfacet
facet normal 0 -0 -1
  outer loop
    vertex -8.978656769 -18.98377609 0
    vertex -7.014039516 -14.93044376 0
    vertex -8.036352158 -19.40147018 0
  endloop
endfacet
facet normal 0 0 -1
  outer loop
    vertex -9.899331093 -18.52034569 0
    vertex -8.528205872 -14.7058382 0
    vertex -8.442793846 -14.75422382 0
  endloop
endfacet
facet normal 0 0 -1
  outer loop
    vertex -9.899331093 -18.52034569 0
    vertex -8.442793846 -14.75422382 0
    vertex -8.355110168 -14.79835987 0
  endloop
endfacet
facet normal 0 0 -1
  outer loop
    vertex -9.899331093 -18.52034569 0
    vertex -8.173779488 -14.87346935 0
    vertex -8.080569267 -14.90426159 0
  endloop
endfacet
facet normal 0 0 -1
  outer loop
    vertex -9.899331093 -18.52034569 0
    vertex -8.080569267 -14.90426159 0
    vertex -7.985960484 -14.93044376 0
  endloop
endfacet
facet normal 0 0 -1
  outer loop
    vertex -9.899331093 -18.52034569 0
    vertex -7.985960484 -14.93044376 0
    vertex -7.890180588 -14.95195198 0
  endloop
endfacet
facet normal 0 0 -1
  outer loop
    vertex -9.899331093 -18.52034569 0
    vertex -8.355110168 -14.79835987 0
    vertex -8.265366554 -14.83814049 0
  endloop
endfacet
facet normal 0 0 -1
  outer loop
    vertex -9.899331093 -18.52034569 0
    vertex -8.265366554 -14.83814049 0
    vertex -8.173779488 -14.87346935 0
  endloop
endfacet
facet normal 0 0 -1
  outer loop
    vertex -8.978656769 -18.98377609 0
    vertex -7.890180588 -14.95195198 0
    vertex -7.793460846 -14.96873379 0
  endloop
endfacet
facet normal 0 0 -1
  outer loop
    vertex -8.978656769 -18.98377609 0
    vertex -7.793460846 -14.96873379 0
    vertex -7.696034431 -14.98075008 0
  endloop
endfacet
facet normal 0 0 -1
  outer loop
    vertex -8.978656769 -18.98377609 0
    vertex -7.696034431 -14.98075008 0
    vertex -7.598135471 -14.98797226 0
  endloop
endfacet
facet normal 0 0 -1
  outer loop
    vertex -8.978656769 -18.98377609 0
    vertex -7.598135471 -14.98797226 0
    vertex -7.5 -14.99038124 0
  endloop
endfacet
facet normal 0 0 -1
  outer loop
    vertex -8.978656769 -18.98377609 0
    vertex -7.5 -14.99038124 0
    vertex -7.401864529 -14.98797226 0
  endloop
endfacet
facet normal 0 0 -1
  outer loop
    vertex -8.978656769 -18.98377609 0
    vertex -7.401864529 -14.98797226 0
    vertex -7.303965569 -14.98075008 0
  endloop
endfacet
facet normal -0.4928975469 -0.8700873567 0
  outer loop
    vertex -10.79615784 -18.01230049 0
    vertex -9.899331093 -18.52034569 0
    vertex -10.79615784 -18.01230049 4
  endloop
endfacet
facet normal -0.313682265 -0.9495280073 0
  outer loop
    vertex -7.074687004 -19.7724247 0
    vertex -6.09597826 -20.09574699 0
    vertex -7.074687004 -19.7724247 4
  endloop
endfacet
facet normal -0.3598944702 -0.9329930173 0
  outer loop
    vertex -8.036352158 -19.40147018 0
    vertex -7.074687004 -19.7724247 0
    vertex -8.036352158 -19.40147018 4
  endloop
endfacet
facet normal -0.2667134114 -0.9637758848 0
  outer loop
    vertex -6.09597826 -20.09574699 0
    vertex -5.102583885 -20.37065697 0
    vertex -6.09597826 -20.09574699 4
  endloop
endfacet
facet normal 0 -0 -1
  outer loop
    vertex -8.036352158 -19.40147018 0
    vertex -5.652240753 -13.7557478 0
    vertex -7.074687004 -19.7724247 0
  endloop
endfacet
facet normal 0 0 -1
  outer loop
    vertex -8.036352158 -19.40147018 0
    vertex -7.014039516 -14.93044376 0
    vertex -6.919430733 -14.90426159 0
  endloop
endfacet
facet normal 0 0 -1
  outer loop
    vertex -8.978656769 -18.98377609 0
    vertex -7.303965569 -14.98075008 0
    vertex -7.206539154 -14.96873379 0
  endloop
endfacet
facet normal 0 0 -1
  outer loop
    vertex -8.978656769 -18.98377609 0
    vertex -7.206539154 -14.96873379 0
    vertex -7.109819412 -14.95195198 0
  endloop
endfacet
facet normal 0 0 -1
  outer loop
    vertex -8.978656769 -18.98377609 0
    vertex -7.109819412 -14.95195198 0
    vertex -7.014039516 -14.93044376 0
  endloop
endfacet
facet normal 0 0 -1
  outer loop
    vertex -8.036352158 -19.40147018 0
    vertex -6.919430733 -14.90426159 0
    vertex -6.826220512 -14.87346935 0
  endloop
endfacet
facet normal 0 0 -1
  outer loop
    vertex -8.036352158 -19.40147018 0
    vertex -6.826220512 -14.87346935 0
    vertex -6.734632969 -14.83814049 0
  endloop
endfacet
facet normal 0 0 -1
  outer loop
    vertex -8.036352158 -19.40147018 0
    vertex -6.734632969 -14.83814049 0
    vertex -6.644889832 -14.79835987 0
  endloop
endfacet
facet normal 0 0 -1
  outer loop
    vertex -8.036352158 -19.40147018 0
    vertex -6.644889832 -14.79835987 0
    vertex -6.557206631 -14.75422382 0
  endloop
endfacet
facet normal 0 0 -1
  outer loop
    vertex -8.036352158 -19.40147018 0
    vertex -6.557206631 -14.75422382 0
    vertex -6.471794605 -14.7058382 0
  endloop
endfacet
facet normal 0 0 -1
  outer loop
    vertex -8.036352158 -19.40147018 0
    vertex -6.471794605 -14.7058382 0
    vertex -6.388859749 -14.65332031 0
  endloop
endfacet
facet normal 0 0 -1
  outer loop
    vertex -8.036352158 -19.40147018 0
    vertex -6.388859749 -14.65332031 0
    vertex -6.308601379 -14.59679604 0
  endloop
endfacet
facet normal 0 0 -1
  outer loop
    vertex -8.036352158 -19.40147018 0
    vertex -6.308601379 -14.59679604 0
    vertex -6.23121357 -14.53640175 0
  endloop
endfacet
facet normal 0 0 -1
  outer loop
    vertex -8.036352158 -19.40147018 0
    vertex -6.23121357 -14.53640175 0
    vertex -6.156882286 -14.47228336 0
  endloop
endfacet
facet normal 0 0 -1
  outer loop
    vertex -8.036352158 -19.40147018 0
    vertex -6.156882286 -14.47228336 0
    vertex -6.085786343 -14.40459442 0
  endloop
endfacet
facet normal 0 0 -1
  outer loop
    vertex -8.036352158 -19.40147018 0
    vertex -6.085786343 -14.40459442 0
    vertex -6.018097878 -14.33349895 0
  endloop
endfacet
facet normal 0 0 -1
  outer loop
    vertex -8.036352158 -19.40147018 0
    vertex -6.018097878 -14.33349895 0
    vertex -5.953979015 -14.25916767 0
  endloop
endfacet
facet normal 0 0 -1
  outer loop
    vertex -8.036352158 -19.40147018 0
    vertex -5.953979015 -14.25916767 0
    vertex -5.893584728 -14.18177986 0
  endloop
endfacet
facet normal 0 0 -1
  outer loop
    vertex -8.036352158 -19.40147018 0
    vertex -5.893584728 -14.18177986 0
    vertex -5.837060928 -14.10152149 0
  endloop
endfacet
facet normal 0 0 -1
  outer loop
    vertex -8.036352158 -19.40147018 0
    vertex -5.837060928 -14.10152149 0
    vertex -5.784542561 -14.01858616 0
  endloop
endfacet
facet normal 0 0 -1
  outer loop
    vertex -8.036352158 -19.40147018 0
    vertex -5.784542561 -14.01858616 0
    vertex -5.736157417 -13.93317413 0
  endloop
endfacet
facet normal -0.4496127962 -0.893223563 0
  outer loop
    vertex -8.978656769 -18.98377609 0
    vertex -8.978656769 -18.98377609 4
    vertex -9.899331093 -18.52034569 4
  endloop
endfacet
facet normal -0.405240653 -0.9142100487 0
  outer loop
    vertex -8.036352158 -19.40147018 0
    vertex -8.036352158 -19.40147018 4
    vertex -8.978656769 -18.98377609 4
  endloop
endfacet
facet normal -0.4928975469 -0.8700873567 0
  outer loop
    vertex -10.79615784 -18.01230049 4
    vertex -9.899331093 -18.52034569 0
    vertex -9.899331093 -18.52034569 4
  endloop
endfacet
facet normal -0.3598944702 -0.9329930173 0
  outer loop
    vertex -7.074687004 -19.7724247 0
    vertex -7.074687004 -19.7724247 4
    vertex -8.036352158 -19.40147018 4
  endloop
endfacet
facet normal -0.313682265 -0.9495280073 0
  outer loop
    vertex -6.09597826 -20.09574699 0
    vertex -6.09597826 -20.09574699 4
    vertex -7.074687004 -19.7724247 4
  endloop
endfacet
facet normal -0.2667134114 -0.9637758848 0
  outer loop
    vertex -5.102583885 -20.37065697 0
    vertex -5.102583885 -20.37065697 4
    vertex -6.09597826 -20.09574699 4
  endloop
endfacet
facet normal 0 0 -1
  outer loop
    vertex -11.66697502 -17.46086121 0
    vertex -9.215456963 -14.01858616 0
    vertex -9.162939072 -14.10152149 0
  endloop
endfacet
facet normal 0 0 -1
  outer loop
    vertex -11.66697502 -17.46086121 0
    vertex -9.263842583 -13.93317413 0
    vertex -9.215456963 -14.01858616 0
  endloop
endfacet
facet normal 0 0 -1
  outer loop
    vertex -11.66697502 -17.46086121 0
    vertex -9.106414795 -14.18177986 0
    vertex -9.046020508 -14.25916767 0
  endloop
endfacet
facet normal 0 0 -1
  outer loop
    vertex -11.66697502 -17.46086121 0
    vertex -9.046020508 -14.25916767 0
    vertex -8.981902122 -14.33349895 0
  endloop
endfacet
facet normal 0 0 -1
  outer loop
    vertex -11.66697502 -17.46086121 0
    vertex -8.981902122 -14.33349895 0
    vertex -8.914213181 -14.40459442 0
  endloop
endfacet
facet normal 0 0 -1
  outer loop
    vertex -11.66697502 -17.46086121 0
    vertex -9.162939072 -14.10152149 0
    vertex -9.106414795 -14.18177986 0
  endloop
endfacet
facet normal 0 0 -1
  outer loop
    vertex -12.50968552 -16.86735725 0
    vertex -9.30797863 -13.84549141 0
    vertex -9.263842583 -13.93317413 0
  endloop
endfacet
facet normal 0 0 -1
  outer loop
    vertex -12.50968552 -16.86735725 0
    vertex -9.347759247 -13.7557478 0
    vertex -9.30797863 -13.84549141 0
  endloop
endfacet
facet normal 0 0 -1
  outer loop
    vertex -12.50968552 -16.86735725 0
    vertex -9.413880348 -13.57095051 0
    vertex -9.383088112 -13.66416073 0
  endloop
endfacet
facet normal 0 0 -1
  outer loop
    vertex -12.50968552 -16.86735725 0
    vertex -9.440062523 -13.47634125 0
    vertex -9.413880348 -13.57095051 0
  endloop
endfacet
facet normal 0 0 -1
  outer loop
    vertex -12.50968552 -16.86735725 0
    vertex -9.383088112 -13.66416073 0
    vertex -9.347759247 -13.7557478 0
  endloop
endfacet
facet normal 0 0 -1
  outer loop
    vertex -12.50968552 -16.86735725 0
    vertex -9.46157074 -13.38056183 0
    vertex -9.440062523 -13.47634125 0
  endloop
endfacet
facet normal 0 0 -1
  outer loop
    vertex -12.50968552 -16.86735725 0
    vertex -9.478352547 -13.28384209 0
    vertex -9.46157074 -13.38056183 0
  endloop
endfacet
facet normal 0 0 -1
  outer loop
    vertex -12.50968552 -16.86735725 0
    vertex -9.490369797 -13.18641567 0
    vertex -9.478352547 -13.28384209 0
  endloop
endfacet
facet normal 0 0 -1
  outer loop
    vertex -11.66697502 -17.46086121 0
    vertex -8.914213181 -14.40459442 0
    vertex -8.843117714 -14.47228336 0
  endloop
endfacet
facet normal 0 0 -1
  outer loop
    vertex -11.66697502 -17.46086121 0
    vertex -8.76878643 -14.53640175 0
    vertex -8.691398621 -14.59679604 0
  endloop
endfacet
facet normal 0 0 -1
  outer loop
    vertex -11.66697502 -17.46086121 0
    vertex -8.843117714 -14.47228336 0
    vertex -8.76878643 -14.53640175 0
  endloop
endfacet
facet normal 0 0 -1
  outer loop
    vertex -12.50968552 -16.86735725 0
    vertex -9.497591019 -13.08851624 0
    vertex -9.490369797 -13.18641567 0
  endloop
endfacet
facet normal 0 -0 -1
  outer loop
    vertex -12.50968552 -16.86735725 0
    vertex -9.490369797 -12.79434681 0
    vertex -9.497591019 -12.89224529 0
  endloop
endfacet
facet normal 0 -0 -1
  outer loop
    vertex -14.84924221 -14.84924221 0
    vertex -1.767766953 -1.767766953 0
    vertex -14.10273838 -15.55997372 0
  endloop
endfacet
facet normal 0 0 -1
  outer loop
    vertex -13.32225895 -16.23321915 0
    vertex -14.10273838 -15.55997372 0
    vertex -1.585983157 -1.932526112 0
  endloop
endfacet
facet normal 0 0 -1
  outer loop
    vertex -8.036352158 -19.40147018 0
    vertex -5.736157417 -13.93317413 0
    vertex -5.69202137 -13.84549141 0
  endloop
endfacet
facet normal 0 0 -1
  outer loop
    vertex -8.036352158 -19.40147018 0
    vertex -5.69202137 -13.84549141 0
    vertex -5.652240753 -13.7557478 0
  endloop
endfacet
facet normal 0 0 -1
  outer loop
    vertex -7.074687004 -19.7724247 0
    vertex -5.652240753 -13.7557478 0
    vertex -5.616911888 -13.66416073 0
  endloop
endfacet
facet normal -0.2191005676 -0.9757022811 0
  outer loop
    vertex -5.102583885 -20.37065697 0
    vertex -4.096896648 -20.59649086 0
    vertex -5.102583885 -20.37065697 4
  endloop
endfacet
facet normal -0.1709622125 -0.9852775862 0
  outer loop
    vertex -4.096896648 -20.59649086 0
    vertex -3.081340075 -20.77270699 0
    vertex -4.096896648 -20.59649086 4
  endloop
endfacet
facet normal -0.1224110998 -0.9924794822 0
  outer loop
    vertex -3.081340075 -20.77270699 0
    vertex -2.058359861 -20.89888 0
    vertex -3.081340075 -20.77270699 4
  endloop
endfacet
facet normal -0.07356400583 -0.9972904978 0
  outer loop
    vertex -2.058359861 -20.89888 0
    vertex -1.030421138 -20.97470474 0
    vertex -2.058359861 -20.89888 4
  endloop
endfacet
facet normal -0.02454107188 -0.9996988225 0
  outer loop
    vertex -1.030421138 -20.97470474 0
    vertex -3.857637493e-15 -21 0
    vertex -1.030421138 -20.97470474 4
  endloop
endfacet
facet normal -0.2191005676 -0.9757022811 0
  outer loop
    vertex -4.096896648 -20.59649086 0
    vertex -4.096896648 -20.59649086 4
    vertex -5.102583885 -20.37065697 4
  endloop
endfacet
facet normal -0.1709622125 -0.9852775862 0
  outer loop
    vertex -3.081340075 -20.77270699 0
    vertex -3.081340075 -20.77270699 4
    vertex -4.096896648 -20.59649086 4
  endloop
endfacet
facet normal -0.1224110998 -0.9924794822 0
  outer loop
    vertex -2.058359861 -20.89888 0
    vertex -2.058359861 -20.89888 4
    vertex -3.081340075 -20.77270699 4
  endloop
endfacet
facet normal -0.07356400583 -0.9972904978 0
  outer loop
    vertex -1.030421138 -20.97470474 0
    vertex -1.030421138 -20.97470474 4
    vertex -2.058359861 -20.89888 4
  endloop
endfacet
facet normal -0.02454107188 -0.9996988225 0
  outer loop
    vertex -3.857637493e-15 -21 0
    vertex -3.857637493e-15 -21 4
    vertex -1.030421138 -20.97470474 4
  endloop
endfacet
facet normal 0 -0 -1
  outer loop
    vertex -7.074687004 -19.7724247 0
    vertex -0.7257117033 -2.392350912 0
    vertex -6.09597826 -20.09574699 0
  endloop
endfacet
facet normal 0 -0 -1
  outer loop
    vertex -6.09597826 -20.09574699 0
    vertex -0.7257117033 -2.392350912 0
    vertex -5.102583885 -20.37065697 0
  endloop
endfacet
facet normal 0 -0 -1
  outer loop
    vertex -5.102583885 -20.37065697 0
    vertex -0.6074504256 -2.425078154 0
    vertex -4.096896648 -20.59649086 0
  endloop
endfacet
facet normal 0 0 -1
  outer loop
    vertex -7.074687004 -19.7724247 0
    vertex -5.616911888 -13.66416073 0
    vertex -0.8422246575 -2.35386014 0
  endloop
endfacet
facet normal 0 -0 -1
  outer loop
    vertex -4.096896648 -20.59649086 0
    vertex -0.3668261766 -2.47294116 0
    vertex -3.081340075 -20.77270699 0
  endloop
endfacet
facet normal 0 -0 -1
  outer loop
    vertex -3.081340075 -20.77270699 0
    vertex -0.2450428456 -2.487961769 0
    vertex -2.058359861 -20.89888 0
  endloop
endfacet
facet normal 0 -0 -1
  outer loop
    vertex -2.058359861 -20.89888 0
    vertex -0.1226691827 -2.496988535 0
    vertex -1.030421138 -20.97470474 0
  endloop
endfacet
facet normal 0 -0 -1
  outer loop
    vertex -1.030421138 -20.97470474 0
    vertex -4.592425234e-16 -2.5 0
    vertex -3.857637493e-15 -21 0
  endloop
endfacet
facet normal -0 0 1
  outer loop
    vertex -11.66697502 -17.46086121 4
    vertex -10.79615784 -18.01230049 4
    vertex -8.76878643 -14.53640175 4
  endloop
endfacet
facet normal -0 0 1
  outer loop
    vertex -10.79615784 -18.01230049 4
    vertex -9.899331093 -18.52034569 4
    vertex -8.611140251 -14.65332031 4
  endloop
endfacet
facet normal 0 -0 1
  outer loop
    vertex -10.79615784 -18.01230049 4
    vertex -8.611140251 -14.65332031 4
    vertex -8.691398621 -14.59679604 4
  endloop
endfacet
facet normal -0 0 1
  outer loop
    vertex -9.899331093 -18.52034569 4
    vertex -8.978656769 -18.98377609 4
    vertex -7.985960484 -14.93044376 4
  endloop
endfacet
facet normal -0 0 1
  outer loop
    vertex -8.978656769 -18.98377609 4
    vertex -8.036352158 -19.40147018 4
    vertex -7.109819412 -14.95195198 4
  endloop
endfacet
facet normal 0 -0 1
  outer loop
    vertex -9.899331093 -18.52034569 4
    vertex -8.528205872 -14.7058382 4
    vertex -8.611140251 -14.65332031 4
  endloop
endfacet
facet normal 0 -0 1
  outer loop
    vertex -9.899331093 -18.52034569 4
    vertex -8.442793846 -14.75422382 4
    vertex -8.528205872 -14.7058382 4
  endloop
endfacet
facet normal 0 -0 1
  outer loop
    vertex -9.899331093 -18.52034569 4
    vertex -8.355110168 -14.79835987 4
    vertex -8.442793846 -14.75422382 4
  endloop
endfacet
facet normal 0 -0 1
  outer loop
    vertex -9.899331093 -18.52034569 4
    vertex -8.080569267 -14.90426159 4
    vertex -8.173779488 -14.87346935 4
  endloop
endfacet
facet normal 0 -0 1
  outer loop
    vertex -9.899331093 -18.52034569 4
    vertex -7.985960484 -14.93044376 4
    vertex -8.080569267 -14.90426159 4
  endloop
endfacet
facet normal 0 -0 1
  outer loop
    vertex -9.899331093 -18.52034569 4
    vertex -8.265366554 -14.83814049 4
    vertex -8.355110168 -14.79835987 4
  endloop
endfacet
facet normal 0 -0 1
  outer loop
    vertex -9.899331093 -18.52034569 4
    vertex -8.173779488 -14.87346935 4
    vertex -8.265366554 -14.83814049 4
  endloop
endfacet
facet normal 0 -0 1
  outer loop
    vertex -8.978656769 -18.98377609 4
    vertex -7.890180588 -14.95195198 4
    vertex -7.985960484 -14.93044376 4
  endloop
endfacet
facet normal 0 -0 1
  outer loop
    vertex -8.978656769 -18.98377609 4
    vertex -7.793460846 -14.96873379 4
    vertex -7.890180588 -14.95195198 4
  endloop
endfacet
facet normal 0 -0 1
  outer loop
    vertex -8.978656769 -18.98377609 4
    vertex -7.696034431 -14.98075008 4
    vertex -7.793460846 -14.96873379 4
  endloop
endfacet
facet normal 0 -0 1
  outer loop
    vertex -8.978656769 -18.98377609 4
    vertex -7.598135471 -14.98797226 4
    vertex -7.696034431 -14.98075008 4
  endloop
endfacet
facet normal 0 -0 1
  outer loop
    vertex -8.978656769 -18.98377609 4
    vertex -7.5 -14.99038124 4
    vertex -7.598135471 -14.98797226 4
  endloop
endfacet
facet normal 0 -0 1
  outer loop
    vertex -8.978656769 -18.98377609 4
    vertex -7.401864529 -14.98797226 4
    vertex -7.5 -14.99038124 4
  endloop
endfacet
facet normal 0 -0 1
  outer loop
    vertex -8.978656769 -18.98377609 4
    vertex -7.303965569 -14.98075008 4
    vertex -7.401864529 -14.98797226 4
  endloop
endfacet
facet normal -0 0 1
  outer loop
    vertex -8.036352158 -19.40147018 4
    vertex -7.074687004 -19.7724247 4
    vertex -5.893584728 -14.18177986 4
  endloop
endfacet
facet normal 0 -0 1
  outer loop
    vertex -8.036352158 -19.40147018 4
    vertex -7.014039516 -14.93044376 4
    vertex -7.109819412 -14.95195198 4
  endloop
endfacet
facet normal 0 -0 1
  outer loop
    vertex -8.036352158 -19.40147018 4
    vertex -6.919430733 -14.90426159 4
    vertex -7.014039516 -14.93044376 4
  endloop
endfacet
facet normal 0 -0 1
  outer loop
    vertex -8.978656769 -18.98377609 4
    vertex -7.206539154 -14.96873379 4
    vertex -7.303965569 -14.98075008 4
  endloop
endfacet
facet normal 0 -0 1
  outer loop
    vertex -8.978656769 -18.98377609 4
    vertex -7.109819412 -14.95195198 4
    vertex -7.206539154 -14.96873379 4
  endloop
endfacet
facet normal 0 -0 1
  outer loop
    vertex -8.036352158 -19.40147018 4
    vertex -6.826220512 -14.87346935 4
    vertex -6.919430733 -14.90426159 4
  endloop
endfacet
facet normal 0 -0 1
  outer loop
    vertex -8.036352158 -19.40147018 4
    vertex -6.734632969 -14.83814049 4
    vertex -6.826220512 -14.87346935 4
  endloop
endfacet
facet normal 0 -0 1
  outer loop
    vertex -8.036352158 -19.40147018 4
    vertex -6.644889832 -14.79835987 4
    vertex -6.734632969 -14.83814049 4
  endloop
endfacet
facet normal 0 -0 1
  outer loop
    vertex -8.036352158 -19.40147018 4
    vertex -6.557206631 -14.75422382 4
    vertex -6.644889832 -14.79835987 4
  endloop
endfacet
facet normal 0 -0 1
  outer loop
    vertex -8.036352158 -19.40147018 4
    vertex -6.471794605 -14.7058382 4
    vertex -6.557206631 -14.75422382 4
  endloop
endfacet
facet normal 0 -0 1
  outer loop
    vertex -8.036352158 -19.40147018 4
    vertex -6.388859749 -14.65332031 4
    vertex -6.471794605 -14.7058382 4
  endloop
endfacet
facet normal 0 -0 1
  outer loop
    vertex -8.036352158 -19.40147018 4
    vertex -6.308601379 -14.59679604 4
    vertex -6.388859749 -14.65332031 4
  endloop
endfacet
facet normal 0 -0 1
  outer loop
    vertex -8.036352158 -19.40147018 4
    vertex -6.23121357 -14.53640175 4
    vertex -6.308601379 -14.59679604 4
  endloop
endfacet
facet normal 0 -0 1
  outer loop
    vertex -8.036352158 -19.40147018 4
    vertex -6.156882286 -14.47228336 4
    vertex -6.23121357 -14.53640175 4
  endloop
endfacet
facet normal 0 -0 1
  outer loop
    vertex -8.036352158 -19.40147018 4
    vertex -6.085786343 -14.40459442 4
    vertex -6.156882286 -14.47228336 4
  endloop
endfacet
facet normal 0 -0 1
  outer loop
    vertex -8.036352158 -19.40147018 4
    vertex -6.018097878 -14.33349895 4
    vertex -6.085786343 -14.40459442 4
  endloop
endfacet
facet normal 0 -0 1
  outer loop
    vertex -8.036352158 -19.40147018 4
    vertex -5.953979015 -14.25916767 4
    vertex -6.018097878 -14.33349895 4
  endloop
endfacet
facet normal 0 -0 1
  outer loop
    vertex -8.036352158 -19.40147018 4
    vertex -5.893584728 -14.18177986 4
    vertex -5.953979015 -14.25916767 4
  endloop
endfacet
facet normal 0 -0 1
  outer loop
    vertex -7.074687004 -19.7724247 4
    vertex -5.837060928 -14.10152149 4
    vertex -5.893584728 -14.18177986 4
  endloop
endfacet
facet normal 0 -0 1
  outer loop
    vertex -7.074687004 -19.7724247 4
    vertex -5.784542561 -14.01858616 4
    vertex -5.837060928 -14.10152149 4
  endloop
endfacet
facet normal 0 -0 1
  outer loop
    vertex -7.074687004 -19.7724247 4
    vertex -5.736157417 -13.93317413 4
    vertex -5.784542561 -14.01858616 4
  endloop
endfacet
facet normal 0 -0 1
  outer loop
    vertex -7.074687004 -19.7724247 4
    vertex -5.69202137 -13.84549141 4
    vertex -5.736157417 -13.93317413 4
  endloop
endfacet
facet normal 0 -0 1
  outer loop
    vertex -7.074687004 -19.7724247 4
    vertex -5.652240753 -13.7557478 4
    vertex -5.69202137 -13.84549141 4
  endloop
endfacet
facet normal 0 -0 1
  outer loop
    vertex -11.66697502 -17.46086121 4
    vertex -9.162939072 -14.10152149 4
    vertex -9.215456963 -14.01858616 4
  endloop
endfacet
facet normal 0 -0 1
  outer loop
    vertex -11.66697502 -17.46086121 4
    vertex -9.215456963 -14.01858616 4
    vertex -9.263842583 -13.93317413 4
  endloop
endfacet
facet normal 0 -0 1
  outer loop
    vertex -11.66697502 -17.46086121 4
    vertex -9.046020508 -14.25916767 4
    vertex -9.106414795 -14.18177986 4
  endloop
endfacet
facet normal 0 -0 1
  outer loop
    vertex -11.66697502 -17.46086121 4
    vertex -8.981902122 -14.33349895 4
    vertex -9.046020508 -14.25916767 4
  endloop
endfacet
facet normal 0 -0 1
  outer loop
    vertex -11.66697502 -17.46086121 4
    vertex -8.914213181 -14.40459442 4
    vertex -8.981902122 -14.33349895 4
  endloop
endfacet
facet normal 0 -0 1
  outer loop
    vertex -11.66697502 -17.46086121 4
    vertex -9.106414795 -14.18177986 4
    vertex -9.162939072 -14.10152149 4
  endloop
endfacet
facet normal 0 -0 1
  outer loop
    vertex -12.50968552 -16.86735725 4
    vertex -9.30797863 -13.84549141 4
    vertex -9.347759247 -13.7557478 4
  endloop
endfacet
facet normal 0 -0 1
  outer loop
    vertex -12.50968552 -16.86735725 4
    vertex -9.383088112 -13.66416073 4
    vertex -9.413880348 -13.57095051 4
  endloop
endfacet
facet normal 0 -0 1
  outer loop
    vertex -12.50968552 -16.86735725 4
    vertex -9.413880348 -13.57095051 4
    vertex -9.440062523 -13.47634125 4
  endloop
endfacet
facet normal 0 -0 1
  outer loop
    vertex -12.50968552 -16.86735725 4
    vertex -9.347759247 -13.7557478 4
    vertex -9.383088112 -13.66416073 4
  endloop
endfacet
facet normal 0 -0 1
  outer loop
    vertex -12.50968552 -16.86735725 4
    vertex -9.440062523 -13.47634125 4
    vertex -9.46157074 -13.38056183 4
  endloop
endfacet
facet normal 0 -0 1
  outer loop
    vertex -12.50968552 -16.86735725 4
    vertex -9.46157074 -13.38056183 4
    vertex -9.478352547 -13.28384209 4
  endloop
endfacet
facet normal 0 -0 1
  outer loop
    vertex -12.50968552 -16.86735725 4
    vertex -9.478352547 -13.28384209 4
    vertex -9.490369797 -13.18641567 4
  endloop
endfacet
facet normal 0 -0 1
  outer loop
    vertex -11.66697502 -17.46086121 4
    vertex -9.263842583 -13.93317413 4
    vertex -9.30797863 -13.84549141 4
  endloop
endfacet
facet normal 0 -0 1
  outer loop
    vertex -11.66697502 -17.46086121 4
    vertex -8.843117714 -14.47228336 4
    vertex -8.914213181 -14.40459442 4
  endloop
endfacet
facet normal 0 -0 1
  outer loop
    vertex -11.66697502 -17.46086121 4
    vertex -8.76878643 -14.53640175 4
    vertex -8.843117714 -14.47228336 4
  endloop
endfacet
facet normal 0 -0 1
  outer loop
    vertex -10.79615784 -18.01230049 4
    vertex -8.691398621 -14.59679604 4
    vertex -8.76878643 -14.53640175 4
  endloop
endfacet
facet normal 0 -0 1
  outer loop
    vertex -12.50968552 -16.86735725 4
    vertex -9.490369797 -13.18641567 4
    vertex -9.497591019 -13.08851624 4
  endloop
endfacet
facet normal 0 0 1
  outer loop
    vertex -12.50968552 -16.86735725 4
    vertex -9.497591019 -12.89224529 4
    vertex -9.490369797 -12.79434681 4
  endloop
endfacet
facet normal 0 0 1
  outer loop
    vertex -12.50968552 -16.86735725 4
    vertex -9.490369797 -12.79434681 4
    vertex -9.478352547 -12.69692039 4
  endloop
endfacet
facet normal -0 0 1
  outer loop
    vertex -14.84924221 -14.84924221 4
    vertex -14.10273838 -15.55997372 4
    vertex -1.767766953 -1.767766953 4
  endloop
endfacet
facet normal 0 -0 1
  outer loop
    vertex -13.32225895 -16.23321915 4
    vertex -1.678897381 -1.852377772 4
    vertex -14.10273838 -15.55997372 4
  endloop
endfacet
facet normal -0 0 1
  outer loop
    vertex -7.074687004 -19.7724247 4
    vertex -6.09597826 -20.09574699 4
    vertex -0.8422246575 -2.35386014 4
  endloop
endfacet
facet normal -0 0 1
  outer loop
    vertex -6.09597826 -20.09574699 4
    vertex -5.102583885 -20.37065697 4
    vertex -0.7257117033 -2.392350912 4
  endloop
endfacet
facet normal -0 0 1
  outer loop
    vertex -5.102583885 -20.37065697 4
    vertex -4.096896648 -20.59649086 4
    vertex -0.6074504256 -2.425078154 4
  endloop
endfacet
facet normal 0 -0 1
  outer loop
    vertex -7.074687004 -19.7724247 4
    vertex -0.9567086101 -2.30969882 4
    vertex -5.652240753 -13.7557478 4
  endloop
endfacet
facet normal -0 0 1
  outer loop
    vertex -4.096896648 -20.59649086 4
    vertex -3.081340075 -20.77270699 4
    vertex -0.4877257943 -2.451963186 4
  endloop
endfacet
facet normal -0 0 1
  outer loop
    vertex -3.081340075 -20.77270699 4
    vertex -2.058359861 -20.89888 4
    vertex -0.2450428456 -2.487961769 4
  endloop
endfacet
facet normal -0 0 1
  outer loop
    vertex -2.058359861 -20.89888 4
    vertex -1.030421138 -20.97470474 4
    vertex -0.2450428456 -2.487961769 4
  endloop
endfacet
facet normal -0 0 1
  outer loop
    vertex -1.030421138 -20.97470474 4
    vertex -3.857637493e-15 -21 4
    vertex -4.592425763e-16 -2.5 4
  endloop
endfacet
facet normal 0 -0 -1
  outer loop
    vertex -13.32225895 -16.23321915 0
    vertex -1.585983157 -1.932526112 0
    vertex -9.106414795 -11.79898262 0
  endloop
endfacet
facet normal 0 0 -1
  outer loop
    vertex -1.585983157 -1.932526112 0
    vertex -9.046020508 -11.72159481 0
    vertex -9.106414795 -11.79898262 0
  endloop
endfacet
facet normal 0 0 -1
  outer loop
    vertex -1.585983157 -1.932526112 0
    vertex -8.981902122 -11.64726353 0
    vertex -9.046020508 -11.72159481 0
  endloop
endfacet
facet normal 0 0 -1
  outer loop
    vertex -1.585983157 -1.932526112 0
    vertex -8.914213181 -11.57616711 0
    vertex -8.981902122 -11.64726353 0
  endloop
endfacet
facet normal 0 0 -1
  outer loop
    vertex -1.585983157 -1.932526112 0
    vertex -8.843117714 -11.50847912 0
    vertex -8.914213181 -11.57616711 0
  endloop
endfacet
facet normal 0 0 -1
  outer loop
    vertex -1.585983157 -1.932526112 0
    vertex -8.76878643 -11.44435978 0
    vertex -8.843117714 -11.50847912 0
  endloop
endfacet
facet normal 0 0 -1
  outer loop
    vertex -1.585983157 -1.932526112 0
    vertex -8.691398621 -11.38396645 0
    vertex -8.76878643 -11.44435978 0
  endloop
endfacet
facet normal 0 0 -1
  outer loop
    vertex -1.585983157 -1.932526112 0
    vertex -8.611140251 -11.32744217 0
    vertex -8.691398621 -11.38396645 0
  endloop
endfacet
facet normal 0 0 -1
  outer loop
    vertex -1.585983157 -1.932526112 0
    vertex -8.528205872 -11.27492428 0
    vertex -8.611140251 -11.32744217 0
  endloop
endfacet
facet normal 0 0 -1
  outer loop
    vertex -1.585983157 -1.932526112 0
    vertex -8.442793846 -11.22653866 0
    vertex -8.528205872 -11.27492428 0
  endloop
endfacet
facet normal 0 0 -1
  outer loop
    vertex -1.585983157 -1.932526112 0
    vertex -8.355110168 -11.18240261 0
    vertex -8.442793846 -11.22653866 0
  endloop
endfacet
facet normal 0 0 -1
  outer loop
    vertex -1.585983157 -1.932526112 0
    vertex -8.265366554 -11.14262199 0
    vertex -8.355110168 -11.18240261 0
  endloop
endfacet
facet normal 0 0 -1
  outer loop
    vertex -1.388925552 -2.078674078 0
    vertex -8.173779488 -11.10729313 0
    vertex -8.265366554 -11.14262199 0
  endloop
endfacet
facet normal 0 0 -1
  outer loop
    vertex -1.388925552 -2.078674078 0
    vertex -8.080569267 -11.07649994 0
    vertex -8.173779488 -11.10729313 0
  endloop
endfacet
facet normal 0 0 -1
  outer loop
    vertex -1.388925552 -2.078674078 0
    vertex -7.985960484 -11.05031872 0
    vertex -8.080569267 -11.07649994 0
  endloop
endfacet
facet normal 0 0 -1
  outer loop
    vertex -1.388925552 -2.078674078 0
    vertex -7.890180588 -11.0288105 0
    vertex -7.985960484 -11.05031872 0
  endloop
endfacet
facet normal 0 0 -1
  outer loop
    vertex -1.388925552 -2.078674078 0
    vertex -7.793460846 -11.01202774 0
    vertex -7.890180588 -11.0288105 0
  endloop
endfacet
facet normal 0 0 -1
  outer loop
    vertex -1.388925552 -2.078674078 0
    vertex -7.696034431 -11.00001144 0
    vertex -7.793460846 -11.01202774 0
  endloop
endfacet
facet normal 0 0 -1
  outer loop
    vertex -1.388925552 -2.078674078 0
    vertex -7.598135471 -10.99279022 0
    vertex -7.696034431 -11.00001144 0
  endloop
endfacet
facet normal 0 0 -1
  outer loop
    vertex -1.388925552 -2.078674078 0
    vertex -7.5 -10.99038124 0
    vertex -7.598135471 -10.99279022 0
  endloop
endfacet
facet normal -0 0 -1
  outer loop
    vertex -1.388925552 -2.078674078 0
    vertex -7.401864529 -10.99279022 0
    vertex -7.5 -10.99038124 0
  endloop
endfacet
facet normal -0 0 -1
  outer loop
    vertex -1.388925552 -2.078674078 0
    vertex -7.303965569 -11.00001144 0
    vertex -7.401864529 -10.99279022 0
  endloop
endfacet
facet normal -0 0 -1
  outer loop
    vertex -1.388925552 -2.078674078 0
    vertex -7.206539154 -11.01202774 0
    vertex -7.303965569 -11.00001144 0
  endloop
endfacet
facet normal 0 0 -1
  outer loop
    vertex -16.23321915 -13.32225895 0
    vertex -1.932526112 -1.585983157 0
    vertex -1.852377772 -1.678897381 0
  endloop
endfacet
facet normal 0 0 -1
  outer loop
    vertex -15.55997372 -14.10273838 0
    vertex -1.852377772 -1.678897381 0
    vertex -1.767766953 -1.767766953 0
  endloop
endfacet
facet normal 0 0 -1
  outer loop
    vertex -14.10273838 -15.55997372 0
    vertex -1.678897381 -1.852377772 0
    vertex -1.585983157 -1.932526112 0
  endloop
endfacet
facet normal 0 0 -1
  outer loop
    vertex -14.10273838 -15.55997372 0
    vertex -1.767766953 -1.767766953 0
    vertex -1.678897381 -1.852377772 0
  endloop
endfacet
facet normal 0 0 -1
  outer loop
    vertex -19.40147018 -8.036352158 0
    vertex -2.30969882 -0.9567086101 0
    vertex -2.259973288 -1.068887711 0
  endloop
endfacet
facet normal 0 0 -1
  outer loop
    vertex -19.7724247 -7.074687004 0
    vertex -2.35386014 -0.8422246575 0
    vertex -2.30969882 -0.9567086101 0
  endloop
endfacet
facet normal 0 0 -1
  outer loop
    vertex -20.09574699 -6.09597826 0
    vertex -2.392350912 -0.7257117033 0
    vertex -2.35386014 -0.8422246575 0
  endloop
endfacet
facet normal 0 0 -1
  outer loop
    vertex -20.37065697 -5.102583885 0
    vertex -2.425078154 -0.6074504256 0
    vertex -2.392350912 -0.7257117033 0
  endloop
endfacet
facet normal 0 0 -1
  outer loop
    vertex -20.59649086 -4.096896648 0
    vertex -2.451963186 -0.4877257943 0
    vertex -2.425078154 -0.6074504256 0
  endloop
endfacet
facet normal 0 0 -1
  outer loop
    vertex -20.77270699 -3.081340075 0
    vertex -2.487961769 -0.2450428456 0
    vertex -2.47294116 -0.3668261766 0
  endloop
endfacet
facet normal 0 0 -1
  outer loop
    vertex -20.77270699 -3.081340075 0
    vertex -2.47294116 -0.3668261766 0
    vertex -2.451963186 -0.4877257943 0
  endloop
endfacet
facet normal 0 0 -1
  outer loop
    vertex -20.97470474 -1.030421138 0
    vertex -2.496988535 -0.1226691827 0
    vertex -2.487961769 -0.2450428456 0
  endloop
endfacet
facet normal 0 0 -1
  outer loop
    vertex -20.97470474 -1.030421138 0
    vertex -2.5 3.061616999e-16 0
    vertex -2.496988535 -0.1226691827 0
  endloop
endfacet
facet normal 0 0 -1
  outer loop
    vertex -18.52034569 -9.899331093 0
    vertex -2.204803228 -1.178491831 0
    vertex -2.144321442 -1.285256863 0
  endloop
endfacet
facet normal 0 0 -1
  outer loop
    vertex -18.01230049 -10.79615784 0
    vertex -2.144321442 -1.285256863 0
    vertex -2.078674078 -1.388925552 0
  endloop
endfacet
facet normal 0 0 -1
  outer loop
    vertex -16.86735725 -12.50968552 0
    vertex -2.008018732 -1.489248276 0
    vertex -1.932526112 -1.585983157 0
  endloop
endfacet
facet normal 0 0 -1
  outer loop
    vertex -17.46086121 -11.66697502 0
    vertex -2.078674078 -1.388925552 0
    vertex -2.008018732 -1.489248276 0
  endloop
endfacet
facet normal 0 0 -1
  outer loop
    vertex -18.98377609 -8.978656769 0
    vertex -2.259973288 -1.068887711 0
    vertex -2.204803228 -1.178491831 0
  endloop
endfacet
facet normal -0 0 -1
  outer loop
    vertex -0.8422246575 -2.35386014 0
    vertex -5.616911888 -13.66416073 0
    vertex -5.586119175 -13.57095051 0
  endloop
endfacet
facet normal -0 0 -1
  outer loop
    vertex -0.8422246575 -2.35386014 0
    vertex -5.586119175 -13.57095051 0
    vertex -5.559937477 -13.47634125 0
  endloop
endfacet
facet normal -0 0 -1
  outer loop
    vertex -0.8422246575 -2.35386014 0
    vertex -5.559937477 -13.47634125 0
    vertex -5.53842926 -13.38056183 0
  endloop
endfacet
facet normal -0 0 -1
  outer loop
    vertex -0.8422246575 -2.35386014 0
    vertex -5.53842926 -13.38056183 0
    vertex -5.521646976 -13.28384209 0
  endloop
endfacet
facet normal -0 0 -1
  outer loop
    vertex -0.9567086101 -2.30969882 0
    vertex -5.521646976 -13.28384209 0
    vertex -5.50963068 -13.18641567 0
  endloop
endfacet
facet normal -0 0 -1
  outer loop
    vertex -0.9567086101 -2.30969882 0
    vertex -5.50963068 -13.18641567 0
    vertex -5.502408981 -13.08851624 0
  endloop
endfacet
facet normal -0 0 -1
  outer loop
    vertex -0.9567086101 -2.30969882 0
    vertex -5.502408981 -13.08851624 0
    vertex -5.5 -12.99038124 0
  endloop
endfacet
facet normal -0 0 -1
  outer loop
    vertex -0.9567086101 -2.30969882 0
    vertex -5.5 -12.99038124 0
    vertex -5.502408981 -12.89224529 0
  endloop
endfacet
facet normal -0 0 -1
  outer loop
    vertex -0.9567086101 -2.30969882 0
    vertex -5.502408981 -12.89224529 0
    vertex -5.50963068 -12.79434681 0
  endloop
endfacet
facet normal -0 0 -1
  outer loop
    vertex -0.9567086101 -2.30969882 0
    vertex -5.50963068 -12.79434681 0
    vertex -5.521646976 -12.69692039 0
  endloop
endfacet
facet normal -0 0 -1
  outer loop
    vertex -0.9567086101 -2.30969882 0
    vertex -5.521646976 -12.69692039 0
    vertex -5.53842926 -12.60020065 0
  endloop
endfacet
facet normal -0 0 -1
  outer loop
    vertex -1.388925552 -2.078674078 0
    vertex -7.109819412 -11.0288105 0
    vertex -7.206539154 -11.01202774 0
  endloop
endfacet
facet normal -0 0 -1
  outer loop
    vertex -1.388925552 -2.078674078 0
    vertex -7.014039516 -11.05031872 0
    vertex -7.109819412 -11.0288105 0
  endloop
endfacet
facet normal -0 0 -1
  outer loop
    vertex -1.388925552 -2.078674078 0
    vertex -6.919430733 -11.07649994 0
    vertex -7.014039516 -11.05031872 0
  endloop
endfacet
facet normal -0 0 -1
  outer loop
    vertex -1.388925552 -2.078674078 0
    vertex -6.826220512 -11.10729313 0
    vertex -6.919430733 -11.07649994 0
  endloop
endfacet
facet normal -0 0 -1
  outer loop
    vertex -1.388925552 -2.078674078 0
    vertex -6.734632969 -11.14262199 0
    vertex -6.826220512 -11.10729313 0
  endloop
endfacet
facet normal -0 0 -1
  outer loop
    vertex -1.178491831 -2.204803228 0
    vertex -6.557206631 -11.22653866 0
    vertex -6.644889832 -11.18240261 0
  endloop
endfacet
facet normal -0 0 -1
  outer loop
    vertex -1.178491831 -2.204803228 0
    vertex -6.471794605 -11.27492428 0
    vertex -6.557206631 -11.22653866 0
  endloop
endfacet
facet normal -0 0 -1
  outer loop
    vertex -1.178491831 -2.204803228 0
    vertex -6.388859749 -11.32744217 0
    vertex -6.471794605 -11.27492428 0
  endloop
endfacet
facet normal -0 0 -1
  outer loop
    vertex -1.178491831 -2.204803228 0
    vertex -6.308601379 -11.38396645 0
    vertex -6.388859749 -11.32744217 0
  endloop
endfacet
facet normal -0 0 -1
  outer loop
    vertex -1.285256863 -2.144321442 0
    vertex -6.644889832 -11.18240261 0
    vertex -6.734632969 -11.14262199 0
  endloop
endfacet
facet normal -0 0 -1
  outer loop
    vertex -1.178491831 -2.204803228 0
    vertex -5.784542561 -11.96217537 0
    vertex -5.837060928 -11.87924099 0
  endloop
endfacet
facet normal -0 0 -1
  outer loop
    vertex -1.178491831 -2.204803228 0
    vertex -5.837060928 -11.87924099 0
    vertex -5.893584728 -11.79898262 0
  endloop
endfacet
facet normal -0 0 -1
  outer loop
    vertex -1.178491831 -2.204803228 0
    vertex -5.893584728 -11.79898262 0
    vertex -5.953979015 -11.72159481 0
  endloop
endfacet
facet normal -0 0 -1
  outer loop
    vertex -0.9567086101 -2.30969882 0
    vertex -5.559937477 -12.50442028 0
    vertex -5.586119175 -12.40981197 0
  endloop
endfacet
facet normal -0 0 -1
  outer loop
    vertex -0.9567086101 -2.30969882 0
    vertex -5.53842926 -12.60020065 0
    vertex -5.559937477 -12.50442028 0
  endloop
endfacet
facet normal -0 0 -1
  outer loop
    vertex -0.9567086101 -2.30969882 0
    vertex -5.616911888 -12.31660175 0
    vertex -5.652240753 -12.22501373 0
  endloop
endfacet
facet normal -0 0 -1
  outer loop
    vertex -0.9567086101 -2.30969882 0
    vertex -5.586119175 -12.40981197 0
    vertex -5.616911888 -12.31660175 0
  endloop
endfacet
facet normal -0 0 -1
  outer loop
    vertex -0.9567086101 -2.30969882 0
    vertex -5.652240753 -12.22501373 0
    vertex -5.69202137 -12.13527107 0
  endloop
endfacet
facet normal -0 0 -1
  outer loop
    vertex -1.068887711 -2.259973288 0
    vertex -5.736157417 -12.04758739 0
    vertex -5.784542561 -11.96217537 0
  endloop
endfacet
facet normal -0 0 -1
  outer loop
    vertex -0.9567086101 -2.30969882 0
    vertex -5.69202137 -12.13527107 0
    vertex -5.736157417 -12.04758739 0
  endloop
endfacet
facet normal -0 0 -1
  outer loop
    vertex -1.178491831 -2.204803228 0
    vertex -6.156882286 -11.50847912 0
    vertex -6.23121357 -11.44435978 0
  endloop
endfacet
facet normal -0 0 -1
  outer loop
    vertex -1.178491831 -2.204803228 0
    vertex -6.085786343 -11.57616711 0
    vertex -6.156882286 -11.50847912 0
  endloop
endfacet
facet normal -0 0 -1
  outer loop
    vertex -1.178491831 -2.204803228 0
    vertex -6.23121357 -11.44435978 0
    vertex -6.308601379 -11.38396645 0
  endloop
endfacet
facet normal -0 0 -1
  outer loop
    vertex -1.178491831 -2.204803228 0
    vertex -6.018097878 -11.64726353 0
    vertex -6.085786343 -11.57616711 0
  endloop
endfacet
facet normal -0 0 -1
  outer loop
    vertex -1.178491831 -2.204803228 0
    vertex -5.953979015 -11.72159481 0
    vertex -6.018097878 -11.64726353 0
  endloop
endfacet
facet normal 0 0 -1
  outer loop
    vertex -7.074687004 -19.7724247 0
    vertex -0.8422246575 -2.35386014 0
    vertex -0.7257117033 -2.392350912 0
  endloop
endfacet
facet normal 0 -0 -1
  outer loop
    vertex -1.178491831 -2.204803228 0
    vertex -1.068887711 -2.259973288 0
    vertex -5.784542561 -11.96217537 0
  endloop
endfacet
facet normal 0 0 -1
  outer loop
    vertex -5.102583885 -20.37065697 0
    vertex -0.7257117033 -2.392350912 0
    vertex -0.6074504256 -2.425078154 0
  endloop
endfacet
facet normal 0 0 -1
  outer loop
    vertex -4.096896648 -20.59649086 0
    vertex -0.6074504256 -2.425078154 0
    vertex -0.4877257943 -2.451963186 0
  endloop
endfacet
facet normal 0 0 -1
  outer loop
    vertex -4.096896648 -20.59649086 0
    vertex -0.4877257943 -2.451963186 0
    vertex -0.3668261766 -2.47294116 0
  endloop
endfacet
facet normal 0 0 -1
  outer loop
    vertex -3.081340075 -20.77270699 0
    vertex -0.3668261766 -2.47294116 0
    vertex -0.2450428456 -2.487961769 0
  endloop
endfacet
facet normal 0 0 -1
  outer loop
    vertex -2.058359861 -20.89888 0
    vertex -0.2450428456 -2.487961769 0
    vertex -0.1226691827 -2.496988535 0
  endloop
endfacet
facet normal 0 0 -1
  outer loop
    vertex -1.030421138 -20.97470474 0
    vertex -0.1226691827 -2.496988535 0
    vertex -4.592425234e-16 -2.5 0
  endloop
endfacet
facet normal 0 -0 -1
  outer loop
    vertex -0.9567086101 -2.30969882 0
    vertex -0.8422246575 -2.35386014 0
    vertex -5.521646976 -13.28384209 0
  endloop
endfacet
facet normal 0 -0 -1
  outer loop
    vertex -1.068887711 -2.259973288 0
    vertex -0.9567086101 -2.30969882 0
    vertex -5.736157417 -12.04758739 0
  endloop
endfacet
facet normal -0 0 -1
  outer loop
    vertex -1.489248276 -2.008018732 0
    vertex -8.265366554 -11.14262199 0
    vertex -1.585983157 -1.932526112 0
  endloop
endfacet
facet normal 0 -0 -1
  outer loop
    vertex -1.489248276 -2.008018732 0
    vertex -1.388925552 -2.078674078 0
    vertex -8.265366554 -11.14262199 0
  endloop
endfacet
facet normal 0 -0 -1
  outer loop
    vertex -1.388925552 -2.078674078 0
    vertex -1.285256863 -2.144321442 0
    vertex -6.734632969 -11.14262199 0
  endloop
endfacet
facet normal 0 -0 -1
  outer loop
    vertex -1.285256863 -2.144321442 0
    vertex -1.178491831 -2.204803228 0
    vertex -6.644889832 -11.18240261 0
  endloop
endfacet
facet normal 0.7883465143 0.6152314795 -0
  outer loop
    vertex -2.008018732 -1.489248276 0
    vertex -2.008018732 -1.489248276 4
    vertex -1.932526112 -1.585983157 0
  endloop
endfacet
facet normal 0.817584382 0.5758088036 -0
  outer loop
    vertex -2.008018732 -1.489248276 0
    vertex -2.078674078 -1.388925552 0
    vertex -2.078674078 -1.388925552 4
  endloop
endfacet
facet normal 0.8448539708 0.5349969794 -0
  outer loop
    vertex -2.078674078 -1.388925552 0
    vertex -2.144321442 -1.285256863 0
    vertex -2.144321442 -1.285256863 4
  endloop
endfacet
facet normal 0.5758088036 0.817584382 -0
  outer loop
    vertex -1.489248276 -2.008018732 0
    vertex -1.489248276 -2.008018732 4
    vertex -1.388925552 -2.078674078 0
  endloop
endfacet
facet normal 0.5349969794 0.8448539708 -0
  outer loop
    vertex -1.388925552 -2.078674078 0
    vertex -1.388925552 -2.078674078 4
    vertex -1.285256863 -2.144321442 0
  endloop
endfacet
facet normal 0.7242472708 0.6895403474 -0
  outer loop
    vertex -1.852377772 -1.678897381 0
    vertex -1.852377772 -1.678897381 4
    vertex -1.767766953 -1.767766953 0
  endloop
endfacet
facet normal 0.6531727436 0.7572089322 -0
  outer loop
    vertex -1.678897381 -1.852377772 0
    vertex -1.678897381 -1.852377772 4
    vertex -1.585983157 -1.932526112 0
  endloop
endfacet
facet normal 0.6895403474 0.7242472708 -0
  outer loop
    vertex -1.678897381 -1.852377772 0
    vertex -1.767766953 -1.767766953 0
    vertex -1.767766953 -1.767766953 4
  endloop
endfacet
facet normal 0.7572089322 0.6531727436 -0
  outer loop
    vertex -1.852377772 -1.678897381 0
    vertex -1.932526112 -1.585983157 0
    vertex -1.932526112 -1.585983157 4
  endloop
endfacet
facet normal 0.6152314795 0.7883465143 -0
  outer loop
    vertex -1.489248276 -2.008018732 0
    vertex -1.585983157 -1.932526112 0
    vertex -1.585983157 -1.932526112 4
  endloop
endfacet
facet normal 0.9329928369 0.3598949379 -0
  outer loop
    vertex -2.30969882 -0.9567086101 0
    vertex -2.35386014 -0.8422246575 0
    vertex -2.35386014 -0.8422246575 4
  endloop
endfacet
facet normal 0.949527959 0.3136824111 -0
  outer loop
    vertex -2.35386014 -0.8422246575 0
    vertex -2.392350912 -0.7257117033 0
    vertex -2.392350912 -0.7257117033 4
  endloop
endfacet
facet normal 0.8700864904 0.4928990761 -0
  outer loop
    vertex -2.144321442 -1.285256863 0
    vertex -2.204803228 -1.178491831 0
    vertex -2.204803228 -1.178491831 4
  endloop
endfacet
facet normal 0.8932243623 0.4496112084 -0
  outer loop
    vertex -2.204803228 -1.178491831 0
    vertex -2.259973288 -1.068887711 0
    vertex -2.259973288 -1.068887711 4
  endloop
endfacet
facet normal 0.914209885 0.4052410223 -0
  outer loop
    vertex -2.30969882 -0.9567086101 0
    vertex -2.30969882 -0.9567086101 4
    vertex -2.259973288 -1.068887711 0
  endloop
endfacet
facet normal 0.9852777793 0.1709610996 -0
  outer loop
    vertex -2.47294116 -0.3668261766 0
    vertex -2.47294116 -0.3668261766 4
    vertex -2.451963186 -0.4877257943 0
  endloop
endfacet
facet normal 0.9637761949 0.2667122909 -0
  outer loop
    vertex -2.392350912 -0.7257117033 0
    vertex -2.425078154 -0.6074504256 0
    vertex -2.425078154 -0.6074504256 4
  endloop
endfacet
facet normal 0.9757021864 0.2191009891 -0
  outer loop
    vertex -2.425078154 -0.6074504256 0
    vertex -2.451963186 -0.4877257943 0
    vertex -2.451963186 -0.4877257943 4
  endloop
endfacet
facet normal 0.9924794676 0.1224112183 -0
  outer loop
    vertex -2.47294116 -0.3668261766 0
    vertex -2.487961769 -0.2450428456 0
    vertex -2.487961769 -0.2450428456 4
  endloop
endfacet
facet normal 0.9972904913 0.07356409468 -0
  outer loop
    vertex -2.487961769 -0.2450428456 0
    vertex -2.496988535 -0.1226691827 0
    vertex -2.496988535 -0.1226691827 4
  endloop
endfacet
facet normal 0.9996987976 0.0245420891 -0
  outer loop
    vertex -2.496988535 -0.1226691827 0
    vertex -2.5 3.061616999e-16 0
    vertex -2.5 3.061616999e-16 4
  endloop
endfacet
facet normal 0.4928990761 0.8700864904 -0
  outer loop
    vertex -1.285256863 -2.144321442 0
    vertex -1.285256863 -2.144321442 4
    vertex -1.178491831 -2.204803228 0
  endloop
endfacet
facet normal 0.4496112084 0.8932243623 -0
  outer loop
    vertex -1.178491831 -2.204803228 0
    vertex -1.178491831 -2.204803228 4
    vertex -1.068887711 -2.259973288 0
  endloop
endfacet
facet normal 0.4052410223 0.914209885 -0
  outer loop
    vertex -1.068887711 -2.259973288 0
    vertex -1.068887711 -2.259973288 4
    vertex -0.9567086101 -2.30969882 0
  endloop
endfacet
facet normal 0.3598949379 0.9329928369 -0
  outer loop
    vertex -0.9567086101 -2.30969882 0
    vertex -0.9567086101 -2.30969882 4
    vertex -0.8422246575 -2.35386014 0
  endloop
endfacet
facet normal 0.3136824111 0.949527959 -0
  outer loop
    vertex -0.8422246575 -2.35386014 0
    vertex -0.8422246575 -2.35386014 4
    vertex -0.7257117033 -2.392350912 0
  endloop
endfacet
facet normal 0.2667122909 0.9637761949 -0
  outer loop
    vertex -0.7257117033 -2.392350912 0
    vertex -0.7257117033 -2.392350912 4
    vertex -0.6074504256 -2.425078154 0
  endloop
endfacet
facet normal 0.2191009891 0.9757021864 -0
  outer loop
    vertex -0.6074504256 -2.425078154 0
    vertex -0.6074504256 -2.425078154 4
    vertex -0.4877257943 -2.451963186 0
  endloop
endfacet
facet normal 0.1709610996 0.9852777793 -0
  outer loop
    vertex -0.3668261766 -2.47294116 0
    vertex -0.4877257943 -2.451963186 0
    vertex -0.4877257943 -2.451963186 4
  endloop
endfacet
facet normal 0.1224112183 0.9924794676 -0
  outer loop
    vertex -0.3668261766 -2.47294116 0
    vertex -0.3668261766 -2.47294116 4
    vertex -0.2450428456 -2.487961769 0
  endloop
endfacet
facet normal 0.07356409468 0.9972904913 -0
  outer loop
    vertex -0.2450428456 -2.487961769 0
    vertex -0.2450428456 -2.487961769 4
    vertex -0.1226691827 -2.496988535 0
  endloop
endfacet
facet normal 0.0245420891 0.9996987976 -0
  outer loop
    vertex -0.1226691827 -2.496988535 0
    vertex -0.1226691827 -2.496988535 4
    vertex -4.592425234e-16 -2.5 0
  endloop
endfacet
facet normal 0.8448539708 0.5349969794 0
  outer loop
    vertex -2.078674078 -1.388925552 0
    vertex -2.144321442 -1.285256863 4
    vertex -2.078674078 -1.388925552 4
  endloop
endfacet
facet normal 0.817584382 0.5758088036 0
  outer loop
    vertex -2.008018732 -1.489248276 0
    vertex -2.078674078 -1.388925552 4
    vertex -2.008018732 -1.489248276 4
  endloop
endfacet
facet normal 0.6152314795 0.7883465143 0
  outer loop
    vertex -1.489248276 -2.008018732 0
    vertex -1.585983157 -1.932526112 4
    vertex -1.489248276 -2.008018732 4
  endloop
endfacet
facet normal 0.5758088036 0.817584382 0
  outer loop
    vertex -1.388925552 -2.078674078 0
    vertex -1.489248276 -2.008018732 4
    vertex -1.388925552 -2.078674078 4
  endloop
endfacet
facet normal 0.5349969794 0.8448539708 0
  outer loop
    vertex -1.285256863 -2.144321442 0
    vertex -1.388925552 -2.078674078 4
    vertex -1.285256863 -2.144321442 4
  endloop
endfacet
facet normal 0.7572089322 0.6531727436 0
  outer loop
    vertex -1.852377772 -1.678897381 0
    vertex -1.932526112 -1.585983157 4
    vertex -1.852377772 -1.678897381 4
  endloop
endfacet
facet normal 0.6895403474 0.7242472708 0
  outer loop
    vertex -1.678897381 -1.852377772 0
    vertex -1.767766953 -1.767766953 4
    vertex -1.678897381 -1.852377772 4
  endloop
endfacet
facet normal 0.7242472708 0.6895403474 0
  outer loop
    vertex -1.767766953 -1.767766953 0
    vertex -1.852377772 -1.678897381 4
    vertex -1.767766953 -1.767766953 4
  endloop
endfacet
facet normal 0.7883465143 0.6152314795 0
  outer loop
    vertex -1.932526112 -1.585983157 0
    vertex -2.008018732 -1.489248276 4
    vertex -1.932526112 -1.585983157 4
  endloop
endfacet
facet normal 0.6531727436 0.7572089322 0
  outer loop
    vertex -1.585983157 -1.932526112 0
    vertex -1.678897381 -1.852377772 4
    vertex -1.585983157 -1.932526112 4
  endloop
endfacet
facet normal 0.9329928369 0.3598949379 0
  outer loop
    vertex -2.30969882 -0.9567086101 0
    vertex -2.35386014 -0.8422246575 4
    vertex -2.30969882 -0.9567086101 4
  endloop
endfacet
facet normal 0.9637761949 0.2667122909 0
  outer loop
    vertex -2.392350912 -0.7257117033 0
    vertex -2.425078154 -0.6074504256 4
    vertex -2.392350912 -0.7257117033 4
  endloop
endfacet
facet normal 0.949527959 0.3136824111 0
  outer loop
    vertex -2.35386014 -0.8422246575 0
    vertex -2.392350912 -0.7257117033 4
    vertex -2.35386014 -0.8422246575 4
  endloop
endfacet
facet normal 0.8700864904 0.4928990761 0
  outer loop
    vertex -2.144321442 -1.285256863 0
    vertex -2.204803228 -1.178491831 4
    vertex -2.144321442 -1.285256863 4
  endloop
endfacet
facet normal 0.8932243623 0.4496112084 0
  outer loop
    vertex -2.204803228 -1.178491831 0
    vertex -2.259973288 -1.068887711 4
    vertex -2.204803228 -1.178491831 4
  endloop
endfacet
facet normal 0.914209885 0.4052410223 0
  outer loop
    vertex -2.259973288 -1.068887711 0
    vertex -2.30969882 -0.9567086101 4
    vertex -2.259973288 -1.068887711 4
  endloop
endfacet
facet normal 0.9757021864 0.2191009891 0
  outer loop
    vertex -2.425078154 -0.6074504256 0
    vertex -2.451963186 -0.4877257943 4
    vertex -2.425078154 -0.6074504256 4
  endloop
endfacet
facet normal 0.9852777793 0.1709610996 0
  outer loop
    vertex -2.451963186 -0.4877257943 0
    vertex -2.47294116 -0.3668261766 4
    vertex -2.451963186 -0.4877257943 4
  endloop
endfacet
facet normal 0.9924794676 0.1224112183 0
  outer loop
    vertex -2.47294116 -0.3668261766 0
    vertex -2.487961769 -0.2450428456 4
    vertex -2.47294116 -0.3668261766 4
  endloop
endfacet
facet normal 0.9972904913 0.07356409468 0
  outer loop
    vertex -2.487961769 -0.2450428456 0
    vertex -2.496988535 -0.1226691827 4
    vertex -2.487961769 -0.2450428456 4
  endloop
endfacet
facet normal 0.9996987976 0.0245420891 0
  outer loop
    vertex -2.496988535 -0.1226691827 0
    vertex -2.5 3.061616999e-16 4
    vertex -2.496988535 -0.1226691827 4
  endloop
endfacet
facet normal 0.4928990761 0.8700864904 0
  outer loop
    vertex -1.178491831 -2.204803228 0
    vertex -1.285256863 -2.144321442 4
    vertex -1.178491831 -2.204803228 4
  endloop
endfacet
facet normal 0.4496112084 0.8932243623 0
  outer loop
    vertex -1.068887711 -2.259973288 0
    vertex -1.178491831 -2.204803228 4
    vertex -1.068887711 -2.259973288 4
  endloop
endfacet
facet normal 0.4052410223 0.914209885 0
  outer loop
    vertex -0.9567086101 -2.30969882 0
    vertex -1.068887711 -2.259973288 4
    vertex -0.9567086101 -2.30969882 4
  endloop
endfacet
facet normal 0.3598949379 0.9329928369 0
  outer loop
    vertex -0.8422246575 -2.35386014 0
    vertex -0.9567086101 -2.30969882 4
    vertex -0.8422246575 -2.35386014 4
  endloop
endfacet
facet normal 0.3136824111 0.949527959 0
  outer loop
    vertex -0.7257117033 -2.392350912 0
    vertex -0.8422246575 -2.35386014 4
    vertex -0.7257117033 -2.392350912 4
  endloop
endfacet
facet normal 0.2667122909 0.9637761949 0
  outer loop
    vertex -0.6074504256 -2.425078154 0
    vertex -0.7257117033 -2.392350912 4
    vertex -0.6074504256 -2.425078154 4
  endloop
endfacet
facet normal 0.2191009891 0.9757021864 0
  outer loop
    vertex -0.4877257943 -2.451963186 0
    vertex -0.6074504256 -2.425078154 4
    vertex -0.4877257943 -2.451963186 4
  endloop
endfacet
facet normal 0.1709610996 0.9852777793 0
  outer loop
    vertex -0.3668261766 -2.47294116 0
    vertex -0.4877257943 -2.451963186 4
    vertex -0.3668261766 -2.47294116 4
  endloop
endfacet
facet normal 0.1224112183 0.9924794676 0
  outer loop
    vertex -0.2450428456 -2.487961769 0
    vertex -0.3668261766 -2.47294116 4
    vertex -0.2450428456 -2.487961769 4
  endloop
endfacet
facet normal 0.07356409468 0.9972904913 0
  outer loop
    vertex -0.1226691827 -2.496988535 0
    vertex -0.2450428456 -2.487961769 4
    vertex -0.1226691827 -2.496988535 4
  endloop
endfacet
facet normal 0.0245420891 0.9996987976 3.248118447e-25
  outer loop
    vertex -0.1226691827 -2.496988535 4
    vertex -4.592425763e-16 -2.5 4
    vertex -4.592425234e-16 -2.5 0
  endloop
endfacet
facet normal 0 0 1
  outer loop
    vertex -13.32225895 -16.23321915 4
    vertex -9.106414795 -11.79898262 4
    vertex -1.585983157 -1.932526112 4
  endloop
endfacet
facet normal -0 0 1
  outer loop
    vertex -1.585983157 -1.932526112 4
    vertex -9.106414795 -11.79898262 4
    vertex -9.046020508 -11.72159481 4
  endloop
endfacet
facet normal -0 0 1
  outer loop
    vertex -1.585983157 -1.932526112 4
    vertex -9.046020508 -11.72159481 4
    vertex -8.981902122 -11.64726353 4
  endloop
endfacet
facet normal -0 0 1
  outer loop
    vertex -1.585983157 -1.932526112 4
    vertex -8.981902122 -11.64726353 4
    vertex -8.914213181 -11.57616711 4
  endloop
endfacet
facet normal -0 0 1
  outer loop
    vertex -1.585983157 -1.932526112 4
    vertex -8.914213181 -11.57616711 4
    vertex -8.843117714 -11.50847912 4
  endloop
endfacet
facet normal -0 0 1
  outer loop
    vertex -1.585983157 -1.932526112 4
    vertex -8.843117714 -11.50847912 4
    vertex -8.76878643 -11.44435978 4
  endloop
endfacet
facet normal -0 0 1
  outer loop
    vertex -1.585983157 -1.932526112 4
    vertex -8.76878643 -11.44435978 4
    vertex -8.691398621 -11.38396645 4
  endloop
endfacet
facet normal -0 0 1
  outer loop
    vertex -1.585983157 -1.932526112 4
    vertex -8.691398621 -11.38396645 4
    vertex -8.611140251 -11.32744217 4
  endloop
endfacet
facet normal -0 0 1
  outer loop
    vertex -1.585983157 -1.932526112 4
    vertex -8.611140251 -11.32744217 4
    vertex -8.528205872 -11.27492428 4
  endloop
endfacet
facet normal -0 0 1
  outer loop
    vertex -1.585983157 -1.932526112 4
    vertex -8.528205872 -11.27492428 4
    vertex -8.442793846 -11.22653866 4
  endloop
endfacet
facet normal -0 0 1
  outer loop
    vertex -1.585983157 -1.932526112 4
    vertex -8.442793846 -11.22653866 4
    vertex -8.355110168 -11.18240261 4
  endloop
endfacet
facet normal -0 0 1
  outer loop
    vertex -1.585983157 -1.932526112 4
    vertex -8.355110168 -11.18240261 4
    vertex -8.265366554 -11.14262199 4
  endloop
endfacet
facet normal -0 0 1
  outer loop
    vertex -1.489248276 -2.008018732 4
    vertex -8.265366554 -11.14262199 4
    vertex -8.173779488 -11.10729313 4
  endloop
endfacet
facet normal -0 0 1
  outer loop
    vertex -1.489248276 -2.008018732 4
    vertex -8.173779488 -11.10729313 4
    vertex -8.080569267 -11.07649994 4
  endloop
endfacet
facet normal -0 0 1
  outer loop
    vertex -1.489248276 -2.008018732 4
    vertex -8.080569267 -11.07649994 4
    vertex -7.985960484 -11.05031872 4
  endloop
endfacet
facet normal -0 0 1
  outer loop
    vertex -1.489248276 -2.008018732 4
    vertex -7.985960484 -11.05031872 4
    vertex -7.890180588 -11.0288105 4
  endloop
endfacet
facet normal -0 0 1
  outer loop
    vertex -1.489248276 -2.008018732 4
    vertex -7.890180588 -11.0288105 4
    vertex -7.793460846 -11.01202774 4
  endloop
endfacet
facet normal -0 0 1
  outer loop
    vertex -1.489248276 -2.008018732 4
    vertex -7.793460846 -11.01202774 4
    vertex -7.696034431 -11.00001144 4
  endloop
endfacet
facet normal -0 0 1
  outer loop
    vertex -1.489248276 -2.008018732 4
    vertex -7.696034431 -11.00001144 4
    vertex -7.598135471 -10.99279022 4
  endloop
endfacet
facet normal -0 0 1
  outer loop
    vertex -1.489248276 -2.008018732 4
    vertex -7.598135471 -10.99279022 4
    vertex -7.5 -10.99038124 4
  endloop
endfacet
facet normal 0 0 1
  outer loop
    vertex -1.489248276 -2.008018732 4
    vertex -7.5 -10.99038124 4
    vertex -7.401864529 -10.99279022 4
  endloop
endfacet
facet normal 0 0 1
  outer loop
    vertex -1.489248276 -2.008018732 4
    vertex -7.401864529 -10.99279022 4
    vertex -7.303965569 -11.00001144 4
  endloop
endfacet
facet normal 0 0 1
  outer loop
    vertex -1.388925552 -2.078674078 4
    vertex -7.303965569 -11.00001144 4
    vertex -7.206539154 -11.01202774 4
  endloop
endfacet
facet normal 0 -0 1
  outer loop
    vertex -13.32225895 -16.23321915 4
    vertex -1.585983157 -1.932526112 4
    vertex -1.678897381 -1.852377772 4
  endloop
endfacet
facet normal 0 -0 1
  outer loop
    vertex -15.55997372 -14.10273838 4
    vertex -1.852377772 -1.678897381 4
    vertex -1.932526112 -1.585983157 4
  endloop
endfacet
facet normal 0 -0 1
  outer loop
    vertex -15.55997372 -14.10273838 4
    vertex -1.767766953 -1.767766953 4
    vertex -1.852377772 -1.678897381 4
  endloop
endfacet
facet normal 0 -0 1
  outer loop
    vertex -14.10273838 -15.55997372 4
    vertex -1.678897381 -1.852377772 4
    vertex -1.767766953 -1.767766953 4
  endloop
endfacet
facet normal 0 -0 1
  outer loop
    vertex -19.40147018 -8.036352158 4
    vertex -2.30969882 -0.9567086101 4
    vertex -2.35386014 -0.8422246575 4
  endloop
endfacet
facet normal 0 -0 1
  outer loop
    vertex -19.7724247 -7.074687004 4
    vertex -2.35386014 -0.8422246575 4
    vertex -2.392350912 -0.7257117033 4
  endloop
endfacet
facet normal 0 -0 1
  outer loop
    vertex -20.37065697 -5.102583885 4
    vertex -2.392350912 -0.7257117033 4
    vertex -2.425078154 -0.6074504256 4
  endloop
endfacet
facet normal 0 -0 1
  outer loop
    vertex -20.59649086 -4.096896648 4
    vertex -2.425078154 -0.6074504256 4
    vertex -2.451963186 -0.4877257943 4
  endloop
endfacet
facet normal 0 -0 1
  outer loop
    vertex -20.59649086 -4.096896648 4
    vertex -2.451963186 -0.4877257943 4
    vertex -2.47294116 -0.3668261766 4
  endloop
endfacet
facet normal 0 -0 1
  outer loop
    vertex -20.77270699 -3.081340075 4
    vertex -2.47294116 -0.3668261766 4
    vertex -2.487961769 -0.2450428456 4
  endloop
endfacet
facet normal 0 -0 1
  outer loop
    vertex -20.89888 -2.058359861 4
    vertex -2.487961769 -0.2450428456 4
    vertex -2.496988535 -0.1226691827 4
  endloop
endfacet
facet normal 0 -0 1
  outer loop
    vertex -20.97470474 -1.030421138 4
    vertex -2.496988535 -0.1226691827 4
    vertex -2.5 3.061616999e-16 4
  endloop
endfacet
facet normal 0 -0 1
  outer loop
    vertex -18.01230049 -10.79615784 4
    vertex -2.078674078 -1.388925552 4
    vertex -2.144321442 -1.285256863 4
  endloop
endfacet
facet normal 0 -0 1
  outer loop
    vertex -18.01230049 -10.79615784 4
    vertex -2.144321442 -1.285256863 4
    vertex -2.204803228 -1.178491831 4
  endloop
endfacet
facet normal 0 -0 1
  outer loop
    vertex -16.86735725 -12.50968552 4
    vertex -2.008018732 -1.489248276 4
    vertex -2.078674078 -1.388925552 4
  endloop
endfacet
facet normal 0 -0 1
  outer loop
    vertex -16.86735725 -12.50968552 4
    vertex -1.932526112 -1.585983157 4
    vertex -2.008018732 -1.489248276 4
  endloop
endfacet
facet normal 0 -0 1
  outer loop
    vertex -18.98377609 -8.978656769 4
    vertex -2.204803228 -1.178491831 4
    vertex -2.259973288 -1.068887711 4
  endloop
endfacet
facet normal 0 -0 1
  outer loop
    vertex -18.98377609 -8.978656769 4
    vertex -2.259973288 -1.068887711 4
    vertex -2.30969882 -0.9567086101 4
  endloop
endfacet
facet normal 0 0 1
  outer loop
    vertex -0.9567086101 -2.30969882 4
    vertex -5.616911888 -13.66416073 4
    vertex -5.652240753 -13.7557478 4
  endloop
endfacet
facet normal 0 0 1
  outer loop
    vertex -0.9567086101 -2.30969882 4
    vertex -5.586119175 -13.57095051 4
    vertex -5.616911888 -13.66416073 4
  endloop
endfacet
facet normal 0 0 1
  outer loop
    vertex -0.9567086101 -2.30969882 4
    vertex -5.559937477 -13.47634125 4
    vertex -5.586119175 -13.57095051 4
  endloop
endfacet
facet normal 0 0 1
  outer loop
    vertex -0.9567086101 -2.30969882 4
    vertex -5.53842926 -13.38056183 4
    vertex -5.559937477 -13.47634125 4
  endloop
endfacet
facet normal 0 0 1
  outer loop
    vertex -0.9567086101 -2.30969882 4
    vertex -5.521646976 -13.28384209 4
    vertex -5.53842926 -13.38056183 4
  endloop
endfacet
facet normal 0 0 1
  outer loop
    vertex -0.9567086101 -2.30969882 4
    vertex -5.50963068 -13.18641567 4
    vertex -5.521646976 -13.28384209 4
  endloop
endfacet
facet normal 0 0 1
  outer loop
    vertex -1.068887711 -2.259973288 4
    vertex -5.502408981 -13.08851624 4
    vertex -5.50963068 -13.18641567 4
  endloop
endfacet
facet normal 0 0 1
  outer loop
    vertex -1.068887711 -2.259973288 4
    vertex -5.5 -12.99038124 4
    vertex -5.502408981 -13.08851624 4
  endloop
endfacet
facet normal 0 0 1
  outer loop
    vertex -1.068887711 -2.259973288 4
    vertex -5.502408981 -12.89224529 4
    vertex -5.5 -12.99038124 4
  endloop
endfacet
facet normal 0 0 1
  outer loop
    vertex -1.068887711 -2.259973288 4
    vertex -5.50963068 -12.79434681 4
    vertex -5.502408981 -12.89224529 4
  endloop
endfacet
facet normal 0 0 1
  outer loop
    vertex -1.068887711 -2.259973288 4
    vertex -5.521646976 -12.69692039 4
    vertex -5.50963068 -12.79434681 4
  endloop
endfacet
facet normal 0 0 1
  outer loop
    vertex -1.388925552 -2.078674078 4
    vertex -7.206539154 -11.01202774 4
    vertex -7.109819412 -11.0288105 4
  endloop
endfacet
facet normal 0 0 1
  outer loop
    vertex -1.388925552 -2.078674078 4
    vertex -7.109819412 -11.0288105 4
    vertex -7.014039516 -11.05031872 4
  endloop
endfacet
facet normal 0 0 1
  outer loop
    vertex -1.388925552 -2.078674078 4
    vertex -7.014039516 -11.05031872 4
    vertex -6.919430733 -11.07649994 4
  endloop
endfacet
facet normal 0 0 1
  outer loop
    vertex -1.388925552 -2.078674078 4
    vertex -6.919430733 -11.07649994 4
    vertex -6.826220512 -11.10729313 4
  endloop
endfacet
facet normal 0 0 1
  outer loop
    vertex -1.388925552 -2.078674078 4
    vertex -6.734632969 -11.14262199 4
    vertex -6.644889832 -11.18240261 4
  endloop
endfacet
facet normal 0 0 1
  outer loop
    vertex -1.388925552 -2.078674078 4
    vertex -6.826220512 -11.10729313 4
    vertex -6.734632969 -11.14262199 4
  endloop
endfacet
facet normal 0 0 1
  outer loop
    vertex -1.285256863 -2.144321442 4
    vertex -6.557206631 -11.22653866 4
    vertex -6.471794605 -11.27492428 4
  endloop
endfacet
facet normal 0 0 1
  outer loop
    vertex -1.285256863 -2.144321442 4
    vertex -6.471794605 -11.27492428 4
    vertex -6.388859749 -11.32744217 4
  endloop
endfacet
facet normal 0 0 1
  outer loop
    vertex -1.285256863 -2.144321442 4
    vertex -6.388859749 -11.32744217 4
    vertex -6.308601379 -11.38396645 4
  endloop
endfacet
facet normal 0 0 1
  outer loop
    vertex -1.285256863 -2.144321442 4
    vertex -6.308601379 -11.38396645 4
    vertex -6.23121357 -11.44435978 4
  endloop
endfacet
facet normal 0 0 1
  outer loop
    vertex -1.285256863 -2.144321442 4
    vertex -6.644889832 -11.18240261 4
    vertex -6.557206631 -11.22653866 4
  endloop
endfacet
facet normal 0 0 1
  outer loop
    vertex -1.178491831 -2.204803228 4
    vertex -5.837060928 -11.87924099 4
    vertex -5.784542561 -11.96217537 4
  endloop
endfacet
facet normal 0 0 1
  outer loop
    vertex -1.178491831 -2.204803228 4
    vertex -5.893584728 -11.79898262 4
    vertex -5.837060928 -11.87924099 4
  endloop
endfacet
facet normal 0 0 1
  outer loop
    vertex -1.178491831 -2.204803228 4
    vertex -5.953979015 -11.72159481 4
    vertex -5.893584728 -11.79898262 4
  endloop
endfacet
facet normal 0 0 1
  outer loop
    vertex -1.068887711 -2.259973288 4
    vertex -5.652240753 -12.22501373 4
    vertex -5.616911888 -12.31660175 4
  endloop
endfacet
facet normal 0 0 1
  outer loop
    vertex -1.068887711 -2.259973288 4
    vertex -5.69202137 -12.13527107 4
    vertex -5.652240753 -12.22501373 4
  endloop
endfacet
facet normal 0 0 1
  outer loop
    vertex -1.068887711 -2.259973288 4
    vertex -5.53842926 -12.60020065 4
    vertex -5.521646976 -12.69692039 4
  endloop
endfacet
facet normal 0 0 1
  outer loop
    vertex -1.068887711 -2.259973288 4
    vertex -5.559937477 -12.50442028 4
    vertex -5.53842926 -12.60020065 4
  endloop
endfacet
facet normal 0 0 1
  outer loop
    vertex -1.068887711 -2.259973288 4
    vertex -5.586119175 -12.40981197 4
    vertex -5.559937477 -12.50442028 4
  endloop
endfacet
facet normal 0 0 1
  outer loop
    vertex -1.068887711 -2.259973288 4
    vertex -5.616911888 -12.31660175 4
    vertex -5.586119175 -12.40981197 4
  endloop
endfacet
facet normal 0 0 1
  outer loop
    vertex -1.178491831 -2.204803228 4
    vertex -5.784542561 -11.96217537 4
    vertex -5.736157417 -12.04758739 4
  endloop
endfacet
facet normal 0 0 1
  outer loop
    vertex -1.068887711 -2.259973288 4
    vertex -5.736157417 -12.04758739 4
    vertex -5.69202137 -12.13527107 4
  endloop
endfacet
facet normal 0 0 1
  outer loop
    vertex -1.178491831 -2.204803228 4
    vertex -6.156882286 -11.50847912 4
    vertex -6.085786343 -11.57616711 4
  endloop
endfacet
facet normal 0 0 1
  outer loop
    vertex -1.285256863 -2.144321442 4
    vertex -6.23121357 -11.44435978 4
    vertex -6.156882286 -11.50847912 4
  endloop
endfacet
facet normal 0 0 1
  outer loop
    vertex -1.178491831 -2.204803228 4
    vertex -6.085786343 -11.57616711 4
    vertex -6.018097878 -11.64726353 4
  endloop
endfacet
facet normal 0 0 1
  outer loop
    vertex -1.178491831 -2.204803228 4
    vertex -6.018097878 -11.64726353 4
    vertex -5.953979015 -11.72159481 4
  endloop
endfacet
facet normal 0 -0 1
  outer loop
    vertex -7.074687004 -19.7724247 4
    vertex -0.8422246575 -2.35386014 4
    vertex -0.9567086101 -2.30969882 4
  endloop
endfacet
facet normal -0 0 1
  outer loop
    vertex -1.285256863 -2.144321442 4
    vertex -6.156882286 -11.50847912 4
    vertex -1.178491831 -2.204803228 4
  endloop
endfacet
facet normal -0 0 1
  outer loop
    vertex -1.178491831 -2.204803228 4
    vertex -5.736157417 -12.04758739 4
    vertex -1.068887711 -2.259973288 4
  endloop
endfacet
facet normal 0 -0 1
  outer loop
    vertex -6.09597826 -20.09574699 4
    vertex -0.7257117033 -2.392350912 4
    vertex -0.8422246575 -2.35386014 4
  endloop
endfacet
facet normal 0 -0 1
  outer loop
    vertex -5.102583885 -20.37065697 4
    vertex -0.6074504256 -2.425078154 4
    vertex -0.7257117033 -2.392350912 4
  endloop
endfacet
facet normal 0 -0 1
  outer loop
    vertex -4.096896648 -20.59649086 4
    vertex -0.4877257943 -2.451963186 4
    vertex -0.6074504256 -2.425078154 4
  endloop
endfacet
facet normal 0 -0 1
  outer loop
    vertex -3.081340075 -20.77270699 4
    vertex -0.3668261766 -2.47294116 4
    vertex -0.4877257943 -2.451963186 4
  endloop
endfacet
facet normal 0 -0 1
  outer loop
    vertex -3.081340075 -20.77270699 4
    vertex -0.2450428456 -2.487961769 4
    vertex -0.3668261766 -2.47294116 4
  endloop
endfacet
facet normal 0 -0 1
  outer loop
    vertex -1.030421138 -20.97470474 4
    vertex -0.1226691827 -2.496988535 4
    vertex -0.2450428456 -2.487961769 4
  endloop
endfacet
facet normal 0 -0 1
  outer loop
    vertex -1.030421138 -20.97470474 4
    vertex -4.592425763e-16 -2.5 4
    vertex -0.1226691827 -2.496988535 4
  endloop
endfacet
facet normal -0 0 1
  outer loop
    vertex -1.068887711 -2.259973288 4
    vertex -5.50963068 -13.18641567 4
    vertex -0.9567086101 -2.30969882 4
  endloop
endfacet
facet normal 0 0 1
  outer loop
    vertex -1.489248276 -2.008018732 4
    vertex -1.585983157 -1.932526112 4
    vertex -8.265366554 -11.14262199 4
  endloop
endfacet
facet normal -0 0 1
  outer loop
    vertex -1.489248276 -2.008018732 4
    vertex -7.303965569 -11.00001144 4
    vertex -1.388925552 -2.078674078 4
  endloop
endfacet
facet normal -0 0 1
  outer loop
    vertex -1.388925552 -2.078674078 4
    vertex -6.644889832 -11.18240261 4
    vertex -1.285256863 -2.144321442 4
  endloop
endfacet
facet normal -0.9996988225 0.02454107188 0
  outer loop
    vertex -21 2.571758258e-15 0
    vertex -20.97470474 1.030421138 4
    vertex -20.97470474 1.030421138 0
  endloop
endfacet
facet normal -0.9972904978 0.07356400583 0
  outer loop
    vertex -20.97470474 1.030421138 0
    vertex -20.89888 2.058359861 4
    vertex -20.89888 2.058359861 0
  endloop
endfacet
facet normal -0.9924794822 0.1224110998 0
  outer loop
    vertex -20.89888 2.058359861 0
    vertex -20.77270699 3.081340075 4
    vertex -20.77270699 3.081340075 0
  endloop
endfacet
facet normal -0.9852775862 0.1709622125 0
  outer loop
    vertex -20.77270699 3.081340075 0
    vertex -20.59649086 4.096896648 4
    vertex -20.59649086 4.096896648 0
  endloop
endfacet
facet normal -0.9757022811 0.2191005676 0
  outer loop
    vertex -20.59649086 4.096896648 0
    vertex -20.37065697 5.102583885 4
    vertex -20.37065697 5.102583885 0
  endloop
endfacet
facet normal -0.9996988225 0.02454107188 0
  outer loop
    vertex -21 2.571758258e-15 0
    vertex -21 2.571758258e-15 4
    vertex -20.97470474 1.030421138 4
  endloop
endfacet
facet normal -0.9972904978 0.07356400583 0
  outer loop
    vertex -20.97470474 1.030421138 0
    vertex -20.97470474 1.030421138 4
    vertex -20.89888 2.058359861 4
  endloop
endfacet
facet normal -0.9924794822 0.1224110998 0
  outer loop
    vertex -20.89888 2.058359861 0
    vertex -20.89888 2.058359861 4
    vertex -20.77270699 3.081340075 4
  endloop
endfacet
facet normal -0.9852775862 0.1709622125 0
  outer loop
    vertex -20.77270699 3.081340075 0
    vertex -20.77270699 3.081340075 4
    vertex -20.59649086 4.096896648 4
  endloop
endfacet
facet normal -0.9757022811 0.2191005676 0
  outer loop
    vertex -20.59649086 4.096896648 0
    vertex -20.59649086 4.096896648 4
    vertex -20.37065697 5.102583885 4
  endloop
endfacet
facet normal -0.9637758848 0.2667134114 0
  outer loop
    vertex -20.37065697 5.102583885 0
    vertex -20.09574699 6.09597826 4
    vertex -20.09574699 6.09597826 0
  endloop
endfacet
facet normal -0.9495280073 0.313682265 0
  outer loop
    vertex -20.09574699 6.09597826 0
    vertex -19.7724247 7.074687004 4
    vertex -19.7724247 7.074687004 0
  endloop
endfacet
facet normal -0.9329930173 0.3598944702 0
  outer loop
    vertex -19.7724247 7.074687004 0
    vertex -19.40147018 8.036352158 4
    vertex -19.40147018 8.036352158 0
  endloop
endfacet
facet normal -0.9142100487 0.405240653 0
  outer loop
    vertex -19.40147018 8.036352158 0
    vertex -18.98377609 8.978656769 4
    vertex -18.98377609 8.978656769 0
  endloop
endfacet
facet normal -0.893223563 0.4496127962 0
  outer loop
    vertex -18.98377609 8.978656769 0
    vertex -18.52034569 9.899331093 4
    vertex -18.52034569 9.899331093 0
  endloop
endfacet
facet normal -0.8700873567 0.4928975469 0
  outer loop
    vertex -18.52034569 9.899331093 0
    vertex -18.01230049 10.79615784 4
    vertex -18.01230049 10.79615784 0
  endloop
endfacet
facet normal -0.9637758848 0.2667134114 0
  outer loop
    vertex -20.37065697 5.102583885 0
    vertex -20.37065697 5.102583885 4
    vertex -20.09574699 6.09597826 4
  endloop
endfacet
facet normal -0.9495280073 0.313682265 0
  outer loop
    vertex -20.09574699 6.09597826 0
    vertex -20.09574699 6.09597826 4
    vertex -19.7724247 7.074687004 4
  endloop
endfacet
facet normal -0.9329930173 0.3598944702 0
  outer loop
    vertex -19.7724247 7.074687004 0
    vertex -19.7724247 7.074687004 4
    vertex -19.40147018 8.036352158 4
  endloop
endfacet
facet normal -0.9142100487 0.405240653 0
  outer loop
    vertex -19.40147018 8.036352158 0
    vertex -19.40147018 8.036352158 4
    vertex -18.98377609 8.978656769 4
  endloop
endfacet
facet normal -0.893223563 0.4496127962 0
  outer loop
    vertex -18.98377609 8.978656769 0
    vertex -18.98377609 8.978656769 4
    vertex -18.52034569 9.899331093 4
  endloop
endfacet
facet normal -0.8700873567 0.4928975469 0
  outer loop
    vertex -18.52034569 9.899331093 0
    vertex -18.52034569 9.899331093 4
    vertex -18.01230049 10.79615784 4
  endloop
endfacet
facet normal 0 0 -1
  outer loop
    vertex -21 2.571758258e-15 0
    vertex -20.97470474 1.030421138 0
    vertex -2.5 3.061616999e-16 0
  endloop
endfacet
facet normal 0 0 -1
  outer loop
    vertex -20.97470474 1.030421138 0
    vertex -20.89888 2.058359861 0
    vertex -2.496988535 0.1226691827 0
  endloop
endfacet
facet normal 0 0 -1
  outer loop
    vertex -20.89888 2.058359861 0
    vertex -20.77270699 3.081340075 0
    vertex -2.487961769 0.2450428456 0
  endloop
endfacet
facet normal 0 0 -1
  outer loop
    vertex -20.77270699 3.081340075 0
    vertex -20.59649086 4.096896648 0
    vertex -2.47294116 0.3668261766 0
  endloop
endfacet
facet normal 0 0 -1
  outer loop
    vertex -20.59649086 4.096896648 0
    vertex -20.37065697 5.102583885 0
    vertex -2.425078154 0.6074504256 0
  endloop
endfacet
facet normal 0 0 -1
  outer loop
    vertex -20.37065697 5.102583885 0
    vertex -20.09574699 6.09597826 0
    vertex -2.392350912 0.7257117033 0
  endloop
endfacet
facet normal 0 0 -1
  outer loop
    vertex -20.09574699 6.09597826 0
    vertex -19.7724247 7.074687004 0
    vertex -2.392350912 0.7257117033 0
  endloop
endfacet
facet normal 0 0 -1
  outer loop
    vertex -19.7724247 7.074687004 0
    vertex -19.40147018 8.036352158 0
    vertex -2.35386014 0.8422246575 0
  endloop
endfacet
facet normal 0 0 -1
  outer loop
    vertex -19.40147018 8.036352158 0
    vertex -18.98377609 8.978656769 0
    vertex -2.30969882 0.9567086101 0
  endloop
endfacet
facet normal 0 0 -1
  outer loop
    vertex -18.98377609 8.978656769 0
    vertex -18.52034569 9.899331093 0
    vertex -2.204803228 1.178491831 0
  endloop
endfacet
facet normal 0 0 -1
  outer loop
    vertex -18.52034569 9.899331093 0
    vertex -18.01230049 10.79615784 0
    vertex -2.204803228 1.178491831 0
  endloop
endfacet
facet normal 0 0 -1
  outer loop
    vertex -18.01230049 10.79615784 0
    vertex -17.46086121 11.66697502 0
    vertex -2.078674078 1.388925552 0
  endloop
endfacet
facet normal 0 0 -1
  outer loop
    vertex -17.46086121 11.66697502 0
    vertex -16.86735725 12.50968552 0
    vertex -2.078674078 1.388925552 0
  endloop
endfacet
facet normal 0 0 -1
  outer loop
    vertex -16.86735725 12.50968552 0
    vertex -16.23321915 13.32225895 0
    vertex -1.932526112 1.585983157 0
  endloop
endfacet
facet normal 0 0 -1
  outer loop
    vertex -16.23321915 13.32225895 0
    vertex -15.55997372 14.10273838 0
    vertex -1.932526112 1.585983157 0
  endloop
endfacet
facet normal 0 0 -1
  outer loop
    vertex -15.55997372 14.10273838 0
    vertex -14.84924221 14.84924221 0
    vertex -1.767766953 1.767766953 0
  endloop
endfacet
facet normal -0 -0 1
  outer loop
    vertex -21 2.571758258e-15 4
    vertex -2.5 3.061616999e-16 4
    vertex -20.97470474 1.030421138 4
  endloop
endfacet
facet normal -0 -0 1
  outer loop
    vertex -20.97470474 1.030421138 4
    vertex -2.487961769 0.2450428456 4
    vertex -20.89888 2.058359861 4
  endloop
endfacet
facet normal -0 -0 1
  outer loop
    vertex -20.89888 2.058359861 4
    vertex -2.487961769 0.2450428456 4
    vertex -20.77270699 3.081340075 4
  endloop
endfacet
facet normal -0 -0 1
  outer loop
    vertex -20.77270699 3.081340075 4
    vertex -2.451963186 0.4877257943 4
    vertex -20.59649086 4.096896648 4
  endloop
endfacet
facet normal -0 -0 1
  outer loop
    vertex -20.59649086 4.096896648 4
    vertex -2.425078154 0.6074504256 4
    vertex -20.37065697 5.102583885 4
  endloop
endfacet
facet normal -0 -0 1
  outer loop
    vertex -20.37065697 5.102583885 4
    vertex -2.392350912 0.7257117033 4
    vertex -20.09574699 6.09597826 4
  endloop
endfacet
facet normal -0 -0 1
  outer loop
    vertex -20.09574699 6.09597826 4
    vertex -2.35386014 0.8422246575 4
    vertex -19.7724247 7.074687004 4
  endloop
endfacet
facet normal -0 -0 1
  outer loop
    vertex -19.7724247 7.074687004 4
    vertex -2.30969882 0.9567086101 4
    vertex -19.40147018 8.036352158 4
  endloop
endfacet
facet normal -0 -0 1
  outer loop
    vertex -19.40147018 8.036352158 4
    vertex -2.259973288 1.068887711 4
    vertex -18.98377609 8.978656769 4
  endloop
endfacet
facet normal -0 -0 1
  outer loop
    vertex -18.98377609 8.978656769 4
    vertex -2.204803228 1.178491831 4
    vertex -18.52034569 9.899331093 4
  endloop
endfacet
facet normal -0 -0 1
  outer loop
    vertex -18.52034569 9.899331093 4
    vertex -2.144321442 1.285256863 4
    vertex -18.01230049 10.79615784 4
  endloop
endfacet
facet normal -0 -0 1
  outer loop
    vertex -18.01230049 10.79615784 4
    vertex -2.078674078 1.388925552 4
    vertex -17.46086121 11.66697502 4
  endloop
endfacet
facet normal -0 -0 1
  outer loop
    vertex -17.46086121 11.66697502 4
    vertex -2.008018732 1.489248276 4
    vertex -16.86735725 12.50968552 4
  endloop
endfacet
facet normal -0 -0 1
  outer loop
    vertex -16.86735725 12.50968552 4
    vertex -1.932526112 1.585983157 4
    vertex -16.23321915 13.32225895 4
  endloop
endfacet
facet normal -0 -0 1
  outer loop
    vertex -16.23321915 13.32225895 4
    vertex -1.852377772 1.678897381 4
    vertex -15.55997372 14.10273838 4
  endloop
endfacet
facet normal -0 -0 1
  outer loop
    vertex -15.55997372 14.10273838 4
    vertex -1.767766953 1.767766953 4
    vertex -14.84924221 14.84924221 4
  endloop
endfacet
facet normal -0.8448533965 0.5349978864 0
  outer loop
    vertex -18.01230049 10.79615784 0
    vertex -17.46086121 11.66697502 4
    vertex -17.46086121 11.66697502 0
  endloop
endfacet
facet normal -0.8175846949 0.5758083593 0
  outer loop
    vertex -17.46086121 11.66697502 0
    vertex -16.86735725 12.50968552 4
    vertex -16.86735725 12.50968552 0
  endloop
endfacet
facet normal -0.788346627 0.6152313351 0
  outer loop
    vertex -16.86735725 12.50968552 0
    vertex -16.23321915 13.32225895 4
    vertex -16.23321915 13.32225895 0
  endloop
endfacet
facet normal -0.7572092099 0.6531724217 0
  outer loop
    vertex -16.23321915 13.32225895 0
    vertex -15.55997372 14.10273838 4
    vertex -15.55997372 14.10273838 0
  endloop
endfacet
facet normal -0.8448533965 0.5349978864 0
  outer loop
    vertex -18.01230049 10.79615784 0
    vertex -18.01230049 10.79615784 4
    vertex -17.46086121 11.66697502 4
  endloop
endfacet
facet normal -0.8175846949 0.5758083593 0
  outer loop
    vertex -17.46086121 11.66697502 0
    vertex -17.46086121 11.66697502 4
    vertex -16.86735725 12.50968552 4
  endloop
endfacet
facet normal -0.788346627 0.6152313351 0
  outer loop
    vertex -16.86735725 12.50968552 0
    vertex -16.86735725 12.50968552 4
    vertex -16.23321915 13.32225895 4
  endloop
endfacet
facet normal -0.7572092099 0.6531724217 0
  outer loop
    vertex -16.23321915 13.32225895 0
    vertex -16.23321915 13.32225895 4
    vertex -15.55997372 14.10273838 4
  endloop
endfacet
facet normal -0.7242467065 0.6895409401 0
  outer loop
    vertex -15.55997372 14.10273838 0
    vertex -14.84924221 14.84924221 4
    vertex -14.84924221 14.84924221 0
  endloop
endfacet
facet normal -0.6895409401 0.7242467065 0
  outer loop
    vertex -14.84924221 14.84924221 0
    vertex -14.10273838 15.55997372 4
    vertex -14.10273838 15.55997372 0
  endloop
endfacet
facet normal 0 0 -1
  outer loop
    vertex -13.32225895 16.23321915 0
    vertex -9.263842583 12.04758739 0
    vertex -9.215456963 11.96217537 0
  endloop
endfacet
facet normal 0 0 -1
  outer loop
    vertex -13.32225895 16.23321915 0
    vertex -9.215456963 11.96217537 0
    vertex -9.162939072 11.87924099 0
  endloop
endfacet
facet normal 0 0 -1
  outer loop
    vertex -13.32225895 16.23321915 0
    vertex -9.162939072 11.87924099 0
    vertex -9.106414795 11.79898262 0
  endloop
endfacet
facet normal 0 0 -1
  outer loop
    vertex -13.32225895 16.23321915 0
    vertex -9.383088112 12.31660175 0
    vertex -9.347759247 12.22501373 0
  endloop
endfacet
facet normal 0 0 -1
  outer loop
    vertex -13.32225895 16.23321915 0
    vertex -9.413880348 12.40981197 0
    vertex -9.383088112 12.31660175 0
  endloop
endfacet
facet normal 0 0 -1
  outer loop
    vertex -13.32225895 16.23321915 0
    vertex -9.440062523 12.50442028 0
    vertex -9.413880348 12.40981197 0
  endloop
endfacet
facet normal 0 0 -1
  outer loop
    vertex -13.32225895 16.23321915 0
    vertex -9.46157074 12.60020065 0
    vertex -9.440062523 12.50442028 0
  endloop
endfacet
facet normal 0 0 -1
  outer loop
    vertex -13.32225895 16.23321915 0
    vertex -9.30797863 12.13527107 0
    vertex -9.263842583 12.04758739 0
  endloop
endfacet
facet normal 0 0 -1
  outer loop
    vertex -13.32225895 16.23321915 0
    vertex -9.347759247 12.22501373 0
    vertex -9.30797863 12.13527107 0
  endloop
endfacet
facet normal 0 0 -1
  outer loop
    vertex -13.32225895 16.23321915 0
    vertex -9.478352547 12.69692039 0
    vertex -9.46157074 12.60020065 0
  endloop
endfacet
facet normal 0 0 -1
  outer loop
    vertex -12.50968552 16.86735725 0
    vertex -9.5 12.99038124 0
    vertex -9.497591019 12.89224529 0
  endloop
endfacet
facet normal 0 -0 -1
  outer loop
    vertex -12.50968552 16.86735725 0
    vertex -9.497591019 13.08851624 0
    vertex -9.5 12.99038124 0
  endloop
endfacet
facet normal 0 0 -1
  outer loop
    vertex -13.32225895 16.23321915 0
    vertex -12.50968552 16.86735725 0
    vertex -9.478352547 12.69692039 0
  endloop
endfacet
facet normal -0.7242467065 0.6895409401 0
  outer loop
    vertex -15.55997372 14.10273838 0
    vertex -15.55997372 14.10273838 4
    vertex -14.84924221 14.84924221 4
  endloop
endfacet
facet normal -0.6895409401 0.7242467065 0
  outer loop
    vertex -14.84924221 14.84924221 0
    vertex -14.84924221 14.84924221 4
    vertex -14.10273838 15.55997372 4
  endloop
endfacet
facet normal -0.6531724217 0.7572092099 0
  outer loop
    vertex -14.10273838 15.55997372 0
    vertex -13.32225895 16.23321915 4
    vertex -13.32225895 16.23321915 0
  endloop
endfacet
facet normal 0 0 -1
  outer loop
    vertex -12.50968552 16.86735725 0
    vertex -11.66697502 17.46086121 0
    vertex -9.30797863 13.84549141 0
  endloop
endfacet
facet normal -0.6152313351 0.788346627 0
  outer loop
    vertex -13.32225895 16.23321915 0
    vertex -12.50968552 16.86735725 4
    vertex -12.50968552 16.86735725 0
  endloop
endfacet
facet normal -0.5758083593 0.8175846949 0
  outer loop
    vertex -12.50968552 16.86735725 0
    vertex -11.66697502 17.46086121 4
    vertex -11.66697502 17.46086121 0
  endloop
endfacet
facet normal -0.5349978864 0.8448533965 0
  outer loop
    vertex -11.66697502 17.46086121 0
    vertex -10.79615784 18.01230049 4
    vertex -10.79615784 18.01230049 0
  endloop
endfacet
facet normal -0.6531724217 0.7572092099 0
  outer loop
    vertex -14.10273838 15.55997372 0
    vertex -14.10273838 15.55997372 4
    vertex -13.32225895 16.23321915 4
  endloop
endfacet
facet normal -0.6152313351 0.788346627 0
  outer loop
    vertex -13.32225895 16.23321915 0
    vertex -13.32225895 16.23321915 4
    vertex -12.50968552 16.86735725 4
  endloop
endfacet
facet normal -0.5758083593 0.8175846949 0
  outer loop
    vertex -12.50968552 16.86735725 0
    vertex -12.50968552 16.86735725 4
    vertex -11.66697502 17.46086121 4
  endloop
endfacet
facet normal -0.5349978864 0.8448533965 0
  outer loop
    vertex -11.66697502 17.46086121 0
    vertex -11.66697502 17.46086121 4
    vertex -10.79615784 18.01230049 4
  endloop
endfacet
facet normal -0 -0 1
  outer loop
    vertex -13.32225895 16.23321915 4
    vertex -9.215456963 11.96217537 4
    vertex -9.263842583 12.04758739 4
  endloop
endfacet
facet normal -0 -0 1
  outer loop
    vertex -13.32225895 16.23321915 4
    vertex -9.162939072 11.87924099 4
    vertex -9.215456963 11.96217537 4
  endloop
endfacet
facet normal -0 -0 1
  outer loop
    vertex -13.32225895 16.23321915 4
    vertex -9.106414795 11.79898262 4
    vertex -9.162939072 11.87924099 4
  endloop
endfacet
facet normal -0 -0 1
  outer loop
    vertex -13.32225895 16.23321915 4
    vertex -9.347759247 12.22501373 4
    vertex -9.383088112 12.31660175 4
  endloop
endfacet
facet normal -0 -0 1
  outer loop
    vertex -13.32225895 16.23321915 4
    vertex -9.383088112 12.31660175 4
    vertex -9.413880348 12.40981197 4
  endloop
endfacet
facet normal -0 -0 1
  outer loop
    vertex -13.32225895 16.23321915 4
    vertex -9.413880348 12.40981197 4
    vertex -9.440062523 12.50442028 4
  endloop
endfacet
facet normal -0 -0 1
  outer loop
    vertex -13.32225895 16.23321915 4
    vertex -9.440062523 12.50442028 4
    vertex -9.46157074 12.60020065 4
  endloop
endfacet
facet normal -0 -0 1
  outer loop
    vertex -13.32225895 16.23321915 4
    vertex -9.263842583 12.04758739 4
    vertex -9.30797863 12.13527107 4
  endloop
endfacet
facet normal -0 -0 1
  outer loop
    vertex -13.32225895 16.23321915 4
    vertex -9.30797863 12.13527107 4
    vertex -9.347759247 12.22501373 4
  endloop
endfacet
facet normal -0 -0 1
  outer loop
    vertex -13.32225895 16.23321915 4
    vertex -9.46157074 12.60020065 4
    vertex -9.478352547 12.69692039 4
  endloop
endfacet
facet normal -0 -0 1
  outer loop
    vertex -13.32225895 16.23321915 4
    vertex -9.478352547 12.69692039 4
    vertex -9.490369797 12.79434681 4
  endloop
endfacet
facet normal -0 -0 1
  outer loop
    vertex -12.50968552 16.86735725 4
    vertex -9.497591019 12.89224529 4
    vertex -9.5 12.99038124 4
  endloop
endfacet
facet normal -0 0 1
  outer loop
    vertex -12.50968552 16.86735725 4
    vertex -9.5 12.99038124 4
    vertex -9.497591019 13.08851624 4
  endloop
endfacet
facet normal -0 -0 1
  outer loop
    vertex -13.32225895 16.23321915 4
    vertex -9.490369797 12.79434681 4
    vertex -12.50968552 16.86735725 4
  endloop
endfacet
facet normal -0 -0 1
  outer loop
    vertex -12.50968552 16.86735725 4
    vertex -9.263842583 13.93317413 4
    vertex -11.66697502 17.46086121 4
  endloop
endfacet
facet normal 0 -0 -1
  outer loop
    vertex -20.97470474 1.030421138 0
    vertex -2.496988535 0.1226691827 0
    vertex -2.5 3.061616999e-16 0
  endloop
endfacet
facet normal 0 -0 -1
  outer loop
    vertex -20.89888 2.058359861 0
    vertex -2.487961769 0.2450428456 0
    vertex -2.496988535 0.1226691827 0
  endloop
endfacet
facet normal 0 -0 -1
  outer loop
    vertex -20.77270699 3.081340075 0
    vertex -2.47294116 0.3668261766 0
    vertex -2.487961769 0.2450428456 0
  endloop
endfacet
facet normal 0 -0 -1
  outer loop
    vertex -20.59649086 4.096896648 0
    vertex -2.451963186 0.4877257943 0
    vertex -2.47294116 0.3668261766 0
  endloop
endfacet
facet normal 0 -0 -1
  outer loop
    vertex -20.59649086 4.096896648 0
    vertex -2.425078154 0.6074504256 0
    vertex -2.451963186 0.4877257943 0
  endloop
endfacet
facet normal 0 -0 -1
  outer loop
    vertex -20.37065697 5.102583885 0
    vertex -2.392350912 0.7257117033 0
    vertex -2.425078154 0.6074504256 0
  endloop
endfacet
facet normal 0 -0 -1
  outer loop
    vertex -19.7724247 7.074687004 0
    vertex -2.35386014 0.8422246575 0
    vertex -2.392350912 0.7257117033 0
  endloop
endfacet
facet normal 0 -0 -1
  outer loop
    vertex -19.40147018 8.036352158 0
    vertex -2.30969882 0.9567086101 0
    vertex -2.35386014 0.8422246575 0
  endloop
endfacet
facet normal 0 -0 -1
  outer loop
    vertex -18.98377609 8.978656769 0
    vertex -2.259973288 1.068887711 0
    vertex -2.30969882 0.9567086101 0
  endloop
endfacet
facet normal 0 -0 -1
  outer loop
    vertex -18.98377609 8.978656769 0
    vertex -2.204803228 1.178491831 0
    vertex -2.259973288 1.068887711 0
  endloop
endfacet
facet normal 0 -0 -1
  outer loop
    vertex -18.01230049 10.79615784 0
    vertex -2.144321442 1.285256863 0
    vertex -2.204803228 1.178491831 0
  endloop
endfacet
facet normal 0 -0 -1
  outer loop
    vertex -18.01230049 10.79615784 0
    vertex -2.078674078 1.388925552 0
    vertex -2.144321442 1.285256863 0
  endloop
endfacet
facet normal 0 -0 -1
  outer loop
    vertex -16.86735725 12.50968552 0
    vertex -2.008018732 1.489248276 0
    vertex -2.078674078 1.388925552 0
  endloop
endfacet
facet normal 0 -0 -1
  outer loop
    vertex -16.86735725 12.50968552 0
    vertex -1.932526112 1.585983157 0
    vertex -2.008018732 1.489248276 0
  endloop
endfacet
facet normal 0 0 -1
  outer loop
    vertex -13.32225895 16.23321915 0
    vertex -9.106414795 11.79898262 0
    vertex -1.585983157 1.932526112 0
  endloop
endfacet
facet normal 0 -0 -1
  outer loop
    vertex -15.55997372 14.10273838 0
    vertex -1.852377772 1.678897381 0
    vertex -1.932526112 1.585983157 0
  endloop
endfacet
facet normal 0 -0 -1
  outer loop
    vertex -15.55997372 14.10273838 0
    vertex -1.767766953 1.767766953 0
    vertex -1.852377772 1.678897381 0
  endloop
endfacet
facet normal 0 -0 -1
  outer loop
    vertex -14.10273838 15.55997372 0
    vertex -1.678897381 1.852377772 0
    vertex -1.767766953 1.767766953 0
  endloop
endfacet
facet normal 0 -0 -1
  outer loop
    vertex -13.32225895 16.23321915 0
    vertex -1.585983157 1.932526112 0
    vertex -1.678897381 1.852377772 0
  endloop
endfacet
facet normal 0 0 -1
  outer loop
    vertex -1.585983157 1.932526112 0
    vertex -9.106414795 11.79898262 0
    vertex -9.046020508 11.72159481 0
  endloop
endfacet
facet normal 0 0 -1
  outer loop
    vertex -1.585983157 1.932526112 0
    vertex -8.611140251 11.32744217 0
    vertex -8.528205872 11.27492428 0
  endloop
endfacet
facet normal 0 0 -1
  outer loop
    vertex -1.585983157 1.932526112 0
    vertex -8.914213181 11.57616711 0
    vertex -8.843117714 11.50847912 0
  endloop
endfacet
facet normal 0 0 -1
  outer loop
    vertex -1.585983157 1.932526112 0
    vertex -8.843117714 11.50847912 0
    vertex -8.76878643 11.44435978 0
  endloop
endfacet
facet normal 0 0 -1
  outer loop
    vertex -1.585983157 1.932526112 0
    vertex -9.046020508 11.72159481 0
    vertex -8.981902122 11.64726353 0
  endloop
endfacet
facet normal 0 0 -1
  outer loop
    vertex -1.585983157 1.932526112 0
    vertex -8.981902122 11.64726353 0
    vertex -8.914213181 11.57616711 0
  endloop
endfacet
facet normal 0 0 -1
  outer loop
    vertex -1.585983157 1.932526112 0
    vertex -8.76878643 11.44435978 0
    vertex -8.691398621 11.38396645 0
  endloop
endfacet
facet normal 0 0 -1
  outer loop
    vertex -1.585983157 1.932526112 0
    vertex -8.691398621 11.38396645 0
    vertex -8.611140251 11.32744217 0
  endloop
endfacet
facet normal 0 0 -1
  outer loop
    vertex -1.585983157 1.932526112 0
    vertex -8.528205872 11.27492428 0
    vertex -8.442793846 11.22653866 0
  endloop
endfacet
facet normal 0 0 -1
  outer loop
    vertex -1.585983157 1.932526112 0
    vertex -8.442793846 11.22653866 0
    vertex -8.355110168 11.18240261 0
  endloop
endfacet
facet normal 0 0 -1
  outer loop
    vertex -1.585983157 1.932526112 0
    vertex -8.355110168 11.18240261 0
    vertex -8.265366554 11.14262199 0
  endloop
endfacet
facet normal 0 0 -1
  outer loop
    vertex -1.489248276 2.008018732 0
    vertex -8.265366554 11.14262199 0
    vertex -8.173779488 11.10729313 0
  endloop
endfacet
facet normal 0 0 -1
  outer loop
    vertex -1.489248276 2.008018732 0
    vertex -8.173779488 11.10729313 0
    vertex -8.080569267 11.07649994 0
  endloop
endfacet
facet normal 0 0 -1
  outer loop
    vertex -1.489248276 2.008018732 0
    vertex -7.985960484 11.05031872 0
    vertex -7.890180588 11.0288105 0
  endloop
endfacet
facet normal 0 0 -1
  outer loop
    vertex -1.489248276 2.008018732 0
    vertex -8.080569267 11.07649994 0
    vertex -7.985960484 11.05031872 0
  endloop
endfacet
facet normal 0 0 -1
  outer loop
    vertex -1.489248276 2.008018732 0
    vertex -7.890180588 11.0288105 0
    vertex -7.793460846 11.01202774 0
  endloop
endfacet
facet normal 0 0 -1
  outer loop
    vertex -1.489248276 2.008018732 0
    vertex -7.793460846 11.01202774 0
    vertex -7.696034431 11.00001144 0
  endloop
endfacet
facet normal 0 0 -1
  outer loop
    vertex -1.489248276 2.008018732 0
    vertex -7.696034431 11.00001144 0
    vertex -7.598135471 10.99279022 0
  endloop
endfacet
facet normal 0 0 -1
  outer loop
    vertex -1.489248276 2.008018732 0
    vertex -7.598135471 10.99279022 0
    vertex -7.5 10.99038124 0
  endloop
endfacet
facet normal 0 0 -1
  outer loop
    vertex -1.489248276 2.008018732 0
    vertex -7.5 10.99038124 0
    vertex -7.401864529 10.99279022 0
  endloop
endfacet
facet normal 0 0 -1
  outer loop
    vertex -1.489248276 2.008018732 0
    vertex -7.401864529 10.99279022 0
    vertex -7.303965569 11.00001144 0
  endloop
endfacet
facet normal 0 0 -1
  outer loop
    vertex -1.388925552 2.078674078 0
    vertex -7.303965569 11.00001144 0
    vertex -7.206539154 11.01202774 0
  endloop
endfacet
facet normal 0 0 -1
  outer loop
    vertex -1.585983157 1.932526112 0
    vertex -8.265366554 11.14262199 0
    vertex -1.489248276 2.008018732 0
  endloop
endfacet
facet normal 0 0 -1
  outer loop
    vertex -1.489248276 2.008018732 0
    vertex -7.303965569 11.00001144 0
    vertex -1.388925552 2.078674078 0
  endloop
endfacet
facet normal 0 0 -1
  outer loop
    vertex -1.388925552 2.078674078 0
    vertex -6.644889832 11.18240261 0
    vertex -1.285256863 2.144321442 0
  endloop
endfacet
facet normal 0.9996987976 -0.0245420891 0
  outer loop
    vertex -2.5 3.061616999e-16 0
    vertex -2.496988535 0.1226691827 0
    vertex -2.496988535 0.1226691827 4
  endloop
endfacet
facet normal 0.9972904913 -0.07356409468 0
  outer loop
    vertex -2.496988535 0.1226691827 0
    vertex -2.487961769 0.2450428456 0
    vertex -2.487961769 0.2450428456 4
  endloop
endfacet
facet normal 0.9924794676 -0.1224112183 0
  outer loop
    vertex -2.487961769 0.2450428456 0
    vertex -2.47294116 0.3668261766 0
    vertex -2.47294116 0.3668261766 4
  endloop
endfacet
facet normal 0.9852777793 -0.1709610996 0
  outer loop
    vertex -2.47294116 0.3668261766 0
    vertex -2.451963186 0.4877257943 0
    vertex -2.451963186 0.4877257943 4
  endloop
endfacet
facet normal 0.9757021864 -0.2191009891 0
  outer loop
    vertex -2.451963186 0.4877257943 0
    vertex -2.425078154 0.6074504256 0
    vertex -2.425078154 0.6074504256 4
  endloop
endfacet
facet normal 0.9637761949 -0.2667122909 0
  outer loop
    vertex -2.425078154 0.6074504256 0
    vertex -2.392350912 0.7257117033 0
    vertex -2.392350912 0.7257117033 4
  endloop
endfacet
facet normal 0.949527959 -0.3136824111 0
  outer loop
    vertex -2.392350912 0.7257117033 0
    vertex -2.35386014 0.8422246575 0
    vertex -2.35386014 0.8422246575 4
  endloop
endfacet
facet normal 0.9329928369 -0.3598949379 0
  outer loop
    vertex -2.35386014 0.8422246575 0
    vertex -2.30969882 0.9567086101 0
    vertex -2.30969882 0.9567086101 4
  endloop
endfacet
facet normal 0.914209885 -0.4052410223 0
  outer loop
    vertex -2.30969882 0.9567086101 0
    vertex -2.259973288 1.068887711 0
    vertex -2.259973288 1.068887711 4
  endloop
endfacet
facet normal 0.8932243623 -0.4496112084 0
  outer loop
    vertex -2.259973288 1.068887711 0
    vertex -2.204803228 1.178491831 0
    vertex -2.204803228 1.178491831 4
  endloop
endfacet
facet normal 0.8700864904 -0.4928990761 0
  outer loop
    vertex -2.204803228 1.178491831 0
    vertex -2.144321442 1.285256863 0
    vertex -2.144321442 1.285256863 4
  endloop
endfacet
facet normal 0.8448539708 -0.5349969794 0
  outer loop
    vertex -2.144321442 1.285256863 0
    vertex -2.078674078 1.388925552 0
    vertex -2.078674078 1.388925552 4
  endloop
endfacet
facet normal 0.817584382 -0.5758088036 0
  outer loop
    vertex -2.078674078 1.388925552 0
    vertex -2.008018732 1.489248276 0
    vertex -2.008018732 1.489248276 4
  endloop
endfacet
facet normal 0.7883465143 -0.6152314795 0
  outer loop
    vertex -2.008018732 1.489248276 0
    vertex -1.932526112 1.585983157 0
    vertex -1.932526112 1.585983157 4
  endloop
endfacet
facet normal 0.7572089322 -0.6531727436 0
  outer loop
    vertex -1.932526112 1.585983157 0
    vertex -1.852377772 1.678897381 0
    vertex -1.852377772 1.678897381 4
  endloop
endfacet
facet normal 0.7242472708 -0.6895403474 0
  outer loop
    vertex -1.852377772 1.678897381 0
    vertex -1.767766953 1.767766953 0
    vertex -1.767766953 1.767766953 4
  endloop
endfacet
facet normal 0.6895403474 -0.7242472708 0
  outer loop
    vertex -1.767766953 1.767766953 0
    vertex -1.678897381 1.852377772 0
    vertex -1.678897381 1.852377772 4
  endloop
endfacet
facet normal 0.6531727436 -0.7572089322 0
  outer loop
    vertex -1.678897381 1.852377772 0
    vertex -1.585983157 1.932526112 0
    vertex -1.585983157 1.932526112 4
  endloop
endfacet
facet normal 0.6152314795 -0.7883465143 0
  outer loop
    vertex -1.585983157 1.932526112 0
    vertex -1.489248276 2.008018732 0
    vertex -1.489248276 2.008018732 4
  endloop
endfacet
facet normal 0.5758088036 -0.817584382 0
  outer loop
    vertex -1.489248276 2.008018732 0
    vertex -1.388925552 2.078674078 0
    vertex -1.388925552 2.078674078 4
  endloop
endfacet
facet normal 0.5349969794 -0.8448539708 0
  outer loop
    vertex -1.388925552 2.078674078 0
    vertex -1.285256863 2.144321442 0
    vertex -1.285256863 2.144321442 4
  endloop
endfacet
facet normal 0.4928990761 -0.8700864904 0
  outer loop
    vertex -1.285256863 2.144321442 0
    vertex -1.178491831 2.204803228 0
    vertex -1.178491831 2.204803228 4
  endloop
endfacet
facet normal 0.4496112084 -0.8932243623 0
  outer loop
    vertex -1.178491831 2.204803228 0
    vertex -1.068887711 2.259973288 0
    vertex -1.068887711 2.259973288 4
  endloop
endfacet
facet normal 0.4052410223 -0.914209885 0
  outer loop
    vertex -1.068887711 2.259973288 0
    vertex -0.9567086101 2.30969882 0
    vertex -0.9567086101 2.30969882 4
  endloop
endfacet
facet normal 0.3598949379 -0.9329928369 0
  outer loop
    vertex -0.9567086101 2.30969882 0
    vertex -0.8422246575 2.35386014 0
    vertex -0.8422246575 2.35386014 4
  endloop
endfacet
facet normal 0.3136824111 -0.949527959 0
  outer loop
    vertex -0.8422246575 2.35386014 0
    vertex -0.7257117033 2.392350912 0
    vertex -0.7257117033 2.392350912 4
  endloop
endfacet
facet normal 0.2667122909 -0.9637761949 0
  outer loop
    vertex -0.7257117033 2.392350912 0
    vertex -0.6074504256 2.425078154 0
    vertex -0.6074504256 2.425078154 4
  endloop
endfacet
facet normal 0.2191009891 -0.9757021864 0
  outer loop
    vertex -0.6074504256 2.425078154 0
    vertex -0.4877257943 2.451963186 0
    vertex -0.4877257943 2.451963186 4
  endloop
endfacet
facet normal 0.1709610996 -0.9852777793 0
  outer loop
    vertex -0.4877257943 2.451963186 0
    vertex -0.3668261766 2.47294116 0
    vertex -0.3668261766 2.47294116 4
  endloop
endfacet
facet normal 0.1224112183 -0.9924794676 0
  outer loop
    vertex -0.3668261766 2.47294116 0
    vertex -0.2450428456 2.487961769 0
    vertex -0.2450428456 2.487961769 4
  endloop
endfacet
facet normal 0.07356409468 -0.9972904913 0
  outer loop
    vertex -0.2450428456 2.487961769 0
    vertex -0.1226691827 2.496988535 0
    vertex -0.1226691827 2.496988535 4
  endloop
endfacet
facet normal 0.0245420891 -0.9996987976 0
  outer loop
    vertex -0.1226691827 2.496988535 0
    vertex 1.5308085e-16 2.5 0
    vertex 1.5308085e-16 2.5 4
  endloop
endfacet
facet normal 0.9996987976 -0.0245420891 0
  outer loop
    vertex -2.5 3.061616999e-16 0
    vertex -2.496988535 0.1226691827 4
    vertex -2.5 3.061616999e-16 4
  endloop
endfacet
facet normal 0.9972904913 -0.07356409468 0
  outer loop
    vertex -2.496988535 0.1226691827 0
    vertex -2.487961769 0.2450428456 4
    vertex -2.496988535 0.1226691827 4
  endloop
endfacet
facet normal 0.9924794676 -0.1224112183 0
  outer loop
    vertex -2.487961769 0.2450428456 0
    vertex -2.47294116 0.3668261766 4
    vertex -2.487961769 0.2450428456 4
  endloop
endfacet
facet normal 0.9852777793 -0.1709610996 0
  outer loop
    vertex -2.47294116 0.3668261766 0
    vertex -2.451963186 0.4877257943 4
    vertex -2.47294116 0.3668261766 4
  endloop
endfacet
facet normal 0.9757021864 -0.2191009891 0
  outer loop
    vertex -2.451963186 0.4877257943 0
    vertex -2.425078154 0.6074504256 4
    vertex -2.451963186 0.4877257943 4
  endloop
endfacet
facet normal 0.9637761949 -0.2667122909 0
  outer loop
    vertex -2.425078154 0.6074504256 0
    vertex -2.392350912 0.7257117033 4
    vertex -2.425078154 0.6074504256 4
  endloop
endfacet
facet normal 0.949527959 -0.3136824111 0
  outer loop
    vertex -2.392350912 0.7257117033 0
    vertex -2.35386014 0.8422246575 4
    vertex -2.392350912 0.7257117033 4
  endloop
endfacet
facet normal 0.9329928369 -0.3598949379 0
  outer loop
    vertex -2.35386014 0.8422246575 0
    vertex -2.30969882 0.9567086101 4
    vertex -2.35386014 0.8422246575 4
  endloop
endfacet
facet normal 0.914209885 -0.4052410223 0
  outer loop
    vertex -2.30969882 0.9567086101 0
    vertex -2.259973288 1.068887711 4
    vertex -2.30969882 0.9567086101 4
  endloop
endfacet
facet normal 0.8932243623 -0.4496112084 0
  outer loop
    vertex -2.259973288 1.068887711 0
    vertex -2.204803228 1.178491831 4
    vertex -2.259973288 1.068887711 4
  endloop
endfacet
facet normal 0.8700864904 -0.4928990761 0
  outer loop
    vertex -2.204803228 1.178491831 0
    vertex -2.144321442 1.285256863 4
    vertex -2.204803228 1.178491831 4
  endloop
endfacet
facet normal 0.8448539708 -0.5349969794 0
  outer loop
    vertex -2.144321442 1.285256863 0
    vertex -2.078674078 1.388925552 4
    vertex -2.144321442 1.285256863 4
  endloop
endfacet
facet normal 0.817584382 -0.5758088036 0
  outer loop
    vertex -2.078674078 1.388925552 0
    vertex -2.008018732 1.489248276 4
    vertex -2.078674078 1.388925552 4
  endloop
endfacet
facet normal 0.7883465143 -0.6152314795 0
  outer loop
    vertex -2.008018732 1.489248276 0
    vertex -1.932526112 1.585983157 4
    vertex -2.008018732 1.489248276 4
  endloop
endfacet
facet normal 0.7572089322 -0.6531727436 0
  outer loop
    vertex -1.932526112 1.585983157 0
    vertex -1.852377772 1.678897381 4
    vertex -1.932526112 1.585983157 4
  endloop
endfacet
facet normal 0.7242472708 -0.6895403474 0
  outer loop
    vertex -1.852377772 1.678897381 0
    vertex -1.767766953 1.767766953 4
    vertex -1.852377772 1.678897381 4
  endloop
endfacet
facet normal 0.6895403474 -0.7242472708 0
  outer loop
    vertex -1.767766953 1.767766953 0
    vertex -1.678897381 1.852377772 4
    vertex -1.767766953 1.767766953 4
  endloop
endfacet
facet normal 0.6531727436 -0.7572089322 0
  outer loop
    vertex -1.678897381 1.852377772 0
    vertex -1.585983157 1.932526112 4
    vertex -1.678897381 1.852377772 4
  endloop
endfacet
facet normal 0.6152314795 -0.7883465143 0
  outer loop
    vertex -1.585983157 1.932526112 0
    vertex -1.489248276 2.008018732 4
    vertex -1.585983157 1.932526112 4
  endloop
endfacet
facet normal 0.5758088036 -0.817584382 0
  outer loop
    vertex -1.489248276 2.008018732 0
    vertex -1.388925552 2.078674078 4
    vertex -1.489248276 2.008018732 4
  endloop
endfacet
facet normal 0.5349969794 -0.8448539708 0
  outer loop
    vertex -1.388925552 2.078674078 0
    vertex -1.285256863 2.144321442 4
    vertex -1.388925552 2.078674078 4
  endloop
endfacet
facet normal 0.4928990761 -0.8700864904 0
  outer loop
    vertex -1.285256863 2.144321442 0
    vertex -1.178491831 2.204803228 4
    vertex -1.285256863 2.144321442 4
  endloop
endfacet
facet normal 0.4496112084 -0.8932243623 0
  outer loop
    vertex -1.178491831 2.204803228 0
    vertex -1.068887711 2.259973288 4
    vertex -1.178491831 2.204803228 4
  endloop
endfacet
facet normal 0.4052410223 -0.914209885 0
  outer loop
    vertex -1.068887711 2.259973288 0
    vertex -0.9567086101 2.30969882 4
    vertex -1.068887711 2.259973288 4
  endloop
endfacet
facet normal 0.3598949379 -0.9329928369 0
  outer loop
    vertex -0.9567086101 2.30969882 0
    vertex -0.8422246575 2.35386014 4
    vertex -0.9567086101 2.30969882 4
  endloop
endfacet
facet normal 0.3136824111 -0.949527959 0
  outer loop
    vertex -0.8422246575 2.35386014 0
    vertex -0.7257117033 2.392350912 4
    vertex -0.8422246575 2.35386014 4
  endloop
endfacet
facet normal 0.2667122909 -0.9637761949 0
  outer loop
    vertex -0.7257117033 2.392350912 0
    vertex -0.6074504256 2.425078154 4
    vertex -0.7257117033 2.392350912 4
  endloop
endfacet
facet normal 0.2191009891 -0.9757021864 0
  outer loop
    vertex -0.6074504256 2.425078154 0
    vertex -0.4877257943 2.451963186 4
    vertex -0.6074504256 2.425078154 4
  endloop
endfacet
facet normal 0.1709610996 -0.9852777793 0
  outer loop
    vertex -0.4877257943 2.451963186 0
    vertex -0.3668261766 2.47294116 4
    vertex -0.4877257943 2.451963186 4
  endloop
endfacet
facet normal 0.1224112183 -0.9924794676 0
  outer loop
    vertex -0.3668261766 2.47294116 0
    vertex -0.2450428456 2.487961769 4
    vertex -0.3668261766 2.47294116 4
  endloop
endfacet
facet normal 0.07356409468 -0.9972904913 0
  outer loop
    vertex -0.2450428456 2.487961769 0
    vertex -0.1226691827 2.496988535 4
    vertex -0.2450428456 2.487961769 4
  endloop
endfacet
facet normal 0.0245420891 -0.9996987976 0
  outer loop
    vertex -0.1226691827 2.496988535 0
    vertex 1.5308085e-16 2.5 4
    vertex -0.1226691827 2.496988535 4
  endloop
endfacet
facet normal 0 0 -1
  outer loop
    vertex -1.285256863 2.144321442 0
    vertex -6.156882286 11.50847912 0
    vertex -1.178491831 2.204803228 0
  endloop
endfacet
facet normal 0 0 -1
  outer loop
    vertex -1.178491831 2.204803228 0
    vertex -5.736157417 12.04758739 0
    vertex -1.068887711 2.259973288 0
  endloop
endfacet
facet normal 0 0 -1
  outer loop
    vertex -1.388925552 2.078674078 0
    vertex -7.206539154 11.01202774 0
    vertex -7.109819412 11.0288105 0
  endloop
endfacet
facet normal 0 0 -1
  outer loop
    vertex -1.388925552 2.078674078 0
    vertex -7.109819412 11.0288105 0
    vertex -7.014039516 11.05031872 0
  endloop
endfacet
facet normal 0 0 -1
  outer loop
    vertex -1.388925552 2.078674078 0
    vertex -7.014039516 11.05031872 0
    vertex -6.919430733 11.07649994 0
  endloop
endfacet
facet normal 0 0 -1
  outer loop
    vertex -1.388925552 2.078674078 0
    vertex -6.919430733 11.07649994 0
    vertex -6.826220512 11.10729313 0
  endloop
endfacet
facet normal 0 0 -1
  outer loop
    vertex -1.388925552 2.078674078 0
    vertex -6.826220512 11.10729313 0
    vertex -6.734632969 11.14262199 0
  endloop
endfacet
facet normal 0 0 -1
  outer loop
    vertex -1.388925552 2.078674078 0
    vertex -6.734632969 11.14262199 0
    vertex -6.644889832 11.18240261 0
  endloop
endfacet
facet normal 0 0 -1
  outer loop
    vertex -1.285256863 2.144321442 0
    vertex -6.644889832 11.18240261 0
    vertex -6.557206631 11.22653866 0
  endloop
endfacet
facet normal 0 0 -1
  outer loop
    vertex -1.285256863 2.144321442 0
    vertex -6.557206631 11.22653866 0
    vertex -6.471794605 11.27492428 0
  endloop
endfacet
facet normal 0 0 -1
  outer loop
    vertex -1.285256863 2.144321442 0
    vertex -6.471794605 11.27492428 0
    vertex -6.388859749 11.32744217 0
  endloop
endfacet
facet normal 0 0 -1
  outer loop
    vertex -1.285256863 2.144321442 0
    vertex -6.388859749 11.32744217 0
    vertex -6.308601379 11.38396645 0
  endloop
endfacet
facet normal 0 0 -1
  outer loop
    vertex -1.285256863 2.144321442 0
    vertex -6.308601379 11.38396645 0
    vertex -6.23121357 11.44435978 0
  endloop
endfacet
facet normal 0 0 -1
  outer loop
    vertex -1.285256863 2.144321442 0
    vertex -6.23121357 11.44435978 0
    vertex -6.156882286 11.50847912 0
  endloop
endfacet
facet normal 0 0 -1
  outer loop
    vertex -1.178491831 2.204803228 0
    vertex -6.156882286 11.50847912 0
    vertex -6.085786343 11.57616711 0
  endloop
endfacet
facet normal 0 0 -1
  outer loop
    vertex -1.178491831 2.204803228 0
    vertex -6.085786343 11.57616711 0
    vertex -6.018097878 11.64726353 0
  endloop
endfacet
facet normal 0 0 -1
  outer loop
    vertex -1.178491831 2.204803228 0
    vertex -6.018097878 11.64726353 0
    vertex -5.953979015 11.72159481 0
  endloop
endfacet
facet normal 0 0 -1
  outer loop
    vertex -1.178491831 2.204803228 0
    vertex -5.953979015 11.72159481 0
    vertex -5.893584728 11.79898262 0
  endloop
endfacet
facet normal 0 0 -1
  outer loop
    vertex -1.178491831 2.204803228 0
    vertex -5.893584728 11.79898262 0
    vertex -5.837060928 11.87924099 0
  endloop
endfacet
facet normal 0 0 -1
  outer loop
    vertex -1.178491831 2.204803228 0
    vertex -5.837060928 11.87924099 0
    vertex -5.784542561 11.96217537 0
  endloop
endfacet
facet normal 0 0 -1
  outer loop
    vertex -1.178491831 2.204803228 0
    vertex -5.784542561 11.96217537 0
    vertex -5.736157417 12.04758739 0
  endloop
endfacet
facet normal 0 0 -1
  outer loop
    vertex -1.068887711 2.259973288 0
    vertex -5.736157417 12.04758739 0
    vertex -5.69202137 12.13527107 0
  endloop
endfacet
facet normal 0 0 -1
  outer loop
    vertex -1.068887711 2.259973288 0
    vertex -5.69202137 12.13527107 0
    vertex -5.652240753 12.22501373 0
  endloop
endfacet
facet normal 0 0 -1
  outer loop
    vertex -1.068887711 2.259973288 0
    vertex -5.652240753 12.22501373 0
    vertex -5.616911888 12.31660175 0
  endloop
endfacet
facet normal 0 0 -1
  outer loop
    vertex -1.068887711 2.259973288 0
    vertex -5.616911888 12.31660175 0
    vertex -5.586119175 12.40981197 0
  endloop
endfacet
facet normal 0 0 -1
  outer loop
    vertex -1.068887711 2.259973288 0
    vertex -5.586119175 12.40981197 0
    vertex -5.559937477 12.50442028 0
  endloop
endfacet
facet normal 0 0 -1
  outer loop
    vertex -1.068887711 2.259973288 0
    vertex -5.559937477 12.50442028 0
    vertex -5.53842926 12.60020065 0
  endloop
endfacet
facet normal 0 0 -1
  outer loop
    vertex -1.068887711 2.259973288 0
    vertex -5.53842926 12.60020065 0
    vertex -5.521646976 12.69692039 0
  endloop
endfacet
facet normal 0 0 -1
  outer loop
    vertex -1.068887711 2.259973288 0
    vertex -5.521646976 12.69692039 0
    vertex -5.50963068 12.79434681 0
  endloop
endfacet
facet normal 0 0 -1
  outer loop
    vertex -1.068887711 2.259973288 0
    vertex -5.50963068 12.79434681 0
    vertex -5.502408981 12.89224529 0
  endloop
endfacet
facet normal 0 0 -1
  outer loop
    vertex -1.068887711 2.259973288 0
    vertex -5.502408981 12.89224529 0
    vertex -5.5 12.99038124 0
  endloop
endfacet
facet normal 0 0 -1
  outer loop
    vertex -1.068887711 2.259973288 0
    vertex -5.5 12.99038124 0
    vertex -5.502408981 13.08851624 0
  endloop
endfacet
facet normal 0 0 -1
  outer loop
    vertex -1.068887711 2.259973288 0
    vertex -5.502408981 13.08851624 0
    vertex -5.50963068 13.18641567 0
  endloop
endfacet
facet normal 0 0 -1
  outer loop
    vertex -0.9567086101 2.30969882 0
    vertex -5.50963068 13.18641567 0
    vertex -5.521646976 13.28384209 0
  endloop
endfacet
facet normal 0 0 -1
  outer loop
    vertex -0.9567086101 2.30969882 0
    vertex -5.521646976 13.28384209 0
    vertex -5.53842926 13.38056183 0
  endloop
endfacet
facet normal 0 0 -1
  outer loop
    vertex -0.9567086101 2.30969882 0
    vertex -5.559937477 13.47634125 0
    vertex -5.586119175 13.57095051 0
  endloop
endfacet
facet normal 0 0 -1
  outer loop
    vertex -0.9567086101 2.30969882 0
    vertex -5.53842926 13.38056183 0
    vertex -5.559937477 13.47634125 0
  endloop
endfacet
facet normal 0 0 -1
  outer loop
    vertex -0.9567086101 2.30969882 0
    vertex -5.616911888 13.66416073 0
    vertex -5.652240753 13.7557478 0
  endloop
endfacet
facet normal 0 0 -1
  outer loop
    vertex -0.9567086101 2.30969882 0
    vertex -5.586119175 13.57095051 0
    vertex -5.616911888 13.66416073 0
  endloop
endfacet
facet normal 0 0 -1
  outer loop
    vertex -0.9567086101 2.30969882 0
    vertex -7.074687004 19.7724247 0
    vertex -0.8422246575 2.35386014 0
  endloop
endfacet
facet normal 0 0 -1
  outer loop
    vertex -1.068887711 2.259973288 0
    vertex -5.50963068 13.18641567 0
    vertex -0.9567086101 2.30969882 0
  endloop
endfacet
facet normal 0 0 -1
  outer loop
    vertex -0.8422246575 2.35386014 0
    vertex -6.09597826 20.09574699 0
    vertex -0.7257117033 2.392350912 0
  endloop
endfacet
facet normal 0 0 -1
  outer loop
    vertex -0.7257117033 2.392350912 0
    vertex -5.102583885 20.37065697 0
    vertex -0.6074504256 2.425078154 0
  endloop
endfacet
facet normal 0 0 -1
  outer loop
    vertex -0.6074504256 2.425078154 0
    vertex -4.096896648 20.59649086 0
    vertex -0.4877257943 2.451963186 0
  endloop
endfacet
facet normal 0 0 -1
  outer loop
    vertex -0.4877257943 2.451963186 0
    vertex -3.081340075 20.77270699 0
    vertex -0.3668261766 2.47294116 0
  endloop
endfacet
facet normal 0 0 -1
  outer loop
    vertex -0.3668261766 2.47294116 0
    vertex -3.081340075 20.77270699 0
    vertex -0.2450428456 2.487961769 0
  endloop
endfacet
facet normal 0 0 -1
  outer loop
    vertex -0.2450428456 2.487961769 0
    vertex -1.030421138 20.97470474 0
    vertex -0.1226691827 2.496988535 0
  endloop
endfacet
facet normal 0 0 -1
  outer loop
    vertex -0.1226691827 2.496988535 0
    vertex -1.030421138 20.97470474 0
    vertex 1.5308085e-16 2.5 0
  endloop
endfacet
facet normal -0 0 1
  outer loop
    vertex -20.97470474 1.030421138 4
    vertex -2.5 3.061616999e-16 4
    vertex -2.496988535 0.1226691827 4
  endloop
endfacet
facet normal -0 0 1
  outer loop
    vertex -20.97470474 1.030421138 4
    vertex -2.496988535 0.1226691827 4
    vertex -2.487961769 0.2450428456 4
  endloop
endfacet
facet normal -0 0 1
  outer loop
    vertex -20.77270699 3.081340075 4
    vertex -2.487961769 0.2450428456 4
    vertex -2.47294116 0.3668261766 4
  endloop
endfacet
facet normal -0 0 1
  outer loop
    vertex -20.77270699 3.081340075 4
    vertex -2.47294116 0.3668261766 4
    vertex -2.451963186 0.4877257943 4
  endloop
endfacet
facet normal -0 0 1
  outer loop
    vertex -20.59649086 4.096896648 4
    vertex -2.451963186 0.4877257943 4
    vertex -2.425078154 0.6074504256 4
  endloop
endfacet
facet normal -0 0 1
  outer loop
    vertex -20.37065697 5.102583885 4
    vertex -2.425078154 0.6074504256 4
    vertex -2.392350912 0.7257117033 4
  endloop
endfacet
facet normal -0 0 1
  outer loop
    vertex -20.09574699 6.09597826 4
    vertex -2.392350912 0.7257117033 4
    vertex -2.35386014 0.8422246575 4
  endloop
endfacet
facet normal -0 0 1
  outer loop
    vertex -19.7724247 7.074687004 4
    vertex -2.35386014 0.8422246575 4
    vertex -2.30969882 0.9567086101 4
  endloop
endfacet
facet normal -0 0 1
  outer loop
    vertex -19.40147018 8.036352158 4
    vertex -2.30969882 0.9567086101 4
    vertex -2.259973288 1.068887711 4
  endloop
endfacet
facet normal -0 0 1
  outer loop
    vertex -18.98377609 8.978656769 4
    vertex -2.259973288 1.068887711 4
    vertex -2.204803228 1.178491831 4
  endloop
endfacet
facet normal -0 0 1
  outer loop
    vertex -18.52034569 9.899331093 4
    vertex -2.204803228 1.178491831 4
    vertex -2.144321442 1.285256863 4
  endloop
endfacet
facet normal -0 0 1
  outer loop
    vertex -18.01230049 10.79615784 4
    vertex -2.144321442 1.285256863 4
    vertex -2.078674078 1.388925552 4
  endloop
endfacet
facet normal -0 0 1
  outer loop
    vertex -17.46086121 11.66697502 4
    vertex -2.078674078 1.388925552 4
    vertex -2.008018732 1.489248276 4
  endloop
endfacet
facet normal -0 0 1
  outer loop
    vertex -16.86735725 12.50968552 4
    vertex -2.008018732 1.489248276 4
    vertex -1.932526112 1.585983157 4
  endloop
endfacet
facet normal -0 -0 1
  outer loop
    vertex -13.32225895 16.23321915 4
    vertex -1.585983157 1.932526112 4
    vertex -9.106414795 11.79898262 4
  endloop
endfacet
facet normal -0 0 1
  outer loop
    vertex -16.23321915 13.32225895 4
    vertex -1.932526112 1.585983157 4
    vertex -1.852377772 1.678897381 4
  endloop
endfacet
facet normal -0 0 1
  outer loop
    vertex -15.55997372 14.10273838 4
    vertex -1.852377772 1.678897381 4
    vertex -1.767766953 1.767766953 4
  endloop
endfacet
facet normal -0 0 1
  outer loop
    vertex -14.10273838 15.55997372 4
    vertex -1.767766953 1.767766953 4
    vertex -1.678897381 1.852377772 4
  endloop
endfacet
facet normal -0 0 1
  outer loop
    vertex -14.10273838 15.55997372 4
    vertex -1.678897381 1.852377772 4
    vertex -1.585983157 1.932526112 4
  endloop
endfacet
facet normal 0 0 1
  outer loop
    vertex -1.585983157 1.932526112 4
    vertex -9.046020508 11.72159481 4
    vertex -9.106414795 11.79898262 4
  endloop
endfacet
facet normal 0 0 1
  outer loop
    vertex -1.585983157 1.932526112 4
    vertex -8.528205872 11.27492428 4
    vertex -8.611140251 11.32744217 4
  endloop
endfacet
facet normal 0 0 1
  outer loop
    vertex -1.585983157 1.932526112 4
    vertex -8.843117714 11.50847912 4
    vertex -8.914213181 11.57616711 4
  endloop
endfacet
facet normal 0 0 1
  outer loop
    vertex -1.585983157 1.932526112 4
    vertex -8.76878643 11.44435978 4
    vertex -8.843117714 11.50847912 4
  endloop
endfacet
facet normal 0 0 1
  outer loop
    vertex -1.585983157 1.932526112 4
    vertex -8.981902122 11.64726353 4
    vertex -9.046020508 11.72159481 4
  endloop
endfacet
facet normal 0 0 1
  outer loop
    vertex -1.585983157 1.932526112 4
    vertex -8.914213181 11.57616711 4
    vertex -8.981902122 11.64726353 4
  endloop
endfacet
facet normal 0 0 1
  outer loop
    vertex -1.585983157 1.932526112 4
    vertex -8.691398621 11.38396645 4
    vertex -8.76878643 11.44435978 4
  endloop
endfacet
facet normal 0 0 1
  outer loop
    vertex -1.585983157 1.932526112 4
    vertex -8.611140251 11.32744217 4
    vertex -8.691398621 11.38396645 4
  endloop
endfacet
facet normal 0 0 1
  outer loop
    vertex -1.585983157 1.932526112 4
    vertex -8.442793846 11.22653866 4
    vertex -8.528205872 11.27492428 4
  endloop
endfacet
facet normal 0 0 1
  outer loop
    vertex -1.585983157 1.932526112 4
    vertex -8.355110168 11.18240261 4
    vertex -8.442793846 11.22653866 4
  endloop
endfacet
facet normal 0 0 1
  outer loop
    vertex -1.585983157 1.932526112 4
    vertex -8.265366554 11.14262199 4
    vertex -8.355110168 11.18240261 4
  endloop
endfacet
facet normal 0 0 1
  outer loop
    vertex -1.388925552 2.078674078 4
    vertex -8.173779488 11.10729313 4
    vertex -8.265366554 11.14262199 4
  endloop
endfacet
facet normal 0 0 1
  outer loop
    vertex -1.388925552 2.078674078 4
    vertex -8.080569267 11.07649994 4
    vertex -8.173779488 11.10729313 4
  endloop
endfacet
facet normal 0 0 1
  outer loop
    vertex -1.388925552 2.078674078 4
    vertex -7.985960484 11.05031872 4
    vertex -8.080569267 11.07649994 4
  endloop
endfacet
facet normal 0 0 1
  outer loop
    vertex -1.388925552 2.078674078 4
    vertex -7.890180588 11.0288105 4
    vertex -7.985960484 11.05031872 4
  endloop
endfacet
facet normal 0 0 1
  outer loop
    vertex -1.388925552 2.078674078 4
    vertex -7.696034431 11.00001144 4
    vertex -7.793460846 11.01202774 4
  endloop
endfacet
facet normal 0 0 1
  outer loop
    vertex -1.388925552 2.078674078 4
    vertex -7.793460846 11.01202774 4
    vertex -7.890180588 11.0288105 4
  endloop
endfacet
facet normal 0 0 1
  outer loop
    vertex -1.388925552 2.078674078 4
    vertex -7.598135471 10.99279022 4
    vertex -7.696034431 11.00001144 4
  endloop
endfacet
facet normal 0 0 1
  outer loop
    vertex -1.388925552 2.078674078 4
    vertex -7.5 10.99038124 4
    vertex -7.598135471 10.99279022 4
  endloop
endfacet
facet normal 0 0 1
  outer loop
    vertex -1.388925552 2.078674078 4
    vertex -7.401864529 10.99279022 4
    vertex -7.5 10.99038124 4
  endloop
endfacet
facet normal 0 0 1
  outer loop
    vertex -1.388925552 2.078674078 4
    vertex -7.303965569 11.00001144 4
    vertex -7.401864529 10.99279022 4
  endloop
endfacet
facet normal 0 0 1
  outer loop
    vertex -1.388925552 2.078674078 4
    vertex -7.206539154 11.01202774 4
    vertex -7.303965569 11.00001144 4
  endloop
endfacet
facet normal 0 -0 1
  outer loop
    vertex -1.585983157 1.932526112 4
    vertex -1.489248276 2.008018732 4
    vertex -8.265366554 11.14262199 4
  endloop
endfacet
facet normal 0 -0 1
  outer loop
    vertex -1.489248276 2.008018732 4
    vertex -1.388925552 2.078674078 4
    vertex -8.265366554 11.14262199 4
  endloop
endfacet
facet normal 0 -0 1
  outer loop
    vertex -1.388925552 2.078674078 4
    vertex -1.285256863 2.144321442 4
    vertex -6.734632969 11.14262199 4
  endloop
endfacet
facet normal 0 -0 1
  outer loop
    vertex -1.285256863 2.144321442 4
    vertex -1.178491831 2.204803228 4
    vertex -6.644889832 11.18240261 4
  endloop
endfacet
facet normal 0 -0 1
  outer loop
    vertex -1.178491831 2.204803228 4
    vertex -1.068887711 2.259973288 4
    vertex -5.784542561 11.96217537 4
  endloop
endfacet
facet normal 0 0 1
  outer loop
    vertex -1.388925552 2.078674078 4
    vertex -7.109819412 11.0288105 4
    vertex -7.206539154 11.01202774 4
  endloop
endfacet
facet normal 0 0 1
  outer loop
    vertex -1.388925552 2.078674078 4
    vertex -7.014039516 11.05031872 4
    vertex -7.109819412 11.0288105 4
  endloop
endfacet
facet normal 0 0 1
  outer loop
    vertex -1.388925552 2.078674078 4
    vertex -6.919430733 11.07649994 4
    vertex -7.014039516 11.05031872 4
  endloop
endfacet
facet normal 0 0 1
  outer loop
    vertex -1.388925552 2.078674078 4
    vertex -6.826220512 11.10729313 4
    vertex -6.919430733 11.07649994 4
  endloop
endfacet
facet normal 0 0 1
  outer loop
    vertex -1.388925552 2.078674078 4
    vertex -6.734632969 11.14262199 4
    vertex -6.826220512 11.10729313 4
  endloop
endfacet
facet normal 0 0 1
  outer loop
    vertex -1.285256863 2.144321442 4
    vertex -6.644889832 11.18240261 4
    vertex -6.734632969 11.14262199 4
  endloop
endfacet
facet normal 0 0 1
  outer loop
    vertex -1.178491831 2.204803228 4
    vertex -6.557206631 11.22653866 4
    vertex -6.644889832 11.18240261 4
  endloop
endfacet
facet normal 0 0 1
  outer loop
    vertex -1.178491831 2.204803228 4
    vertex -6.471794605 11.27492428 4
    vertex -6.557206631 11.22653866 4
  endloop
endfacet
facet normal 0 0 1
  outer loop
    vertex -1.178491831 2.204803228 4
    vertex -6.388859749 11.32744217 4
    vertex -6.471794605 11.27492428 4
  endloop
endfacet
facet normal 0 0 1
  outer loop
    vertex -1.178491831 2.204803228 4
    vertex -6.308601379 11.38396645 4
    vertex -6.388859749 11.32744217 4
  endloop
endfacet
facet normal 0 0 1
  outer loop
    vertex -1.178491831 2.204803228 4
    vertex -6.23121357 11.44435978 4
    vertex -6.308601379 11.38396645 4
  endloop
endfacet
facet normal 0 0 1
  outer loop
    vertex -1.178491831 2.204803228 4
    vertex -6.156882286 11.50847912 4
    vertex -6.23121357 11.44435978 4
  endloop
endfacet
facet normal 0 0 1
  outer loop
    vertex -1.178491831 2.204803228 4
    vertex -6.085786343 11.57616711 4
    vertex -6.156882286 11.50847912 4
  endloop
endfacet
facet normal 0 0 1
  outer loop
    vertex -1.178491831 2.204803228 4
    vertex -6.018097878 11.64726353 4
    vertex -6.085786343 11.57616711 4
  endloop
endfacet
facet normal 0 0 1
  outer loop
    vertex -1.178491831 2.204803228 4
    vertex -5.953979015 11.72159481 4
    vertex -6.018097878 11.64726353 4
  endloop
endfacet
facet normal 0 0 1
  outer loop
    vertex -1.178491831 2.204803228 4
    vertex -5.893584728 11.79898262 4
    vertex -5.953979015 11.72159481 4
  endloop
endfacet
facet normal 0 0 1
  outer loop
    vertex -1.178491831 2.204803228 4
    vertex -5.837060928 11.87924099 4
    vertex -5.893584728 11.79898262 4
  endloop
endfacet
facet normal 0 0 1
  outer loop
    vertex -1.178491831 2.204803228 4
    vertex -5.784542561 11.96217537 4
    vertex -5.837060928 11.87924099 4
  endloop
endfacet
facet normal 0 0 1
  outer loop
    vertex -1.068887711 2.259973288 4
    vertex -5.736157417 12.04758739 4
    vertex -5.784542561 11.96217537 4
  endloop
endfacet
facet normal 0 0 1
  outer loop
    vertex -0.9567086101 2.30969882 4
    vertex -5.69202137 12.13527107 4
    vertex -5.736157417 12.04758739 4
  endloop
endfacet
facet normal 0 0 1
  outer loop
    vertex -0.9567086101 2.30969882 4
    vertex -5.652240753 12.22501373 4
    vertex -5.69202137 12.13527107 4
  endloop
endfacet
facet normal 0 0 1
  outer loop
    vertex -0.9567086101 2.30969882 4
    vertex -5.616911888 12.31660175 4
    vertex -5.652240753 12.22501373 4
  endloop
endfacet
facet normal 0 0 1
  outer loop
    vertex -0.9567086101 2.30969882 4
    vertex -5.586119175 12.40981197 4
    vertex -5.616911888 12.31660175 4
  endloop
endfacet
facet normal 0 0 1
  outer loop
    vertex -0.9567086101 2.30969882 4
    vertex -5.559937477 12.50442028 4
    vertex -5.586119175 12.40981197 4
  endloop
endfacet
facet normal 0 0 1
  outer loop
    vertex -0.9567086101 2.30969882 4
    vertex -5.53842926 12.60020065 4
    vertex -5.559937477 12.50442028 4
  endloop
endfacet
facet normal 0 0 1
  outer loop
    vertex -0.9567086101 2.30969882 4
    vertex -5.521646976 12.69692039 4
    vertex -5.53842926 12.60020065 4
  endloop
endfacet
facet normal 0 0 1
  outer loop
    vertex -0.9567086101 2.30969882 4
    vertex -5.50963068 12.79434681 4
    vertex -5.521646976 12.69692039 4
  endloop
endfacet
facet normal 0 0 1
  outer loop
    vertex -0.9567086101 2.30969882 4
    vertex -5.502408981 12.89224529 4
    vertex -5.50963068 12.79434681 4
  endloop
endfacet
facet normal 0 0 1
  outer loop
    vertex -0.9567086101 2.30969882 4
    vertex -5.5 12.99038124 4
    vertex -5.502408981 12.89224529 4
  endloop
endfacet
facet normal 0 0 1
  outer loop
    vertex -0.9567086101 2.30969882 4
    vertex -5.502408981 13.08851624 4
    vertex -5.5 12.99038124 4
  endloop
endfacet
facet normal 0 0 1
  outer loop
    vertex -0.9567086101 2.30969882 4
    vertex -5.50963068 13.18641567 4
    vertex -5.502408981 13.08851624 4
  endloop
endfacet
facet normal 0 0 1
  outer loop
    vertex -0.9567086101 2.30969882 4
    vertex -5.521646976 13.28384209 4
    vertex -5.50963068 13.18641567 4
  endloop
endfacet
facet normal 0 0 1
  outer loop
    vertex -0.8422246575 2.35386014 4
    vertex -5.53842926 13.38056183 4
    vertex -5.521646976 13.28384209 4
  endloop
endfacet
facet normal 0 0 1
  outer loop
    vertex -0.8422246575 2.35386014 4
    vertex -5.559937477 13.47634125 4
    vertex -5.53842926 13.38056183 4
  endloop
endfacet
facet normal 0 0 1
  outer loop
    vertex -0.8422246575 2.35386014 4
    vertex -5.586119175 13.57095051 4
    vertex -5.559937477 13.47634125 4
  endloop
endfacet
facet normal 0 0 1
  outer loop
    vertex -0.8422246575 2.35386014 4
    vertex -5.616911888 13.66416073 4
    vertex -5.586119175 13.57095051 4
  endloop
endfacet
facet normal 0 -0 1
  outer loop
    vertex -0.8422246575 2.35386014 4
    vertex -0.7257117033 2.392350912 4
    vertex -7.074687004 19.7724247 4
  endloop
endfacet
facet normal 0 -0 1
  outer loop
    vertex -1.068887711 2.259973288 4
    vertex -0.9567086101 2.30969882 4
    vertex -5.736157417 12.04758739 4
  endloop
endfacet
facet normal 0 -0 1
  outer loop
    vertex -0.9567086101 2.30969882 4
    vertex -0.8422246575 2.35386014 4
    vertex -5.521646976 13.28384209 4
  endloop
endfacet
facet normal 0 -0 1
  outer loop
    vertex -0.7257117033 2.392350912 4
    vertex -0.6074504256 2.425078154 4
    vertex -5.102583885 20.37065697 4
  endloop
endfacet
facet normal 0 -0 1
  outer loop
    vertex -0.6074504256 2.425078154 4
    vertex -0.4877257943 2.451963186 4
    vertex -4.096896648 20.59649086 4
  endloop
endfacet
facet normal 0 -0 1
  outer loop
    vertex -0.4877257943 2.451963186 4
    vertex -0.3668261766 2.47294116 4
    vertex -4.096896648 20.59649086 4
  endloop
endfacet
facet normal 0 -0 1
  outer loop
    vertex -0.3668261766 2.47294116 4
    vertex -0.2450428456 2.487961769 4
    vertex -3.081340075 20.77270699 4
  endloop
endfacet
facet normal 0 -0 1
  outer loop
    vertex -0.2450428456 2.487961769 4
    vertex -0.1226691827 2.496988535 4
    vertex -2.058359861 20.89888 4
  endloop
endfacet
facet normal 0 -0 1
  outer loop
    vertex -0.1226691827 2.496988535 4
    vertex 1.5308085e-16 2.5 4
    vertex -1.030421138 20.97470474 4
  endloop
endfacet
facet normal 0 0 -1
  outer loop
    vertex -14.84924221 14.84924221 0
    vertex -14.10273838 15.55997372 0
    vertex -1.767766953 1.767766953 0
  endloop
endfacet
facet normal 0 0 -1
  outer loop
    vertex -14.10273838 15.55997372 0
    vertex -13.32225895 16.23321915 0
    vertex -1.678897381 1.852377772 0
  endloop
endfacet
facet normal -0.8448523024 -0.5349996141 0
  outer loop
    vertex -9.215456963 11.96217537 -0.1000000015
    vertex -9.162939072 11.87924099 0
    vertex -9.215456963 11.96217537 0
  endloop
endfacet
facet normal -0.8932251478 -0.4496096477 0
  outer loop
    vertex -9.30797863 12.13527107 -0.1000000015
    vertex -9.263842583 12.04758739 -0.1000000015
    vertex -9.263842583 12.04758739 0
  endloop
endfacet
facet normal -0.8700856571 -0.4929005471 0
  outer loop
    vertex -9.215456963 11.96217537 -0.1000000015
    vertex -9.215456963 11.96217537 0
    vertex -9.263842583 12.04758739 -0.1000000015
  endloop
endfacet
facet normal -0.8932251478 -0.4496096477 0
  outer loop
    vertex -9.30797863 12.13527107 -0.1000000015
    vertex -9.263842583 12.04758739 0
    vertex -9.30797863 12.13527107 0
  endloop
endfacet
facet normal -0.8700856571 -0.4929005471 -0
  outer loop
    vertex -9.215456963 11.96217537 0
    vertex -9.263842583 12.04758739 0
    vertex -9.263842583 12.04758739 -0.1000000015
  endloop
endfacet
facet normal -0.9329946218 -0.3598903107 0
  outer loop
    vertex -9.383088112 12.31660175 -0.1000000015
    vertex -9.347759247 12.22501373 -0.1000000015
    vertex -9.347759247 12.22501373 0
  endloop
endfacet
facet normal -0.9329946218 -0.3598903107 0
  outer loop
    vertex -9.383088112 12.31660175 -0.1000000015
    vertex -9.347759247 12.22501373 0
    vertex -9.383088112 12.31660175 0
  endloop
endfacet
facet normal -0.9495289731 -0.3136793415 0
  outer loop
    vertex -9.383088112 12.31660175 -0.1000000015
    vertex -9.383088112 12.31660175 0
    vertex -9.413880348 12.40981197 -0.1000000015
  endloop
endfacet
facet normal -0.9637746777 -0.2667177735 0
  outer loop
    vertex -9.413880348 12.40981197 -0.1000000015
    vertex -9.413880348 12.40981197 0
    vertex -9.440062523 12.50442028 -0.1000000015
  endloop
endfacet
facet normal -0.9495289731 -0.3136793415 0
  outer loop
    vertex -9.413880348 12.40981197 -0.1000000015
    vertex -9.383088112 12.31660175 0
    vertex -9.413880348 12.40981197 0
  endloop
endfacet
facet normal -0.9142081281 -0.4052449857 0
  outer loop
    vertex -9.30797863 12.13527107 -0.1000000015
    vertex -9.30797863 12.13527107 0
    vertex -9.347759247 12.22501373 -0.1000000015
  endloop
endfacet
facet normal -0.9142081281 -0.4052449857 -0
  outer loop
    vertex -9.30797863 12.13527107 0
    vertex -9.347759247 12.22501373 0
    vertex -9.347759247 12.22501373 -0.1000000015
  endloop
endfacet
facet normal -0.9757020975 -0.2191013851 0
  outer loop
    vertex -9.440062523 12.50442028 -0.1000000015
    vertex -9.440062523 12.50442028 0
    vertex -9.46157074 12.60020065 -0.1000000015
  endloop
endfacet
facet normal -0.9852787754 -0.1709553591 0
  outer loop
    vertex -9.46157074 12.60020065 -0.1000000015
    vertex -9.46157074 12.60020065 0
    vertex -9.478352547 12.69692039 -0.1000000015
  endloop
endfacet
facet normal -0.9757020975 -0.2191013851 0
  outer loop
    vertex -9.46157074 12.60020065 -0.1000000015
    vertex -9.440062523 12.50442028 0
    vertex -9.46157074 12.60020065 0
  endloop
endfacet
facet normal -0.9637746777 -0.2667177735 -0
  outer loop
    vertex -9.413880348 12.40981197 0
    vertex -9.440062523 12.50442028 0
    vertex -9.440062523 12.50442028 -0.1000000015
  endloop
endfacet
facet normal -0.9924784851 -0.1224191837 0
  outer loop
    vertex -9.478352547 12.69692039 -0.1000000015
    vertex -9.478352547 12.69692039 0
    vertex -9.490369797 12.79434681 -0.1000000015
  endloop
endfacet
facet normal -0.9852787754 -0.1709553591 -0
  outer loop
    vertex -9.46157074 12.60020065 0
    vertex -9.478352547 12.69692039 0
    vertex -9.478352547 12.69692039 -0.1000000015
  endloop
endfacet
facet normal -0.9924784851 -0.1224191837 0
  outer loop
    vertex -9.490369797 12.79434681 -0.1000000015
    vertex -9.478352547 12.69692039 0
    vertex -9.490369797 12.79434681 0
  endloop
endfacet
facet normal -0.9972906092 -0.07356249628 0
  outer loop
    vertex -9.490369797 12.79434681 -0.1000000015
    vertex -9.490369797 12.79434681 0
    vertex -9.497591019 12.89224529 -0.1000000015
  endloop
endfacet
facet normal -0.9996988489 -0.02453999682 0
  outer loop
    vertex -9.497591019 12.89224529 -0.1000000015
    vertex -9.497591019 12.89224529 0
    vertex -9.5 12.99038124 -0.1000000015
  endloop
endfacet
facet normal -0.9972906092 -0.07356249628 -0
  outer loop
    vertex -9.490369797 12.79434681 0
    vertex -9.497591019 12.89224529 0
    vertex -9.497591019 12.89224529 -0.1000000015
  endloop
endfacet
facet normal -0.9996988489 -0.02453999682 -0
  outer loop
    vertex -9.497591019 12.89224529 0
    vertex -9.5 12.99038124 0
    vertex -9.5 12.99038124 -0.1000000015
  endloop
endfacet
facet normal -0.9996988431 0.02454023515 0
  outer loop
    vertex -9.5 12.99038124 -0.1000000015
    vertex -9.5 12.99038124 0
    vertex -9.497591019 13.08851624 -0.1000000015
  endloop
endfacet
facet normal -0.9972906617 0.07356178355 0
  outer loop
    vertex -9.497591019 13.08851624 -0.1000000015
    vertex -9.497591019 13.08851624 0
    vertex -9.490369797 13.18641567 -0.1000000015
  endloop
endfacet
facet normal -0.9996988431 0.02454023515 0
  outer loop
    vertex -9.497591019 13.08851624 -0.1000000015
    vertex -9.5 12.99038124 0
    vertex -9.497591019 13.08851624 0
  endloop
endfacet
facet normal -0.7883452042 -0.6152331582 0
  outer loop
    vertex -9.106414795 11.79898262 -0.1000000015
    vertex -9.046020508 11.72159481 -0.1000000015
    vertex -9.046020508 11.72159481 0
  endloop
endfacet
facet normal -0.7572099592 -0.653171553 0
  outer loop
    vertex -9.046020508 11.72159481 -0.1000000015
    vertex -8.981902122 11.64726353 0
    vertex -9.046020508 11.72159481 0
  endloop
endfacet
facet normal -0.7883452042 -0.6152331582 0
  outer loop
    vertex -9.106414795 11.79898262 -0.1000000015
    vertex -9.046020508 11.72159481 0
    vertex -9.106414795 11.79898262 0
  endloop
endfacet
facet normal -0.6895377506 -0.7242497432 0
  outer loop
    vertex -8.914213181 11.57616711 -0.1000000015
    vertex -8.843117714 11.50847912 -0.1000000015
    vertex -8.843117714 11.50847912 0
  endloop
endfacet
facet normal -0.7242495106 -0.6895379949 0
  outer loop
    vertex -8.981902122 11.64726353 -0.1000000015
    vertex -8.914213181 11.57616711 -0.1000000015
    vertex -8.914213181 11.57616711 0
  endloop
endfacet
facet normal -0.7242495106 -0.6895379949 0
  outer loop
    vertex -8.981902122 11.64726353 -0.1000000015
    vertex -8.914213181 11.57616711 0
    vertex -8.981902122 11.64726353 0
  endloop
endfacet
facet normal -0.6895377506 -0.7242497432 0
  outer loop
    vertex -8.914213181 11.57616711 -0.1000000015
    vertex -8.843117714 11.50847912 0
    vertex -8.914213181 11.57616711 0
  endloop
endfacet
facet normal -0.7572099592 -0.653171553 0
  outer loop
    vertex -9.046020508 11.72159481 -0.1000000015
    vertex -8.981902122 11.64726353 -0.1000000015
    vertex -8.981902122 11.64726353 0
  endloop
endfacet
facet normal -0.6531771233 -0.7572051543 0
  outer loop
    vertex -8.76878643 11.44435978 -0.1000000015
    vertex -8.76878643 11.44435978 0
    vertex -8.843117714 11.50847912 -0.1000000015
  endloop
endfacet
facet normal -0.6152271204 -0.7883499162 0
  outer loop
    vertex -8.76878643 11.44435978 -0.1000000015
    vertex -8.691398621 11.38396645 -0.1000000015
    vertex -8.691398621 11.38396645 0
  endloop
endfacet
facet normal -0.6152271204 -0.7883499162 0
  outer loop
    vertex -8.76878643 11.44435978 -0.1000000015
    vertex -8.691398621 11.38396645 0
    vertex -8.76878643 11.44435978 0
  endloop
endfacet
facet normal -0.5349996141 -0.8448523024 0
  outer loop
    vertex -8.611140251 11.32744217 -0.1000000015
    vertex -8.528205872 11.27492428 -0.1000000015
    vertex -8.528205872 11.27492428 0
  endloop
endfacet
facet normal -0.5349996141 -0.8448523024 0
  outer loop
    vertex -8.611140251 11.32744217 -0.1000000015
    vertex -8.528205872 11.27492428 0
    vertex -8.611140251 11.32744217 0
  endloop
endfacet
facet normal -0.5758078889 -0.8175850262 0
  outer loop
    vertex -8.691398621 11.38396645 -0.1000000015
    vertex -8.611140251 11.32744217 -0.1000000015
    vertex -8.611140251 11.32744217 0
  endloop
endfacet
facet normal -0.5758078889 -0.8175850262 0
  outer loop
    vertex -8.691398621 11.38396645 -0.1000000015
    vertex -8.611140251 11.32744217 0
    vertex -8.691398621 11.38396645 0
  endloop
endfacet
facet normal -0.6531771233 -0.7572051543 -0
  outer loop
    vertex -8.76878643 11.44435978 0
    vertex -8.843117714 11.50847912 0
    vertex -8.843117714 11.50847912 -0.1000000015
  endloop
endfacet
facet normal -0.4052413865 -0.9142097235 0
  outer loop
    vertex -8.265366554 11.14262199 -0.1000000015
    vertex -8.265366554 11.14262199 0
    vertex -8.355110168 11.18240261 -0.1000000015
  endloop
endfacet
facet normal -0.3598935727 -0.9329933635 0
  outer loop
    vertex -8.265366554 11.14262199 -0.1000000015
    vertex -8.173779488 11.10729313 -0.1000000015
    vertex -8.173779488 11.10729313 0
  endloop
endfacet
facet normal -0.3598935727 -0.9329933635 0
  outer loop
    vertex -8.265366554 11.14262199 -0.1000000015
    vertex -8.173779488 11.10729313 0
    vertex -8.265366554 11.14262199 0
  endloop
endfacet
facet normal -0.3136881006 -0.9495260794 0
  outer loop
    vertex -8.173779488 11.10729313 -0.1000000015
    vertex -8.080569267 11.07649994 -0.1000000015
    vertex -8.080569267 11.07649994 0
  endloop
endfacet
facet normal -0.3136881006 -0.9495260794 0
  outer loop
    vertex -8.173779488 11.10729313 -0.1000000015
    vertex -8.080569267 11.07649994 0
    vertex -8.173779488 11.10729313 0
  endloop
endfacet
facet normal -0.2667075009 -0.9637775205 0
  outer loop
    vertex -8.080569267 11.07649994 -0.1000000015
    vertex -7.985960484 11.05031872 0
    vertex -8.080569267 11.07649994 0
  endloop
endfacet
facet normal -0.2667075009 -0.9637775205 0
  outer loop
    vertex -8.080569267 11.07649994 -0.1000000015
    vertex -7.985960484 11.05031872 -0.1000000015
    vertex -7.985960484 11.05031872 0
  endloop
endfacet
facet normal -0.2191024235 -0.9757018643 0
  outer loop
    vertex -7.985960484 11.05031872 -0.1000000015
    vertex -7.890180588 11.0288105 -0.1000000015
    vertex -7.890180588 11.0288105 0
  endloop
endfacet
facet normal -0.2191024235 -0.9757018643 0
  outer loop
    vertex -7.985960484 11.05031872 -0.1000000015
    vertex -7.890180588 11.0288105 0
    vertex -7.985960484 11.05031872 0
  endloop
endfacet
facet normal -0.4929005471 -0.8700856571 0
  outer loop
    vertex -8.528205872 11.27492428 -0.1000000015
    vertex -8.442793846 11.22653866 -0.1000000015
    vertex -8.442793846 11.22653866 0
  endloop
endfacet
facet normal -0.4496096477 -0.8932251478 0
  outer loop
    vertex -8.442793846 11.22653866 -0.1000000015
    vertex -8.355110168 11.18240261 -0.1000000015
    vertex -8.355110168 11.18240261 0
  endloop
endfacet
facet normal -0.4929005471 -0.8700856571 0
  outer loop
    vertex -8.528205872 11.27492428 -0.1000000015
    vertex -8.442793846 11.22653866 0
    vertex -8.528205872 11.27492428 0
  endloop
endfacet
facet normal -0.4496096477 -0.8932251478 0
  outer loop
    vertex -8.442793846 11.22653866 -0.1000000015
    vertex -8.355110168 11.18240261 0
    vertex -8.442793846 11.22653866 0
  endloop
endfacet
facet normal -0.4052413865 -0.9142097235 -0
  outer loop
    vertex -8.265366554 11.14262199 0
    vertex -8.355110168 11.18240261 0
    vertex -8.355110168 11.18240261 -0.1000000015
  endloop
endfacet
facet normal 0 -0 -1
  outer loop
    vertex -8.442793846 11.22653866 -0.1000000015
    vertex -7.5 12.99038124 -0.1000000015
    vertex -8.355110168 11.18240261 -0.1000000015
  endloop
endfacet
facet normal 0 0 -1
  outer loop
    vertex -8.265366554 11.14262199 -0.1000000015
    vertex -8.355110168 11.18240261 -0.1000000015
    vertex -7.5 12.99038124 -0.1000000015
  endloop
endfacet
facet normal 0 -0 -1
  outer loop
    vertex -8.265366554 11.14262199 -0.1000000015
    vertex -7.5 12.99038124 -0.1000000015
    vertex -8.173779488 11.10729313 -0.1000000015
  endloop
endfacet
facet normal 0 -0 -1
  outer loop
    vertex -8.173779488 11.10729313 -0.1000000015
    vertex -7.5 12.99038124 -0.1000000015
    vertex -8.080569267 11.07649994 -0.1000000015
  endloop
endfacet
facet normal -0.8175850262 -0.5758078889 0
  outer loop
    vertex -9.106414795 11.79898262 -0.1000000015
    vertex -9.106414795 11.79898262 0
    vertex -9.162939072 11.87924099 -0.1000000015
  endloop
endfacet
facet normal -0.8448523024 -0.5349996141 0
  outer loop
    vertex -9.215456963 11.96217537 -0.1000000015
    vertex -9.162939072 11.87924099 -0.1000000015
    vertex -9.162939072 11.87924099 0
  endloop
endfacet
facet normal -0.8175850262 -0.5758078889 -0
  outer loop
    vertex -9.106414795 11.79898262 0
    vertex -9.162939072 11.87924099 0
    vertex -9.162939072 11.87924099 -0.1000000015
  endloop
endfacet
facet normal 0 0 -1
  outer loop
    vertex -9.30797863 12.13527107 -0.1000000015
    vertex -9.347759247 12.22501373 -0.1000000015
    vertex -7.5 12.99038124 -0.1000000015
  endloop
endfacet
facet normal 0 -0 -1
  outer loop
    vertex -9.215456963 11.96217537 -0.1000000015
    vertex -7.5 12.99038124 -0.1000000015
    vertex -9.162939072 11.87924099 -0.1000000015
  endloop
endfacet
facet normal 0 -0 -1
  outer loop
    vertex -9.106414795 11.79898262 -0.1000000015
    vertex -7.5 12.99038124 -0.1000000015
    vertex -9.046020508 11.72159481 -0.1000000015
  endloop
endfacet
facet normal 0 0 -1
  outer loop
    vertex -9.106414795 11.79898262 -0.1000000015
    vertex -9.162939072 11.87924099 -0.1000000015
    vertex -7.5 12.99038124 -0.1000000015
  endloop
endfacet
facet normal 0 0 -1
  outer loop
    vertex -9.215456963 11.96217537 -0.1000000015
    vertex -9.263842583 12.04758739 -0.1000000015
    vertex -7.5 12.99038124 -0.1000000015
  endloop
endfacet
facet normal 0 -0 -1
  outer loop
    vertex -9.30797863 12.13527107 -0.1000000015
    vertex -7.5 12.99038124 -0.1000000015
    vertex -9.263842583 12.04758739 -0.1000000015
  endloop
endfacet
facet normal 0 -0 -1
  outer loop
    vertex -9.383088112 12.31660175 -0.1000000015
    vertex -7.5 12.99038124 -0.1000000015
    vertex -9.347759247 12.22501373 -0.1000000015
  endloop
endfacet
facet normal 0 0 -1
  outer loop
    vertex -9.383088112 12.31660175 -0.1000000015
    vertex -9.413880348 12.40981197 -0.1000000015
    vertex -7.5 12.99038124 -0.1000000015
  endloop
endfacet
facet normal 0 0 -1
  outer loop
    vertex -9.413880348 12.40981197 -0.1000000015
    vertex -9.440062523 12.50442028 -0.1000000015
    vertex -7.5 12.99038124 -0.1000000015
  endloop
endfacet
facet normal 0 0 -1
  outer loop
    vertex -9.440062523 12.50442028 -0.1000000015
    vertex -9.46157074 12.60020065 -0.1000000015
    vertex -7.5 12.99038124 -0.1000000015
  endloop
endfacet
facet normal 0 0 -1
  outer loop
    vertex -9.46157074 12.60020065 -0.1000000015
    vertex -9.478352547 12.69692039 -0.1000000015
    vertex -7.5 12.99038124 -0.1000000015
  endloop
endfacet
facet normal 0 0 -1
  outer loop
    vertex -9.478352547 12.69692039 -0.1000000015
    vertex -9.490369797 12.79434681 -0.1000000015
    vertex -7.5 12.99038124 -0.1000000015
  endloop
endfacet
facet normal 0 0 -1
  outer loop
    vertex -9.490369797 12.79434681 -0.1000000015
    vertex -9.497591019 12.89224529 -0.1000000015
    vertex -7.5 12.99038124 -0.1000000015
  endloop
endfacet
facet normal 0 0 -1
  outer loop
    vertex -9.497591019 12.89224529 -0.1000000015
    vertex -9.5 12.99038124 -0.1000000015
    vertex -7.5 12.99038124 -0.1000000015
  endloop
endfacet
facet normal 0 0 -1
  outer loop
    vertex -9.5 12.99038124 -0.1000000015
    vertex -9.497591019 13.08851624 -0.1000000015
    vertex -7.5 12.99038124 -0.1000000015
  endloop
endfacet
facet normal 0 0 -1
  outer loop
    vertex -9.497591019 13.08851624 -0.1000000015
    vertex -9.490369797 13.18641567 -0.1000000015
    vertex -7.5 12.99038124 -0.1000000015
  endloop
endfacet
facet normal 0 -0 -1
  outer loop
    vertex -9.046020508 11.72159481 -0.1000000015
    vertex -7.5 12.99038124 -0.1000000015
    vertex -8.981902122 11.64726353 -0.1000000015
  endloop
endfacet
facet normal 0 -0 -1
  outer loop
    vertex -8.981902122 11.64726353 -0.1000000015
    vertex -7.5 12.99038124 -0.1000000015
    vertex -8.914213181 11.57616711 -0.1000000015
  endloop
endfacet
facet normal 0 -0 -1
  outer loop
    vertex -8.914213181 11.57616711 -0.1000000015
    vertex -7.5 12.99038124 -0.1000000015
    vertex -8.843117714 11.50847912 -0.1000000015
  endloop
endfacet
facet normal 0 0 -1
  outer loop
    vertex -8.76878643 11.44435978 -0.1000000015
    vertex -8.843117714 11.50847912 -0.1000000015
    vertex -7.5 12.99038124 -0.1000000015
  endloop
endfacet
facet normal 0 -0 -1
  outer loop
    vertex -8.76878643 11.44435978 -0.1000000015
    vertex -7.5 12.99038124 -0.1000000015
    vertex -8.691398621 11.38396645 -0.1000000015
  endloop
endfacet
facet normal 0 -0 -1
  outer loop
    vertex -8.611140251 11.32744217 -0.1000000015
    vertex -7.5 12.99038124 -0.1000000015
    vertex -8.528205872 11.27492428 -0.1000000015
  endloop
endfacet
facet normal 0 -0 -1
  outer loop
    vertex -8.691398621 11.38396645 -0.1000000015
    vertex -7.5 12.99038124 -0.1000000015
    vertex -8.611140251 11.32744217 -0.1000000015
  endloop
endfacet
facet normal 0 -0 -1
  outer loop
    vertex -8.528205872 11.27492428 -0.1000000015
    vertex -7.5 12.99038124 -0.1000000015
    vertex -8.442793846 11.22653866 -0.1000000015
  endloop
endfacet
facet normal 0 0 -1
  outer loop
    vertex -12.50968552 16.86735725 0
    vertex -9.490369797 12.79434681 0
    vertex -9.478352547 12.69692039 0
  endloop
endfacet
facet normal 0 0 -1
  outer loop
    vertex -12.50968552 16.86735725 0
    vertex -9.497591019 12.89224529 0
    vertex -9.490369797 12.79434681 0
  endloop
endfacet
facet normal 0 -0 -1
  outer loop
    vertex -12.50968552 16.86735725 0
    vertex -9.490369797 13.18641567 0
    vertex -9.497591019 13.08851624 0
  endloop
endfacet
facet normal -0.9924784851 0.1224191837 0
  outer loop
    vertex -9.490369797 13.18641567 -0.1000000015
    vertex -9.490369797 13.18641567 0
    vertex -9.478352547 13.28384209 -0.1000000015
  endloop
endfacet
facet normal -0.9972906617 0.07356178355 0
  outer loop
    vertex -9.497591019 13.08851624 0
    vertex -9.490369797 13.18641567 0
    vertex -9.490369797 13.18641567 -0.1000000015
  endloop
endfacet
facet normal -0.9924784851 0.1224191837 0
  outer loop
    vertex -9.478352547 13.28384209 -0.1000000015
    vertex -9.490369797 13.18641567 0
    vertex -9.478352547 13.28384209 0
  endloop
endfacet
facet normal -0.9852787754 0.1709553591 0
  outer loop
    vertex -9.478352547 13.28384209 -0.1000000015
    vertex -9.478352547 13.28384209 0
    vertex -9.46157074 13.38056183 -0.1000000015
  endloop
endfacet
facet normal -0.9757016311 0.2191034619 0
  outer loop
    vertex -9.46157074 13.38056183 -0.1000000015
    vertex -9.46157074 13.38056183 0
    vertex -9.440062523 13.47634125 -0.1000000015
  endloop
endfacet
facet normal -0.9852787754 0.1709553591 0
  outer loop
    vertex -9.478352547 13.28384209 0
    vertex -9.46157074 13.38056183 0
    vertex -9.46157074 13.38056183 -0.1000000015
  endloop
endfacet
facet normal -0.9757016311 0.2191034619 0
  outer loop
    vertex -9.46157074 13.38056183 0
    vertex -9.440062523 13.47634125 0
    vertex -9.440062523 13.47634125 -0.1000000015
  endloop
endfacet
facet normal -0.9637753688 0.2667152762 0
  outer loop
    vertex -9.440062523 13.47634125 -0.1000000015
    vertex -9.440062523 13.47634125 0
    vertex -9.413880348 13.57095051 -0.1000000015
  endloop
endfacet
facet normal -0.9495289731 0.3136793415 0
  outer loop
    vertex -9.413880348 13.57095051 -0.1000000015
    vertex -9.413880348 13.57095051 0
    vertex -9.383088112 13.66416073 -0.1000000015
  endloop
endfacet
facet normal -0.9637753688 0.2667152762 0
  outer loop
    vertex -9.413880348 13.57095051 -0.1000000015
    vertex -9.440062523 13.47634125 0
    vertex -9.413880348 13.57095051 0
  endloop
endfacet
facet normal -0.9329933635 0.3598935727 0
  outer loop
    vertex -9.383088112 13.66416073 -0.1000000015
    vertex -9.383088112 13.66416073 0
    vertex -9.347759247 13.7557478 -0.1000000015
  endloop
endfacet
facet normal -0.9495289731 0.3136793415 0
  outer loop
    vertex -9.413880348 13.57095051 0
    vertex -9.383088112 13.66416073 0
    vertex -9.383088112 13.66416073 -0.1000000015
  endloop
endfacet
facet normal -0.9329933635 0.3598935727 0
  outer loop
    vertex -9.383088112 13.66416073 0
    vertex -9.347759247 13.7557478 0
    vertex -9.347759247 13.7557478 -0.1000000015
  endloop
endfacet
facet normal -0.9142097235 0.4052413865 0
  outer loop
    vertex -9.347759247 13.7557478 -0.1000000015
    vertex -9.347759247 13.7557478 0
    vertex -9.30797863 13.84549141 -0.1000000015
  endloop
endfacet
facet normal -0.8932231839 0.4496135493 0
  outer loop
    vertex -9.30797863 13.84549141 -0.1000000015
    vertex -9.30797863 13.84549141 0
    vertex -9.263842583 13.93317413 -0.1000000015
  endloop
endfacet
facet normal -0.9142097235 0.4052413865 0
  outer loop
    vertex -9.347759247 13.7557478 0
    vertex -9.30797863 13.84549141 0
    vertex -9.30797863 13.84549141 -0.1000000015
  endloop
endfacet
facet normal -0.8932231839 0.4496135493 0
  outer loop
    vertex -9.263842583 13.93317413 -0.1000000015
    vertex -9.30797863 13.84549141 0
    vertex -9.263842583 13.93317413 0
  endloop
endfacet
facet normal -0.8700856571 0.4929005471 0
  outer loop
    vertex -9.263842583 13.93317413 -0.1000000015
    vertex -9.263842583 13.93317413 0
    vertex -9.215456963 14.01858616 -0.1000000015
  endloop
endfacet
facet normal -0.8448550831 0.534995223 0
  outer loop
    vertex -9.215456963 14.01858616 -0.1000000015
    vertex -9.215456963 14.01858616 0
    vertex -9.162939072 14.10152149 -0.1000000015
  endloop
endfacet
facet normal -0.8700856571 0.4929005471 0
  outer loop
    vertex -9.263842583 13.93317413 0
    vertex -9.215456963 14.01858616 0
    vertex -9.215456963 14.01858616 -0.1000000015
  endloop
endfacet
facet normal 0 -0 -1
  outer loop
    vertex -12.50968552 16.86735725 0
    vertex -9.478352547 13.28384209 0
    vertex -9.490369797 13.18641567 0
  endloop
endfacet
facet normal 0 -0 -1
  outer loop
    vertex -12.50968552 16.86735725 0
    vertex -9.46157074 13.38056183 0
    vertex -9.478352547 13.28384209 0
  endloop
endfacet
facet normal 0 -0 -1
  outer loop
    vertex -12.50968552 16.86735725 0
    vertex -9.440062523 13.47634125 0
    vertex -9.46157074 13.38056183 0
  endloop
endfacet
facet normal 0 -0 -1
  outer loop
    vertex -12.50968552 16.86735725 0
    vertex -9.413880348 13.57095051 0
    vertex -9.440062523 13.47634125 0
  endloop
endfacet
facet normal 0 -0 -1
  outer loop
    vertex -12.50968552 16.86735725 0
    vertex -9.383088112 13.66416073 0
    vertex -9.413880348 13.57095051 0
  endloop
endfacet
facet normal 0 -0 -1
  outer loop
    vertex -12.50968552 16.86735725 0
    vertex -9.347759247 13.7557478 0
    vertex -9.383088112 13.66416073 0
  endloop
endfacet
facet normal 0 -0 -1
  outer loop
    vertex -12.50968552 16.86735725 0
    vertex -9.30797863 13.84549141 0
    vertex -9.347759247 13.7557478 0
  endloop
endfacet
facet normal 0 -0 -1
  outer loop
    vertex -11.66697502 17.46086121 0
    vertex -9.263842583 13.93317413 0
    vertex -9.30797863 13.84549141 0
  endloop
endfacet
facet normal 0 -0 -1
  outer loop
    vertex -11.66697502 17.46086121 0
    vertex -9.215456963 14.01858616 0
    vertex -9.263842583 13.93317413 0
  endloop
endfacet
facet normal 0 -0 -1
  outer loop
    vertex -11.66697502 17.46086121 0
    vertex -9.162939072 14.10152149 0
    vertex -9.215456963 14.01858616 0
  endloop
endfacet
facet normal 0 -0 -1
  outer loop
    vertex -11.66697502 17.46086121 0
    vertex -9.106414795 14.18177986 0
    vertex -9.162939072 14.10152149 0
  endloop
endfacet
facet normal 0 -0 -1
  outer loop
    vertex -11.66697502 17.46086121 0
    vertex -9.046020508 14.25916767 0
    vertex -9.106414795 14.18177986 0
  endloop
endfacet
facet normal 0 -0 -1
  outer loop
    vertex -11.66697502 17.46086121 0
    vertex -8.981902122 14.33349895 0
    vertex -9.046020508 14.25916767 0
  endloop
endfacet
facet normal 0 -0 -1
  outer loop
    vertex -11.66697502 17.46086121 0
    vertex -8.914213181 14.40459442 0
    vertex -8.981902122 14.33349895 0
  endloop
endfacet
facet normal 0 -0 -1
  outer loop
    vertex -11.66697502 17.46086121 0
    vertex -8.843117714 14.47228336 0
    vertex -8.914213181 14.40459442 0
  endloop
endfacet
facet normal 0 -0 -1
  outer loop
    vertex -11.66697502 17.46086121 0
    vertex -8.76878643 14.53640175 0
    vertex -8.843117714 14.47228336 0
  endloop
endfacet
facet normal 0 -0 -1
  outer loop
    vertex -10.79615784 18.01230049 0
    vertex -8.691398621 14.59679604 0
    vertex -8.76878643 14.53640175 0
  endloop
endfacet
facet normal 0 0 -1
  outer loop
    vertex -9.490369797 13.18641567 -0.1000000015
    vertex -9.478352547 13.28384209 -0.1000000015
    vertex -7.5 12.99038124 -0.1000000015
  endloop
endfacet
facet normal 0 0 -1
  outer loop
    vertex -9.478352547 13.28384209 -0.1000000015
    vertex -9.46157074 13.38056183 -0.1000000015
    vertex -7.5 12.99038124 -0.1000000015
  endloop
endfacet
facet normal 0 0 -1
  outer loop
    vertex -9.46157074 13.38056183 -0.1000000015
    vertex -9.440062523 13.47634125 -0.1000000015
    vertex -7.5 12.99038124 -0.1000000015
  endloop
endfacet
facet normal 0 0 -1
  outer loop
    vertex -9.440062523 13.47634125 -0.1000000015
    vertex -9.413880348 13.57095051 -0.1000000015
    vertex -7.5 12.99038124 -0.1000000015
  endloop
endfacet
facet normal 0 0 -1
  outer loop
    vertex -9.413880348 13.57095051 -0.1000000015
    vertex -9.383088112 13.66416073 -0.1000000015
    vertex -7.5 12.99038124 -0.1000000015
  endloop
endfacet
facet normal 0 0 -1
  outer loop
    vertex -9.383088112 13.66416073 -0.1000000015
    vertex -9.347759247 13.7557478 -0.1000000015
    vertex -7.5 12.99038124 -0.1000000015
  endloop
endfacet
facet normal 0 0 -1
  outer loop
    vertex -9.347759247 13.7557478 -0.1000000015
    vertex -9.30797863 13.84549141 -0.1000000015
    vertex -7.5 12.99038124 -0.1000000015
  endloop
endfacet
facet normal 0 0 -1
  outer loop
    vertex -9.30797863 13.84549141 -0.1000000015
    vertex -9.263842583 13.93317413 -0.1000000015
    vertex -7.5 12.99038124 -0.1000000015
  endloop
endfacet
facet normal 0 0 -1
  outer loop
    vertex -9.263842583 13.93317413 -0.1000000015
    vertex -9.215456963 14.01858616 -0.1000000015
    vertex -7.5 12.99038124 -0.1000000015
  endloop
endfacet
facet normal 0 0 -1
  outer loop
    vertex -9.215456963 14.01858616 -0.1000000015
    vertex -9.162939072 14.10152149 -0.1000000015
    vertex -7.5 12.99038124 -0.1000000015
  endloop
endfacet
facet normal 0 0 -1
  outer loop
    vertex -9.162939072 14.10152149 -0.1000000015
    vertex -9.106414795 14.18177986 -0.1000000015
    vertex -7.5 12.99038124 -0.1000000015
  endloop
endfacet
facet normal -0.8448550831 0.534995223 0
  outer loop
    vertex -9.215456963 14.01858616 0
    vertex -9.162939072 14.10152149 0
    vertex -9.162939072 14.10152149 -0.1000000015
  endloop
endfacet
facet normal -0.8175850262 0.5758078889 0
  outer loop
    vertex -9.162939072 14.10152149 -0.1000000015
    vertex -9.162939072 14.10152149 0
    vertex -9.106414795 14.18177986 -0.1000000015
  endloop
endfacet
facet normal -0.7883452042 0.6152331582 0
  outer loop
    vertex -9.106414795 14.18177986 -0.1000000015
    vertex -9.106414795 14.18177986 0
    vertex -9.046020508 14.25916767 -0.1000000015
  endloop
endfacet
facet normal -0.8175850262 0.5758078889 0
  outer loop
    vertex -9.162939072 14.10152149 0
    vertex -9.106414795 14.18177986 0
    vertex -9.106414795 14.18177986 -0.1000000015
  endloop
endfacet
facet normal -0.7883452042 0.6152331582 0
  outer loop
    vertex -9.046020508 14.25916767 -0.1000000015
    vertex -9.106414795 14.18177986 0
    vertex -9.046020508 14.25916767 0
  endloop
endfacet
facet normal -0.7572099592 0.653171553 0
  outer loop
    vertex -9.046020508 14.25916767 -0.1000000015
    vertex -9.046020508 14.25916767 0
    vertex -8.981902122 14.33349895 -0.1000000015
  endloop
endfacet
facet normal -0.7242448915 0.6895428465 0
  outer loop
    vertex -8.981902122 14.33349895 -0.1000000015
    vertex -8.981902122 14.33349895 0
    vertex -8.914213181 14.40459442 -0.1000000015
  endloop
endfacet
facet normal -0.6895428465 0.7242448915 0
  outer loop
    vertex -8.914213181 14.40459442 -0.1000000015
    vertex -8.914213181 14.40459442 0
    vertex -8.843117714 14.47228336 -0.1000000015
  endloop
endfacet
facet normal -0.7572099592 0.653171553 0
  outer loop
    vertex -9.046020508 14.25916767 0
    vertex -8.981902122 14.33349895 0
    vertex -8.981902122 14.33349895 -0.1000000015
  endloop
endfacet
facet normal -0.7242448915 0.6895428465 0
  outer loop
    vertex -8.914213181 14.40459442 -0.1000000015
    vertex -8.981902122 14.33349895 0
    vertex -8.914213181 14.40459442 0
  endloop
endfacet
facet normal 0 0 -1
  outer loop
    vertex -9.106414795 14.18177986 -0.1000000015
    vertex -9.046020508 14.25916767 -0.1000000015
    vertex -7.5 12.99038124 -0.1000000015
  endloop
endfacet
facet normal 0 0 -1
  outer loop
    vertex -9.046020508 14.25916767 -0.1000000015
    vertex -8.981902122 14.33349895 -0.1000000015
    vertex -7.5 12.99038124 -0.1000000015
  endloop
endfacet
facet normal 0 0 -1
  outer loop
    vertex -8.981902122 14.33349895 -0.1000000015
    vertex -8.914213181 14.40459442 -0.1000000015
    vertex -7.5 12.99038124 -0.1000000015
  endloop
endfacet
facet normal 0 0 -1
  outer loop
    vertex -8.914213181 14.40459442 -0.1000000015
    vertex -8.843117714 14.47228336 -0.1000000015
    vertex -7.5 12.99038124 -0.1000000015
  endloop
endfacet
facet normal 0 0 -1
  outer loop
    vertex -8.843117714 14.47228336 -0.1000000015
    vertex -8.76878643 14.53640175 -0.1000000015
    vertex -7.5 12.99038124 -0.1000000015
  endloop
endfacet
facet normal 0 0 -1
  outer loop
    vertex -8.76878643 14.53640175 -0.1000000015
    vertex -8.691398621 14.59679604 -0.1000000015
    vertex -7.5 12.99038124 -0.1000000015
  endloop
endfacet
facet normal 0 0 -1
  outer loop
    vertex -8.691398621 14.59679604 -0.1000000015
    vertex -8.611140251 14.65332031 -0.1000000015
    vertex -7.5 12.99038124 -0.1000000015
  endloop
endfacet
facet normal 0 0 -1
  outer loop
    vertex -8.611140251 14.65332031 -0.1000000015
    vertex -8.528205872 14.7058382 -0.1000000015
    vertex -7.5 12.99038124 -0.1000000015
  endloop
endfacet
facet normal 0 0 -1
  outer loop
    vertex -8.528205872 14.7058382 -0.1000000015
    vertex -8.442793846 14.75422382 -0.1000000015
    vertex -7.5 12.99038124 -0.1000000015
  endloop
endfacet
facet normal 0 0 -1
  outer loop
    vertex -8.442793846 14.75422382 -0.1000000015
    vertex -8.355110168 14.79835987 -0.1000000015
    vertex -7.5 12.99038124 -0.1000000015
  endloop
endfacet
facet normal 0 0 -1
  outer loop
    vertex -8.355110168 14.79835987 -0.1000000015
    vertex -8.265366554 14.83814049 -0.1000000015
    vertex -7.5 12.99038124 -0.1000000015
  endloop
endfacet
facet normal 0 0 -1
  outer loop
    vertex -8.265366554 14.83814049 -0.1000000015
    vertex -8.173779488 14.87346935 -0.1000000015
    vertex -7.5 12.99038124 -0.1000000015
  endloop
endfacet
facet normal 0 0 -1
  outer loop
    vertex -8.173779488 14.87346935 -0.1000000015
    vertex -8.080569267 14.90426159 -0.1000000015
    vertex -7.5 12.99038124 -0.1000000015
  endloop
endfacet
facet normal -0.6895428465 0.7242448915 0
  outer loop
    vertex -8.914213181 14.40459442 0
    vertex -8.843117714 14.47228336 0
    vertex -8.843117714 14.47228336 -0.1000000015
  endloop
endfacet
facet normal -0.653171553 0.7572099592 0
  outer loop
    vertex -8.843117714 14.47228336 -0.1000000015
    vertex -8.843117714 14.47228336 0
    vertex -8.76878643 14.53640175 -0.1000000015
  endloop
endfacet
facet normal -0.6152331582 0.7883452042 0
  outer loop
    vertex -8.76878643 14.53640175 -0.1000000015
    vertex -8.76878643 14.53640175 0
    vertex -8.691398621 14.59679604 -0.1000000015
  endloop
endfacet
facet normal -0.653171553 0.7572099592 0
  outer loop
    vertex -8.76878643 14.53640175 -0.1000000015
    vertex -8.843117714 14.47228336 0
    vertex -8.76878643 14.53640175 0
  endloop
endfacet
facet normal -0.6152331582 0.7883452042 0
  outer loop
    vertex -8.76878643 14.53640175 0
    vertex -8.691398621 14.59679604 0
    vertex -8.691398621 14.59679604 -0.1000000015
  endloop
endfacet
facet normal -0.5758078889 0.8175850262 0
  outer loop
    vertex -8.691398621 14.59679604 -0.1000000015
    vertex -8.691398621 14.59679604 0
    vertex -8.611140251 14.65332031 -0.1000000015
  endloop
endfacet
facet normal -0.5349996141 0.8448523024 0
  outer loop
    vertex -8.611140251 14.65332031 -0.1000000015
    vertex -8.611140251 14.65332031 0
    vertex -8.528205872 14.7058382 -0.1000000015
  endloop
endfacet
facet normal -0.5758078889 0.8175850262 0
  outer loop
    vertex -8.691398621 14.59679604 0
    vertex -8.611140251 14.65332031 0
    vertex -8.611140251 14.65332031 -0.1000000015
  endloop
endfacet
facet normal -0.5349996141 0.8448523024 0
  outer loop
    vertex -8.611140251 14.65332031 0
    vertex -8.528205872 14.7058382 0
    vertex -8.528205872 14.7058382 -0.1000000015
  endloop
endfacet
facet normal -0.4929005471 0.8700856571 0
  outer loop
    vertex -8.528205872 14.7058382 -0.1000000015
    vertex -8.528205872 14.7058382 0
    vertex -8.442793846 14.75422382 -0.1000000015
  endloop
endfacet
facet normal -0.4929005471 0.8700856571 0
  outer loop
    vertex -8.442793846 14.75422382 -0.1000000015
    vertex -8.528205872 14.7058382 0
    vertex -8.442793846 14.75422382 0
  endloop
endfacet
facet normal -0.4496096477 0.8932251478 0
  outer loop
    vertex -8.442793846 14.75422382 -0.1000000015
    vertex -8.442793846 14.75422382 0
    vertex -8.355110168 14.79835987 -0.1000000015
  endloop
endfacet
facet normal -0.4496096477 0.8932251478 0
  outer loop
    vertex -8.442793846 14.75422382 0
    vertex -8.355110168 14.79835987 0
    vertex -8.355110168 14.79835987 -0.1000000015
  endloop
endfacet
facet normal -0.4052413865 0.9142097235 0
  outer loop
    vertex -8.355110168 14.79835987 -0.1000000015
    vertex -8.355110168 14.79835987 0
    vertex -8.265366554 14.83814049 -0.1000000015
  endloop
endfacet
facet normal -0.3598935727 0.9329933635 0
  outer loop
    vertex -8.265366554 14.83814049 -0.1000000015
    vertex -8.265366554 14.83814049 0
    vertex -8.173779488 14.87346935 -0.1000000015
  endloop
endfacet
facet normal -0.4052413865 0.9142097235 0
  outer loop
    vertex -8.265366554 14.83814049 -0.1000000015
    vertex -8.355110168 14.79835987 0
    vertex -8.265366554 14.83814049 0
  endloop
endfacet
facet normal -0.3598935727 0.9329933635 0
  outer loop
    vertex -8.265366554 14.83814049 0
    vertex -8.173779488 14.87346935 0
    vertex -8.173779488 14.87346935 -0.1000000015
  endloop
endfacet
facet normal -0.3136793415 0.9495289731 0
  outer loop
    vertex -8.173779488 14.87346935 -0.1000000015
    vertex -8.173779488 14.87346935 0
    vertex -8.080569267 14.90426159 -0.1000000015
  endloop
endfacet
facet normal -0.2667165248 0.9637750232 0
  outer loop
    vertex -8.080569267 14.90426159 -0.1000000015
    vertex -8.080569267 14.90426159 0
    vertex -7.985960484 14.93044376 -0.1000000015
  endloop
endfacet
facet normal -0.3136793415 0.9495289731 0
  outer loop
    vertex -8.080569267 14.90426159 -0.1000000015
    vertex -8.173779488 14.87346935 0
    vertex -8.080569267 14.90426159 0
  endloop
endfacet
facet normal -0.2667165248 0.9637750232 0
  outer loop
    vertex -8.080569267 14.90426159 0
    vertex -7.985960484 14.93044376 0
    vertex -7.985960484 14.93044376 -0.1000000015
  endloop
endfacet
facet normal -0.2191024235 0.9757018643 0
  outer loop
    vertex -7.985960484 14.93044376 -0.1000000015
    vertex -7.985960484 14.93044376 0
    vertex -7.890180588 14.95195198 -0.1000000015
  endloop
endfacet
facet normal -0.2191024235 0.9757018643 0
  outer loop
    vertex -7.890180588 14.95195198 -0.1000000015
    vertex -7.985960484 14.93044376 0
    vertex -7.890180588 14.95195198 0
  endloop
endfacet
facet normal -0.1709647902 -0.9852771389 0
  outer loop
    vertex -7.890180588 11.0288105 -0.1000000015
    vertex -7.793460846 11.01202774 -0.1000000015
    vertex -7.793460846 11.01202774 0
  endloop
endfacet
facet normal -0.1224096143 -0.9924796655 0
  outer loop
    vertex -7.793460846 11.01202774 -0.1000000015
    vertex -7.696034431 11.00001144 -0.1000000015
    vertex -7.696034431 11.00001144 0
  endloop
endfacet
facet normal -0.1709647902 -0.9852771389 0
  outer loop
    vertex -7.890180588 11.0288105 -0.1000000015
    vertex -7.793460846 11.01202774 0
    vertex -7.890180588 11.0288105 0
  endloop
endfacet
facet normal -0.1224096143 -0.9924796655 0
  outer loop
    vertex -7.793460846 11.01202774 -0.1000000015
    vertex -7.696034431 11.00001144 0
    vertex -7.793460846 11.01202774 0
  endloop
endfacet
facet normal -0.02454011598 -0.999698846 0
  outer loop
    vertex -7.598135471 10.99279022 -0.1000000015
    vertex -7.5 10.99038124 0
    vertex -7.598135471 10.99279022 0
  endloop
endfacet
facet normal -0.07356213991 -0.9972906355 0
  outer loop
    vertex -7.696034431 11.00001144 -0.1000000015
    vertex -7.598135471 10.99279022 -0.1000000015
    vertex -7.598135471 10.99279022 0
  endloop
endfacet
facet normal -0.07356213991 -0.9972906355 0
  outer loop
    vertex -7.696034431 11.00001144 -0.1000000015
    vertex -7.598135471 10.99279022 0
    vertex -7.696034431 11.00001144 0
  endloop
endfacet
facet normal -0.02454011598 -0.999698846 0
  outer loop
    vertex -7.598135471 10.99279022 -0.1000000015
    vertex -7.5 10.99038124 -0.1000000015
    vertex -7.5 10.99038124 0
  endloop
endfacet
facet normal 0.02454011598 -0.999698846 0
  outer loop
    vertex -7.5 10.99038124 -0.1000000015
    vertex -7.401864529 10.99279022 -0.1000000015
    vertex -7.401864529 10.99279022 0
  endloop
endfacet
facet normal 0.02454011598 -0.999698846 0
  outer loop
    vertex -7.5 10.99038124 -0.1000000015
    vertex -7.401864529 10.99279022 0
    vertex -7.5 10.99038124 0
  endloop
endfacet
facet normal 0.07356213991 -0.9972906355 0
  outer loop
    vertex -7.401864529 10.99279022 -0.1000000015
    vertex -7.303965569 11.00001144 -0.1000000015
    vertex -7.303965569 11.00001144 0
  endloop
endfacet
facet normal 0.1224096143 -0.9924796655 0
  outer loop
    vertex -7.303965569 11.00001144 -0.1000000015
    vertex -7.206539154 11.01202774 -0.1000000015
    vertex -7.206539154 11.01202774 0
  endloop
endfacet
facet normal 0.07356213991 -0.9972906355 0
  outer loop
    vertex -7.401864529 10.99279022 -0.1000000015
    vertex -7.303965569 11.00001144 0
    vertex -7.401864529 10.99279022 0
  endloop
endfacet
facet normal 0.1224096143 -0.9924796655 0
  outer loop
    vertex -7.303965569 11.00001144 -0.1000000015
    vertex -7.206539154 11.01202774 0
    vertex -7.303965569 11.00001144 0
  endloop
endfacet
facet normal 0 -0 -1
  outer loop
    vertex -8.080569267 11.07649994 -0.1000000015
    vertex -7.5 12.99038124 -0.1000000015
    vertex -7.985960484 11.05031872 -0.1000000015
  endloop
endfacet
facet normal 0 -0 -1
  outer loop
    vertex -7.985960484 11.05031872 -0.1000000015
    vertex -7.5 12.99038124 -0.1000000015
    vertex -7.890180588 11.0288105 -0.1000000015
  endloop
endfacet
facet normal 0 -0 -1
  outer loop
    vertex -7.890180588 11.0288105 -0.1000000015
    vertex -7.5 12.99038124 -0.1000000015
    vertex -7.793460846 11.01202774 -0.1000000015
  endloop
endfacet
facet normal 0 -0 -1
  outer loop
    vertex -7.793460846 11.01202774 -0.1000000015
    vertex -7.5 12.99038124 -0.1000000015
    vertex -7.696034431 11.00001144 -0.1000000015
  endloop
endfacet
facet normal 0 -0 -1
  outer loop
    vertex -7.696034431 11.00001144 -0.1000000015
    vertex -7.5 12.99038124 -0.1000000015
    vertex -7.598135471 10.99279022 -0.1000000015
  endloop
endfacet
facet normal 0 0 -1
  outer loop
    vertex -7.598135471 10.99279022 -0.1000000015
    vertex -7.5 12.99038124 -0.1000000015
    vertex -7.5 10.99038124 -0.1000000015
  endloop
endfacet
facet normal 0 0 -1
  outer loop
    vertex -7.5 10.99038124 -0.1000000015
    vertex -7.5 12.99038124 -0.1000000015
    vertex -7.401864529 10.99279022 -0.1000000015
  endloop
endfacet
facet normal 0 0 -1
  outer loop
    vertex -7.401864529 10.99279022 -0.1000000015
    vertex -7.5 12.99038124 -0.1000000015
    vertex -7.303965569 11.00001144 -0.1000000015
  endloop
endfacet
facet normal 0 0 -1
  outer loop
    vertex -7.303965569 11.00001144 -0.1000000015
    vertex -7.5 12.99038124 -0.1000000015
    vertex -7.206539154 11.01202774 -0.1000000015
  endloop
endfacet
facet normal 0 0 -1
  outer loop
    vertex -7.206539154 11.01202774 -0.1000000015
    vertex -7.5 12.99038124 -0.1000000015
    vertex -7.109819412 11.0288105 -0.1000000015
  endloop
endfacet
facet normal 0.1709647902 -0.9852771389 0
  outer loop
    vertex -7.206539154 11.01202774 -0.1000000015
    vertex -7.109819412 11.0288105 -0.1000000015
    vertex -7.109819412 11.0288105 0
  endloop
endfacet
facet normal 0.1709647902 -0.9852771389 0
  outer loop
    vertex -7.206539154 11.01202774 -0.1000000015
    vertex -7.109819412 11.0288105 0
    vertex -7.206539154 11.01202774 0
  endloop
endfacet
facet normal 0.2191024235 -0.9757018643 0
  outer loop
    vertex -7.109819412 11.0288105 -0.1000000015
    vertex -7.014039516 11.05031872 0
    vertex -7.109819412 11.0288105 0
  endloop
endfacet
facet normal 0.2191024235 -0.9757018643 0
  outer loop
    vertex -7.109819412 11.0288105 -0.1000000015
    vertex -7.014039516 11.05031872 -0.1000000015
    vertex -7.014039516 11.05031872 0
  endloop
endfacet
facet normal 0.2667075009 -0.9637775205 0
  outer loop
    vertex -7.014039516 11.05031872 -0.1000000015
    vertex -6.919430733 11.07649994 -0.1000000015
    vertex -6.919430733 11.07649994 0
  endloop
endfacet
facet normal 0.2667075009 -0.9637775205 0
  outer loop
    vertex -7.014039516 11.05031872 -0.1000000015
    vertex -6.919430733 11.07649994 0
    vertex -7.014039516 11.05031872 0
  endloop
endfacet
facet normal 0.3136881006 -0.9495260794 0
  outer loop
    vertex -6.919430733 11.07649994 -0.1000000015
    vertex -6.826220512 11.10729313 -0.1000000015
    vertex -6.826220512 11.10729313 0
  endloop
endfacet
facet normal 0.3598919417 -0.9329939926 0
  outer loop
    vertex -6.826220512 11.10729313 -0.1000000015
    vertex -6.734632969 11.14262199 -0.1000000015
    vertex -6.734632969 11.14262199 0
  endloop
endfacet
facet normal 0.3136881006 -0.9495260794 0
  outer loop
    vertex -6.919430733 11.07649994 -0.1000000015
    vertex -6.826220512 11.10729313 0
    vertex -6.919430733 11.07649994 0
  endloop
endfacet
facet normal 0.3598919417 -0.9329939926 0
  outer loop
    vertex -6.826220512 11.10729313 -0.1000000015
    vertex -6.734632969 11.14262199 0
    vertex -6.826220512 11.10729313 0
  endloop
endfacet
facet normal 0.4052431861 -0.9142089258 0
  outer loop
    vertex -6.734632969 11.14262199 -0.1000000015
    vertex -6.644889832 11.18240261 0
    vertex -6.734632969 11.14262199 0
  endloop
endfacet
facet normal 0 0 -1
  outer loop
    vertex -7.109819412 11.0288105 -0.1000000015
    vertex -7.5 12.99038124 -0.1000000015
    vertex -7.014039516 11.05031872 -0.1000000015
  endloop
endfacet
facet normal 0 0 -1
  outer loop
    vertex -7.014039516 11.05031872 -0.1000000015
    vertex -7.5 12.99038124 -0.1000000015
    vertex -6.919430733 11.07649994 -0.1000000015
  endloop
endfacet
facet normal 0 0 -1
  outer loop
    vertex -6.919430733 11.07649994 -0.1000000015
    vertex -7.5 12.99038124 -0.1000000015
    vertex -6.826220512 11.10729313 -0.1000000015
  endloop
endfacet
facet normal 0 0 -1
  outer loop
    vertex -6.826220512 11.10729313 -0.1000000015
    vertex -7.5 12.99038124 -0.1000000015
    vertex -6.734632969 11.14262199 -0.1000000015
  endloop
endfacet
facet normal 0 0 -1
  outer loop
    vertex -6.734632969 11.14262199 -0.1000000015
    vertex -7.5 12.99038124 -0.1000000015
    vertex -6.644889832 11.18240261 -0.1000000015
  endloop
endfacet
facet normal 0 0 -1
  outer loop
    vertex -6.644889832 11.18240261 -0.1000000015
    vertex -7.5 12.99038124 -0.1000000015
    vertex -6.557206631 11.22653866 -0.1000000015
  endloop
endfacet
facet normal 0.4052431861 -0.9142089258 0
  outer loop
    vertex -6.734632969 11.14262199 -0.1000000015
    vertex -6.644889832 11.18240261 -0.1000000015
    vertex -6.644889832 11.18240261 0
  endloop
endfacet
facet normal 0.4496115985 -0.8932241659 0
  outer loop
    vertex -6.644889832 11.18240261 -0.1000000015
    vertex -6.557206631 11.22653866 -0.1000000015
    vertex -6.557206631 11.22653866 0
  endloop
endfacet
facet normal 0.4496115985 -0.8932241659 0
  outer loop
    vertex -6.644889832 11.18240261 -0.1000000015
    vertex -6.557206631 11.22653866 0
    vertex -6.644889832 11.18240261 0
  endloop
endfacet
facet normal 0 -0 -1
  outer loop
    vertex -7.5 12.99038124 -0.1000000015
    vertex -6.471794605 11.27492428 -0.1000000015
    vertex -6.557206631 11.22653866 -0.1000000015
  endloop
endfacet
facet normal 0 -0 -1
  outer loop
    vertex -7.5 12.99038124 -0.1000000015
    vertex -6.388859749 11.32744217 -0.1000000015
    vertex -6.471794605 11.27492428 -0.1000000015
  endloop
endfacet
facet normal 0 -0 -1
  outer loop
    vertex -7.5 12.99038124 -0.1000000015
    vertex -6.308601379 11.38396645 -0.1000000015
    vertex -6.388859749 11.32744217 -0.1000000015
  endloop
endfacet
facet normal 0 -0 -1
  outer loop
    vertex -7.5 12.99038124 -0.1000000015
    vertex -6.23121357 11.44435978 -0.1000000015
    vertex -6.308601379 11.38396645 -0.1000000015
  endloop
endfacet
facet normal 0 -0 -1
  outer loop
    vertex -7.5 12.99038124 -0.1000000015
    vertex -6.156882286 11.50847912 -0.1000000015
    vertex -6.23121357 11.44435978 -0.1000000015
  endloop
endfacet
facet normal 0 -0 -1
  outer loop
    vertex -7.5 12.99038124 -0.1000000015
    vertex -6.085786343 11.57616711 -0.1000000015
    vertex -6.156882286 11.50847912 -0.1000000015
  endloop
endfacet
facet normal 0.4929005471 -0.8700856571 0
  outer loop
    vertex -6.557206631 11.22653866 -0.1000000015
    vertex -6.471794605 11.27492428 -0.1000000015
    vertex -6.471794605 11.27492428 0
  endloop
endfacet
facet normal 0.5349974185 -0.8448536928 0
  outer loop
    vertex -6.471794605 11.27492428 -0.1000000015
    vertex -6.388859749 11.32744217 -0.1000000015
    vertex -6.388859749 11.32744217 0
  endloop
endfacet
facet normal 0.4929005471 -0.8700856571 0
  outer loop
    vertex -6.557206631 11.22653866 -0.1000000015
    vertex -6.471794605 11.27492428 0
    vertex -6.557206631 11.22653866 0
  endloop
endfacet
facet normal 0.5349974185 -0.8448536928 0
  outer loop
    vertex -6.471794605 11.27492428 -0.1000000015
    vertex -6.388859749 11.32744217 0
    vertex -6.471794605 11.27492428 0
  endloop
endfacet
facet normal 0.5758078889 -0.8175850262 0
  outer loop
    vertex -6.388859749 11.32744217 -0.1000000015
    vertex -6.308601379 11.38396645 -0.1000000015
    vertex -6.308601379 11.38396645 0
  endloop
endfacet
facet normal 0.6152271204 -0.7883499162 0
  outer loop
    vertex -6.308601379 11.38396645 -0.1000000015
    vertex -6.23121357 11.44435978 -0.1000000015
    vertex -6.23121357 11.44435978 0
  endloop
endfacet
facet normal 0.5758078889 -0.8175850262 0
  outer loop
    vertex -6.388859749 11.32744217 -0.1000000015
    vertex -6.308601379 11.38396645 0
    vertex -6.388859749 11.32744217 0
  endloop
endfacet
facet normal 0.6152271204 -0.7883499162 0
  outer loop
    vertex -6.308601379 11.38396645 -0.1000000015
    vertex -6.23121357 11.44435978 0
    vertex -6.308601379 11.38396645 0
  endloop
endfacet
facet normal 0.6531771233 -0.7572051543 0
  outer loop
    vertex -6.23121357 11.44435978 -0.1000000015
    vertex -6.156882286 11.50847912 0
    vertex -6.23121357 11.44435978 0
  endloop
endfacet
facet normal 0.6531771233 -0.7572051543 0
  outer loop
    vertex -6.23121357 11.44435978 -0.1000000015
    vertex -6.156882286 11.50847912 -0.1000000015
    vertex -6.156882286 11.50847912 0
  endloop
endfacet
facet normal 0.6895353248 -0.7242520527 0
  outer loop
    vertex -6.156882286 11.50847912 -0.1000000015
    vertex -6.085786343 11.57616711 -0.1000000015
    vertex -6.085786343 11.57616711 0
  endloop
endfacet
facet normal 0.6895353248 -0.7242520527 0
  outer loop
    vertex -6.156882286 11.50847912 -0.1000000015
    vertex -6.085786343 11.57616711 0
    vertex -6.156882286 11.50847912 0
  endloop
endfacet
facet normal 0.7242519364 -0.6895354469 0
  outer loop
    vertex -6.085786343 11.57616711 -0.1000000015
    vertex -6.018097878 11.64726353 -0.1000000015
    vertex -6.018097878 11.64726353 0
  endloop
endfacet
facet normal 0.7242519364 -0.6895354469 0
  outer loop
    vertex -6.085786343 11.57616711 -0.1000000015
    vertex -6.018097878 11.64726353 0
    vertex -6.085786343 11.57616711 0
  endloop
endfacet
facet normal 0.7572075567 -0.6531743382 0
  outer loop
    vertex -6.018097878 11.64726353 -0.1000000015
    vertex -5.953979015 11.72159481 -0.1000000015
    vertex -5.953979015 11.72159481 0
  endloop
endfacet
facet normal 0.7883452042 -0.6152331582 0
  outer loop
    vertex -5.953979015 11.72159481 -0.1000000015
    vertex -5.893584728 11.79898262 -0.1000000015
    vertex -5.893584728 11.79898262 0
  endloop
endfacet
facet normal 0.7572075567 -0.6531743382 0
  outer loop
    vertex -6.018097878 11.64726353 -0.1000000015
    vertex -5.953979015 11.72159481 0
    vertex -6.018097878 11.64726353 0
  endloop
endfacet
facet normal 0.7883452042 -0.6152331582 0
  outer loop
    vertex -5.953979015 11.72159481 -0.1000000015
    vertex -5.893584728 11.79898262 0
    vertex -5.953979015 11.72159481 0
  endloop
endfacet
facet normal 0 -0 -1
  outer loop
    vertex -7.5 12.99038124 -0.1000000015
    vertex -6.018097878 11.64726353 -0.1000000015
    vertex -6.085786343 11.57616711 -0.1000000015
  endloop
endfacet
facet normal 0 -0 -1
  outer loop
    vertex -7.5 12.99038124 -0.1000000015
    vertex -5.953979015 11.72159481 -0.1000000015
    vertex -6.018097878 11.64726353 -0.1000000015
  endloop
endfacet
facet normal 0 -0 -1
  outer loop
    vertex -7.5 12.99038124 -0.1000000015
    vertex -5.893584728 11.79898262 -0.1000000015
    vertex -5.953979015 11.72159481 -0.1000000015
  endloop
endfacet
facet normal 0 -0 -1
  outer loop
    vertex -7.5 12.99038124 -0.1000000015
    vertex -5.837060928 11.87924099 -0.1000000015
    vertex -5.893584728 11.79898262 -0.1000000015
  endloop
endfacet
facet normal 0 -0 -1
  outer loop
    vertex -7.5 12.99038124 -0.1000000015
    vertex -5.784542561 11.96217537 -0.1000000015
    vertex -5.837060928 11.87924099 -0.1000000015
  endloop
endfacet
facet normal 0 -0 -1
  outer loop
    vertex -7.5 12.99038124 -0.1000000015
    vertex -5.736157417 12.04758739 -0.1000000015
    vertex -5.784542561 11.96217537 -0.1000000015
  endloop
endfacet
facet normal 0 -0 -1
  outer loop
    vertex -7.5 12.99038124 -0.1000000015
    vertex -5.69202137 12.13527107 -0.1000000015
    vertex -5.736157417 12.04758739 -0.1000000015
  endloop
endfacet
facet normal 0 -0 -1
  outer loop
    vertex -7.5 12.99038124 -0.1000000015
    vertex -5.652240753 12.22501373 -0.1000000015
    vertex -5.69202137 12.13527107 -0.1000000015
  endloop
endfacet
facet normal 0 -0 -1
  outer loop
    vertex -7.5 12.99038124 -0.1000000015
    vertex -5.616911888 12.31660175 -0.1000000015
    vertex -5.652240753 12.22501373 -0.1000000015
  endloop
endfacet
facet normal 0 -0 -1
  outer loop
    vertex -7.5 12.99038124 -0.1000000015
    vertex -5.586119175 12.40981197 -0.1000000015
    vertex -5.616911888 12.31660175 -0.1000000015
  endloop
endfacet
facet normal 0 -0 -1
  outer loop
    vertex -7.5 12.99038124 -0.1000000015
    vertex -5.559937477 12.50442028 -0.1000000015
    vertex -5.586119175 12.40981197 -0.1000000015
  endloop
endfacet
facet normal 0 -0 -1
  outer loop
    vertex -7.5 12.99038124 -0.1000000015
    vertex -5.53842926 12.60020065 -0.1000000015
    vertex -5.559937477 12.50442028 -0.1000000015
  endloop
endfacet
facet normal 0 -0 -1
  outer loop
    vertex -7.5 12.99038124 -0.1000000015
    vertex -5.521646976 12.69692039 -0.1000000015
    vertex -5.53842926 12.60020065 -0.1000000015
  endloop
endfacet
facet normal 0 -0 -1
  outer loop
    vertex -7.5 12.99038124 -0.1000000015
    vertex -5.50963068 12.79434681 -0.1000000015
    vertex -5.521646976 12.69692039 -0.1000000015
  endloop
endfacet
facet normal 0 -0 -1
  outer loop
    vertex -7.5 12.99038124 -0.1000000015
    vertex -5.502408981 12.89224529 -0.1000000015
    vertex -5.50963068 12.79434681 -0.1000000015
  endloop
endfacet
facet normal 0 -0 -1
  outer loop
    vertex -7.5 12.99038124 -0.1000000015
    vertex -5.5 12.99038124 -0.1000000015
    vertex -5.502408981 12.89224529 -0.1000000015
  endloop
endfacet
facet normal 0 0 -1
  outer loop
    vertex -7.5 12.99038124 -0.1000000015
    vertex -5.502408981 13.08851624 -0.1000000015
    vertex -5.5 12.99038124 -0.1000000015
  endloop
endfacet
facet normal 0 0 -1
  outer loop
    vertex -7.5 12.99038124 -0.1000000015
    vertex -5.50963068 13.18641567 -0.1000000015
    vertex -5.502408981 13.08851624 -0.1000000015
  endloop
endfacet
facet normal 0.817587313 -0.5758046419 0
  outer loop
    vertex -5.893584728 11.79898262 -0.1000000015
    vertex -5.837060928 11.87924099 -0.1000000015
    vertex -5.837060928 11.87924099 0
  endloop
endfacet
facet normal 0.8448501068 -0.5350030813 0
  outer loop
    vertex -5.837060928 11.87924099 -0.1000000015
    vertex -5.784542561 11.96217537 -0.1000000015
    vertex -5.784542561 11.96217537 0
  endloop
endfacet
facet normal 0.817587313 -0.5758046419 0
  outer loop
    vertex -5.893584728 11.79898262 -0.1000000015
    vertex -5.837060928 11.87924099 0
    vertex -5.893584728 11.79898262 0
  endloop
endfacet
facet normal 0.8448501068 -0.5350030813 0
  outer loop
    vertex -5.837060928 11.87924099 -0.1000000015
    vertex -5.784542561 11.96217537 0
    vertex -5.837060928 11.87924099 0
  endloop
endfacet
facet normal 0.8700877403 -0.4928968697 0
  outer loop
    vertex -5.784542561 11.96217537 -0.1000000015
    vertex -5.736157417 12.04758739 -0.1000000015
    vertex -5.736157417 12.04758739 0
  endloop
endfacet
facet normal 0.8700877403 -0.4928968697 0
  outer loop
    vertex -5.784542561 11.96217537 -0.1000000015
    vertex -5.736157417 12.04758739 0
    vertex -5.784542561 11.96217537 0
  endloop
endfacet
facet normal 0.8932251478 -0.4496096477 0
  outer loop
    vertex -5.736157417 12.04758739 -0.1000000015
    vertex -5.69202137 12.13527107 -0.1000000015
    vertex -5.69202137 12.13527107 0
  endloop
endfacet
facet normal 0.8932251478 -0.4496096477 0
  outer loop
    vertex -5.736157417 12.04758739 -0.1000000015
    vertex -5.69202137 12.13527107 0
    vertex -5.736157417 12.04758739 0
  endloop
endfacet
facet normal 0.9142081281 -0.4052449857 0
  outer loop
    vertex -5.69202137 12.13527107 -0.1000000015
    vertex -5.652240753 12.22501373 -0.1000000015
    vertex -5.652240753 12.22501373 0
  endloop
endfacet
facet normal 0.9329946218 -0.3598903107 0
  outer loop
    vertex -5.652240753 12.22501373 -0.1000000015
    vertex -5.616911888 12.31660175 -0.1000000015
    vertex -5.616911888 12.31660175 0
  endloop
endfacet
facet normal 0.9142081281 -0.4052449857 0
  outer loop
    vertex -5.69202137 12.13527107 -0.1000000015
    vertex -5.652240753 12.22501373 0
    vertex -5.69202137 12.13527107 0
  endloop
endfacet
facet normal 0.9329946218 -0.3598903107 0
  outer loop
    vertex -5.652240753 12.22501373 -0.1000000015
    vertex -5.616911888 12.31660175 0
    vertex -5.652240753 12.22501373 0
  endloop
endfacet
facet normal 0.9495275263 -0.3136837211 0
  outer loop
    vertex -5.616911888 12.31660175 -0.1000000015
    vertex -5.586119175 12.40981197 -0.1000000015
    vertex -5.586119175 12.40981197 0
  endloop
endfacet
facet normal 0.9495275263 -0.3136837211 0
  outer loop
    vertex -5.616911888 12.31660175 -0.1000000015
    vertex -5.586119175 12.40981197 0
    vertex -5.616911888 12.31660175 0
  endloop
endfacet
facet normal 0.9637759263 -0.2667132615 0
  outer loop
    vertex -5.586119175 12.40981197 -0.1000000015
    vertex -5.559937477 12.50442028 0
    vertex -5.586119175 12.40981197 0
  endloop
endfacet
facet normal 0.9637759263 -0.2667132615 0
  outer loop
    vertex -5.586119175 12.40981197 -0.1000000015
    vertex -5.559937477 12.50442028 -0.1000000015
    vertex -5.559937477 12.50442028 0
  endloop
endfacet
facet normal 0.9757020975 -0.2191013851 0
  outer loop
    vertex -5.559937477 12.50442028 -0.1000000015
    vertex -5.53842926 12.60020065 -0.1000000015
    vertex -5.53842926 12.60020065 0
  endloop
endfacet
facet normal 0.9757020975 -0.2191013851 0
  outer loop
    vertex -5.559937477 12.50442028 -0.1000000015
    vertex -5.53842926 12.60020065 0
    vertex -5.559937477 12.50442028 0
  endloop
endfacet
facet normal 0.9852779572 -0.1709600747 0
  outer loop
    vertex -5.53842926 12.60020065 -0.1000000015
    vertex -5.521646976 12.69692039 0
    vertex -5.53842926 12.60020065 0
  endloop
endfacet
facet normal 0.9852779572 -0.1709600747 0
  outer loop
    vertex -5.53842926 12.60020065 -0.1000000015
    vertex -5.521646976 12.69692039 -0.1000000015
    vertex -5.521646976 12.69692039 0
  endloop
endfacet
facet normal 0.9924796655 -0.1224096143 0
  outer loop
    vertex -5.521646976 12.69692039 -0.1000000015
    vertex -5.50963068 12.79434681 -0.1000000015
    vertex -5.50963068 12.79434681 0
  endloop
endfacet
facet normal 0.9924796655 -0.1224096143 0
  outer loop
    vertex -5.521646976 12.69692039 -0.1000000015
    vertex -5.50963068 12.79434681 0
    vertex -5.521646976 12.69692039 0
  endloop
endfacet
facet normal 0.9972902528 -0.07356732752 0
  outer loop
    vertex -5.50963068 12.79434681 -0.1000000015
    vertex -5.502408981 12.89224529 -0.1000000015
    vertex -5.502408981 12.89224529 0
  endloop
endfacet
facet normal 0.9996988489 -0.02453999682 0
  outer loop
    vertex -5.502408981 12.89224529 -0.1000000015
    vertex -5.5 12.99038124 -0.1000000015
    vertex -5.5 12.99038124 0
  endloop
endfacet
facet normal 0.9972902528 -0.07356732752 0
  outer loop
    vertex -5.50963068 12.79434681 -0.1000000015
    vertex -5.502408981 12.89224529 0
    vertex -5.50963068 12.79434681 0
  endloop
endfacet
facet normal 0.9996988489 -0.02453999682 0
  outer loop
    vertex -5.502408981 12.89224529 -0.1000000015
    vertex -5.5 12.99038124 0
    vertex -5.502408981 12.89224529 0
  endloop
endfacet
facet normal 0.9996988431 0.02454023515 -0
  outer loop
    vertex -5.5 12.99038124 -0.1000000015
    vertex -5.502408981 13.08851624 -0.1000000015
    vertex -5.502408981 13.08851624 0
  endloop
endfacet
facet normal 0.9996988431 0.02454023515 0
  outer loop
    vertex -5.5 12.99038124 -0.1000000015
    vertex -5.502408981 13.08851624 0
    vertex -5.5 12.99038124 0
  endloop
endfacet
facet normal 0.9972903054 0.07356661475 0
  outer loop
    vertex -5.502408981 13.08851624 -0.1000000015
    vertex -5.50963068 13.18641567 0
    vertex -5.502408981 13.08851624 0
  endloop
endfacet
facet normal 0 0 -1
  outer loop
    vertex -8.080569267 14.90426159 -0.1000000015
    vertex -7.985960484 14.93044376 -0.1000000015
    vertex -7.5 12.99038124 -0.1000000015
  endloop
endfacet
facet normal 0 0 -1
  outer loop
    vertex -7.985960484 14.93044376 -0.1000000015
    vertex -7.890180588 14.95195198 -0.1000000015
    vertex -7.5 12.99038124 -0.1000000015
  endloop
endfacet
facet normal 0 0 -1
  outer loop
    vertex -7.890180588 14.95195198 -0.1000000015
    vertex -7.793460846 14.96873379 -0.1000000015
    vertex -7.5 12.99038124 -0.1000000015
  endloop
endfacet
facet normal 0 0 -1
  outer loop
    vertex -7.5 12.99038124 -0.1000000015
    vertex -7.793460846 14.96873379 -0.1000000015
    vertex -7.696034431 14.98075008 -0.1000000015
  endloop
endfacet
facet normal 0 0 -1
  outer loop
    vertex -7.5 12.99038124 -0.1000000015
    vertex -7.696034431 14.98075008 -0.1000000015
    vertex -7.598135471 14.98797226 -0.1000000015
  endloop
endfacet
facet normal 0 0 -1
  outer loop
    vertex -7.5 12.99038124 -0.1000000015
    vertex -7.598135471 14.98797226 -0.1000000015
    vertex -7.5 14.99038124 -0.1000000015
  endloop
endfacet
facet normal 0 0 -1
  outer loop
    vertex -7.5 12.99038124 -0.1000000015
    vertex -7.5 14.99038124 -0.1000000015
    vertex -7.401864529 14.98797226 -0.1000000015
  endloop
endfacet
facet normal 0 0 -1
  outer loop
    vertex -7.5 12.99038124 -0.1000000015
    vertex -7.401864529 14.98797226 -0.1000000015
    vertex -7.303965569 14.98075008 -0.1000000015
  endloop
endfacet
facet normal 0 0 -1
  outer loop
    vertex -7.5 12.99038124 -0.1000000015
    vertex -7.303965569 14.98075008 -0.1000000015
    vertex -7.206539154 14.96873379 -0.1000000015
  endloop
endfacet
facet normal 0 0 -1
  outer loop
    vertex -7.5 12.99038124 -0.1000000015
    vertex -7.206539154 14.96873379 -0.1000000015
    vertex -7.109819412 14.95195198 -0.1000000015
  endloop
endfacet
facet normal 0 0 -1
  outer loop
    vertex -7.5 12.99038124 -0.1000000015
    vertex -6.919430733 14.90426159 -0.1000000015
    vertex -6.826220512 14.87346935 -0.1000000015
  endloop
endfacet
facet normal 0 0 -1
  outer loop
    vertex -7.5 12.99038124 -0.1000000015
    vertex -7.109819412 14.95195198 -0.1000000015
    vertex -7.014039516 14.93044376 -0.1000000015
  endloop
endfacet
facet normal 0 0 -1
  outer loop
    vertex -7.5 12.99038124 -0.1000000015
    vertex -7.014039516 14.93044376 -0.1000000015
    vertex -6.919430733 14.90426159 -0.1000000015
  endloop
endfacet
facet normal 0 0 -1
  outer loop
    vertex -7.5 12.99038124 -0.1000000015
    vertex -6.826220512 14.87346935 -0.1000000015
    vertex -6.734632969 14.83814049 -0.1000000015
  endloop
endfacet
facet normal 0 0 -1
  outer loop
    vertex -7.5 12.99038124 -0.1000000015
    vertex -6.644889832 14.79835987 -0.1000000015
    vertex -6.557206631 14.75422382 -0.1000000015
  endloop
endfacet
facet normal 0 0 -1
  outer loop
    vertex -7.5 12.99038124 -0.1000000015
    vertex -6.734632969 14.83814049 -0.1000000015
    vertex -6.644889832 14.79835987 -0.1000000015
  endloop
endfacet
facet normal 0 0 -1
  outer loop
    vertex -7.5 12.99038124 -0.1000000015
    vertex -6.388859749 14.65332031 -0.1000000015
    vertex -6.308601379 14.59679604 -0.1000000015
  endloop
endfacet
facet normal 0 0 -1
  outer loop
    vertex -7.5 12.99038124 -0.1000000015
    vertex -6.308601379 14.59679604 -0.1000000015
    vertex -6.23121357 14.53640175 -0.1000000015
  endloop
endfacet
facet normal 0 0 -1
  outer loop
    vertex -7.5 12.99038124 -0.1000000015
    vertex -6.23121357 14.53640175 -0.1000000015
    vertex -6.156882286 14.47228336 -0.1000000015
  endloop
endfacet
facet normal 0 0 -1
  outer loop
    vertex -7.5 12.99038124 -0.1000000015
    vertex -6.156882286 14.47228336 -0.1000000015
    vertex -6.085786343 14.40459442 -0.1000000015
  endloop
endfacet
facet normal 0 0 -1
  outer loop
    vertex -7.5 12.99038124 -0.1000000015
    vertex -6.557206631 14.75422382 -0.1000000015
    vertex -6.471794605 14.7058382 -0.1000000015
  endloop
endfacet
facet normal 0 0 -1
  outer loop
    vertex -7.5 12.99038124 -0.1000000015
    vertex -6.471794605 14.7058382 -0.1000000015
    vertex -6.388859749 14.65332031 -0.1000000015
  endloop
endfacet
facet normal -0.1709553591 0.9852787754 0
  outer loop
    vertex -7.890180588 14.95195198 -0.1000000015
    vertex -7.890180588 14.95195198 0
    vertex -7.793460846 14.96873379 -0.1000000015
  endloop
endfacet
facet normal -0.1224096143 0.9924796655 0
  outer loop
    vertex -7.793460846 14.96873379 -0.1000000015
    vertex -7.793460846 14.96873379 0
    vertex -7.696034431 14.98075008 -0.1000000015
  endloop
endfacet
facet normal -0.1709553591 0.9852787754 0
  outer loop
    vertex -7.890180588 14.95195198 0
    vertex -7.793460846 14.96873379 0
    vertex -7.793460846 14.96873379 -0.1000000015
  endloop
endfacet
facet normal -0.1224096143 0.9924796655 0
  outer loop
    vertex -7.793460846 14.96873379 0
    vertex -7.696034431 14.98075008 0
    vertex -7.696034431 14.98075008 -0.1000000015
  endloop
endfacet
facet normal -0.07357180235 0.9972899227 0
  outer loop
    vertex -7.696034431 14.98075008 -0.1000000015
    vertex -7.696034431 14.98075008 0
    vertex -7.598135471 14.98797226 -0.1000000015
  endloop
endfacet
facet normal -0.02454011598 0.999698846 0
  outer loop
    vertex -7.598135471 14.98797226 -0.1000000015
    vertex -7.598135471 14.98797226 0
    vertex -7.5 14.99038124 -0.1000000015
  endloop
endfacet
facet normal -0.07357180235 0.9972899227 0
  outer loop
    vertex -7.598135471 14.98797226 -0.1000000015
    vertex -7.696034431 14.98075008 0
    vertex -7.598135471 14.98797226 0
  endloop
endfacet
facet normal 0.02454011598 0.999698846 -0
  outer loop
    vertex -7.5 14.99038124 -0.1000000015
    vertex -7.5 14.99038124 0
    vertex -7.401864529 14.98797226 -0.1000000015
  endloop
endfacet
facet normal -0.02454011598 0.999698846 0
  outer loop
    vertex -7.598135471 14.98797226 0
    vertex -7.5 14.99038124 0
    vertex -7.5 14.99038124 -0.1000000015
  endloop
endfacet
facet normal 0.02454011598 0.999698846 0
  outer loop
    vertex -7.401864529 14.98797226 -0.1000000015
    vertex -7.5 14.99038124 0
    vertex -7.401864529 14.98797226 0
  endloop
endfacet
facet normal 0.07357180235 0.9972899227 -0
  outer loop
    vertex -7.401864529 14.98797226 -0.1000000015
    vertex -7.401864529 14.98797226 0
    vertex -7.303965569 14.98075008 -0.1000000015
  endloop
endfacet
facet normal 0.1224096143 0.9924796655 -0
  outer loop
    vertex -7.303965569 14.98075008 -0.1000000015
    vertex -7.303965569 14.98075008 0
    vertex -7.206539154 14.96873379 -0.1000000015
  endloop
endfacet
facet normal 0.07357180235 0.9972899227 0
  outer loop
    vertex -7.401864529 14.98797226 0
    vertex -7.303965569 14.98075008 0
    vertex -7.303965569 14.98075008 -0.1000000015
  endloop
endfacet
facet normal 0.1224096143 0.9924796655 0
  outer loop
    vertex -7.303965569 14.98075008 0
    vertex -7.206539154 14.96873379 0
    vertex -7.206539154 14.96873379 -0.1000000015
  endloop
endfacet
facet normal 0.1709553591 0.9852787754 -0
  outer loop
    vertex -7.206539154 14.96873379 -0.1000000015
    vertex -7.206539154 14.96873379 0
    vertex -7.109819412 14.95195198 -0.1000000015
  endloop
endfacet
facet normal 0.2191024235 0.9757018643 -0
  outer loop
    vertex -7.109819412 14.95195198 -0.1000000015
    vertex -7.109819412 14.95195198 0
    vertex -7.014039516 14.93044376 -0.1000000015
  endloop
endfacet
facet normal 0.1709553591 0.9852787754 0
  outer loop
    vertex -7.109819412 14.95195198 -0.1000000015
    vertex -7.206539154 14.96873379 0
    vertex -7.109819412 14.95195198 0
  endloop
endfacet
facet normal 0.2667165248 0.9637750232 -0
  outer loop
    vertex -6.919430733 14.90426159 -0.1000000015
    vertex -7.014039516 14.93044376 -0.1000000015
    vertex -7.014039516 14.93044376 0
  endloop
endfacet
facet normal 0.2667165248 0.9637750232 0
  outer loop
    vertex -6.919430733 14.90426159 -0.1000000015
    vertex -7.014039516 14.93044376 0
    vertex -6.919430733 14.90426159 0
  endloop
endfacet
facet normal 0.2191024235 0.9757018643 0
  outer loop
    vertex -7.109819412 14.95195198 0
    vertex -7.014039516 14.93044376 0
    vertex -7.014039516 14.93044376 -0.1000000015
  endloop
endfacet
facet normal 0.3136793415 0.9495289731 -0
  outer loop
    vertex -6.919430733 14.90426159 -0.1000000015
    vertex -6.919430733 14.90426159 0
    vertex -6.826220512 14.87346935 -0.1000000015
  endloop
endfacet
facet normal 0.3598919417 0.9329939926 -0
  outer loop
    vertex -6.826220512 14.87346935 -0.1000000015
    vertex -6.826220512 14.87346935 0
    vertex -6.734632969 14.83814049 -0.1000000015
  endloop
endfacet
facet normal 0.3136793415 0.9495289731 0
  outer loop
    vertex -6.919430733 14.90426159 0
    vertex -6.826220512 14.87346935 0
    vertex -6.826220512 14.87346935 -0.1000000015
  endloop
endfacet
facet normal 0.3598919417 0.9329939926 0
  outer loop
    vertex -6.734632969 14.83814049 -0.1000000015
    vertex -6.826220512 14.87346935 0
    vertex -6.734632969 14.83814049 0
  endloop
endfacet
facet normal 0.4052431861 0.9142089258 -0
  outer loop
    vertex -6.734632969 14.83814049 -0.1000000015
    vertex -6.734632969 14.83814049 0
    vertex -6.644889832 14.79835987 -0.1000000015
  endloop
endfacet
facet normal 0.4496115985 0.8932241659 -0
  outer loop
    vertex -6.644889832 14.79835987 -0.1000000015
    vertex -6.644889832 14.79835987 0
    vertex -6.557206631 14.75422382 -0.1000000015
  endloop
endfacet
facet normal 0.4052431861 0.9142089258 0
  outer loop
    vertex -6.734632969 14.83814049 0
    vertex -6.644889832 14.79835987 0
    vertex -6.644889832 14.79835987 -0.1000000015
  endloop
endfacet
facet normal 0.4496115985 0.8932241659 0
  outer loop
    vertex -6.644889832 14.79835987 0
    vertex -6.557206631 14.75422382 0
    vertex -6.557206631 14.75422382 -0.1000000015
  endloop
endfacet
facet normal 0 0 -1
  outer loop
    vertex -7.5 12.99038124 -0.1000000015
    vertex -5.893584728 14.18177986 -0.1000000015
    vertex -5.837060928 14.10152149 -0.1000000015
  endloop
endfacet
facet normal 0 0 -1
  outer loop
    vertex -7.5 12.99038124 -0.1000000015
    vertex -5.69202137 13.84549141 -0.1000000015
    vertex -5.652240753 13.7557478 -0.1000000015
  endloop
endfacet
facet normal 0 0 -1
  outer loop
    vertex -7.5 12.99038124 -0.1000000015
    vertex -5.652240753 13.7557478 -0.1000000015
    vertex -5.616911888 13.66416073 -0.1000000015
  endloop
endfacet
facet normal 0 0 -1
  outer loop
    vertex -7.5 12.99038124 -0.1000000015
    vertex -5.736157417 13.93317413 -0.1000000015
    vertex -5.69202137 13.84549141 -0.1000000015
  endloop
endfacet
facet normal 0 0 -1
  outer loop
    vertex -7.5 12.99038124 -0.1000000015
    vertex -5.784542561 14.01858616 -0.1000000015
    vertex -5.736157417 13.93317413 -0.1000000015
  endloop
endfacet
facet normal 0 0 -1
  outer loop
    vertex -7.5 12.99038124 -0.1000000015
    vertex -5.837060928 14.10152149 -0.1000000015
    vertex -5.784542561 14.01858616 -0.1000000015
  endloop
endfacet
facet normal 0 0 -1
  outer loop
    vertex -7.5 12.99038124 -0.1000000015
    vertex -5.521646976 13.28384209 -0.1000000015
    vertex -5.50963068 13.18641567 -0.1000000015
  endloop
endfacet
facet normal 0 0 -1
  outer loop
    vertex -7.5 12.99038124 -0.1000000015
    vertex -5.559937477 13.47634125 -0.1000000015
    vertex -5.53842926 13.38056183 -0.1000000015
  endloop
endfacet
facet normal 0 0 -1
  outer loop
    vertex -7.5 12.99038124 -0.1000000015
    vertex -5.53842926 13.38056183 -0.1000000015
    vertex -5.521646976 13.28384209 -0.1000000015
  endloop
endfacet
facet normal 0 0 -1
  outer loop
    vertex -7.5 12.99038124 -0.1000000015
    vertex -5.586119175 13.57095051 -0.1000000015
    vertex -5.559937477 13.47634125 -0.1000000015
  endloop
endfacet
facet normal 0 0 -1
  outer loop
    vertex -7.5 12.99038124 -0.1000000015
    vertex -5.616911888 13.66416073 -0.1000000015
    vertex -5.586119175 13.57095051 -0.1000000015
  endloop
endfacet
facet normal 0 0 -1
  outer loop
    vertex -7.5 12.99038124 -0.1000000015
    vertex -6.018097878 14.33349895 -0.1000000015
    vertex -5.953979015 14.25916767 -0.1000000015
  endloop
endfacet
facet normal 0 0 -1
  outer loop
    vertex -7.5 12.99038124 -0.1000000015
    vertex -6.085786343 14.40459442 -0.1000000015
    vertex -6.018097878 14.33349895 -0.1000000015
  endloop
endfacet
facet normal 0 0 -1
  outer loop
    vertex -7.5 12.99038124 -0.1000000015
    vertex -5.953979015 14.25916767 -0.1000000015
    vertex -5.893584728 14.18177986 -0.1000000015
  endloop
endfacet
facet normal 0.6895404207 0.7242472011 0
  outer loop
    vertex -6.085786343 14.40459442 -0.1000000015
    vertex -6.156882286 14.47228336 0
    vertex -6.085786343 14.40459442 0
  endloop
endfacet
facet normal 0.7883452042 0.6152331582 -0
  outer loop
    vertex -5.953979015 14.25916767 -0.1000000015
    vertex -5.953979015 14.25916767 0
    vertex -5.893584728 14.18177986 -0.1000000015
  endloop
endfacet
facet normal 0.7883452042 0.6152331582 0
  outer loop
    vertex -5.953979015 14.25916767 0
    vertex -5.893584728 14.18177986 0
    vertex -5.893584728 14.18177986 -0.1000000015
  endloop
endfacet
facet normal 0.7572075567 0.6531743382 -0
  outer loop
    vertex -5.953979015 14.25916767 -0.1000000015
    vertex -6.018097878 14.33349895 -0.1000000015
    vertex -6.018097878 14.33349895 0
  endloop
endfacet
facet normal 0.7242473173 0.6895402986 -0
  outer loop
    vertex -6.085786343 14.40459442 -0.1000000015
    vertex -6.085786343 14.40459442 0
    vertex -6.018097878 14.33349895 -0.1000000015
  endloop
endfacet
facet normal 0.7242473173 0.6895402986 0
  outer loop
    vertex -6.085786343 14.40459442 0
    vertex -6.018097878 14.33349895 0
    vertex -6.018097878 14.33349895 -0.1000000015
  endloop
endfacet
facet normal 0.7572075567 0.6531743382 0
  outer loop
    vertex -5.953979015 14.25916767 -0.1000000015
    vertex -6.018097878 14.33349895 0
    vertex -5.953979015 14.25916767 0
  endloop
endfacet
facet normal 0.9495275263 0.3136837211 0
  outer loop
    vertex -5.586119175 13.57095051 -0.1000000015
    vertex -5.616911888 13.66416073 0
    vertex -5.586119175 13.57095051 0
  endloop
endfacet
facet normal 0.9495275263 0.3136837211 -0
  outer loop
    vertex -5.586119175 13.57095051 -0.1000000015
    vertex -5.616911888 13.66416073 -0.1000000015
    vertex -5.616911888 13.66416073 0
  endloop
endfacet
facet normal 0.9329933635 0.3598935727 -0
  outer loop
    vertex -5.616911888 13.66416073 -0.1000000015
    vertex -5.652240753 13.7557478 -0.1000000015
    vertex -5.652240753 13.7557478 0
  endloop
endfacet
facet normal 0.9329933635 0.3598935727 0
  outer loop
    vertex -5.616911888 13.66416073 -0.1000000015
    vertex -5.652240753 13.7557478 0
    vertex -5.616911888 13.66416073 0
  endloop
endfacet
facet normal 0.9972903054 0.07356661475 -0
  outer loop
    vertex -5.502408981 13.08851624 -0.1000000015
    vertex -5.50963068 13.18641567 -0.1000000015
    vertex -5.50963068 13.18641567 0
  endloop
endfacet
facet normal 0.9924796655 0.1224096143 -0
  outer loop
    vertex -5.50963068 13.18641567 -0.1000000015
    vertex -5.521646976 13.28384209 -0.1000000015
    vertex -5.521646976 13.28384209 0
  endloop
endfacet
facet normal 0.9924796655 0.1224096143 0
  outer loop
    vertex -5.50963068 13.18641567 -0.1000000015
    vertex -5.521646976 13.28384209 0
    vertex -5.50963068 13.18641567 0
  endloop
endfacet
facet normal 0.9852779572 0.1709600747 -0
  outer loop
    vertex -5.521646976 13.28384209 -0.1000000015
    vertex -5.53842926 13.38056183 -0.1000000015
    vertex -5.53842926 13.38056183 0
  endloop
endfacet
facet normal 0.9757016311 0.2191034619 -0
  outer loop
    vertex -5.53842926 13.38056183 -0.1000000015
    vertex -5.559937477 13.47634125 -0.1000000015
    vertex -5.559937477 13.47634125 0
  endloop
endfacet
facet normal 0.9852779572 0.1709600747 0
  outer loop
    vertex -5.521646976 13.28384209 -0.1000000015
    vertex -5.53842926 13.38056183 0
    vertex -5.521646976 13.28384209 0
  endloop
endfacet
facet normal 0.9757016311 0.2191034619 0
  outer loop
    vertex -5.53842926 13.38056183 -0.1000000015
    vertex -5.559937477 13.47634125 0
    vertex -5.53842926 13.38056183 0
  endloop
endfacet
facet normal 0.9637766174 0.2667107642 -0
  outer loop
    vertex -5.586119175 13.57095051 -0.1000000015
    vertex -5.586119175 13.57095051 0
    vertex -5.559937477 13.47634125 -0.1000000015
  endloop
endfacet
facet normal 0.9637766174 0.2667107642 0
  outer loop
    vertex -5.586119175 13.57095051 0
    vertex -5.559937477 13.47634125 0
    vertex -5.559937477 13.47634125 -0.1000000015
  endloop
endfacet
facet normal 0.8700877403 0.4928968697 -0
  outer loop
    vertex -5.784542561 14.01858616 -0.1000000015
    vertex -5.784542561 14.01858616 0
    vertex -5.736157417 13.93317413 -0.1000000015
  endloop
endfacet
facet normal 0.8448528875 0.5349986901 -0
  outer loop
    vertex -5.837060928 14.10152149 -0.1000000015
    vertex -5.837060928 14.10152149 0
    vertex -5.784542561 14.01858616 -0.1000000015
  endloop
endfacet
facet normal 0.8700877403 0.4928968697 0
  outer loop
    vertex -5.784542561 14.01858616 0
    vertex -5.736157417 13.93317413 0
    vertex -5.736157417 13.93317413 -0.1000000015
  endloop
endfacet
facet normal 0.8448528875 0.5349986901 0
  outer loop
    vertex -5.784542561 14.01858616 -0.1000000015
    vertex -5.837060928 14.10152149 0
    vertex -5.784542561 14.01858616 0
  endloop
endfacet
facet normal 0.9142097235 0.4052413865 -0
  outer loop
    vertex -5.652240753 13.7557478 -0.1000000015
    vertex -5.69202137 13.84549141 -0.1000000015
    vertex -5.69202137 13.84549141 0
  endloop
endfacet
facet normal 0.8932231839 0.4496135493 -0
  outer loop
    vertex -5.69202137 13.84549141 -0.1000000015
    vertex -5.736157417 13.93317413 -0.1000000015
    vertex -5.736157417 13.93317413 0
  endloop
endfacet
facet normal 0.9142097235 0.4052413865 0
  outer loop
    vertex -5.652240753 13.7557478 -0.1000000015
    vertex -5.69202137 13.84549141 0
    vertex -5.652240753 13.7557478 0
  endloop
endfacet
facet normal 0.8932231839 0.4496135493 0
  outer loop
    vertex -5.69202137 13.84549141 -0.1000000015
    vertex -5.736157417 13.93317413 0
    vertex -5.69202137 13.84549141 0
  endloop
endfacet
facet normal 0.817587313 0.5758046419 -0
  outer loop
    vertex -5.837060928 14.10152149 -0.1000000015
    vertex -5.893584728 14.18177986 -0.1000000015
    vertex -5.893584728 14.18177986 0
  endloop
endfacet
facet normal 0.817587313 0.5758046419 0
  outer loop
    vertex -5.837060928 14.10152149 -0.1000000015
    vertex -5.893584728 14.18177986 0
    vertex -5.837060928 14.10152149 0
  endloop
endfacet
facet normal 0.4929005471 0.8700856571 -0
  outer loop
    vertex -6.557206631 14.75422382 -0.1000000015
    vertex -6.557206631 14.75422382 0
    vertex -6.471794605 14.7058382 -0.1000000015
  endloop
endfacet
facet normal 0.5349974185 0.8448536928 -0
  outer loop
    vertex -6.471794605 14.7058382 -0.1000000015
    vertex -6.471794605 14.7058382 0
    vertex -6.388859749 14.65332031 -0.1000000015
  endloop
endfacet
facet normal 0.4929005471 0.8700856571 0
  outer loop
    vertex -6.471794605 14.7058382 -0.1000000015
    vertex -6.557206631 14.75422382 0
    vertex -6.471794605 14.7058382 0
  endloop
endfacet
facet normal 0.5349974185 0.8448536928 0
  outer loop
    vertex -6.471794605 14.7058382 0
    vertex -6.388859749 14.65332031 0
    vertex -6.388859749 14.65332031 -0.1000000015
  endloop
endfacet
facet normal 0.6152331582 0.7883452042 -0
  outer loop
    vertex -6.308601379 14.59679604 -0.1000000015
    vertex -6.308601379 14.59679604 0
    vertex -6.23121357 14.53640175 -0.1000000015
  endloop
endfacet
facet normal 0.6152331582 0.7883452042 0
  outer loop
    vertex -6.308601379 14.59679604 0
    vertex -6.23121357 14.53640175 0
    vertex -6.23121357 14.53640175 -0.1000000015
  endloop
endfacet
facet normal 0.5758078889 0.8175850262 -0
  outer loop
    vertex -6.308601379 14.59679604 -0.1000000015
    vertex -6.388859749 14.65332031 -0.1000000015
    vertex -6.388859749 14.65332031 0
  endloop
endfacet
facet normal 0.5758078889 0.8175850262 0
  outer loop
    vertex -6.308601379 14.59679604 -0.1000000015
    vertex -6.388859749 14.65332031 0
    vertex -6.308601379 14.59679604 0
  endloop
endfacet
facet normal 0.653171553 0.7572099592 -0
  outer loop
    vertex -6.156882286 14.47228336 -0.1000000015
    vertex -6.23121357 14.53640175 -0.1000000015
    vertex -6.23121357 14.53640175 0
  endloop
endfacet
facet normal 0.6895404207 0.7242472011 -0
  outer loop
    vertex -6.085786343 14.40459442 -0.1000000015
    vertex -6.156882286 14.47228336 -0.1000000015
    vertex -6.156882286 14.47228336 0
  endloop
endfacet
facet normal 0.653171553 0.7572099592 0
  outer loop
    vertex -6.156882286 14.47228336 -0.1000000015
    vertex -6.23121357 14.53640175 0
    vertex -6.156882286 14.47228336 0
  endloop
endfacet
facet normal 0 0 -1
  outer loop
    vertex -11.66697502 17.46086121 0
    vertex -10.79615784 18.01230049 0
    vertex -8.76878643 14.53640175 0
  endloop
endfacet
facet normal 0 -0 -1
  outer loop
    vertex -10.79615784 18.01230049 0
    vertex -8.611140251 14.65332031 0
    vertex -8.691398621 14.59679604 0
  endloop
endfacet
facet normal 0 -0 -1
  outer loop
    vertex -10.79615784 18.01230049 0
    vertex -8.528205872 14.7058382 0
    vertex -8.611140251 14.65332031 0
  endloop
endfacet
facet normal 0 0 -1
  outer loop
    vertex -10.79615784 18.01230049 0
    vertex -9.899331093 18.52034569 0
    vertex -8.528205872 14.7058382 0
  endloop
endfacet
facet normal 0 0 -1
  outer loop
    vertex -8.528205872 14.7058382 0
    vertex -9.899331093 18.52034569 0
    vertex -8.442793846 14.75422382 0
  endloop
endfacet
facet normal 0 0 -1
  outer loop
    vertex -8.442793846 14.75422382 0
    vertex -9.899331093 18.52034569 0
    vertex -8.355110168 14.79835987 0
  endloop
endfacet
facet normal 0 0 -1
  outer loop
    vertex -8.355110168 14.79835987 0
    vertex -9.899331093 18.52034569 0
    vertex -8.265366554 14.83814049 0
  endloop
endfacet
facet normal 0 0 -1
  outer loop
    vertex -8.265366554 14.83814049 0
    vertex -9.899331093 18.52034569 0
    vertex -8.173779488 14.87346935 0
  endloop
endfacet
facet normal 0 0 -1
  outer loop
    vertex -8.173779488 14.87346935 0
    vertex -9.899331093 18.52034569 0
    vertex -8.080569267 14.90426159 0
  endloop
endfacet
facet normal 0 0 -1
  outer loop
    vertex -8.080569267 14.90426159 0
    vertex -9.899331093 18.52034569 0
    vertex -7.985960484 14.93044376 0
  endloop
endfacet
facet normal 0 0 -1
  outer loop
    vertex -7.985960484 14.93044376 0
    vertex -8.978656769 18.98377609 0
    vertex -7.890180588 14.95195198 0
  endloop
endfacet
facet normal 0 0 -1
  outer loop
    vertex -7.890180588 14.95195198 0
    vertex -8.978656769 18.98377609 0
    vertex -7.793460846 14.96873379 0
  endloop
endfacet
facet normal 0 0 -1
  outer loop
    vertex -7.793460846 14.96873379 0
    vertex -8.978656769 18.98377609 0
    vertex -7.696034431 14.98075008 0
  endloop
endfacet
facet normal 0 0 -1
  outer loop
    vertex -7.696034431 14.98075008 0
    vertex -8.978656769 18.98377609 0
    vertex -7.598135471 14.98797226 0
  endloop
endfacet
facet normal 0 0 -1
  outer loop
    vertex -7.598135471 14.98797226 0
    vertex -8.978656769 18.98377609 0
    vertex -7.5 14.99038124 0
  endloop
endfacet
facet normal 0 0 -1
  outer loop
    vertex -7.5 14.99038124 0
    vertex -8.978656769 18.98377609 0
    vertex -7.401864529 14.98797226 0
  endloop
endfacet
facet normal 0 0 -1
  outer loop
    vertex -7.401864529 14.98797226 0
    vertex -8.978656769 18.98377609 0
    vertex -7.303965569 14.98075008 0
  endloop
endfacet
facet normal 0 0 -1
  outer loop
    vertex -7.985960484 14.93044376 0
    vertex -9.899331093 18.52034569 0
    vertex -8.978656769 18.98377609 0
  endloop
endfacet
facet normal 0 0 -1
  outer loop
    vertex -7.109819412 14.95195198 0
    vertex -8.978656769 18.98377609 0
    vertex -8.036352158 19.40147018 0
  endloop
endfacet
facet normal -0.4928975469 0.8700873567 0
  outer loop
    vertex -10.79615784 18.01230049 0
    vertex -9.899331093 18.52034569 4
    vertex -9.899331093 18.52034569 0
  endloop
endfacet
facet normal -0.4496127962 0.893223563 0
  outer loop
    vertex -9.899331093 18.52034569 0
    vertex -8.978656769 18.98377609 4
    vertex -8.978656769 18.98377609 0
  endloop
endfacet
facet normal -0.405240653 0.9142100487 0
  outer loop
    vertex -8.978656769 18.98377609 0
    vertex -8.036352158 19.40147018 4
    vertex -8.036352158 19.40147018 0
  endloop
endfacet
facet normal 0 0 -1
  outer loop
    vertex -7.303965569 14.98075008 0
    vertex -8.978656769 18.98377609 0
    vertex -7.206539154 14.96873379 0
  endloop
endfacet
facet normal 0 0 -1
  outer loop
    vertex -7.206539154 14.96873379 0
    vertex -8.978656769 18.98377609 0
    vertex -7.109819412 14.95195198 0
  endloop
endfacet
facet normal 0 0 -1
  outer loop
    vertex -6.919430733 14.90426159 0
    vertex -8.036352158 19.40147018 0
    vertex -6.826220512 14.87346935 0
  endloop
endfacet
facet normal 0 0 -1
  outer loop
    vertex -7.109819412 14.95195198 0
    vertex -8.036352158 19.40147018 0
    vertex -7.014039516 14.93044376 0
  endloop
endfacet
facet normal 0 0 -1
  outer loop
    vertex -6.919430733 14.90426159 0
    vertex -7.014039516 14.93044376 0
    vertex -8.036352158 19.40147018 0
  endloop
endfacet
facet normal 0 0 -1
  outer loop
    vertex -6.826220512 14.87346935 0
    vertex -8.036352158 19.40147018 0
    vertex -6.734632969 14.83814049 0
  endloop
endfacet
facet normal 0 0 -1
  outer loop
    vertex -6.734632969 14.83814049 0
    vertex -8.036352158 19.40147018 0
    vertex -6.644889832 14.79835987 0
  endloop
endfacet
facet normal 0 0 -1
  outer loop
    vertex -6.644889832 14.79835987 0
    vertex -8.036352158 19.40147018 0
    vertex -6.557206631 14.75422382 0
  endloop
endfacet
facet normal 0 0 -1
  outer loop
    vertex -6.308601379 14.59679604 0
    vertex -6.388859749 14.65332031 0
    vertex -8.036352158 19.40147018 0
  endloop
endfacet
facet normal 0 0 -1
  outer loop
    vertex -6.557206631 14.75422382 0
    vertex -8.036352158 19.40147018 0
    vertex -6.471794605 14.7058382 0
  endloop
endfacet
facet normal 0 0 -1
  outer loop
    vertex -6.471794605 14.7058382 0
    vertex -8.036352158 19.40147018 0
    vertex -6.388859749 14.65332031 0
  endloop
endfacet
facet normal 0 0 -1
  outer loop
    vertex -6.085786343 14.40459442 0
    vertex -8.036352158 19.40147018 0
    vertex -6.018097878 14.33349895 0
  endloop
endfacet
facet normal 0 0 -1
  outer loop
    vertex -5.953979015 14.25916767 0
    vertex -6.018097878 14.33349895 0
    vertex -8.036352158 19.40147018 0
  endloop
endfacet
facet normal 0 0 -1
  outer loop
    vertex -5.953979015 14.25916767 0
    vertex -8.036352158 19.40147018 0
    vertex -5.893584728 14.18177986 0
  endloop
endfacet
facet normal 0 0 -1
  outer loop
    vertex -6.308601379 14.59679604 0
    vertex -8.036352158 19.40147018 0
    vertex -6.23121357 14.53640175 0
  endloop
endfacet
facet normal 0 0 -1
  outer loop
    vertex -6.156882286 14.47228336 0
    vertex -6.23121357 14.53640175 0
    vertex -8.036352158 19.40147018 0
  endloop
endfacet
facet normal 0 0 -1
  outer loop
    vertex -6.085786343 14.40459442 0
    vertex -6.156882286 14.47228336 0
    vertex -8.036352158 19.40147018 0
  endloop
endfacet
facet normal 0 0 -1
  outer loop
    vertex -5.893584728 14.18177986 0
    vertex -8.036352158 19.40147018 0
    vertex -7.074687004 19.7724247 0
  endloop
endfacet
facet normal 0 0 -1
  outer loop
    vertex -5.837060928 14.10152149 0
    vertex -5.893584728 14.18177986 0
    vertex -7.074687004 19.7724247 0
  endloop
endfacet
facet normal 0 0 -1
  outer loop
    vertex -5.784542561 14.01858616 0
    vertex -7.074687004 19.7724247 0
    vertex -5.736157417 13.93317413 0
  endloop
endfacet
facet normal 0 0 -1
  outer loop
    vertex -5.69202137 13.84549141 0
    vertex -5.736157417 13.93317413 0
    vertex -7.074687004 19.7724247 0
  endloop
endfacet
facet normal 0 0 -1
  outer loop
    vertex -5.652240753 13.7557478 0
    vertex -5.69202137 13.84549141 0
    vertex -7.074687004 19.7724247 0
  endloop
endfacet
facet normal 0 0 -1
  outer loop
    vertex -5.837060928 14.10152149 0
    vertex -7.074687004 19.7724247 0
    vertex -5.784542561 14.01858616 0
  endloop
endfacet
facet normal -0.3598944702 0.9329930173 0
  outer loop
    vertex -8.036352158 19.40147018 0
    vertex -7.074687004 19.7724247 4
    vertex -7.074687004 19.7724247 0
  endloop
endfacet
facet normal -0.313682265 0.9495280073 0
  outer loop
    vertex -7.074687004 19.7724247 0
    vertex -6.09597826 20.09574699 4
    vertex -6.09597826 20.09574699 0
  endloop
endfacet
facet normal -0.2667134114 0.9637758848 0
  outer loop
    vertex -6.09597826 20.09574699 0
    vertex -5.102583885 20.37065697 4
    vertex -5.102583885 20.37065697 0
  endloop
endfacet
facet normal -0.4928975469 0.8700873567 0
  outer loop
    vertex -10.79615784 18.01230049 0
    vertex -10.79615784 18.01230049 4
    vertex -9.899331093 18.52034569 4
  endloop
endfacet
facet normal -0.4496127962 0.893223563 0
  outer loop
    vertex -9.899331093 18.52034569 0
    vertex -9.899331093 18.52034569 4
    vertex -8.978656769 18.98377609 4
  endloop
endfacet
facet normal -0.405240653 0.9142100487 0
  outer loop
    vertex -8.978656769 18.98377609 0
    vertex -8.978656769 18.98377609 4
    vertex -8.036352158 19.40147018 4
  endloop
endfacet
facet normal -0.3598944702 0.9329930173 0
  outer loop
    vertex -8.036352158 19.40147018 0
    vertex -8.036352158 19.40147018 4
    vertex -7.074687004 19.7724247 4
  endloop
endfacet
facet normal -0.313682265 0.9495280073 0
  outer loop
    vertex -7.074687004 19.7724247 0
    vertex -7.074687004 19.7724247 4
    vertex -6.09597826 20.09574699 4
  endloop
endfacet
facet normal -0.2667134114 0.9637758848 0
  outer loop
    vertex -6.09597826 20.09574699 0
    vertex -6.09597826 20.09574699 4
    vertex -5.102583885 20.37065697 4
  endloop
endfacet
facet normal 0 0 -1
  outer loop
    vertex -0.9567086101 2.30969882 0
    vertex -5.652240753 13.7557478 0
    vertex -7.074687004 19.7724247 0
  endloop
endfacet
facet normal 0 0 -1
  outer loop
    vertex -0.8422246575 2.35386014 0
    vertex -7.074687004 19.7724247 0
    vertex -6.09597826 20.09574699 0
  endloop
endfacet
facet normal 0 0 -1
  outer loop
    vertex -0.7257117033 2.392350912 0
    vertex -6.09597826 20.09574699 0
    vertex -5.102583885 20.37065697 0
  endloop
endfacet
facet normal 0 0 -1
  outer loop
    vertex -0.6074504256 2.425078154 0
    vertex -5.102583885 20.37065697 0
    vertex -4.096896648 20.59649086 0
  endloop
endfacet
facet normal 0 0 -1
  outer loop
    vertex -0.4877257943 2.451963186 0
    vertex -4.096896648 20.59649086 0
    vertex -3.081340075 20.77270699 0
  endloop
endfacet
facet normal 0 0 -1
  outer loop
    vertex -0.2450428456 2.487961769 0
    vertex -3.081340075 20.77270699 0
    vertex -2.058359861 20.89888 0
  endloop
endfacet
facet normal 0 0 -1
  outer loop
    vertex -0.2450428456 2.487961769 0
    vertex -2.058359861 20.89888 0
    vertex -1.030421138 20.97470474 0
  endloop
endfacet
facet normal 0 -0 -1
  outer loop
    vertex -1.030421138 20.97470474 0
    vertex 1.285879129e-15 21 0
    vertex 1.5308085e-16 2.5 0
  endloop
endfacet
facet normal -0.2191005676 0.9757022811 0
  outer loop
    vertex -5.102583885 20.37065697 0
    vertex -4.096896648 20.59649086 4
    vertex -4.096896648 20.59649086 0
  endloop
endfacet
facet normal -0.1709622125 0.9852775862 0
  outer loop
    vertex -4.096896648 20.59649086 0
    vertex -3.081340075 20.77270699 4
    vertex -3.081340075 20.77270699 0
  endloop
endfacet
facet normal -0.1224110998 0.9924794822 0
  outer loop
    vertex -3.081340075 20.77270699 0
    vertex -2.058359861 20.89888 4
    vertex -2.058359861 20.89888 0
  endloop
endfacet
facet normal -0.07356400583 0.9972904978 0
  outer loop
    vertex -2.058359861 20.89888 0
    vertex -1.030421138 20.97470474 4
    vertex -1.030421138 20.97470474 0
  endloop
endfacet
facet normal -0.02454107188 0.9996988225 0
  outer loop
    vertex -1.030421138 20.97470474 0
    vertex 1.285879129e-15 21 4
    vertex 1.285879129e-15 21 0
  endloop
endfacet
facet normal -0.2191005676 0.9757022811 0
  outer loop
    vertex -5.102583885 20.37065697 0
    vertex -5.102583885 20.37065697 4
    vertex -4.096896648 20.59649086 4
  endloop
endfacet
facet normal -0.1709622125 0.9852775862 0
  outer loop
    vertex -4.096896648 20.59649086 0
    vertex -4.096896648 20.59649086 4
    vertex -3.081340075 20.77270699 4
  endloop
endfacet
facet normal -0.1224110998 0.9924794822 0
  outer loop
    vertex -3.081340075 20.77270699 0
    vertex -3.081340075 20.77270699 4
    vertex -2.058359861 20.89888 4
  endloop
endfacet
facet normal -0.07356400583 0.9972904978 0
  outer loop
    vertex -2.058359861 20.89888 0
    vertex -2.058359861 20.89888 4
    vertex -1.030421138 20.97470474 4
  endloop
endfacet
facet normal -0.02454107188 0.9996988225 0
  outer loop
    vertex -1.030421138 20.97470474 0
    vertex -1.030421138 20.97470474 4
    vertex 1.285879129e-15 21 4
  endloop
endfacet
facet normal -0 -0 1
  outer loop
    vertex -14.84924221 14.84924221 4
    vertex -1.767766953 1.767766953 4
    vertex -14.10273838 15.55997372 4
  endloop
endfacet
facet normal -0 -0 1
  outer loop
    vertex -14.10273838 15.55997372 4
    vertex -1.585983157 1.932526112 4
    vertex -13.32225895 16.23321915 4
  endloop
endfacet
facet normal -0 -0 1
  outer loop
    vertex -12.50968552 16.86735725 4
    vertex -9.490369797 12.79434681 4
    vertex -9.497591019 12.89224529 4
  endloop
endfacet
facet normal -0 0 1
  outer loop
    vertex -12.50968552 16.86735725 4
    vertex -9.497591019 13.08851624 4
    vertex -9.490369797 13.18641567 4
  endloop
endfacet
facet normal -0 0 1
  outer loop
    vertex -12.50968552 16.86735725 4
    vertex -9.490369797 13.18641567 4
    vertex -9.478352547 13.28384209 4
  endloop
endfacet
facet normal -0 0 1
  outer loop
    vertex -12.50968552 16.86735725 4
    vertex -9.478352547 13.28384209 4
    vertex -9.46157074 13.38056183 4
  endloop
endfacet
facet normal -0 0 1
  outer loop
    vertex -12.50968552 16.86735725 4
    vertex -9.46157074 13.38056183 4
    vertex -9.440062523 13.47634125 4
  endloop
endfacet
facet normal -0 0 1
  outer loop
    vertex -12.50968552 16.86735725 4
    vertex -9.440062523 13.47634125 4
    vertex -9.413880348 13.57095051 4
  endloop
endfacet
facet normal -0 0 1
  outer loop
    vertex -12.50968552 16.86735725 4
    vertex -9.413880348 13.57095051 4
    vertex -9.383088112 13.66416073 4
  endloop
endfacet
facet normal -0 0 1
  outer loop
    vertex -12.50968552 16.86735725 4
    vertex -9.383088112 13.66416073 4
    vertex -9.347759247 13.7557478 4
  endloop
endfacet
facet normal -0 0 1
  outer loop
    vertex -12.50968552 16.86735725 4
    vertex -9.347759247 13.7557478 4
    vertex -9.30797863 13.84549141 4
  endloop
endfacet
facet normal -0 0 1
  outer loop
    vertex -12.50968552 16.86735725 4
    vertex -9.30797863 13.84549141 4
    vertex -9.263842583 13.93317413 4
  endloop
endfacet
facet normal -0 0 1
  outer loop
    vertex -11.66697502 17.46086121 4
    vertex -9.263842583 13.93317413 4
    vertex -9.215456963 14.01858616 4
  endloop
endfacet
facet normal -0 0 1
  outer loop
    vertex -11.66697502 17.46086121 4
    vertex -9.215456963 14.01858616 4
    vertex -9.162939072 14.10152149 4
  endloop
endfacet
facet normal -0 0 1
  outer loop
    vertex -11.66697502 17.46086121 4
    vertex -9.162939072 14.10152149 4
    vertex -9.106414795 14.18177986 4
  endloop
endfacet
facet normal -0 0 1
  outer loop
    vertex -11.66697502 17.46086121 4
    vertex -9.106414795 14.18177986 4
    vertex -9.046020508 14.25916767 4
  endloop
endfacet
facet normal -0 0 1
  outer loop
    vertex -11.66697502 17.46086121 4
    vertex -9.046020508 14.25916767 4
    vertex -8.981902122 14.33349895 4
  endloop
endfacet
facet normal -0 0 1
  outer loop
    vertex -11.66697502 17.46086121 4
    vertex -8.981902122 14.33349895 4
    vertex -8.914213181 14.40459442 4
  endloop
endfacet
facet normal -0 0 1
  outer loop
    vertex -11.66697502 17.46086121 4
    vertex -8.914213181 14.40459442 4
    vertex -8.843117714 14.47228336 4
  endloop
endfacet
facet normal -0 0 1
  outer loop
    vertex -11.66697502 17.46086121 4
    vertex -8.843117714 14.47228336 4
    vertex -8.76878643 14.53640175 4
  endloop
endfacet
facet normal -0 0 1
  outer loop
    vertex -11.66697502 17.46086121 4
    vertex -8.76878643 14.53640175 4
    vertex -8.691398621 14.59679604 4
  endloop
endfacet
facet normal 0 0 1
  outer loop
    vertex -5.69202137 13.84549141 4
    vertex -8.036352158 19.40147018 4
    vertex -5.736157417 13.93317413 4
  endloop
endfacet
facet normal 0 0 1
  outer loop
    vertex -5.652240753 13.7557478 4
    vertex -8.036352158 19.40147018 4
    vertex -5.69202137 13.84549141 4
  endloop
endfacet
facet normal 0 0 1
  outer loop
    vertex -5.616911888 13.66416073 4
    vertex -7.074687004 19.7724247 4
    vertex -5.652240753 13.7557478 4
  endloop
endfacet
facet normal -0 -0 1
  outer loop
    vertex -11.66697502 17.46086121 4
    vertex -8.691398621 14.59679604 4
    vertex -10.79615784 18.01230049 4
  endloop
endfacet
facet normal -0 0 1
  outer loop
    vertex -10.79615784 18.01230049 4
    vertex -8.691398621 14.59679604 4
    vertex -8.611140251 14.65332031 4
  endloop
endfacet
facet normal -0 0 1
  outer loop
    vertex -10.79615784 18.01230049 4
    vertex -8.611140251 14.65332031 4
    vertex -8.528205872 14.7058382 4
  endloop
endfacet
facet normal -0 -0 1
  outer loop
    vertex -10.79615784 18.01230049 4
    vertex -8.528205872 14.7058382 4
    vertex -9.899331093 18.52034569 4
  endloop
endfacet
facet normal 0 -0 1
  outer loop
    vertex -8.528205872 14.7058382 4
    vertex -8.442793846 14.75422382 4
    vertex -9.899331093 18.52034569 4
  endloop
endfacet
facet normal 0 -0 1
  outer loop
    vertex -8.442793846 14.75422382 4
    vertex -8.355110168 14.79835987 4
    vertex -9.899331093 18.52034569 4
  endloop
endfacet
facet normal 0 -0 1
  outer loop
    vertex -8.355110168 14.79835987 4
    vertex -8.265366554 14.83814049 4
    vertex -9.899331093 18.52034569 4
  endloop
endfacet
facet normal 0 -0 1
  outer loop
    vertex -8.265366554 14.83814049 4
    vertex -8.173779488 14.87346935 4
    vertex -9.899331093 18.52034569 4
  endloop
endfacet
facet normal 0 -0 1
  outer loop
    vertex -8.173779488 14.87346935 4
    vertex -8.080569267 14.90426159 4
    vertex -9.899331093 18.52034569 4
  endloop
endfacet
facet normal 0 -0 1
  outer loop
    vertex -8.080569267 14.90426159 4
    vertex -7.985960484 14.93044376 4
    vertex -9.899331093 18.52034569 4
  endloop
endfacet
facet normal 0 -0 1
  outer loop
    vertex -7.985960484 14.93044376 4
    vertex -7.890180588 14.95195198 4
    vertex -9.899331093 18.52034569 4
  endloop
endfacet
facet normal 0 -0 1
  outer loop
    vertex -7.890180588 14.95195198 4
    vertex -7.793460846 14.96873379 4
    vertex -8.978656769 18.98377609 4
  endloop
endfacet
facet normal 0 -0 1
  outer loop
    vertex -7.793460846 14.96873379 4
    vertex -7.696034431 14.98075008 4
    vertex -8.978656769 18.98377609 4
  endloop
endfacet
facet normal 0 -0 1
  outer loop
    vertex -7.696034431 14.98075008 4
    vertex -7.598135471 14.98797226 4
    vertex -8.978656769 18.98377609 4
  endloop
endfacet
facet normal 0 -0 1
  outer loop
    vertex -7.598135471 14.98797226 4
    vertex -7.5 14.99038124 4
    vertex -8.978656769 18.98377609 4
  endloop
endfacet
facet normal -0 -0 1
  outer loop
    vertex -7.5 14.99038124 4
    vertex -7.401864529 14.98797226 4
    vertex -8.978656769 18.98377609 4
  endloop
endfacet
facet normal -0 -0 1
  outer loop
    vertex -7.401864529 14.98797226 4
    vertex -7.303965569 14.98075008 4
    vertex -8.978656769 18.98377609 4
  endloop
endfacet
facet normal 0 0 1
  outer loop
    vertex -7.890180588 14.95195198 4
    vertex -8.978656769 18.98377609 4
    vertex -9.899331093 18.52034569 4
  endloop
endfacet
facet normal 0 0 1
  outer loop
    vertex -7.014039516 14.93044376 4
    vertex -8.036352158 19.40147018 4
    vertex -8.978656769 18.98377609 4
  endloop
endfacet
facet normal -0 -0 1
  outer loop
    vertex -7.303965569 14.98075008 4
    vertex -7.206539154 14.96873379 4
    vertex -8.978656769 18.98377609 4
  endloop
endfacet
facet normal -0 -0 1
  outer loop
    vertex -7.206539154 14.96873379 4
    vertex -7.109819412 14.95195198 4
    vertex -8.978656769 18.98377609 4
  endloop
endfacet
facet normal -0 -0 1
  outer loop
    vertex -7.109819412 14.95195198 4
    vertex -7.014039516 14.93044376 4
    vertex -8.978656769 18.98377609 4
  endloop
endfacet
facet normal -0 -0 1
  outer loop
    vertex -6.919430733 14.90426159 4
    vertex -6.826220512 14.87346935 4
    vertex -8.036352158 19.40147018 4
  endloop
endfacet
facet normal 0 0 1
  outer loop
    vertex -6.919430733 14.90426159 4
    vertex -8.036352158 19.40147018 4
    vertex -7.014039516 14.93044376 4
  endloop
endfacet
facet normal -0 -0 1
  outer loop
    vertex -6.826220512 14.87346935 4
    vertex -6.734632969 14.83814049 4
    vertex -8.036352158 19.40147018 4
  endloop
endfacet
facet normal -0 -0 1
  outer loop
    vertex -6.734632969 14.83814049 4
    vertex -6.644889832 14.79835987 4
    vertex -8.036352158 19.40147018 4
  endloop
endfacet
facet normal -0 -0 1
  outer loop
    vertex -6.644889832 14.79835987 4
    vertex -6.557206631 14.75422382 4
    vertex -8.036352158 19.40147018 4
  endloop
endfacet
facet normal 0 0 1
  outer loop
    vertex -6.308601379 14.59679604 4
    vertex -8.036352158 19.40147018 4
    vertex -6.388859749 14.65332031 4
  endloop
endfacet
facet normal -0 -0 1
  outer loop
    vertex -6.557206631 14.75422382 4
    vertex -6.471794605 14.7058382 4
    vertex -8.036352158 19.40147018 4
  endloop
endfacet
facet normal -0 -0 1
  outer loop
    vertex -6.471794605 14.7058382 4
    vertex -6.388859749 14.65332031 4
    vertex -8.036352158 19.40147018 4
  endloop
endfacet
facet normal 0 0 1
  outer loop
    vertex -5.837060928 14.10152149 4
    vertex -8.036352158 19.40147018 4
    vertex -5.893584728 14.18177986 4
  endloop
endfacet
facet normal -0 -0 1
  outer loop
    vertex -6.085786343 14.40459442 4
    vertex -6.018097878 14.33349895 4
    vertex -8.036352158 19.40147018 4
  endloop
endfacet
facet normal 0 0 1
  outer loop
    vertex -5.953979015 14.25916767 4
    vertex -8.036352158 19.40147018 4
    vertex -6.018097878 14.33349895 4
  endloop
endfacet
facet normal -0 -0 1
  outer loop
    vertex -5.953979015 14.25916767 4
    vertex -5.893584728 14.18177986 4
    vertex -8.036352158 19.40147018 4
  endloop
endfacet
facet normal -0 -0 1
  outer loop
    vertex -6.308601379 14.59679604 4
    vertex -6.23121357 14.53640175 4
    vertex -8.036352158 19.40147018 4
  endloop
endfacet
facet normal 0 0 1
  outer loop
    vertex -6.156882286 14.47228336 4
    vertex -8.036352158 19.40147018 4
    vertex -6.23121357 14.53640175 4
  endloop
endfacet
facet normal 0 0 1
  outer loop
    vertex -6.085786343 14.40459442 4
    vertex -8.036352158 19.40147018 4
    vertex -6.156882286 14.47228336 4
  endloop
endfacet
facet normal 0 0 1
  outer loop
    vertex -5.652240753 13.7557478 4
    vertex -7.074687004 19.7724247 4
    vertex -8.036352158 19.40147018 4
  endloop
endfacet
facet normal -0 -0 1
  outer loop
    vertex -5.784542561 14.01858616 4
    vertex -5.736157417 13.93317413 4
    vertex -8.036352158 19.40147018 4
  endloop
endfacet
facet normal -0 -0 1
  outer loop
    vertex -5.837060928 14.10152149 4
    vertex -5.784542561 14.01858616 4
    vertex -8.036352158 19.40147018 4
  endloop
endfacet
facet normal 0 0 1
  outer loop
    vertex -0.8422246575 2.35386014 4
    vertex -7.074687004 19.7724247 4
    vertex -5.616911888 13.66416073 4
  endloop
endfacet
facet normal 0 0 1
  outer loop
    vertex -0.7257117033 2.392350912 4
    vertex -6.09597826 20.09574699 4
    vertex -7.074687004 19.7724247 4
  endloop
endfacet
facet normal 0 0 1
  outer loop
    vertex -0.7257117033 2.392350912 4
    vertex -5.102583885 20.37065697 4
    vertex -6.09597826 20.09574699 4
  endloop
endfacet
facet normal 0 0 1
  outer loop
    vertex -0.6074504256 2.425078154 4
    vertex -4.096896648 20.59649086 4
    vertex -5.102583885 20.37065697 4
  endloop
endfacet
facet normal 0 0 1
  outer loop
    vertex -0.3668261766 2.47294116 4
    vertex -3.081340075 20.77270699 4
    vertex -4.096896648 20.59649086 4
  endloop
endfacet
facet normal 0 0 1
  outer loop
    vertex -0.2450428456 2.487961769 4
    vertex -2.058359861 20.89888 4
    vertex -3.081340075 20.77270699 4
  endloop
endfacet
facet normal 0 0 1
  outer loop
    vertex -0.1226691827 2.496988535 4
    vertex -1.030421138 20.97470474 4
    vertex -2.058359861 20.89888 4
  endloop
endfacet
facet normal -0 0 1
  outer loop
    vertex -1.030421138 20.97470474 4
    vertex 1.5308085e-16 2.5 4
    vertex 1.285879129e-15 21 4
  endloop
endfacet
facet normal -0.8932251478 -0.4496096477 0
  outer loop
    vertex -9.30797863 12.13527107 4
    vertex -9.263842583 12.04758739 4
    vertex -9.263842583 12.04758739 14.10000038
  endloop
endfacet
facet normal -0.8700856571 -0.4929005471 0
  outer loop
    vertex -9.215456963 11.96217537 4
    vertex -9.215456963 11.96217537 14.10000038
    vertex -9.263842583 12.04758739 4
  endloop
endfacet
facet normal -0.9329946218 -0.3598903107 0
  outer loop
    vertex -9.383088112 12.31660175 4
    vertex -9.347759247 12.22501373 4
    vertex -9.347759247 12.22501373 14.10000038
  endloop
endfacet
facet normal -0.9495289731 -0.3136793415 0
  outer loop
    vertex -9.383088112 12.31660175 4
    vertex -9.383088112 12.31660175 14.10000038
    vertex -9.413880348 12.40981197 4
  endloop
endfacet
facet normal -0.9637746777 -0.2667177735 0
  outer loop
    vertex -9.413880348 12.40981197 4
    vertex -9.413880348 12.40981197 14.10000038
    vertex -9.440062523 12.50442028 4
  endloop
endfacet
facet normal -0.9142081281 -0.4052449857 0
  outer loop
    vertex -9.30797863 12.13527107 4
    vertex -9.30797863 12.13527107 14.10000038
    vertex -9.347759247 12.22501373 4
  endloop
endfacet
facet normal -0.9757020975 -0.2191013851 0
  outer loop
    vertex -9.440062523 12.50442028 4
    vertex -9.440062523 12.50442028 14.10000038
    vertex -9.46157074 12.60020065 4
  endloop
endfacet
facet normal -0.9852787754 -0.1709553591 0
  outer loop
    vertex -9.46157074 12.60020065 4
    vertex -9.46157074 12.60020065 14.10000038
    vertex -9.478352547 12.69692039 4
  endloop
endfacet
facet normal -0.9924784851 -0.1224191837 0
  outer loop
    vertex -9.478352547 12.69692039 4
    vertex -9.478352547 12.69692039 14.10000038
    vertex -9.490369797 12.79434681 4
  endloop
endfacet
facet normal -0.9972906092 -0.07356249628 0
  outer loop
    vertex -9.490369797 12.79434681 4
    vertex -9.490369797 12.79434681 14.10000038
    vertex -9.497591019 12.89224529 4
  endloop
endfacet
facet normal -0.9996988489 -0.02453999682 0
  outer loop
    vertex -9.497591019 12.89224529 4
    vertex -9.497591019 12.89224529 14.10000038
    vertex -9.5 12.99038124 4
  endloop
endfacet
facet normal -0.9996988431 0.02454023515 0
  outer loop
    vertex -9.5 12.99038124 4
    vertex -9.5 12.99038124 14.10000038
    vertex -9.497591019 13.08851624 4
  endloop
endfacet
facet normal -0.9972906617 0.07356178355 0
  outer loop
    vertex -9.497591019 13.08851624 4
    vertex -9.497591019 13.08851624 14.10000038
    vertex -9.490369797 13.18641567 4
  endloop
endfacet
facet normal -0.7883452042 -0.6152331582 0
  outer loop
    vertex -9.106414795 11.79898262 4
    vertex -9.046020508 11.72159481 4
    vertex -9.046020508 11.72159481 14.10000038
  endloop
endfacet
facet normal -0.6895377506 -0.7242497432 0
  outer loop
    vertex -8.914213181 11.57616711 4
    vertex -8.843117714 11.50847912 4
    vertex -8.843117714 11.50847912 14.10000038
  endloop
endfacet
facet normal -0.7242495106 -0.6895379949 0
  outer loop
    vertex -8.981902122 11.64726353 4
    vertex -8.914213181 11.57616711 4
    vertex -8.914213181 11.57616711 14.10000038
  endloop
endfacet
facet normal -0.7572099592 -0.653171553 0
  outer loop
    vertex -9.046020508 11.72159481 4
    vertex -8.981902122 11.64726353 4
    vertex -8.981902122 11.64726353 14.10000038
  endloop
endfacet
facet normal -0.6531771233 -0.7572051543 0
  outer loop
    vertex -8.76878643 11.44435978 4
    vertex -8.76878643 11.44435978 14.10000038
    vertex -8.843117714 11.50847912 4
  endloop
endfacet
facet normal -0.6152271204 -0.7883499162 0
  outer loop
    vertex -8.76878643 11.44435978 4
    vertex -8.691398621 11.38396645 4
    vertex -8.691398621 11.38396645 14.10000038
  endloop
endfacet
facet normal -0.5349996141 -0.8448523024 0
  outer loop
    vertex -8.611140251 11.32744217 4
    vertex -8.528205872 11.27492428 4
    vertex -8.528205872 11.27492428 14.10000038
  endloop
endfacet
facet normal -0.5758078889 -0.8175850262 0
  outer loop
    vertex -8.691398621 11.38396645 4
    vertex -8.611140251 11.32744217 4
    vertex -8.611140251 11.32744217 14.10000038
  endloop
endfacet
facet normal -0.4052413865 -0.9142097235 0
  outer loop
    vertex -8.265366554 11.14262199 4
    vertex -8.265366554 11.14262199 14.10000038
    vertex -8.355110168 11.18240261 4
  endloop
endfacet
facet normal -0.3598935727 -0.9329933635 0
  outer loop
    vertex -8.265366554 11.14262199 4
    vertex -8.173779488 11.10729313 4
    vertex -8.173779488 11.10729313 14.10000038
  endloop
endfacet
facet normal -0.3136881006 -0.9495260794 0
  outer loop
    vertex -8.173779488 11.10729313 4
    vertex -8.080569267 11.07649994 4
    vertex -8.080569267 11.07649994 14.10000038
  endloop
endfacet
facet normal -0.2667075009 -0.9637775205 0
  outer loop
    vertex -8.080569267 11.07649994 4
    vertex -7.985960484 11.05031872 4
    vertex -7.985960484 11.05031872 14.10000038
  endloop
endfacet
facet normal -0.2191024235 -0.9757018643 0
  outer loop
    vertex -7.985960484 11.05031872 4
    vertex -7.890180588 11.0288105 4
    vertex -7.890180588 11.0288105 14.10000038
  endloop
endfacet
facet normal -0.4929005471 -0.8700856571 0
  outer loop
    vertex -8.528205872 11.27492428 4
    vertex -8.442793846 11.22653866 4
    vertex -8.442793846 11.22653866 14.10000038
  endloop
endfacet
facet normal -0.4496096477 -0.8932251478 0
  outer loop
    vertex -8.442793846 11.22653866 4
    vertex -8.355110168 11.18240261 4
    vertex -8.355110168 11.18240261 14.10000038
  endloop
endfacet
facet normal -0.8175850262 -0.5758078889 0
  outer loop
    vertex -9.106414795 11.79898262 4
    vertex -9.106414795 11.79898262 14.10000038
    vertex -9.162939072 11.87924099 4
  endloop
endfacet
facet normal -0.8448523024 -0.5349996141 0
  outer loop
    vertex -9.215456963 11.96217537 4
    vertex -9.162939072 11.87924099 4
    vertex -9.162939072 11.87924099 14.10000038
  endloop
endfacet
facet normal -0.9924784851 0.1224191837 0
  outer loop
    vertex -9.490369797 13.18641567 4
    vertex -9.490369797 13.18641567 14.10000038
    vertex -9.478352547 13.28384209 4
  endloop
endfacet
facet normal -0.9852787754 0.1709553591 0
  outer loop
    vertex -9.478352547 13.28384209 4
    vertex -9.478352547 13.28384209 14.10000038
    vertex -9.46157074 13.38056183 4
  endloop
endfacet
facet normal -0.9757016311 0.2191034619 0
  outer loop
    vertex -9.46157074 13.38056183 4
    vertex -9.46157074 13.38056183 14.10000038
    vertex -9.440062523 13.47634125 4
  endloop
endfacet
facet normal -0.9637753688 0.2667152762 0
  outer loop
    vertex -9.440062523 13.47634125 4
    vertex -9.440062523 13.47634125 14.10000038
    vertex -9.413880348 13.57095051 4
  endloop
endfacet
facet normal -0.9495289731 0.3136793415 0
  outer loop
    vertex -9.413880348 13.57095051 4
    vertex -9.413880348 13.57095051 14.10000038
    vertex -9.383088112 13.66416073 4
  endloop
endfacet
facet normal -0.9329933635 0.3598935727 0
  outer loop
    vertex -9.383088112 13.66416073 4
    vertex -9.383088112 13.66416073 14.10000038
    vertex -9.347759247 13.7557478 4
  endloop
endfacet
facet normal -0.9142097235 0.4052413865 0
  outer loop
    vertex -9.347759247 13.7557478 4
    vertex -9.347759247 13.7557478 14.10000038
    vertex -9.30797863 13.84549141 4
  endloop
endfacet
facet normal -0.8932231839 0.4496135493 0
  outer loop
    vertex -9.30797863 13.84549141 4
    vertex -9.30797863 13.84549141 14.10000038
    vertex -9.263842583 13.93317413 4
  endloop
endfacet
facet normal -0.8700856571 0.4929005471 0
  outer loop
    vertex -9.263842583 13.93317413 4
    vertex -9.263842583 13.93317413 14.10000038
    vertex -9.215456963 14.01858616 4
  endloop
endfacet
facet normal -0.8448550831 0.534995223 0
  outer loop
    vertex -9.215456963 14.01858616 4
    vertex -9.215456963 14.01858616 14.10000038
    vertex -9.162939072 14.10152149 4
  endloop
endfacet
facet normal -0.8175850262 0.5758078889 0
  outer loop
    vertex -9.162939072 14.10152149 4
    vertex -9.162939072 14.10152149 14.10000038
    vertex -9.106414795 14.18177986 4
  endloop
endfacet
facet normal -0.7883452042 0.6152331582 0
  outer loop
    vertex -9.106414795 14.18177986 4
    vertex -9.106414795 14.18177986 14.10000038
    vertex -9.046020508 14.25916767 4
  endloop
endfacet
facet normal -0.7572099592 0.653171553 0
  outer loop
    vertex -9.046020508 14.25916767 4
    vertex -9.046020508 14.25916767 14.10000038
    vertex -8.981902122 14.33349895 4
  endloop
endfacet
facet normal -0.7242448915 0.6895428465 0
  outer loop
    vertex -8.981902122 14.33349895 4
    vertex -8.981902122 14.33349895 14.10000038
    vertex -8.914213181 14.40459442 4
  endloop
endfacet
facet normal -0.6895428465 0.7242448915 0
  outer loop
    vertex -8.914213181 14.40459442 4
    vertex -8.914213181 14.40459442 14.10000038
    vertex -8.843117714 14.47228336 4
  endloop
endfacet
facet normal -0.653171553 0.7572099592 0
  outer loop
    vertex -8.843117714 14.47228336 4
    vertex -8.843117714 14.47228336 14.10000038
    vertex -8.76878643 14.53640175 4
  endloop
endfacet
facet normal -0.6152331582 0.7883452042 0
  outer loop
    vertex -8.76878643 14.53640175 4
    vertex -8.76878643 14.53640175 14.10000038
    vertex -8.691398621 14.59679604 4
  endloop
endfacet
facet normal -0.5758078889 0.8175850262 0
  outer loop
    vertex -8.691398621 14.59679604 4
    vertex -8.691398621 14.59679604 14.10000038
    vertex -8.611140251 14.65332031 4
  endloop
endfacet
facet normal -0.5349996141 0.8448523024 0
  outer loop
    vertex -8.611140251 14.65332031 4
    vertex -8.611140251 14.65332031 14.10000038
    vertex -8.528205872 14.7058382 4
  endloop
endfacet
facet normal -0.4929005471 0.8700856571 0
  outer loop
    vertex -8.528205872 14.7058382 4
    vertex -8.528205872 14.7058382 14.10000038
    vertex -8.442793846 14.75422382 4
  endloop
endfacet
facet normal -0.4496096477 0.8932251478 0
  outer loop
    vertex -8.442793846 14.75422382 4
    vertex -8.442793846 14.75422382 14.10000038
    vertex -8.355110168 14.79835987 4
  endloop
endfacet
facet normal -0.4052413865 0.9142097235 0
  outer loop
    vertex -8.355110168 14.79835987 4
    vertex -8.355110168 14.79835987 14.10000038
    vertex -8.265366554 14.83814049 4
  endloop
endfacet
facet normal -0.3598935727 0.9329933635 0
  outer loop
    vertex -8.265366554 14.83814049 4
    vertex -8.265366554 14.83814049 14.10000038
    vertex -8.173779488 14.87346935 4
  endloop
endfacet
facet normal -0.3136793415 0.9495289731 0
  outer loop
    vertex -8.173779488 14.87346935 4
    vertex -8.173779488 14.87346935 14.10000038
    vertex -8.080569267 14.90426159 4
  endloop
endfacet
facet normal -0.2667165248 0.9637750232 0
  outer loop
    vertex -8.080569267 14.90426159 4
    vertex -8.080569267 14.90426159 14.10000038
    vertex -7.985960484 14.93044376 4
  endloop
endfacet
facet normal -0.2191024235 0.9757018643 0
  outer loop
    vertex -7.985960484 14.93044376 4
    vertex -7.985960484 14.93044376 14.10000038
    vertex -7.890180588 14.95195198 4
  endloop
endfacet
facet normal -0.1709647902 -0.9852771389 0
  outer loop
    vertex -7.890180588 11.0288105 4
    vertex -7.793460846 11.01202774 4
    vertex -7.793460846 11.01202774 14.10000038
  endloop
endfacet
facet normal -0.1224096143 -0.9924796655 0
  outer loop
    vertex -7.793460846 11.01202774 4
    vertex -7.696034431 11.00001144 4
    vertex -7.696034431 11.00001144 14.10000038
  endloop
endfacet
facet normal -0.07356213991 -0.9972906355 0
  outer loop
    vertex -7.696034431 11.00001144 4
    vertex -7.598135471 10.99279022 4
    vertex -7.598135471 10.99279022 14.10000038
  endloop
endfacet
facet normal -0.02454011598 -0.999698846 0
  outer loop
    vertex -7.598135471 10.99279022 4
    vertex -7.5 10.99038124 4
    vertex -7.5 10.99038124 14.10000038
  endloop
endfacet
facet normal 0.02454011598 -0.999698846 0
  outer loop
    vertex -7.5 10.99038124 4
    vertex -7.401864529 10.99279022 4
    vertex -7.401864529 10.99279022 14.10000038
  endloop
endfacet
facet normal 0.07356213991 -0.9972906355 0
  outer loop
    vertex -7.401864529 10.99279022 4
    vertex -7.303965569 11.00001144 4
    vertex -7.303965569 11.00001144 14.10000038
  endloop
endfacet
facet normal 0.1224096143 -0.9924796655 0
  outer loop
    vertex -7.303965569 11.00001144 4
    vertex -7.206539154 11.01202774 4
    vertex -7.206539154 11.01202774 14.10000038
  endloop
endfacet
facet normal 0.1709647902 -0.9852771389 0
  outer loop
    vertex -7.206539154 11.01202774 4
    vertex -7.109819412 11.0288105 4
    vertex -7.109819412 11.0288105 14.10000038
  endloop
endfacet
facet normal 0.2191024235 -0.9757018643 0
  outer loop
    vertex -7.109819412 11.0288105 4
    vertex -7.014039516 11.05031872 4
    vertex -7.014039516 11.05031872 14.10000038
  endloop
endfacet
facet normal 0.2667075009 -0.9637775205 0
  outer loop
    vertex -7.014039516 11.05031872 4
    vertex -6.919430733 11.07649994 4
    vertex -6.919430733 11.07649994 14.10000038
  endloop
endfacet
facet normal 0.3136881006 -0.9495260794 0
  outer loop
    vertex -6.919430733 11.07649994 4
    vertex -6.826220512 11.10729313 4
    vertex -6.826220512 11.10729313 14.10000038
  endloop
endfacet
facet normal 0.3598919417 -0.9329939926 0
  outer loop
    vertex -6.826220512 11.10729313 4
    vertex -6.734632969 11.14262199 4
    vertex -6.734632969 11.14262199 14.10000038
  endloop
endfacet
facet normal 0.4052431861 -0.9142089258 0
  outer loop
    vertex -6.734632969 11.14262199 4
    vertex -6.644889832 11.18240261 4
    vertex -6.644889832 11.18240261 14.10000038
  endloop
endfacet
facet normal 0.4496115985 -0.8932241659 0
  outer loop
    vertex -6.644889832 11.18240261 4
    vertex -6.557206631 11.22653866 4
    vertex -6.557206631 11.22653866 14.10000038
  endloop
endfacet
facet normal 0.4929005471 -0.8700856571 0
  outer loop
    vertex -6.557206631 11.22653866 4
    vertex -6.471794605 11.27492428 4
    vertex -6.471794605 11.27492428 14.10000038
  endloop
endfacet
facet normal 0.5349974185 -0.8448536928 0
  outer loop
    vertex -6.471794605 11.27492428 4
    vertex -6.388859749 11.32744217 4
    vertex -6.388859749 11.32744217 14.10000038
  endloop
endfacet
facet normal 0.5758078889 -0.8175850262 0
  outer loop
    vertex -6.388859749 11.32744217 4
    vertex -6.308601379 11.38396645 4
    vertex -6.308601379 11.38396645 14.10000038
  endloop
endfacet
facet normal 0.6152271204 -0.7883499162 0
  outer loop
    vertex -6.308601379 11.38396645 4
    vertex -6.23121357 11.44435978 4
    vertex -6.23121357 11.44435978 14.10000038
  endloop
endfacet
facet normal 0.6531771233 -0.7572051543 0
  outer loop
    vertex -6.23121357 11.44435978 4
    vertex -6.156882286 11.50847912 4
    vertex -6.156882286 11.50847912 14.10000038
  endloop
endfacet
facet normal 0.6895353248 -0.7242520527 0
  outer loop
    vertex -6.156882286 11.50847912 4
    vertex -6.085786343 11.57616711 4
    vertex -6.085786343 11.57616711 14.10000038
  endloop
endfacet
facet normal 0.7242519364 -0.6895354469 0
  outer loop
    vertex -6.085786343 11.57616711 4
    vertex -6.018097878 11.64726353 4
    vertex -6.018097878 11.64726353 14.10000038
  endloop
endfacet
facet normal 0.7572075567 -0.6531743382 0
  outer loop
    vertex -6.018097878 11.64726353 4
    vertex -5.953979015 11.72159481 4
    vertex -5.953979015 11.72159481 14.10000038
  endloop
endfacet
facet normal 0.7883452042 -0.6152331582 0
  outer loop
    vertex -5.953979015 11.72159481 4
    vertex -5.893584728 11.79898262 4
    vertex -5.893584728 11.79898262 14.10000038
  endloop
endfacet
facet normal 0.817587313 -0.5758046419 0
  outer loop
    vertex -5.893584728 11.79898262 4
    vertex -5.837060928 11.87924099 4
    vertex -5.837060928 11.87924099 14.10000038
  endloop
endfacet
facet normal 0.8448501068 -0.5350030813 0
  outer loop
    vertex -5.837060928 11.87924099 4
    vertex -5.784542561 11.96217537 4
    vertex -5.784542561 11.96217537 14.10000038
  endloop
endfacet
facet normal 0.8700877403 -0.4928968697 0
  outer loop
    vertex -5.784542561 11.96217537 4
    vertex -5.736157417 12.04758739 4
    vertex -5.736157417 12.04758739 14.10000038
  endloop
endfacet
facet normal 0.8932251478 -0.4496096477 0
  outer loop
    vertex -5.736157417 12.04758739 4
    vertex -5.69202137 12.13527107 4
    vertex -5.69202137 12.13527107 14.10000038
  endloop
endfacet
facet normal 0.9142081281 -0.4052449857 0
  outer loop
    vertex -5.69202137 12.13527107 4
    vertex -5.652240753 12.22501373 4
    vertex -5.652240753 12.22501373 14.10000038
  endloop
endfacet
facet normal 0.9329946218 -0.3598903107 0
  outer loop
    vertex -5.652240753 12.22501373 4
    vertex -5.616911888 12.31660175 4
    vertex -5.616911888 12.31660175 14.10000038
  endloop
endfacet
facet normal 0.9495275263 -0.3136837211 0
  outer loop
    vertex -5.616911888 12.31660175 4
    vertex -5.586119175 12.40981197 4
    vertex -5.586119175 12.40981197 14.10000038
  endloop
endfacet
facet normal 0.9637759263 -0.2667132615 0
  outer loop
    vertex -5.586119175 12.40981197 4
    vertex -5.559937477 12.50442028 4
    vertex -5.559937477 12.50442028 14.10000038
  endloop
endfacet
facet normal 0.9757020975 -0.2191013851 0
  outer loop
    vertex -5.559937477 12.50442028 4
    vertex -5.53842926 12.60020065 4
    vertex -5.53842926 12.60020065 14.10000038
  endloop
endfacet
facet normal 0.9852779572 -0.1709600747 0
  outer loop
    vertex -5.53842926 12.60020065 4
    vertex -5.521646976 12.69692039 4
    vertex -5.521646976 12.69692039 14.10000038
  endloop
endfacet
facet normal 0.9924796655 -0.1224096143 0
  outer loop
    vertex -5.521646976 12.69692039 4
    vertex -5.50963068 12.79434681 4
    vertex -5.50963068 12.79434681 14.10000038
  endloop
endfacet
facet normal 0.9972902528 -0.07356732752 0
  outer loop
    vertex -5.50963068 12.79434681 4
    vertex -5.502408981 12.89224529 4
    vertex -5.502408981 12.89224529 14.10000038
  endloop
endfacet
facet normal 0.9996988489 -0.02453999682 0
  outer loop
    vertex -5.502408981 12.89224529 4
    vertex -5.5 12.99038124 4
    vertex -5.5 12.99038124 14.10000038
  endloop
endfacet
facet normal 0.9996988431 0.02454023515 -0
  outer loop
    vertex -5.5 12.99038124 4
    vertex -5.502408981 13.08851624 4
    vertex -5.502408981 13.08851624 14.10000038
  endloop
endfacet
facet normal -0.1709553591 0.9852787754 0
  outer loop
    vertex -7.890180588 14.95195198 4
    vertex -7.890180588 14.95195198 14.10000038
    vertex -7.793460846 14.96873379 4
  endloop
endfacet
facet normal -0.1224096143 0.9924796655 0
  outer loop
    vertex -7.793460846 14.96873379 4
    vertex -7.793460846 14.96873379 14.10000038
    vertex -7.696034431 14.98075008 4
  endloop
endfacet
facet normal -0.07357180235 0.9972899227 0
  outer loop
    vertex -7.696034431 14.98075008 4
    vertex -7.696034431 14.98075008 14.10000038
    vertex -7.598135471 14.98797226 4
  endloop
endfacet
facet normal -0.02454011598 0.999698846 0
  outer loop
    vertex -7.598135471 14.98797226 4
    vertex -7.598135471 14.98797226 14.10000038
    vertex -7.5 14.99038124 4
  endloop
endfacet
facet normal 0.02454011598 0.999698846 -0
  outer loop
    vertex -7.5 14.99038124 4
    vertex -7.5 14.99038124 14.10000038
    vertex -7.401864529 14.98797226 4
  endloop
endfacet
facet normal 0.07357180235 0.9972899227 -0
  outer loop
    vertex -7.401864529 14.98797226 4
    vertex -7.401864529 14.98797226 14.10000038
    vertex -7.303965569 14.98075008 4
  endloop
endfacet
facet normal 0.1224096143 0.9924796655 -0
  outer loop
    vertex -7.303965569 14.98075008 4
    vertex -7.303965569 14.98075008 14.10000038
    vertex -7.206539154 14.96873379 4
  endloop
endfacet
facet normal 0.1709553591 0.9852787754 -0
  outer loop
    vertex -7.206539154 14.96873379 4
    vertex -7.206539154 14.96873379 14.10000038
    vertex -7.109819412 14.95195198 4
  endloop
endfacet
facet normal 0.2191024235 0.9757018643 -0
  outer loop
    vertex -7.109819412 14.95195198 4
    vertex -7.109819412 14.95195198 14.10000038
    vertex -7.014039516 14.93044376 4
  endloop
endfacet
facet normal 0.2667165248 0.9637750232 -0
  outer loop
    vertex -6.919430733 14.90426159 4
    vertex -7.014039516 14.93044376 4
    vertex -7.014039516 14.93044376 14.10000038
  endloop
endfacet
facet normal 0.3136793415 0.9495289731 -0
  outer loop
    vertex -6.919430733 14.90426159 4
    vertex -6.919430733 14.90426159 14.10000038
    vertex -6.826220512 14.87346935 4
  endloop
endfacet
facet normal 0.3598919417 0.9329939926 -0
  outer loop
    vertex -6.826220512 14.87346935 4
    vertex -6.826220512 14.87346935 14.10000038
    vertex -6.734632969 14.83814049 4
  endloop
endfacet
facet normal 0.4052431861 0.9142089258 -0
  outer loop
    vertex -6.734632969 14.83814049 4
    vertex -6.734632969 14.83814049 14.10000038
    vertex -6.644889832 14.79835987 4
  endloop
endfacet
facet normal 0.4496115985 0.8932241659 -0
  outer loop
    vertex -6.644889832 14.79835987 4
    vertex -6.644889832 14.79835987 14.10000038
    vertex -6.557206631 14.75422382 4
  endloop
endfacet
facet normal 0.7883452042 0.6152331582 -0
  outer loop
    vertex -5.953979015 14.25916767 4
    vertex -5.953979015 14.25916767 14.10000038
    vertex -5.893584728 14.18177986 4
  endloop
endfacet
facet normal 0.7572075567 0.6531743382 -0
  outer loop
    vertex -5.953979015 14.25916767 4
    vertex -6.018097878 14.33349895 4
    vertex -6.018097878 14.33349895 14.10000038
  endloop
endfacet
facet normal 0.7242473173 0.6895402986 -0
  outer loop
    vertex -6.085786343 14.40459442 4
    vertex -6.085786343 14.40459442 14.10000038
    vertex -6.018097878 14.33349895 4
  endloop
endfacet
facet normal 0.9495275263 0.3136837211 -0
  outer loop
    vertex -5.586119175 13.57095051 4
    vertex -5.616911888 13.66416073 4
    vertex -5.616911888 13.66416073 14.10000038
  endloop
endfacet
facet normal 0.9329933635 0.3598935727 -0
  outer loop
    vertex -5.616911888 13.66416073 4
    vertex -5.652240753 13.7557478 4
    vertex -5.652240753 13.7557478 14.10000038
  endloop
endfacet
facet normal 0.9972903054 0.07356661475 -0
  outer loop
    vertex -5.502408981 13.08851624 4
    vertex -5.50963068 13.18641567 4
    vertex -5.50963068 13.18641567 14.10000038
  endloop
endfacet
facet normal 0.9924796655 0.1224096143 -0
  outer loop
    vertex -5.50963068 13.18641567 4
    vertex -5.521646976 13.28384209 4
    vertex -5.521646976 13.28384209 14.10000038
  endloop
endfacet
facet normal 0.9852779572 0.1709600747 -0
  outer loop
    vertex -5.521646976 13.28384209 4
    vertex -5.53842926 13.38056183 4
    vertex -5.53842926 13.38056183 14.10000038
  endloop
endfacet
facet normal 0.9757016311 0.2191034619 -0
  outer loop
    vertex -5.53842926 13.38056183 4
    vertex -5.559937477 13.47634125 4
    vertex -5.559937477 13.47634125 14.10000038
  endloop
endfacet
facet normal 0.9637766174 0.2667107642 -0
  outer loop
    vertex -5.586119175 13.57095051 4
    vertex -5.586119175 13.57095051 14.10000038
    vertex -5.559937477 13.47634125 4
  endloop
endfacet
facet normal 0.8700877403 0.4928968697 -0
  outer loop
    vertex -5.784542561 14.01858616 4
    vertex -5.784542561 14.01858616 14.10000038
    vertex -5.736157417 13.93317413 4
  endloop
endfacet
facet normal 0.8448528875 0.5349986901 -0
  outer loop
    vertex -5.837060928 14.10152149 4
    vertex -5.837060928 14.10152149 14.10000038
    vertex -5.784542561 14.01858616 4
  endloop
endfacet
facet normal 0.9142097235 0.4052413865 -0
  outer loop
    vertex -5.652240753 13.7557478 4
    vertex -5.69202137 13.84549141 4
    vertex -5.69202137 13.84549141 14.10000038
  endloop
endfacet
facet normal 0.8932231839 0.4496135493 -0
  outer loop
    vertex -5.69202137 13.84549141 4
    vertex -5.736157417 13.93317413 4
    vertex -5.736157417 13.93317413 14.10000038
  endloop
endfacet
facet normal 0.817587313 0.5758046419 -0
  outer loop
    vertex -5.837060928 14.10152149 4
    vertex -5.893584728 14.18177986 4
    vertex -5.893584728 14.18177986 14.10000038
  endloop
endfacet
facet normal 0.4929005471 0.8700856571 -0
  outer loop
    vertex -6.557206631 14.75422382 4
    vertex -6.557206631 14.75422382 14.10000038
    vertex -6.471794605 14.7058382 4
  endloop
endfacet
facet normal 0.5349974185 0.8448536928 -0
  outer loop
    vertex -6.471794605 14.7058382 4
    vertex -6.471794605 14.7058382 14.10000038
    vertex -6.388859749 14.65332031 4
  endloop
endfacet
facet normal 0.6152331582 0.7883452042 -0
  outer loop
    vertex -6.308601379 14.59679604 4
    vertex -6.308601379 14.59679604 14.10000038
    vertex -6.23121357 14.53640175 4
  endloop
endfacet
facet normal 0.5758078889 0.8175850262 -0
  outer loop
    vertex -6.308601379 14.59679604 4
    vertex -6.388859749 14.65332031 4
    vertex -6.388859749 14.65332031 14.10000038
  endloop
endfacet
facet normal 0.653171553 0.7572099592 -0
  outer loop
    vertex -6.156882286 14.47228336 4
    vertex -6.23121357 14.53640175 4
    vertex -6.23121357 14.53640175 14.10000038
  endloop
endfacet
facet normal 0.6895404207 0.7242472011 -0
  outer loop
    vertex -6.085786343 14.40459442 4
    vertex -6.156882286 14.47228336 4
    vertex -6.156882286 14.47228336 14.10000038
  endloop
endfacet
facet normal -0.8448523024 -0.5349996141 0
  outer loop
    vertex -9.215456963 11.96217537 4
    vertex -9.162939072 11.87924099 14.10000038
    vertex -9.215456963 11.96217537 14.10000038
  endloop
endfacet
facet normal -0.8932251478 -0.4496096477 0
  outer loop
    vertex -9.30797863 12.13527107 4
    vertex -9.263842583 12.04758739 14.10000038
    vertex -9.30797863 12.13527107 14.10000038
  endloop
endfacet
facet normal -0.8700856571 -0.4929005471 0
  outer loop
    vertex -9.263842583 12.04758739 4
    vertex -9.215456963 11.96217537 14.10000038
    vertex -9.263842583 12.04758739 14.10000038
  endloop
endfacet
facet normal -0.9329946218 -0.3598903107 0
  outer loop
    vertex -9.383088112 12.31660175 4
    vertex -9.347759247 12.22501373 14.10000038
    vertex -9.383088112 12.31660175 14.10000038
  endloop
endfacet
facet normal -0.9495289731 -0.3136793415 0
  outer loop
    vertex -9.413880348 12.40981197 4
    vertex -9.383088112 12.31660175 14.10000038
    vertex -9.413880348 12.40981197 14.10000038
  endloop
endfacet
facet normal -0.9142081281 -0.4052449857 0
  outer loop
    vertex -9.347759247 12.22501373 4
    vertex -9.30797863 12.13527107 14.10000038
    vertex -9.347759247 12.22501373 14.10000038
  endloop
endfacet
facet normal -0.9757020975 -0.2191013851 0
  outer loop
    vertex -9.46157074 12.60020065 4
    vertex -9.440062523 12.50442028 14.10000038
    vertex -9.46157074 12.60020065 14.10000038
  endloop
endfacet
facet normal -0.9637746777 -0.2667177735 0
  outer loop
    vertex -9.440062523 12.50442028 4
    vertex -9.413880348 12.40981197 14.10000038
    vertex -9.440062523 12.50442028 14.10000038
  endloop
endfacet
facet normal -0.9852787754 -0.1709553591 0
  outer loop
    vertex -9.478352547 12.69692039 4
    vertex -9.46157074 12.60020065 14.10000038
    vertex -9.478352547 12.69692039 14.10000038
  endloop
endfacet
facet normal -0.9924784851 -0.1224191837 0
  outer loop
    vertex -9.490369797 12.79434681 4
    vertex -9.478352547 12.69692039 14.10000038
    vertex -9.490369797 12.79434681 14.10000038
  endloop
endfacet
facet normal -0.9972906092 -0.07356249628 0
  outer loop
    vertex -9.497591019 12.89224529 4
    vertex -9.490369797 12.79434681 14.10000038
    vertex -9.497591019 12.89224529 14.10000038
  endloop
endfacet
facet normal -0.9996988489 -0.02453999682 0
  outer loop
    vertex -9.5 12.99038124 4
    vertex -9.497591019 12.89224529 14.10000038
    vertex -9.5 12.99038124 14.10000038
  endloop
endfacet
facet normal -0.9996988431 0.02454023515 0
  outer loop
    vertex -9.497591019 13.08851624 4
    vertex -9.5 12.99038124 14.10000038
    vertex -9.497591019 13.08851624 14.10000038
  endloop
endfacet
facet normal -0.7572099592 -0.653171553 0
  outer loop
    vertex -9.046020508 11.72159481 4
    vertex -8.981902122 11.64726353 14.10000038
    vertex -9.046020508 11.72159481 14.10000038
  endloop
endfacet
facet normal -0.7883452042 -0.6152331582 0
  outer loop
    vertex -9.106414795 11.79898262 4
    vertex -9.046020508 11.72159481 14.10000038
    vertex -9.106414795 11.79898262 14.10000038
  endloop
endfacet
facet normal -0.7242495106 -0.6895379949 0
  outer loop
    vertex -8.981902122 11.64726353 4
    vertex -8.914213181 11.57616711 14.10000038
    vertex -8.981902122 11.64726353 14.10000038
  endloop
endfacet
facet normal -0.6895377506 -0.7242497432 0
  outer loop
    vertex -8.914213181 11.57616711 4
    vertex -8.843117714 11.50847912 14.10000038
    vertex -8.914213181 11.57616711 14.10000038
  endloop
endfacet
facet normal -0.6152271204 -0.7883499162 0
  outer loop
    vertex -8.76878643 11.44435978 4
    vertex -8.691398621 11.38396645 14.10000038
    vertex -8.76878643 11.44435978 14.10000038
  endloop
endfacet
facet normal -0.5349996141 -0.8448523024 0
  outer loop
    vertex -8.611140251 11.32744217 4
    vertex -8.528205872 11.27492428 14.10000038
    vertex -8.611140251 11.32744217 14.10000038
  endloop
endfacet
facet normal -0.5758078889 -0.8175850262 0
  outer loop
    vertex -8.691398621 11.38396645 4
    vertex -8.611140251 11.32744217 14.10000038
    vertex -8.691398621 11.38396645 14.10000038
  endloop
endfacet
facet normal -0.6531771233 -0.7572051543 0
  outer loop
    vertex -8.843117714 11.50847912 4
    vertex -8.76878643 11.44435978 14.10000038
    vertex -8.843117714 11.50847912 14.10000038
  endloop
endfacet
facet normal -0.3598935727 -0.9329933635 0
  outer loop
    vertex -8.265366554 11.14262199 4
    vertex -8.173779488 11.10729313 14.10000038
    vertex -8.265366554 11.14262199 14.10000038
  endloop
endfacet
facet normal -0.3136881006 -0.9495260794 0
  outer loop
    vertex -8.173779488 11.10729313 4
    vertex -8.080569267 11.07649994 14.10000038
    vertex -8.173779488 11.10729313 14.10000038
  endloop
endfacet
facet normal -0.2667075009 -0.9637775205 0
  outer loop
    vertex -8.080569267 11.07649994 4
    vertex -7.985960484 11.05031872 14.10000038
    vertex -8.080569267 11.07649994 14.10000038
  endloop
endfacet
facet normal -0.2191024235 -0.9757018643 0
  outer loop
    vertex -7.985960484 11.05031872 4
    vertex -7.890180588 11.0288105 14.10000038
    vertex -7.985960484 11.05031872 14.10000038
  endloop
endfacet
facet normal -0.4929005471 -0.8700856571 0
  outer loop
    vertex -8.528205872 11.27492428 4
    vertex -8.442793846 11.22653866 14.10000038
    vertex -8.528205872 11.27492428 14.10000038
  endloop
endfacet
facet normal -0.4496096477 -0.8932251478 0
  outer loop
    vertex -8.442793846 11.22653866 4
    vertex -8.355110168 11.18240261 14.10000038
    vertex -8.442793846 11.22653866 14.10000038
  endloop
endfacet
facet normal -0.4052413865 -0.9142097235 0
  outer loop
    vertex -8.355110168 11.18240261 4
    vertex -8.265366554 11.14262199 14.10000038
    vertex -8.355110168 11.18240261 14.10000038
  endloop
endfacet
facet normal -0.8175850262 -0.5758078889 0
  outer loop
    vertex -9.162939072 11.87924099 4
    vertex -9.106414795 11.79898262 14.10000038
    vertex -9.162939072 11.87924099 14.10000038
  endloop
endfacet
facet normal -0.9972906617 0.07356178355 0
  outer loop
    vertex -9.490369797 13.18641567 4
    vertex -9.497591019 13.08851624 14.10000038
    vertex -9.490369797 13.18641567 14.10000038
  endloop
endfacet
facet normal -0.9924784851 0.1224191837 0
  outer loop
    vertex -9.478352547 13.28384209 4
    vertex -9.490369797 13.18641567 14.10000038
    vertex -9.478352547 13.28384209 14.10000038
  endloop
endfacet
facet normal -0.9852787754 0.1709553591 0
  outer loop
    vertex -9.46157074 13.38056183 4
    vertex -9.478352547 13.28384209 14.10000038
    vertex -9.46157074 13.38056183 14.10000038
  endloop
endfacet
facet normal -0.9757016311 0.2191034619 0
  outer loop
    vertex -9.440062523 13.47634125 4
    vertex -9.46157074 13.38056183 14.10000038
    vertex -9.440062523 13.47634125 14.10000038
  endloop
endfacet
facet normal -0.9637753688 0.2667152762 0
  outer loop
    vertex -9.413880348 13.57095051 4
    vertex -9.440062523 13.47634125 14.10000038
    vertex -9.413880348 13.57095051 14.10000038
  endloop
endfacet
facet normal -0.9495289731 0.3136793415 0
  outer loop
    vertex -9.383088112 13.66416073 4
    vertex -9.413880348 13.57095051 14.10000038
    vertex -9.383088112 13.66416073 14.10000038
  endloop
endfacet
facet normal -0.9329933635 0.3598935727 0
  outer loop
    vertex -9.347759247 13.7557478 4
    vertex -9.383088112 13.66416073 14.10000038
    vertex -9.347759247 13.7557478 14.10000038
  endloop
endfacet
facet normal -0.9142097235 0.4052413865 0
  outer loop
    vertex -9.30797863 13.84549141 4
    vertex -9.347759247 13.7557478 14.10000038
    vertex -9.30797863 13.84549141 14.10000038
  endloop
endfacet
facet normal -0.8932231839 0.4496135493 0
  outer loop
    vertex -9.263842583 13.93317413 4
    vertex -9.30797863 13.84549141 14.10000038
    vertex -9.263842583 13.93317413 14.10000038
  endloop
endfacet
facet normal -0.8700856571 0.4929005471 0
  outer loop
    vertex -9.215456963 14.01858616 4
    vertex -9.263842583 13.93317413 14.10000038
    vertex -9.215456963 14.01858616 14.10000038
  endloop
endfacet
facet normal -0.8448550831 0.534995223 0
  outer loop
    vertex -9.162939072 14.10152149 4
    vertex -9.215456963 14.01858616 14.10000038
    vertex -9.162939072 14.10152149 14.10000038
  endloop
endfacet
facet normal -0.8175850262 0.5758078889 0
  outer loop
    vertex -9.106414795 14.18177986 4
    vertex -9.162939072 14.10152149 14.10000038
    vertex -9.106414795 14.18177986 14.10000038
  endloop
endfacet
facet normal -0.7883452042 0.6152331582 0
  outer loop
    vertex -9.046020508 14.25916767 4
    vertex -9.106414795 14.18177986 14.10000038
    vertex -9.046020508 14.25916767 14.10000038
  endloop
endfacet
facet normal -0.7572099592 0.653171553 0
  outer loop
    vertex -8.981902122 14.33349895 4
    vertex -9.046020508 14.25916767 14.10000038
    vertex -8.981902122 14.33349895 14.10000038
  endloop
endfacet
facet normal -0.7242448915 0.6895428465 0
  outer loop
    vertex -8.914213181 14.40459442 4
    vertex -8.981902122 14.33349895 14.10000038
    vertex -8.914213181 14.40459442 14.10000038
  endloop
endfacet
facet normal -0.6895428465 0.7242448915 0
  outer loop
    vertex -8.843117714 14.47228336 4
    vertex -8.914213181 14.40459442 14.10000038
    vertex -8.843117714 14.47228336 14.10000038
  endloop
endfacet
facet normal -0.653171553 0.7572099592 0
  outer loop
    vertex -8.76878643 14.53640175 4
    vertex -8.843117714 14.47228336 14.10000038
    vertex -8.76878643 14.53640175 14.10000038
  endloop
endfacet
facet normal -0.6152331582 0.7883452042 0
  outer loop
    vertex -8.691398621 14.59679604 4
    vertex -8.76878643 14.53640175 14.10000038
    vertex -8.691398621 14.59679604 14.10000038
  endloop
endfacet
facet normal -0.5758078889 0.8175850262 0
  outer loop
    vertex -8.611140251 14.65332031 4
    vertex -8.691398621 14.59679604 14.10000038
    vertex -8.611140251 14.65332031 14.10000038
  endloop
endfacet
facet normal -0.5349996141 0.8448523024 0
  outer loop
    vertex -8.528205872 14.7058382 4
    vertex -8.611140251 14.65332031 14.10000038
    vertex -8.528205872 14.7058382 14.10000038
  endloop
endfacet
facet normal -0.4929005471 0.8700856571 0
  outer loop
    vertex -8.442793846 14.75422382 4
    vertex -8.528205872 14.7058382 14.10000038
    vertex -8.442793846 14.75422382 14.10000038
  endloop
endfacet
facet normal -0.4496096477 0.8932251478 0
  outer loop
    vertex -8.355110168 14.79835987 4
    vertex -8.442793846 14.75422382 14.10000038
    vertex -8.355110168 14.79835987 14.10000038
  endloop
endfacet
facet normal -0.4052413865 0.9142097235 0
  outer loop
    vertex -8.265366554 14.83814049 4
    vertex -8.355110168 14.79835987 14.10000038
    vertex -8.265366554 14.83814049 14.10000038
  endloop
endfacet
facet normal -0.3598935727 0.9329933635 0
  outer loop
    vertex -8.173779488 14.87346935 4
    vertex -8.265366554 14.83814049 14.10000038
    vertex -8.173779488 14.87346935 14.10000038
  endloop
endfacet
facet normal -0.3136793415 0.9495289731 0
  outer loop
    vertex -8.080569267 14.90426159 4
    vertex -8.173779488 14.87346935 14.10000038
    vertex -8.080569267 14.90426159 14.10000038
  endloop
endfacet
facet normal -0.2667165248 0.9637750232 0
  outer loop
    vertex -7.985960484 14.93044376 4
    vertex -8.080569267 14.90426159 14.10000038
    vertex -7.985960484 14.93044376 14.10000038
  endloop
endfacet
facet normal -0.2191024235 0.9757018643 0
  outer loop
    vertex -7.890180588 14.95195198 4
    vertex -7.985960484 14.93044376 14.10000038
    vertex -7.890180588 14.95195198 14.10000038
  endloop
endfacet
facet normal -0.1709647902 -0.9852771389 0
  outer loop
    vertex -7.890180588 11.0288105 4
    vertex -7.793460846 11.01202774 14.10000038
    vertex -7.890180588 11.0288105 14.10000038
  endloop
endfacet
facet normal -0.1224096143 -0.9924796655 0
  outer loop
    vertex -7.793460846 11.01202774 4
    vertex -7.696034431 11.00001144 14.10000038
    vertex -7.793460846 11.01202774 14.10000038
  endloop
endfacet
facet normal -0.02454011598 -0.999698846 0
  outer loop
    vertex -7.598135471 10.99279022 4
    vertex -7.5 10.99038124 14.10000038
    vertex -7.598135471 10.99279022 14.10000038
  endloop
endfacet
facet normal -0.07356213991 -0.9972906355 0
  outer loop
    vertex -7.696034431 11.00001144 4
    vertex -7.598135471 10.99279022 14.10000038
    vertex -7.696034431 11.00001144 14.10000038
  endloop
endfacet
facet normal 0.02454011598 -0.999698846 0
  outer loop
    vertex -7.5 10.99038124 4
    vertex -7.401864529 10.99279022 14.10000038
    vertex -7.5 10.99038124 14.10000038
  endloop
endfacet
facet normal 0.07356213991 -0.9972906355 0
  outer loop
    vertex -7.401864529 10.99279022 4
    vertex -7.303965569 11.00001144 14.10000038
    vertex -7.401864529 10.99279022 14.10000038
  endloop
endfacet
facet normal 0.1224096143 -0.9924796655 0
  outer loop
    vertex -7.303965569 11.00001144 4
    vertex -7.206539154 11.01202774 14.10000038
    vertex -7.303965569 11.00001144 14.10000038
  endloop
endfacet
facet normal 0.1709647902 -0.9852771389 0
  outer loop
    vertex -7.206539154 11.01202774 4
    vertex -7.109819412 11.0288105 14.10000038
    vertex -7.206539154 11.01202774 14.10000038
  endloop
endfacet
facet normal 0.2191024235 -0.9757018643 0
  outer loop
    vertex -7.109819412 11.0288105 4
    vertex -7.014039516 11.05031872 14.10000038
    vertex -7.109819412 11.0288105 14.10000038
  endloop
endfacet
facet normal 0.2667075009 -0.9637775205 0
  outer loop
    vertex -7.014039516 11.05031872 4
    vertex -6.919430733 11.07649994 14.10000038
    vertex -7.014039516 11.05031872 14.10000038
  endloop
endfacet
facet normal 0.3136881006 -0.9495260794 0
  outer loop
    vertex -6.919430733 11.07649994 4
    vertex -6.826220512 11.10729313 14.10000038
    vertex -6.919430733 11.07649994 14.10000038
  endloop
endfacet
facet normal 0.3598919417 -0.9329939926 0
  outer loop
    vertex -6.826220512 11.10729313 4
    vertex -6.734632969 11.14262199 14.10000038
    vertex -6.826220512 11.10729313 14.10000038
  endloop
endfacet
facet normal 0.4052431861 -0.9142089258 0
  outer loop
    vertex -6.734632969 11.14262199 4
    vertex -6.644889832 11.18240261 14.10000038
    vertex -6.734632969 11.14262199 14.10000038
  endloop
endfacet
facet normal 0.4496115985 -0.8932241659 0
  outer loop
    vertex -6.644889832 11.18240261 4
    vertex -6.557206631 11.22653866 14.10000038
    vertex -6.644889832 11.18240261 14.10000038
  endloop
endfacet
facet normal 0.4929005471 -0.8700856571 0
  outer loop
    vertex -6.557206631 11.22653866 4
    vertex -6.471794605 11.27492428 14.10000038
    vertex -6.557206631 11.22653866 14.10000038
  endloop
endfacet
facet normal 0.5349974185 -0.8448536928 0
  outer loop
    vertex -6.471794605 11.27492428 4
    vertex -6.388859749 11.32744217 14.10000038
    vertex -6.471794605 11.27492428 14.10000038
  endloop
endfacet
facet normal 0.5758078889 -0.8175850262 0
  outer loop
    vertex -6.388859749 11.32744217 4
    vertex -6.308601379 11.38396645 14.10000038
    vertex -6.388859749 11.32744217 14.10000038
  endloop
endfacet
facet normal 0.6152271204 -0.7883499162 0
  outer loop
    vertex -6.308601379 11.38396645 4
    vertex -6.23121357 11.44435978 14.10000038
    vertex -6.308601379 11.38396645 14.10000038
  endloop
endfacet
facet normal 0.6531771233 -0.7572051543 0
  outer loop
    vertex -6.23121357 11.44435978 4
    vertex -6.156882286 11.50847912 14.10000038
    vertex -6.23121357 11.44435978 14.10000038
  endloop
endfacet
facet normal 0.6895353248 -0.7242520527 0
  outer loop
    vertex -6.156882286 11.50847912 4
    vertex -6.085786343 11.57616711 14.10000038
    vertex -6.156882286 11.50847912 14.10000038
  endloop
endfacet
facet normal 0.7242519364 -0.6895354469 0
  outer loop
    vertex -6.085786343 11.57616711 4
    vertex -6.018097878 11.64726353 14.10000038
    vertex -6.085786343 11.57616711 14.10000038
  endloop
endfacet
facet normal 0.7572075567 -0.6531743382 0
  outer loop
    vertex -6.018097878 11.64726353 4
    vertex -5.953979015 11.72159481 14.10000038
    vertex -6.018097878 11.64726353 14.10000038
  endloop
endfacet
facet normal 0.7883452042 -0.6152331582 0
  outer loop
    vertex -5.953979015 11.72159481 4
    vertex -5.893584728 11.79898262 14.10000038
    vertex -5.953979015 11.72159481 14.10000038
  endloop
endfacet
facet normal 0.817587313 -0.5758046419 0
  outer loop
    vertex -5.893584728 11.79898262 4
    vertex -5.837060928 11.87924099 14.10000038
    vertex -5.893584728 11.79898262 14.10000038
  endloop
endfacet
facet normal 0.8448501068 -0.5350030813 0
  outer loop
    vertex -5.837060928 11.87924099 4
    vertex -5.784542561 11.96217537 14.10000038
    vertex -5.837060928 11.87924099 14.10000038
  endloop
endfacet
facet normal 0.8700877403 -0.4928968697 0
  outer loop
    vertex -5.784542561 11.96217537 4
    vertex -5.736157417 12.04758739 14.10000038
    vertex -5.784542561 11.96217537 14.10000038
  endloop
endfacet
facet normal 0.8932251478 -0.4496096477 0
  outer loop
    vertex -5.736157417 12.04758739 4
    vertex -5.69202137 12.13527107 14.10000038
    vertex -5.736157417 12.04758739 14.10000038
  endloop
endfacet
facet normal 0.9142081281 -0.4052449857 0
  outer loop
    vertex -5.69202137 12.13527107 4
    vertex -5.652240753 12.22501373 14.10000038
    vertex -5.69202137 12.13527107 14.10000038
  endloop
endfacet
facet normal 0.9329946218 -0.3598903107 0
  outer loop
    vertex -5.652240753 12.22501373 4
    vertex -5.616911888 12.31660175 14.10000038
    vertex -5.652240753 12.22501373 14.10000038
  endloop
endfacet
facet normal 0.9495275263 -0.3136837211 0
  outer loop
    vertex -5.616911888 12.31660175 4
    vertex -5.586119175 12.40981197 14.10000038
    vertex -5.616911888 12.31660175 14.10000038
  endloop
endfacet
facet normal 0.9637759263 -0.2667132615 0
  outer loop
    vertex -5.586119175 12.40981197 4
    vertex -5.559937477 12.50442028 14.10000038
    vertex -5.586119175 12.40981197 14.10000038
  endloop
endfacet
facet normal 0.9757020975 -0.2191013851 0
  outer loop
    vertex -5.559937477 12.50442028 4
    vertex -5.53842926 12.60020065 14.10000038
    vertex -5.559937477 12.50442028 14.10000038
  endloop
endfacet
facet normal 0.9852779572 -0.1709600747 0
  outer loop
    vertex -5.53842926 12.60020065 4
    vertex -5.521646976 12.69692039 14.10000038
    vertex -5.53842926 12.60020065 14.10000038
  endloop
endfacet
facet normal 0.9924796655 -0.1224096143 0
  outer loop
    vertex -5.521646976 12.69692039 4
    vertex -5.50963068 12.79434681 14.10000038
    vertex -5.521646976 12.69692039 14.10000038
  endloop
endfacet
facet normal 0.9972902528 -0.07356732752 0
  outer loop
    vertex -5.50963068 12.79434681 4
    vertex -5.502408981 12.89224529 14.10000038
    vertex -5.50963068 12.79434681 14.10000038
  endloop
endfacet
facet normal 0.9996988489 -0.02453999682 0
  outer loop
    vertex -5.502408981 12.89224529 4
    vertex -5.5 12.99038124 14.10000038
    vertex -5.502408981 12.89224529 14.10000038
  endloop
endfacet
facet normal 0.9996988431 0.02454023515 0
  outer loop
    vertex -5.5 12.99038124 4
    vertex -5.502408981 13.08851624 14.10000038
    vertex -5.5 12.99038124 14.10000038
  endloop
endfacet
facet normal 0.9972903054 0.07356661475 0
  outer loop
    vertex -5.502408981 13.08851624 4
    vertex -5.50963068 13.18641567 14.10000038
    vertex -5.502408981 13.08851624 14.10000038
  endloop
endfacet
facet normal -0.1709553591 0.9852787754 0
  outer loop
    vertex -7.793460846 14.96873379 4
    vertex -7.890180588 14.95195198 14.10000038
    vertex -7.793460846 14.96873379 14.10000038
  endloop
endfacet
facet normal -0.1224096143 0.9924796655 0
  outer loop
    vertex -7.696034431 14.98075008 4
    vertex -7.793460846 14.96873379 14.10000038
    vertex -7.696034431 14.98075008 14.10000038
  endloop
endfacet
facet normal -0.07357180235 0.9972899227 0
  outer loop
    vertex -7.598135471 14.98797226 4
    vertex -7.696034431 14.98075008 14.10000038
    vertex -7.598135471 14.98797226 14.10000038
  endloop
endfacet
facet normal -0.02454011598 0.999698846 0
  outer loop
    vertex -7.5 14.99038124 4
    vertex -7.598135471 14.98797226 14.10000038
    vertex -7.5 14.99038124 14.10000038
  endloop
endfacet
facet normal 0.02454011598 0.999698846 0
  outer loop
    vertex -7.401864529 14.98797226 4
    vertex -7.5 14.99038124 14.10000038
    vertex -7.401864529 14.98797226 14.10000038
  endloop
endfacet
facet normal 0.07357180235 0.9972899227 0
  outer loop
    vertex -7.303965569 14.98075008 4
    vertex -7.401864529 14.98797226 14.10000038
    vertex -7.303965569 14.98075008 14.10000038
  endloop
endfacet
facet normal 0.1224096143 0.9924796655 0
  outer loop
    vertex -7.206539154 14.96873379 4
    vertex -7.303965569 14.98075008 14.10000038
    vertex -7.206539154 14.96873379 14.10000038
  endloop
endfacet
facet normal 0.1709553591 0.9852787754 0
  outer loop
    vertex -7.109819412 14.95195198 4
    vertex -7.206539154 14.96873379 14.10000038
    vertex -7.109819412 14.95195198 14.10000038
  endloop
endfacet
facet normal 0.2667165248 0.9637750232 0
  outer loop
    vertex -6.919430733 14.90426159 4
    vertex -7.014039516 14.93044376 14.10000038
    vertex -6.919430733 14.90426159 14.10000038
  endloop
endfacet
facet normal 0.2191024235 0.9757018643 0
  outer loop
    vertex -7.014039516 14.93044376 4
    vertex -7.109819412 14.95195198 14.10000038
    vertex -7.014039516 14.93044376 14.10000038
  endloop
endfacet
facet normal 0.3136793415 0.9495289731 0
  outer loop
    vertex -6.826220512 14.87346935 4
    vertex -6.919430733 14.90426159 14.10000038
    vertex -6.826220512 14.87346935 14.10000038
  endloop
endfacet
facet normal 0.3598919417 0.9329939926 0
  outer loop
    vertex -6.734632969 14.83814049 4
    vertex -6.826220512 14.87346935 14.10000038
    vertex -6.734632969 14.83814049 14.10000038
  endloop
endfacet
facet normal 0.4052431861 0.9142089258 0
  outer loop
    vertex -6.644889832 14.79835987 4
    vertex -6.734632969 14.83814049 14.10000038
    vertex -6.644889832 14.79835987 14.10000038
  endloop
endfacet
facet normal 0.4496115985 0.8932241659 0
  outer loop
    vertex -6.557206631 14.75422382 4
    vertex -6.644889832 14.79835987 14.10000038
    vertex -6.557206631 14.75422382 14.10000038
  endloop
endfacet
facet normal 0.6895404207 0.7242472011 0
  outer loop
    vertex -6.085786343 14.40459442 4
    vertex -6.156882286 14.47228336 14.10000038
    vertex -6.085786343 14.40459442 14.10000038
  endloop
endfacet
facet normal 0.7883452042 0.6152331582 0
  outer loop
    vertex -5.893584728 14.18177986 4
    vertex -5.953979015 14.25916767 14.10000038
    vertex -5.893584728 14.18177986 14.10000038
  endloop
endfacet
facet normal 0.7242473173 0.6895402986 0
  outer loop
    vertex -6.018097878 14.33349895 4
    vertex -6.085786343 14.40459442 14.10000038
    vertex -6.018097878 14.33349895 14.10000038
  endloop
endfacet
facet normal 0.7572075567 0.6531743382 0
  outer loop
    vertex -5.953979015 14.25916767 4
    vertex -6.018097878 14.33349895 14.10000038
    vertex -5.953979015 14.25916767 14.10000038
  endloop
endfacet
facet normal 0.9495275263 0.3136837211 0
  outer loop
    vertex -5.586119175 13.57095051 4
    vertex -5.616911888 13.66416073 14.10000038
    vertex -5.586119175 13.57095051 14.10000038
  endloop
endfacet
facet normal 0.9329933635 0.3598935727 0
  outer loop
    vertex -5.616911888 13.66416073 4
    vertex -5.652240753 13.7557478 14.10000038
    vertex -5.616911888 13.66416073 14.10000038
  endloop
endfacet
facet normal 0.9924796655 0.1224096143 0
  outer loop
    vertex -5.50963068 13.18641567 4
    vertex -5.521646976 13.28384209 14.10000038
    vertex -5.50963068 13.18641567 14.10000038
  endloop
endfacet
facet normal 0.9852779572 0.1709600747 0
  outer loop
    vertex -5.521646976 13.28384209 4
    vertex -5.53842926 13.38056183 14.10000038
    vertex -5.521646976 13.28384209 14.10000038
  endloop
endfacet
facet normal 0.9757016311 0.2191034619 0
  outer loop
    vertex -5.53842926 13.38056183 4
    vertex -5.559937477 13.47634125 14.10000038
    vertex -5.53842926 13.38056183 14.10000038
  endloop
endfacet
facet normal 0.9637766174 0.2667107642 0
  outer loop
    vertex -5.559937477 13.47634125 4
    vertex -5.586119175 13.57095051 14.10000038
    vertex -5.559937477 13.47634125 14.10000038
  endloop
endfacet
facet normal 0.8700877403 0.4928968697 0
  outer loop
    vertex -5.736157417 13.93317413 4
    vertex -5.784542561 14.01858616 14.10000038
    vertex -5.736157417 13.93317413 14.10000038
  endloop
endfacet
facet normal 0.8448528875 0.5349986901 0
  outer loop
    vertex -5.784542561 14.01858616 4
    vertex -5.837060928 14.10152149 14.10000038
    vertex -5.784542561 14.01858616 14.10000038
  endloop
endfacet
facet normal 0.9142097235 0.4052413865 0
  outer loop
    vertex -5.652240753 13.7557478 4
    vertex -5.69202137 13.84549141 14.10000038
    vertex -5.652240753 13.7557478 14.10000038
  endloop
endfacet
facet normal 0.8932231839 0.4496135493 0
  outer loop
    vertex -5.69202137 13.84549141 4
    vertex -5.736157417 13.93317413 14.10000038
    vertex -5.69202137 13.84549141 14.10000038
  endloop
endfacet
facet normal 0.817587313 0.5758046419 0
  outer loop
    vertex -5.837060928 14.10152149 4
    vertex -5.893584728 14.18177986 14.10000038
    vertex -5.837060928 14.10152149 14.10000038
  endloop
endfacet
facet normal 0.4929005471 0.8700856571 0
  outer loop
    vertex -6.471794605 14.7058382 4
    vertex -6.557206631 14.75422382 14.10000038
    vertex -6.471794605 14.7058382 14.10000038
  endloop
endfacet
facet normal 0.5349974185 0.8448536928 0
  outer loop
    vertex -6.388859749 14.65332031 4
    vertex -6.471794605 14.7058382 14.10000038
    vertex -6.388859749 14.65332031 14.10000038
  endloop
endfacet
facet normal 0.6152331582 0.7883452042 0
  outer loop
    vertex -6.23121357 14.53640175 4
    vertex -6.308601379 14.59679604 14.10000038
    vertex -6.23121357 14.53640175 14.10000038
  endloop
endfacet
facet normal 0.5758078889 0.8175850262 0
  outer loop
    vertex -6.308601379 14.59679604 4
    vertex -6.388859749 14.65332031 14.10000038
    vertex -6.308601379 14.59679604 14.10000038
  endloop
endfacet
facet normal 0.653171553 0.7572099592 0
  outer loop
    vertex -6.156882286 14.47228336 4
    vertex -6.23121357 14.53640175 14.10000038
    vertex -6.156882286 14.47228336 14.10000038
  endloop
endfacet
facet normal -0 0 1
  outer loop
    vertex -8.442793846 11.22653866 14.10000038
    vertex -8.355110168 11.18240261 14.10000038
    vertex -7.5 12.99038124 14.10000038
  endloop
endfacet
facet normal 0 -0 1
  outer loop
    vertex -8.265366554 11.14262199 14.10000038
    vertex -7.5 12.99038124 14.10000038
    vertex -8.355110168 11.18240261 14.10000038
  endloop
endfacet
facet normal -0 0 1
  outer loop
    vertex -8.265366554 11.14262199 14.10000038
    vertex -8.173779488 11.10729313 14.10000038
    vertex -7.5 12.99038124 14.10000038
  endloop
endfacet
facet normal -0 0 1
  outer loop
    vertex -8.173779488 11.10729313 14.10000038
    vertex -8.080569267 11.07649994 14.10000038
    vertex -7.5 12.99038124 14.10000038
  endloop
endfacet
facet normal 0 -0 1
  outer loop
    vertex -9.30797863 12.13527107 14.10000038
    vertex -7.5 12.99038124 14.10000038
    vertex -9.347759247 12.22501373 14.10000038
  endloop
endfacet
facet normal -0 0 1
  outer loop
    vertex -9.215456963 11.96217537 14.10000038
    vertex -9.162939072 11.87924099 14.10000038
    vertex -7.5 12.99038124 14.10000038
  endloop
endfacet
facet normal -0 0 1
  outer loop
    vertex -9.106414795 11.79898262 14.10000038
    vertex -9.046020508 11.72159481 14.10000038
    vertex -7.5 12.99038124 14.10000038
  endloop
endfacet
facet normal 0 -0 1
  outer loop
    vertex -9.106414795 11.79898262 14.10000038
    vertex -7.5 12.99038124 14.10000038
    vertex -9.162939072 11.87924099 14.10000038
  endloop
endfacet
facet normal 0 -0 1
  outer loop
    vertex -9.215456963 11.96217537 14.10000038
    vertex -7.5 12.99038124 14.10000038
    vertex -9.263842583 12.04758739 14.10000038
  endloop
endfacet
facet normal -0 0 1
  outer loop
    vertex -9.30797863 12.13527107 14.10000038
    vertex -9.263842583 12.04758739 14.10000038
    vertex -7.5 12.99038124 14.10000038
  endloop
endfacet
facet normal -0 0 1
  outer loop
    vertex -9.383088112 12.31660175 14.10000038
    vertex -9.347759247 12.22501373 14.10000038
    vertex -7.5 12.99038124 14.10000038
  endloop
endfacet
facet normal 0 -0 1
  outer loop
    vertex -9.383088112 12.31660175 14.10000038
    vertex -7.5 12.99038124 14.10000038
    vertex -9.413880348 12.40981197 14.10000038
  endloop
endfacet
facet normal 0 -0 1
  outer loop
    vertex -9.413880348 12.40981197 14.10000038
    vertex -7.5 12.99038124 14.10000038
    vertex -9.440062523 12.50442028 14.10000038
  endloop
endfacet
facet normal 0 -0 1
  outer loop
    vertex -9.440062523 12.50442028 14.10000038
    vertex -7.5 12.99038124 14.10000038
    vertex -9.46157074 12.60020065 14.10000038
  endloop
endfacet
facet normal 0 -0 1
  outer loop
    vertex -9.46157074 12.60020065 14.10000038
    vertex -7.5 12.99038124 14.10000038
    vertex -9.478352547 12.69692039 14.10000038
  endloop
endfacet
facet normal 0 -0 1
  outer loop
    vertex -9.478352547 12.69692039 14.10000038
    vertex -7.5 12.99038124 14.10000038
    vertex -9.490369797 12.79434681 14.10000038
  endloop
endfacet
facet normal 0 -0 1
  outer loop
    vertex -9.490369797 12.79434681 14.10000038
    vertex -7.5 12.99038124 14.10000038
    vertex -9.497591019 12.89224529 14.10000038
  endloop
endfacet
facet normal 0 -0 1
  outer loop
    vertex -9.497591019 12.89224529 14.10000038
    vertex -7.5 12.99038124 14.10000038
    vertex -9.5 12.99038124 14.10000038
  endloop
endfacet
facet normal 0 -0 1
  outer loop
    vertex -9.5 12.99038124 14.10000038
    vertex -7.5 12.99038124 14.10000038
    vertex -9.497591019 13.08851624 14.10000038
  endloop
endfacet
facet normal -0 -0 1
  outer loop
    vertex -9.497591019 13.08851624 14.10000038
    vertex -7.5 12.99038124 14.10000038
    vertex -9.490369797 13.18641567 14.10000038
  endloop
endfacet
facet normal -0 0 1
  outer loop
    vertex -9.046020508 11.72159481 14.10000038
    vertex -8.981902122 11.64726353 14.10000038
    vertex -7.5 12.99038124 14.10000038
  endloop
endfacet
facet normal -0 0 1
  outer loop
    vertex -8.981902122 11.64726353 14.10000038
    vertex -8.914213181 11.57616711 14.10000038
    vertex -7.5 12.99038124 14.10000038
  endloop
endfacet
facet normal -0 0 1
  outer loop
    vertex -8.914213181 11.57616711 14.10000038
    vertex -8.843117714 11.50847912 14.10000038
    vertex -7.5 12.99038124 14.10000038
  endloop
endfacet
facet normal 0 -0 1
  outer loop
    vertex -8.76878643 11.44435978 14.10000038
    vertex -7.5 12.99038124 14.10000038
    vertex -8.843117714 11.50847912 14.10000038
  endloop
endfacet
facet normal -0 0 1
  outer loop
    vertex -8.76878643 11.44435978 14.10000038
    vertex -8.691398621 11.38396645 14.10000038
    vertex -7.5 12.99038124 14.10000038
  endloop
endfacet
facet normal -0 0 1
  outer loop
    vertex -8.611140251 11.32744217 14.10000038
    vertex -8.528205872 11.27492428 14.10000038
    vertex -7.5 12.99038124 14.10000038
  endloop
endfacet
facet normal -0 0 1
  outer loop
    vertex -8.691398621 11.38396645 14.10000038
    vertex -8.611140251 11.32744217 14.10000038
    vertex -7.5 12.99038124 14.10000038
  endloop
endfacet
facet normal -0 0 1
  outer loop
    vertex -8.528205872 11.27492428 14.10000038
    vertex -8.442793846 11.22653866 14.10000038
    vertex -7.5 12.99038124 14.10000038
  endloop
endfacet
facet normal -0 -0 1
  outer loop
    vertex -9.490369797 13.18641567 14.10000038
    vertex -7.5 12.99038124 14.10000038
    vertex -9.478352547 13.28384209 14.10000038
  endloop
endfacet
facet normal -0 -0 1
  outer loop
    vertex -9.478352547 13.28384209 14.10000038
    vertex -7.5 12.99038124 14.10000038
    vertex -9.46157074 13.38056183 14.10000038
  endloop
endfacet
facet normal -0 -0 1
  outer loop
    vertex -9.46157074 13.38056183 14.10000038
    vertex -7.5 12.99038124 14.10000038
    vertex -9.440062523 13.47634125 14.10000038
  endloop
endfacet
facet normal -0 -0 1
  outer loop
    vertex -9.440062523 13.47634125 14.10000038
    vertex -7.5 12.99038124 14.10000038
    vertex -9.413880348 13.57095051 14.10000038
  endloop
endfacet
facet normal -0 -0 1
  outer loop
    vertex -9.413880348 13.57095051 14.10000038
    vertex -7.5 12.99038124 14.10000038
    vertex -9.383088112 13.66416073 14.10000038
  endloop
endfacet
facet normal -0 -0 1
  outer loop
    vertex -9.383088112 13.66416073 14.10000038
    vertex -7.5 12.99038124 14.10000038
    vertex -9.347759247 13.7557478 14.10000038
  endloop
endfacet
facet normal -0 -0 1
  outer loop
    vertex -9.347759247 13.7557478 14.10000038
    vertex -7.5 12.99038124 14.10000038
    vertex -9.30797863 13.84549141 14.10000038
  endloop
endfacet
facet normal -0 -0 1
  outer loop
    vertex -9.30797863 13.84549141 14.10000038
    vertex -7.5 12.99038124 14.10000038
    vertex -9.263842583 13.93317413 14.10000038
  endloop
endfacet
facet normal -0 -0 1
  outer loop
    vertex -9.263842583 13.93317413 14.10000038
    vertex -7.5 12.99038124 14.10000038
    vertex -9.215456963 14.01858616 14.10000038
  endloop
endfacet
facet normal -0 -0 1
  outer loop
    vertex -9.215456963 14.01858616 14.10000038
    vertex -7.5 12.99038124 14.10000038
    vertex -9.162939072 14.10152149 14.10000038
  endloop
endfacet
facet normal -0 -0 1
  outer loop
    vertex -9.162939072 14.10152149 14.10000038
    vertex -7.5 12.99038124 14.10000038
    vertex -9.106414795 14.18177986 14.10000038
  endloop
endfacet
facet normal -0 -0 1
  outer loop
    vertex -9.106414795 14.18177986 14.10000038
    vertex -7.5 12.99038124 14.10000038
    vertex -9.046020508 14.25916767 14.10000038
  endloop
endfacet
facet normal -0 -0 1
  outer loop
    vertex -9.046020508 14.25916767 14.10000038
    vertex -7.5 12.99038124 14.10000038
    vertex -8.981902122 14.33349895 14.10000038
  endloop
endfacet
facet normal -0 -0 1
  outer loop
    vertex -8.981902122 14.33349895 14.10000038
    vertex -7.5 12.99038124 14.10000038
    vertex -8.914213181 14.40459442 14.10000038
  endloop
endfacet
facet normal -0 -0 1
  outer loop
    vertex -8.914213181 14.40459442 14.10000038
    vertex -7.5 12.99038124 14.10000038
    vertex -8.843117714 14.47228336 14.10000038
  endloop
endfacet
facet normal -0 -0 1
  outer loop
    vertex -8.843117714 14.47228336 14.10000038
    vertex -7.5 12.99038124 14.10000038
    vertex -8.76878643 14.53640175 14.10000038
  endloop
endfacet
facet normal -0 -0 1
  outer loop
    vertex -8.76878643 14.53640175 14.10000038
    vertex -7.5 12.99038124 14.10000038
    vertex -8.691398621 14.59679604 14.10000038
  endloop
endfacet
facet normal -0 -0 1
  outer loop
    vertex -8.691398621 14.59679604 14.10000038
    vertex -7.5 12.99038124 14.10000038
    vertex -8.611140251 14.65332031 14.10000038
  endloop
endfacet
facet normal -0 -0 1
  outer loop
    vertex -8.611140251 14.65332031 14.10000038
    vertex -7.5 12.99038124 14.10000038
    vertex -8.528205872 14.7058382 14.10000038
  endloop
endfacet
facet normal -0 -0 1
  outer loop
    vertex -8.528205872 14.7058382 14.10000038
    vertex -7.5 12.99038124 14.10000038
    vertex -8.442793846 14.75422382 14.10000038
  endloop
endfacet
facet normal -0 -0 1
  outer loop
    vertex -8.442793846 14.75422382 14.10000038
    vertex -7.5 12.99038124 14.10000038
    vertex -8.355110168 14.79835987 14.10000038
  endloop
endfacet
facet normal -0 -0 1
  outer loop
    vertex -8.355110168 14.79835987 14.10000038
    vertex -7.5 12.99038124 14.10000038
    vertex -8.265366554 14.83814049 14.10000038
  endloop
endfacet
facet normal -0 -0 1
  outer loop
    vertex -8.265366554 14.83814049 14.10000038
    vertex -7.5 12.99038124 14.10000038
    vertex -8.173779488 14.87346935 14.10000038
  endloop
endfacet
facet normal -0 -0 1
  outer loop
    vertex -8.173779488 14.87346935 14.10000038
    vertex -7.5 12.99038124 14.10000038
    vertex -8.080569267 14.90426159 14.10000038
  endloop
endfacet
facet normal -0 0 1
  outer loop
    vertex -8.080569267 11.07649994 14.10000038
    vertex -7.985960484 11.05031872 14.10000038
    vertex -7.5 12.99038124 14.10000038
  endloop
endfacet
facet normal -0 0 1
  outer loop
    vertex -7.985960484 11.05031872 14.10000038
    vertex -7.890180588 11.0288105 14.10000038
    vertex -7.5 12.99038124 14.10000038
  endloop
endfacet
facet normal -0 0 1
  outer loop
    vertex -7.890180588 11.0288105 14.10000038
    vertex -7.793460846 11.01202774 14.10000038
    vertex -7.5 12.99038124 14.10000038
  endloop
endfacet
facet normal -0 0 1
  outer loop
    vertex -7.793460846 11.01202774 14.10000038
    vertex -7.696034431 11.00001144 14.10000038
    vertex -7.5 12.99038124 14.10000038
  endloop
endfacet
facet normal -0 0 1
  outer loop
    vertex -7.696034431 11.00001144 14.10000038
    vertex -7.598135471 10.99279022 14.10000038
    vertex -7.5 12.99038124 14.10000038
  endloop
endfacet
facet normal -0 0 1
  outer loop
    vertex -7.598135471 10.99279022 14.10000038
    vertex -7.5 10.99038124 14.10000038
    vertex -7.5 12.99038124 14.10000038
  endloop
endfacet
facet normal 0 -0 1
  outer loop
    vertex -7.5 10.99038124 14.10000038
    vertex -7.401864529 10.99279022 14.10000038
    vertex -7.5 12.99038124 14.10000038
  endloop
endfacet
facet normal 0 -0 1
  outer loop
    vertex -7.401864529 10.99279022 14.10000038
    vertex -7.303965569 11.00001144 14.10000038
    vertex -7.5 12.99038124 14.10000038
  endloop
endfacet
facet normal 0 -0 1
  outer loop
    vertex -7.303965569 11.00001144 14.10000038
    vertex -7.206539154 11.01202774 14.10000038
    vertex -7.5 12.99038124 14.10000038
  endloop
endfacet
facet normal 0 -0 1
  outer loop
    vertex -7.206539154 11.01202774 14.10000038
    vertex -7.109819412 11.0288105 14.10000038
    vertex -7.5 12.99038124 14.10000038
  endloop
endfacet
facet normal 0 -0 1
  outer loop
    vertex -7.109819412 11.0288105 14.10000038
    vertex -7.014039516 11.05031872 14.10000038
    vertex -7.5 12.99038124 14.10000038
  endloop
endfacet
facet normal 0 -0 1
  outer loop
    vertex -7.014039516 11.05031872 14.10000038
    vertex -6.919430733 11.07649994 14.10000038
    vertex -7.5 12.99038124 14.10000038
  endloop
endfacet
facet normal 0 -0 1
  outer loop
    vertex -6.919430733 11.07649994 14.10000038
    vertex -6.826220512 11.10729313 14.10000038
    vertex -7.5 12.99038124 14.10000038
  endloop
endfacet
facet normal 0 -0 1
  outer loop
    vertex -6.826220512 11.10729313 14.10000038
    vertex -6.734632969 11.14262199 14.10000038
    vertex -7.5 12.99038124 14.10000038
  endloop
endfacet
facet normal 0 -0 1
  outer loop
    vertex -6.734632969 11.14262199 14.10000038
    vertex -6.644889832 11.18240261 14.10000038
    vertex -7.5 12.99038124 14.10000038
  endloop
endfacet
facet normal 0 -0 1
  outer loop
    vertex -6.644889832 11.18240261 14.10000038
    vertex -6.557206631 11.22653866 14.10000038
    vertex -7.5 12.99038124 14.10000038
  endloop
endfacet
facet normal -0 0 1
  outer loop
    vertex -7.5 12.99038124 14.10000038
    vertex -6.557206631 11.22653866 14.10000038
    vertex -6.471794605 11.27492428 14.10000038
  endloop
endfacet
facet normal -0 0 1
  outer loop
    vertex -7.5 12.99038124 14.10000038
    vertex -6.471794605 11.27492428 14.10000038
    vertex -6.388859749 11.32744217 14.10000038
  endloop
endfacet
facet normal -0 0 1
  outer loop
    vertex -7.5 12.99038124 14.10000038
    vertex -6.388859749 11.32744217 14.10000038
    vertex -6.308601379 11.38396645 14.10000038
  endloop
endfacet
facet normal -0 0 1
  outer loop
    vertex -7.5 12.99038124 14.10000038
    vertex -6.308601379 11.38396645 14.10000038
    vertex -6.23121357 11.44435978 14.10000038
  endloop
endfacet
facet normal -0 0 1
  outer loop
    vertex -7.5 12.99038124 14.10000038
    vertex -6.23121357 11.44435978 14.10000038
    vertex -6.156882286 11.50847912 14.10000038
  endloop
endfacet
facet normal -0 0 1
  outer loop
    vertex -7.5 12.99038124 14.10000038
    vertex -6.156882286 11.50847912 14.10000038
    vertex -6.085786343 11.57616711 14.10000038
  endloop
endfacet
facet normal -0 0 1
  outer loop
    vertex -7.5 12.99038124 14.10000038
    vertex -6.085786343 11.57616711 14.10000038
    vertex -6.018097878 11.64726353 14.10000038
  endloop
endfacet
facet normal -0 0 1
  outer loop
    vertex -7.5 12.99038124 14.10000038
    vertex -6.018097878 11.64726353 14.10000038
    vertex -5.953979015 11.72159481 14.10000038
  endloop
endfacet
facet normal -0 0 1
  outer loop
    vertex -7.5 12.99038124 14.10000038
    vertex -5.953979015 11.72159481 14.10000038
    vertex -5.893584728 11.79898262 14.10000038
  endloop
endfacet
facet normal -0 0 1
  outer loop
    vertex -7.5 12.99038124 14.10000038
    vertex -5.893584728 11.79898262 14.10000038
    vertex -5.837060928 11.87924099 14.10000038
  endloop
endfacet
facet normal -0 0 1
  outer loop
    vertex -7.5 12.99038124 14.10000038
    vertex -5.837060928 11.87924099 14.10000038
    vertex -5.784542561 11.96217537 14.10000038
  endloop
endfacet
facet normal -0 0 1
  outer loop
    vertex -7.5 12.99038124 14.10000038
    vertex -5.784542561 11.96217537 14.10000038
    vertex -5.736157417 12.04758739 14.10000038
  endloop
endfacet
facet normal -0 0 1
  outer loop
    vertex -7.5 12.99038124 14.10000038
    vertex -5.736157417 12.04758739 14.10000038
    vertex -5.69202137 12.13527107 14.10000038
  endloop
endfacet
facet normal -0 0 1
  outer loop
    vertex -7.5 12.99038124 14.10000038
    vertex -5.69202137 12.13527107 14.10000038
    vertex -5.652240753 12.22501373 14.10000038
  endloop
endfacet
facet normal -0 0 1
  outer loop
    vertex -7.5 12.99038124 14.10000038
    vertex -5.652240753 12.22501373 14.10000038
    vertex -5.616911888 12.31660175 14.10000038
  endloop
endfacet
facet normal -0 0 1
  outer loop
    vertex -7.5 12.99038124 14.10000038
    vertex -5.616911888 12.31660175 14.10000038
    vertex -5.586119175 12.40981197 14.10000038
  endloop
endfacet
facet normal -0 0 1
  outer loop
    vertex -7.5 12.99038124 14.10000038
    vertex -5.586119175 12.40981197 14.10000038
    vertex -5.559937477 12.50442028 14.10000038
  endloop
endfacet
facet normal -0 0 1
  outer loop
    vertex -7.5 12.99038124 14.10000038
    vertex -5.559937477 12.50442028 14.10000038
    vertex -5.53842926 12.60020065 14.10000038
  endloop
endfacet
facet normal -0 0 1
  outer loop
    vertex -7.5 12.99038124 14.10000038
    vertex -5.53842926 12.60020065 14.10000038
    vertex -5.521646976 12.69692039 14.10000038
  endloop
endfacet
facet normal -0 0 1
  outer loop
    vertex -7.5 12.99038124 14.10000038
    vertex -5.521646976 12.69692039 14.10000038
    vertex -5.50963068 12.79434681 14.10000038
  endloop
endfacet
facet normal -0 0 1
  outer loop
    vertex -7.5 12.99038124 14.10000038
    vertex -5.50963068 12.79434681 14.10000038
    vertex -5.502408981 12.89224529 14.10000038
  endloop
endfacet
facet normal -0 0 1
  outer loop
    vertex -7.5 12.99038124 14.10000038
    vertex -5.502408981 12.89224529 14.10000038
    vertex -5.5 12.99038124 14.10000038
  endloop
endfacet
facet normal 0 -0 1
  outer loop
    vertex -7.5 12.99038124 14.10000038
    vertex -5.5 12.99038124 14.10000038
    vertex -5.502408981 13.08851624 14.10000038
  endloop
endfacet
facet normal 0 -0 1
  outer loop
    vertex -7.5 12.99038124 14.10000038
    vertex -5.502408981 13.08851624 14.10000038
    vertex -5.50963068 13.18641567 14.10000038
  endloop
endfacet
facet normal -0 -0 1
  outer loop
    vertex -8.080569267 14.90426159 14.10000038
    vertex -7.5 12.99038124 14.10000038
    vertex -7.985960484 14.93044376 14.10000038
  endloop
endfacet
facet normal -0 -0 1
  outer loop
    vertex -7.985960484 14.93044376 14.10000038
    vertex -7.5 12.99038124 14.10000038
    vertex -7.890180588 14.95195198 14.10000038
  endloop
endfacet
facet normal -0 -0 1
  outer loop
    vertex -7.890180588 14.95195198 14.10000038
    vertex -7.5 12.99038124 14.10000038
    vertex -7.793460846 14.96873379 14.10000038
  endloop
endfacet
facet normal 0 0 1
  outer loop
    vertex -7.5 12.99038124 14.10000038
    vertex -7.696034431 14.98075008 14.10000038
    vertex -7.793460846 14.96873379 14.10000038
  endloop
endfacet
facet normal 0 0 1
  outer loop
    vertex -7.5 12.99038124 14.10000038
    vertex -7.598135471 14.98797226 14.10000038
    vertex -7.696034431 14.98075008 14.10000038
  endloop
endfacet
facet normal 0 -0 1
  outer loop
    vertex -7.5 12.99038124 14.10000038
    vertex -7.5 14.99038124 14.10000038
    vertex -7.598135471 14.98797226 14.10000038
  endloop
endfacet
facet normal 0 -0 1
  outer loop
    vertex -7.5 12.99038124 14.10000038
    vertex -7.401864529 14.98797226 14.10000038
    vertex -7.5 14.99038124 14.10000038
  endloop
endfacet
facet normal 0 -0 1
  outer loop
    vertex -7.5 12.99038124 14.10000038
    vertex -7.303965569 14.98075008 14.10000038
    vertex -7.401864529 14.98797226 14.10000038
  endloop
endfacet
facet normal 0 -0 1
  outer loop
    vertex -7.5 12.99038124 14.10000038
    vertex -7.206539154 14.96873379 14.10000038
    vertex -7.303965569 14.98075008 14.10000038
  endloop
endfacet
facet normal 0 -0 1
  outer loop
    vertex -7.5 12.99038124 14.10000038
    vertex -7.109819412 14.95195198 14.10000038
    vertex -7.206539154 14.96873379 14.10000038
  endloop
endfacet
facet normal 0 -0 1
  outer loop
    vertex -7.5 12.99038124 14.10000038
    vertex -6.826220512 14.87346935 14.10000038
    vertex -6.919430733 14.90426159 14.10000038
  endloop
endfacet
facet normal 0 -0 1
  outer loop
    vertex -7.5 12.99038124 14.10000038
    vertex -7.014039516 14.93044376 14.10000038
    vertex -7.109819412 14.95195198 14.10000038
  endloop
endfacet
facet normal 0 -0 1
  outer loop
    vertex -7.5 12.99038124 14.10000038
    vertex -6.919430733 14.90426159 14.10000038
    vertex -7.014039516 14.93044376 14.10000038
  endloop
endfacet
facet normal 0 -0 1
  outer loop
    vertex -7.5 12.99038124 14.10000038
    vertex -6.734632969 14.83814049 14.10000038
    vertex -6.826220512 14.87346935 14.10000038
  endloop
endfacet
facet normal 0 -0 1
  outer loop
    vertex -7.5 12.99038124 14.10000038
    vertex -6.557206631 14.75422382 14.10000038
    vertex -6.644889832 14.79835987 14.10000038
  endloop
endfacet
facet normal 0 -0 1
  outer loop
    vertex -7.5 12.99038124 14.10000038
    vertex -6.644889832 14.79835987 14.10000038
    vertex -6.734632969 14.83814049 14.10000038
  endloop
endfacet
facet normal 0 -0 1
  outer loop
    vertex -7.5 12.99038124 14.10000038
    vertex -6.308601379 14.59679604 14.10000038
    vertex -6.388859749 14.65332031 14.10000038
  endloop
endfacet
facet normal 0 -0 1
  outer loop
    vertex -7.5 12.99038124 14.10000038
    vertex -6.23121357 14.53640175 14.10000038
    vertex -6.308601379 14.59679604 14.10000038
  endloop
endfacet
facet normal 0 -0 1
  outer loop
    vertex -7.5 12.99038124 14.10000038
    vertex -6.156882286 14.47228336 14.10000038
    vertex -6.23121357 14.53640175 14.10000038
  endloop
endfacet
facet normal 0 -0 1
  outer loop
    vertex -7.5 12.99038124 14.10000038
    vertex -6.085786343 14.40459442 14.10000038
    vertex -6.156882286 14.47228336 14.10000038
  endloop
endfacet
facet normal 0 -0 1
  outer loop
    vertex -7.5 12.99038124 14.10000038
    vertex -6.471794605 14.7058382 14.10000038
    vertex -6.557206631 14.75422382 14.10000038
  endloop
endfacet
facet normal 0 -0 1
  outer loop
    vertex -7.5 12.99038124 14.10000038
    vertex -6.388859749 14.65332031 14.10000038
    vertex -6.471794605 14.7058382 14.10000038
  endloop
endfacet
facet normal 0 -0 1
  outer loop
    vertex -7.5 12.99038124 14.10000038
    vertex -5.837060928 14.10152149 14.10000038
    vertex -5.893584728 14.18177986 14.10000038
  endloop
endfacet
facet normal 0 -0 1
  outer loop
    vertex -7.5 12.99038124 14.10000038
    vertex -5.652240753 13.7557478 14.10000038
    vertex -5.69202137 13.84549141 14.10000038
  endloop
endfacet
facet normal 0 -0 1
  outer loop
    vertex -7.5 12.99038124 14.10000038
    vertex -5.616911888 13.66416073 14.10000038
    vertex -5.652240753 13.7557478 14.10000038
  endloop
endfacet
facet normal 0 -0 1
  outer loop
    vertex -7.5 12.99038124 14.10000038
    vertex -5.69202137 13.84549141 14.10000038
    vertex -5.736157417 13.93317413 14.10000038
  endloop
endfacet
facet normal 0 -0 1
  outer loop
    vertex -7.5 12.99038124 14.10000038
    vertex -5.736157417 13.93317413 14.10000038
    vertex -5.784542561 14.01858616 14.10000038
  endloop
endfacet
facet normal 0 -0 1
  outer loop
    vertex -7.5 12.99038124 14.10000038
    vertex -5.784542561 14.01858616 14.10000038
    vertex -5.837060928 14.10152149 14.10000038
  endloop
endfacet
facet normal 0 -0 1
  outer loop
    vertex -7.5 12.99038124 14.10000038
    vertex -5.50963068 13.18641567 14.10000038
    vertex -5.521646976 13.28384209 14.10000038
  endloop
endfacet
facet normal 0 -0 1
  outer loop
    vertex -7.5 12.99038124 14.10000038
    vertex -5.53842926 13.38056183 14.10000038
    vertex -5.559937477 13.47634125 14.10000038
  endloop
endfacet
facet normal 0 -0 1
  outer loop
    vertex -7.5 12.99038124 14.10000038
    vertex -5.521646976 13.28384209 14.10000038
    vertex -5.53842926 13.38056183 14.10000038
  endloop
endfacet
facet normal 0 -0 1
  outer loop
    vertex -7.5 12.99038124 14.10000038
    vertex -5.559937477 13.47634125 14.10000038
    vertex -5.586119175 13.57095051 14.10000038
  endloop
endfacet
facet normal 0 -0 1
  outer loop
    vertex -7.5 12.99038124 14.10000038
    vertex -5.586119175 13.57095051 14.10000038
    vertex -5.616911888 13.66416073 14.10000038
  endloop
endfacet
facet normal 0 -0 1
  outer loop
    vertex -7.5 12.99038124 14.10000038
    vertex -5.953979015 14.25916767 14.10000038
    vertex -6.018097878 14.33349895 14.10000038
  endloop
endfacet
facet normal 0 -0 1
  outer loop
    vertex -7.5 12.99038124 14.10000038
    vertex -6.018097878 14.33349895 14.10000038
    vertex -6.085786343 14.40459442 14.10000038
  endloop
endfacet
facet normal 0 -0 1
  outer loop
    vertex -7.5 12.99038124 14.10000038
    vertex -5.893584728 14.18177986 14.10000038
    vertex -5.953979015 14.25916767 14.10000038
  endloop
endfacet
facet normal 0.02454107188 -0.9996988225 0
  outer loop
    vertex -3.857637493e-15 -21 0
    vertex 1.030421138 -20.97470474 0
    vertex -3.857637493e-15 -21 4
  endloop
endfacet
facet normal 0.07356400583 -0.9972904978 0
  outer loop
    vertex 1.030421138 -20.97470474 0
    vertex 2.058359861 -20.89888 0
    vertex 1.030421138 -20.97470474 4
  endloop
endfacet
facet normal 0.1224110998 -0.9924794822 0
  outer loop
    vertex 2.058359861 -20.89888 0
    vertex 3.081340075 -20.77270699 0
    vertex 2.058359861 -20.89888 4
  endloop
endfacet
facet normal 0.1709622125 -0.9852775862 0
  outer loop
    vertex 3.081340075 -20.77270699 0
    vertex 4.096896648 -20.59649086 0
    vertex 3.081340075 -20.77270699 4
  endloop
endfacet
facet normal 0.2191005676 -0.9757022811 0
  outer loop
    vertex 4.096896648 -20.59649086 0
    vertex 5.102583885 -20.37065697 0
    vertex 4.096896648 -20.59649086 4
  endloop
endfacet
facet normal 0.02454107188 -0.9996988225 0
  outer loop
    vertex -3.857637493e-15 -21 4
    vertex 1.030421138 -20.97470474 0
    vertex 1.030421138 -20.97470474 4
  endloop
endfacet
facet normal 0.07356400583 -0.9972904978 0
  outer loop
    vertex 2.058359861 -20.89888 0
    vertex 2.058359861 -20.89888 4
    vertex 1.030421138 -20.97470474 4
  endloop
endfacet
facet normal 0.1224110998 -0.9924794822 0
  outer loop
    vertex 3.081340075 -20.77270699 0
    vertex 3.081340075 -20.77270699 4
    vertex 2.058359861 -20.89888 4
  endloop
endfacet
facet normal 0.1709622125 -0.9852775862 0
  outer loop
    vertex 4.096896648 -20.59649086 0
    vertex 4.096896648 -20.59649086 4
    vertex 3.081340075 -20.77270699 4
  endloop
endfacet
facet normal 0.2191005676 -0.9757022811 0
  outer loop
    vertex 5.102583885 -20.37065697 0
    vertex 5.102583885 -20.37065697 4
    vertex 4.096896648 -20.59649086 4
  endloop
endfacet
facet normal 0 0 -1
  outer loop
    vertex -3.857637493e-15 -21 0
    vertex -4.592425234e-16 -2.5 0
    vertex 1.030421138 -20.97470474 0
  endloop
endfacet
facet normal 0 0 -1
  outer loop
    vertex 1.030421138 -20.97470474 0
    vertex 0.2450428456 -2.487961769 0
    vertex 2.058359861 -20.89888 0
  endloop
endfacet
facet normal 0 0 -1
  outer loop
    vertex 2.058359861 -20.89888 0
    vertex 0.2450428456 -2.487961769 0
    vertex 3.081340075 -20.77270699 0
  endloop
endfacet
facet normal 0 0 -1
  outer loop
    vertex 3.081340075 -20.77270699 0
    vertex 0.4877257943 -2.451963186 0
    vertex 4.096896648 -20.59649086 0
  endloop
endfacet
facet normal 0 0 -1
  outer loop
    vertex 4.096896648 -20.59649086 0
    vertex 0.6074504256 -2.425078154 0
    vertex 5.102583885 -20.37065697 0
  endloop
endfacet
facet normal 0 0 -1
  outer loop
    vertex 5.102583885 -20.37065697 0
    vertex 0.7257117033 -2.392350912 0
    vertex 6.09597826 -20.09574699 0
  endloop
endfacet
facet normal 0 0 -1
  outer loop
    vertex 6.09597826 -20.09574699 0
    vertex 0.8422246575 -2.35386014 0
    vertex 7.074687004 -19.7724247 0
  endloop
endfacet
facet normal 0.2667134114 -0.9637758848 0
  outer loop
    vertex 5.102583885 -20.37065697 0
    vertex 6.09597826 -20.09574699 0
    vertex 5.102583885 -20.37065697 4
  endloop
endfacet
facet normal 0.313682265 -0.9495280073 0
  outer loop
    vertex 6.09597826 -20.09574699 0
    vertex 7.074687004 -19.7724247 0
    vertex 6.09597826 -20.09574699 4
  endloop
endfacet
facet normal 0.3598944702 -0.9329930173 0
  outer loop
    vertex 7.074687004 -19.7724247 0
    vertex 8.036352158 -19.40147018 0
    vertex 7.074687004 -19.7724247 4
  endloop
endfacet
facet normal 0.405240653 -0.9142100487 0
  outer loop
    vertex 8.036352158 -19.40147018 0
    vertex 8.978656769 -18.98377609 0
    vertex 8.036352158 -19.40147018 4
  endloop
endfacet
facet normal 0.4496127962 -0.893223563 0
  outer loop
    vertex 8.978656769 -18.98377609 0
    vertex 9.899331093 -18.52034569 0
    vertex 8.978656769 -18.98377609 4
  endloop
endfacet
facet normal 0.4928975469 -0.8700873567 0
  outer loop
    vertex 9.899331093 -18.52034569 0
    vertex 10.79615784 -18.01230049 0
    vertex 9.899331093 -18.52034569 4
  endloop
endfacet
facet normal 0.2667134114 -0.9637758848 0
  outer loop
    vertex 6.09597826 -20.09574699 0
    vertex 6.09597826 -20.09574699 4
    vertex 5.102583885 -20.37065697 4
  endloop
endfacet
facet normal 0.313682265 -0.9495280073 0
  outer loop
    vertex 7.074687004 -19.7724247 0
    vertex 7.074687004 -19.7724247 4
    vertex 6.09597826 -20.09574699 4
  endloop
endfacet
facet normal 0.3598944702 -0.9329930173 0
  outer loop
    vertex 8.036352158 -19.40147018 0
    vertex 8.036352158 -19.40147018 4
    vertex 7.074687004 -19.7724247 4
  endloop
endfacet
facet normal 0.405240653 -0.9142100487 0
  outer loop
    vertex 8.978656769 -18.98377609 0
    vertex 8.978656769 -18.98377609 4
    vertex 8.036352158 -19.40147018 4
  endloop
endfacet
facet normal 0.4496127962 -0.893223563 0
  outer loop
    vertex 9.899331093 -18.52034569 0
    vertex 9.899331093 -18.52034569 4
    vertex 8.978656769 -18.98377609 4
  endloop
endfacet
facet normal 0.4928975469 -0.8700873567 0
  outer loop
    vertex 9.899331093 -18.52034569 4
    vertex 10.79615784 -18.01230049 0
    vertex 10.79615784 -18.01230049 4
  endloop
endfacet
facet normal 0 0 -1
  outer loop
    vertex 7.074687004 -19.7724247 0
    vertex 0.9567086101 -2.30969882 0
    vertex 8.036352158 -19.40147018 0
  endloop
endfacet
facet normal 0 0 -1
  outer loop
    vertex 8.036352158 -19.40147018 0
    vertex 1.068887711 -2.259973288 0
    vertex 8.978656769 -18.98377609 0
  endloop
endfacet
facet normal 0 0 -1
  outer loop
    vertex 8.978656769 -18.98377609 0
    vertex 1.178491831 -2.204803228 0
    vertex 9.899331093 -18.52034569 0
  endloop
endfacet
facet normal 0 0 -1
  outer loop
    vertex 9.899331093 -18.52034569 0
    vertex 1.285256863 -2.144321442 0
    vertex 10.79615784 -18.01230049 0
  endloop
endfacet
facet normal 0 -0 -1
  outer loop
    vertex 1.388925552 -2.078674078 0
    vertex 11.66697502 -17.46086121 0
    vertex 10.79615784 -18.01230049 0
  endloop
endfacet
facet normal 0 -0 -1
  outer loop
    vertex 1.489248276 -2.008018732 0
    vertex 12.50968552 -16.86735725 0
    vertex 11.66697502 -17.46086121 0
  endloop
endfacet
facet normal 0 -0 -1
  outer loop
    vertex 1.585983157 -1.932526112 0
    vertex 13.32225895 -16.23321915 0
    vertex 12.50968552 -16.86735725 0
  endloop
endfacet
facet normal 0 -0 -1
  outer loop
    vertex 1.678897381 -1.852377772 0
    vertex 14.10273838 -15.55997372 0
    vertex 13.32225895 -16.23321915 0
  endloop
endfacet
facet normal 0 -0 -1
  outer loop
    vertex 1.767766953 -1.767766953 0
    vertex 14.84924221 -14.84924221 0
    vertex 14.10273838 -15.55997372 0
  endloop
endfacet
facet normal 0 -0 1
  outer loop
    vertex -3.857637493e-15 -21 4
    vertex 1.030421138 -20.97470474 4
    vertex -4.592425763e-16 -2.5 4
  endloop
endfacet
facet normal 0 -0 1
  outer loop
    vertex 1.030421138 -20.97470474 4
    vertex 2.058359861 -20.89888 4
    vertex 0.1226691827 -2.496988535 4
  endloop
endfacet
facet normal 0 -0 1
  outer loop
    vertex 2.058359861 -20.89888 4
    vertex 3.081340075 -20.77270699 4
    vertex 0.2450428456 -2.487961769 4
  endloop
endfacet
facet normal 0 -0 1
  outer loop
    vertex 3.081340075 -20.77270699 4
    vertex 4.096896648 -20.59649086 4
    vertex 0.3668261766 -2.47294116 4
  endloop
endfacet
facet normal 0 -0 1
  outer loop
    vertex 4.096896648 -20.59649086 4
    vertex 5.102583885 -20.37065697 4
    vertex 0.6074504256 -2.425078154 4
  endloop
endfacet
facet normal 0 -0 1
  outer loop
    vertex 5.102583885 -20.37065697 4
    vertex 6.09597826 -20.09574699 4
    vertex 0.7257117033 -2.392350912 4
  endloop
endfacet
facet normal 0 -0 1
  outer loop
    vertex 6.09597826 -20.09574699 4
    vertex 7.074687004 -19.7724247 4
    vertex 0.7257117033 -2.392350912 4
  endloop
endfacet
facet normal 0 -0 1
  outer loop
    vertex 7.074687004 -19.7724247 4
    vertex 8.036352158 -19.40147018 4
    vertex 0.8422246575 -2.35386014 4
  endloop
endfacet
facet normal 0 -0 1
  outer loop
    vertex 8.036352158 -19.40147018 4
    vertex 8.978656769 -18.98377609 4
    vertex 0.9567086101 -2.30969882 4
  endloop
endfacet
facet normal 0 -0 1
  outer loop
    vertex 8.978656769 -18.98377609 4
    vertex 9.899331093 -18.52034569 4
    vertex 1.178491831 -2.204803228 4
  endloop
endfacet
facet normal 0 -0 1
  outer loop
    vertex 9.899331093 -18.52034569 4
    vertex 10.79615784 -18.01230049 4
    vertex 1.178491831 -2.204803228 4
  endloop
endfacet
facet normal -0 0 1
  outer loop
    vertex 1.388925552 -2.078674078 4
    vertex 10.79615784 -18.01230049 4
    vertex 11.66697502 -17.46086121 4
  endloop
endfacet
facet normal -0 0 1
  outer loop
    vertex 1.388925552 -2.078674078 4
    vertex 11.66697502 -17.46086121 4
    vertex 12.50968552 -16.86735725 4
  endloop
endfacet
facet normal -0 0 1
  outer loop
    vertex 1.585983157 -1.932526112 4
    vertex 12.50968552 -16.86735725 4
    vertex 13.32225895 -16.23321915 4
  endloop
endfacet
facet normal -0 0 1
  outer loop
    vertex 1.585983157 -1.932526112 4
    vertex 13.32225895 -16.23321915 4
    vertex 14.10273838 -15.55997372 4
  endloop
endfacet
facet normal -0 0 1
  outer loop
    vertex 1.767766953 -1.767766953 4
    vertex 14.10273838 -15.55997372 4
    vertex 14.84924221 -14.84924221 4
  endloop
endfacet
facet normal 0 0 -1
  outer loop
    vertex 1.030421138 -20.97470474 0
    vertex -4.592425234e-16 -2.5 0
    vertex 0.1226691827 -2.496988535 0
  endloop
endfacet
facet normal 0 0 -1
  outer loop
    vertex 1.030421138 -20.97470474 0
    vertex 0.1226691827 -2.496988535 0
    vertex 0.2450428456 -2.487961769 0
  endloop
endfacet
facet normal 0 0 -1
  outer loop
    vertex 3.081340075 -20.77270699 0
    vertex 0.2450428456 -2.487961769 0
    vertex 0.3668261766 -2.47294116 0
  endloop
endfacet
facet normal 0 0 -1
  outer loop
    vertex 3.081340075 -20.77270699 0
    vertex 0.3668261766 -2.47294116 0
    vertex 0.4877257943 -2.451963186 0
  endloop
endfacet
facet normal 0 0 -1
  outer loop
    vertex 4.096896648 -20.59649086 0
    vertex 0.4877257943 -2.451963186 0
    vertex 0.6074504256 -2.425078154 0
  endloop
endfacet
facet normal 0 0 -1
  outer loop
    vertex 5.102583885 -20.37065697 0
    vertex 0.6074504256 -2.425078154 0
    vertex 0.7257117033 -2.392350912 0
  endloop
endfacet
facet normal 0 0 -1
  outer loop
    vertex 6.09597826 -20.09574699 0
    vertex 0.7257117033 -2.392350912 0
    vertex 0.8422246575 -2.35386014 0
  endloop
endfacet
facet normal 0 0 -1
  outer loop
    vertex 7.074687004 -19.7724247 0
    vertex 0.8422246575 -2.35386014 0
    vertex 0.9567086101 -2.30969882 0
  endloop
endfacet
facet normal 0 0 -1
  outer loop
    vertex 8.036352158 -19.40147018 0
    vertex 0.9567086101 -2.30969882 0
    vertex 1.068887711 -2.259973288 0
  endloop
endfacet
facet normal 0 0 -1
  outer loop
    vertex 8.978656769 -18.98377609 0
    vertex 1.068887711 -2.259973288 0
    vertex 1.178491831 -2.204803228 0
  endloop
endfacet
facet normal 0 0 -1
  outer loop
    vertex 9.899331093 -18.52034569 0
    vertex 1.178491831 -2.204803228 0
    vertex 1.285256863 -2.144321442 0
  endloop
endfacet
facet normal 0 0 -1
  outer loop
    vertex 1.285256863 -2.144321442 0
    vertex 1.388925552 -2.078674078 0
    vertex 10.79615784 -18.01230049 0
  endloop
endfacet
facet normal 0 0 -1
  outer loop
    vertex 1.388925552 -2.078674078 0
    vertex 1.489248276 -2.008018732 0
    vertex 11.66697502 -17.46086121 0
  endloop
endfacet
facet normal 0 0 -1
  outer loop
    vertex 1.489248276 -2.008018732 0
    vertex 1.585983157 -1.932526112 0
    vertex 12.50968552 -16.86735725 0
  endloop
endfacet
facet normal -0.0245420891 0.9996987976 -3.248118447e-25
  outer loop
    vertex -4.592425234e-16 -2.5 0
    vertex -4.592425763e-16 -2.5 4
    vertex 0.1226691827 -2.496988535 0
  endloop
endfacet
facet normal -0.07356409468 0.9972904913 0
  outer loop
    vertex 0.1226691827 -2.496988535 0
    vertex 0.1226691827 -2.496988535 4
    vertex 0.2450428456 -2.487961769 0
  endloop
endfacet
facet normal -0.1224112183 0.9924794676 0
  outer loop
    vertex 0.2450428456 -2.487961769 0
    vertex 0.2450428456 -2.487961769 4
    vertex 0.3668261766 -2.47294116 0
  endloop
endfacet
facet normal -0.1709610996 0.9852777793 0
  outer loop
    vertex 0.3668261766 -2.47294116 0
    vertex 0.3668261766 -2.47294116 4
    vertex 0.4877257943 -2.451963186 0
  endloop
endfacet
facet normal -0.2191009891 0.9757021864 0
  outer loop
    vertex 0.4877257943 -2.451963186 0
    vertex 0.4877257943 -2.451963186 4
    vertex 0.6074504256 -2.425078154 0
  endloop
endfacet
facet normal -0.2667122909 0.9637761949 0
  outer loop
    vertex 0.6074504256 -2.425078154 0
    vertex 0.6074504256 -2.425078154 4
    vertex 0.7257117033 -2.392350912 0
  endloop
endfacet
facet normal -0.3136824111 0.949527959 0
  outer loop
    vertex 0.7257117033 -2.392350912 0
    vertex 0.7257117033 -2.392350912 4
    vertex 0.8422246575 -2.35386014 0
  endloop
endfacet
facet normal -0.3598949379 0.9329928369 0
  outer loop
    vertex 0.8422246575 -2.35386014 0
    vertex 0.8422246575 -2.35386014 4
    vertex 0.9567086101 -2.30969882 0
  endloop
endfacet
facet normal -0.4052410223 0.914209885 0
  outer loop
    vertex 0.9567086101 -2.30969882 0
    vertex 0.9567086101 -2.30969882 4
    vertex 1.068887711 -2.259973288 0
  endloop
endfacet
facet normal -0.4496112084 0.8932243623 0
  outer loop
    vertex 1.068887711 -2.259973288 0
    vertex 1.068887711 -2.259973288 4
    vertex 1.178491831 -2.204803228 0
  endloop
endfacet
facet normal -0.4928990761 0.8700864904 0
  outer loop
    vertex 1.178491831 -2.204803228 0
    vertex 1.178491831 -2.204803228 4
    vertex 1.285256863 -2.144321442 0
  endloop
endfacet
facet normal -0.5349969794 0.8448539708 0
  outer loop
    vertex 1.285256863 -2.144321442 0
    vertex 1.285256863 -2.144321442 4
    vertex 1.388925552 -2.078674078 0
  endloop
endfacet
facet normal -0.5758088036 0.817584382 0
  outer loop
    vertex 1.388925552 -2.078674078 0
    vertex 1.388925552 -2.078674078 4
    vertex 1.489248276 -2.008018732 0
  endloop
endfacet
facet normal -0.6152314795 0.7883465143 0
  outer loop
    vertex 1.489248276 -2.008018732 0
    vertex 1.489248276 -2.008018732 4
    vertex 1.585983157 -1.932526112 0
  endloop
endfacet
facet normal -0.6531727436 0.7572089322 0
  outer loop
    vertex 1.585983157 -1.932526112 0
    vertex 1.585983157 -1.932526112 4
    vertex 1.678897381 -1.852377772 0
  endloop
endfacet
facet normal -0.6895403474 0.7242472708 0
  outer loop
    vertex 1.678897381 -1.852377772 0
    vertex 1.678897381 -1.852377772 4
    vertex 1.767766953 -1.767766953 0
  endloop
endfacet
facet normal -0.7242472708 0.6895403474 0
  outer loop
    vertex 1.767766953 -1.767766953 0
    vertex 1.767766953 -1.767766953 4
    vertex 1.852377772 -1.678897381 0
  endloop
endfacet
facet normal -0.7572089322 0.6531727436 0
  outer loop
    vertex 1.852377772 -1.678897381 0
    vertex 1.852377772 -1.678897381 4
    vertex 1.932526112 -1.585983157 0
  endloop
endfacet
facet normal -0.7883465143 0.6152314795 0
  outer loop
    vertex 1.932526112 -1.585983157 0
    vertex 1.932526112 -1.585983157 4
    vertex 2.008018732 -1.489248276 0
  endloop
endfacet
facet normal -0.817584382 0.5758088036 0
  outer loop
    vertex 2.008018732 -1.489248276 0
    vertex 2.008018732 -1.489248276 4
    vertex 2.078674078 -1.388925552 0
  endloop
endfacet
facet normal -0.8448539708 0.5349969794 0
  outer loop
    vertex 2.078674078 -1.388925552 0
    vertex 2.078674078 -1.388925552 4
    vertex 2.144321442 -1.285256863 0
  endloop
endfacet
facet normal -0.8700864904 0.4928990761 0
  outer loop
    vertex 2.144321442 -1.285256863 0
    vertex 2.144321442 -1.285256863 4
    vertex 2.204803228 -1.178491831 0
  endloop
endfacet
facet normal -0.8932243623 0.4496112084 0
  outer loop
    vertex 2.204803228 -1.178491831 0
    vertex 2.204803228 -1.178491831 4
    vertex 2.259973288 -1.068887711 0
  endloop
endfacet
facet normal -0.914209885 0.4052410223 0
  outer loop
    vertex 2.259973288 -1.068887711 0
    vertex 2.259973288 -1.068887711 4
    vertex 2.30969882 -0.9567086101 0
  endloop
endfacet
facet normal -0.9329928369 0.3598949379 0
  outer loop
    vertex 2.30969882 -0.9567086101 0
    vertex 2.30969882 -0.9567086101 4
    vertex 2.35386014 -0.8422246575 0
  endloop
endfacet
facet normal -0.949527959 0.3136824111 0
  outer loop
    vertex 2.35386014 -0.8422246575 0
    vertex 2.35386014 -0.8422246575 4
    vertex 2.392350912 -0.7257117033 0
  endloop
endfacet
facet normal -0.9637761949 0.2667122909 0
  outer loop
    vertex 2.392350912 -0.7257117033 0
    vertex 2.392350912 -0.7257117033 4
    vertex 2.425078154 -0.6074504256 0
  endloop
endfacet
facet normal -0.9757021864 0.2191009891 0
  outer loop
    vertex 2.425078154 -0.6074504256 0
    vertex 2.425078154 -0.6074504256 4
    vertex 2.451963186 -0.4877257943 0
  endloop
endfacet
facet normal -0.9852777793 0.1709610996 0
  outer loop
    vertex 2.451963186 -0.4877257943 0
    vertex 2.451963186 -0.4877257943 4
    vertex 2.47294116 -0.3668261766 0
  endloop
endfacet
facet normal -0.9924794676 0.1224112183 0
  outer loop
    vertex 2.47294116 -0.3668261766 0
    vertex 2.47294116 -0.3668261766 4
    vertex 2.487961769 -0.2450428456 0
  endloop
endfacet
facet normal -0.9972904913 0.07356409468 0
  outer loop
    vertex 2.487961769 -0.2450428456 0
    vertex 2.487961769 -0.2450428456 4
    vertex 2.496988535 -0.1226691827 0
  endloop
endfacet
facet normal -0.9996987976 0.0245420891 0
  outer loop
    vertex 2.496988535 -0.1226691827 0
    vertex 2.496988535 -0.1226691827 4
    vertex 2.5 0 0
  endloop
endfacet
facet normal -0.0245420891 0.9996987976 0
  outer loop
    vertex 0.1226691827 -2.496988535 0
    vertex -4.592425763e-16 -2.5 4
    vertex 0.1226691827 -2.496988535 4
  endloop
endfacet
facet normal -0.07356409468 0.9972904913 0
  outer loop
    vertex 0.2450428456 -2.487961769 0
    vertex 0.1226691827 -2.496988535 4
    vertex 0.2450428456 -2.487961769 4
  endloop
endfacet
facet normal -0.1224112183 0.9924794676 0
  outer loop
    vertex 0.3668261766 -2.47294116 0
    vertex 0.2450428456 -2.487961769 4
    vertex 0.3668261766 -2.47294116 4
  endloop
endfacet
facet normal -0.1709610996 0.9852777793 0
  outer loop
    vertex 0.4877257943 -2.451963186 0
    vertex 0.3668261766 -2.47294116 4
    vertex 0.4877257943 -2.451963186 4
  endloop
endfacet
facet normal -0.2191009891 0.9757021864 0
  outer loop
    vertex 0.6074504256 -2.425078154 0
    vertex 0.4877257943 -2.451963186 4
    vertex 0.6074504256 -2.425078154 4
  endloop
endfacet
facet normal -0.2667122909 0.9637761949 0
  outer loop
    vertex 0.7257117033 -2.392350912 0
    vertex 0.6074504256 -2.425078154 4
    vertex 0.7257117033 -2.392350912 4
  endloop
endfacet
facet normal -0.3136824111 0.949527959 0
  outer loop
    vertex 0.8422246575 -2.35386014 0
    vertex 0.7257117033 -2.392350912 4
    vertex 0.8422246575 -2.35386014 4
  endloop
endfacet
facet normal -0.3598949379 0.9329928369 0
  outer loop
    vertex 0.9567086101 -2.30969882 0
    vertex 0.8422246575 -2.35386014 4
    vertex 0.9567086101 -2.30969882 4
  endloop
endfacet
facet normal -0.4052410223 0.914209885 0
  outer loop
    vertex 1.068887711 -2.259973288 0
    vertex 0.9567086101 -2.30969882 4
    vertex 1.068887711 -2.259973288 4
  endloop
endfacet
facet normal -0.4496112084 0.8932243623 0
  outer loop
    vertex 1.178491831 -2.204803228 0
    vertex 1.068887711 -2.259973288 4
    vertex 1.178491831 -2.204803228 4
  endloop
endfacet
facet normal -0.4928990761 0.8700864904 0
  outer loop
    vertex 1.285256863 -2.144321442 0
    vertex 1.178491831 -2.204803228 4
    vertex 1.285256863 -2.144321442 4
  endloop
endfacet
facet normal -0.5349969794 0.8448539708 0
  outer loop
    vertex 1.388925552 -2.078674078 0
    vertex 1.285256863 -2.144321442 4
    vertex 1.388925552 -2.078674078 4
  endloop
endfacet
facet normal -0.5758088036 0.817584382 0
  outer loop
    vertex 1.489248276 -2.008018732 0
    vertex 1.388925552 -2.078674078 4
    vertex 1.489248276 -2.008018732 4
  endloop
endfacet
facet normal -0.6152314795 0.7883465143 0
  outer loop
    vertex 1.585983157 -1.932526112 0
    vertex 1.489248276 -2.008018732 4
    vertex 1.585983157 -1.932526112 4
  endloop
endfacet
facet normal -0.6531727436 0.7572089322 0
  outer loop
    vertex 1.678897381 -1.852377772 0
    vertex 1.585983157 -1.932526112 4
    vertex 1.678897381 -1.852377772 4
  endloop
endfacet
facet normal -0.6895403474 0.7242472708 0
  outer loop
    vertex 1.767766953 -1.767766953 0
    vertex 1.678897381 -1.852377772 4
    vertex 1.767766953 -1.767766953 4
  endloop
endfacet
facet normal -0.7242472708 0.6895403474 0
  outer loop
    vertex 1.852377772 -1.678897381 0
    vertex 1.767766953 -1.767766953 4
    vertex 1.852377772 -1.678897381 4
  endloop
endfacet
facet normal -0.7572089322 0.6531727436 0
  outer loop
    vertex 1.932526112 -1.585983157 0
    vertex 1.852377772 -1.678897381 4
    vertex 1.932526112 -1.585983157 4
  endloop
endfacet
facet normal -0.7883465143 0.6152314795 0
  outer loop
    vertex 2.008018732 -1.489248276 0
    vertex 1.932526112 -1.585983157 4
    vertex 2.008018732 -1.489248276 4
  endloop
endfacet
facet normal -0.817584382 0.5758088036 0
  outer loop
    vertex 2.078674078 -1.388925552 0
    vertex 2.008018732 -1.489248276 4
    vertex 2.078674078 -1.388925552 4
  endloop
endfacet
facet normal -0.8448539708 0.5349969794 0
  outer loop
    vertex 2.144321442 -1.285256863 0
    vertex 2.078674078 -1.388925552 4
    vertex 2.144321442 -1.285256863 4
  endloop
endfacet
facet normal -0.8700864904 0.4928990761 0
  outer loop
    vertex 2.204803228 -1.178491831 0
    vertex 2.144321442 -1.285256863 4
    vertex 2.204803228 -1.178491831 4
  endloop
endfacet
facet normal -0.8932243623 0.4496112084 0
  outer loop
    vertex 2.259973288 -1.068887711 0
    vertex 2.204803228 -1.178491831 4
    vertex 2.259973288 -1.068887711 4
  endloop
endfacet
facet normal -0.914209885 0.4052410223 0
  outer loop
    vertex 2.30969882 -0.9567086101 0
    vertex 2.259973288 -1.068887711 4
    vertex 2.30969882 -0.9567086101 4
  endloop
endfacet
facet normal -0.9329928369 0.3598949379 0
  outer loop
    vertex 2.35386014 -0.8422246575 0
    vertex 2.30969882 -0.9567086101 4
    vertex 2.35386014 -0.8422246575 4
  endloop
endfacet
facet normal -0.949527959 0.3136824111 0
  outer loop
    vertex 2.392350912 -0.7257117033 0
    vertex 2.35386014 -0.8422246575 4
    vertex 2.392350912 -0.7257117033 4
  endloop
endfacet
facet normal -0.9637761949 0.2667122909 0
  outer loop
    vertex 2.425078154 -0.6074504256 0
    vertex 2.392350912 -0.7257117033 4
    vertex 2.425078154 -0.6074504256 4
  endloop
endfacet
facet normal -0.9757021864 0.2191009891 0
  outer loop
    vertex 2.451963186 -0.4877257943 0
    vertex 2.425078154 -0.6074504256 4
    vertex 2.451963186 -0.4877257943 4
  endloop
endfacet
facet normal -0.9852777793 0.1709610996 0
  outer loop
    vertex 2.47294116 -0.3668261766 0
    vertex 2.451963186 -0.4877257943 4
    vertex 2.47294116 -0.3668261766 4
  endloop
endfacet
facet normal -0.9924794676 0.1224112183 0
  outer loop
    vertex 2.487961769 -0.2450428456 0
    vertex 2.47294116 -0.3668261766 4
    vertex 2.487961769 -0.2450428456 4
  endloop
endfacet
facet normal -0.9972904913 0.07356409468 0
  outer loop
    vertex 2.496988535 -0.1226691827 0
    vertex 2.487961769 -0.2450428456 4
    vertex 2.496988535 -0.1226691827 4
  endloop
endfacet
facet normal -0.9996987976 0.0245420891 0
  outer loop
    vertex 2.496988535 -0.1226691827 4
    vertex 2.5 0 4
    vertex 2.5 0 0
  endloop
endfacet
facet normal 0 0 -1
  outer loop
    vertex 1.585983157 -1.932526112 0
    vertex 1.678897381 -1.852377772 0
    vertex 13.32225895 -16.23321915 0
  endloop
endfacet
facet normal 0 0 -1
  outer loop
    vertex 1.678897381 -1.852377772 0
    vertex 1.767766953 -1.767766953 0
    vertex 14.10273838 -15.55997372 0
  endloop
endfacet
facet normal 0 0 -1
  outer loop
    vertex 1.767766953 -1.767766953 0
    vertex 1.852377772 -1.678897381 0
    vertex 15.55997372 -14.10273838 0
  endloop
endfacet
facet normal 0 0 -1
  outer loop
    vertex 1.852377772 -1.678897381 0
    vertex 1.932526112 -1.585983157 0
    vertex 15.55997372 -14.10273838 0
  endloop
endfacet
facet normal 0 0 -1
  outer loop
    vertex 1.932526112 -1.585983157 0
    vertex 2.008018732 -1.489248276 0
    vertex 16.86735725 -12.50968552 0
  endloop
endfacet
facet normal 0 0 -1
  outer loop
    vertex 2.008018732 -1.489248276 0
    vertex 2.078674078 -1.388925552 0
    vertex 16.86735725 -12.50968552 0
  endloop
endfacet
facet normal 0 0 -1
  outer loop
    vertex 2.078674078 -1.388925552 0
    vertex 2.144321442 -1.285256863 0
    vertex 18.01230049 -10.79615784 0
  endloop
endfacet
facet normal 0 0 -1
  outer loop
    vertex 2.144321442 -1.285256863 0
    vertex 2.204803228 -1.178491831 0
    vertex 18.01230049 -10.79615784 0
  endloop
endfacet
facet normal 0 0 -1
  outer loop
    vertex 2.204803228 -1.178491831 0
    vertex 2.259973288 -1.068887711 0
    vertex 18.98377609 -8.978656769 0
  endloop
endfacet
facet normal 0 0 -1
  outer loop
    vertex 2.259973288 -1.068887711 0
    vertex 2.30969882 -0.9567086101 0
    vertex 18.98377609 -8.978656769 0
  endloop
endfacet
facet normal 0 0 -1
  outer loop
    vertex 2.487961769 -0.2450428456 0
    vertex 2.496988535 -0.1226691827 0
    vertex 13.51809788 -1.343117952 0
  endloop
endfacet
facet normal 0 0 -1
  outer loop
    vertex 2.496988535 -0.1226691827 0
    vertex 2.5 0 0
    vertex 13.11691189 -0.673779726 0
  endloop
endfacet
facet normal 0 0 -1
  outer loop
    vertex 2.30969882 -0.9567086101 0
    vertex 2.35386014 -0.8422246575 0
    vertex 19.40147018 -8.036352158 0
  endloop
endfacet
facet normal 0 0 -1
  outer loop
    vertex 2.35386014 -0.8422246575 0
    vertex 2.392350912 -0.7257117033 0
    vertex 19.7724247 -7.074687004 0
  endloop
endfacet
facet normal 0 0 -1
  outer loop
    vertex 2.392350912 -0.7257117033 0
    vertex 2.425078154 -0.6074504256 0
    vertex 20.37065697 -5.102583885 0
  endloop
endfacet
facet normal 0 0 -1
  outer loop
    vertex 2.425078154 -0.6074504256 0
    vertex 2.451963186 -0.4877257943 0
    vertex 20.59649086 -4.096896648 0
  endloop
endfacet
facet normal 0 0 -1
  outer loop
    vertex 2.451963186 -0.4877257943 0
    vertex 2.47294116 -0.3668261766 0
    vertex 20.59649086 -4.096896648 0
  endloop
endfacet
facet normal 0 0 -1
  outer loop
    vertex 2.47294116 -0.3668261766 0
    vertex 2.487961769 -0.2450428456 0
    vertex 20.77270699 -3.081340075 0
  endloop
endfacet
facet normal 0 0 -1
  outer loop
    vertex 2.487961769 -0.2450428456 0
    vertex 14.23463345 -1.847759008 0
    vertex 14.32622051 -1.883088112 0
  endloop
endfacet
facet normal 0 0 -1
  outer loop
    vertex 2.487961769 -0.2450428456 0
    vertex 14.32622051 -1.883088112 0
    vertex 14.41943073 -1.913880706 0
  endloop
endfacet
facet normal 0 0 -1
  outer loop
    vertex 2.487961769 -0.2450428456 0
    vertex 14.41943073 -1.913880706 0
    vertex 14.51403999 -1.940062523 0
  endloop
endfacet
facet normal 0 0 -1
  outer loop
    vertex 2.496988535 -0.1226691827 0
    vertex 13.23615742 -0.9427934885 0
    vertex 13.28454304 -1.028205514 0
  endloop
endfacet
facet normal 0 0 -1
  outer loop
    vertex 2.496988535 -0.1226691827 0
    vertex 13.45397949 -1.26878655 0
    vertex 13.51809788 -1.343117952 0
  endloop
endfacet
facet normal 0 0 -1
  outer loop
    vertex 2.496988535 -0.1226691827 0
    vertex 13.39358521 -1.191398621 0
    vertex 13.45397949 -1.26878655 0
  endloop
endfacet
facet normal 0 0 -1
  outer loop
    vertex 2.496988535 -0.1226691827 0
    vertex 13.28454304 -1.028205514 0
    vertex 13.33706093 -1.11114049 0
  endloop
endfacet
facet normal 0 0 -1
  outer loop
    vertex 2.496988535 -0.1226691827 0
    vertex 13.33706093 -1.11114049 0
    vertex 13.39358521 -1.191398621 0
  endloop
endfacet
facet normal 0 0 -1
  outer loop
    vertex 13.02164745 -0.2934609354 0
    vertex 2.5 0 0
    vertex 13.0096302 -0.1960342824 0
  endloop
endfacet
facet normal 0 0 -1
  outer loop
    vertex 13.0096302 -0.1960342824 0
    vertex 2.5 0 0
    vertex 13.00240898 -0.09813535213 0
  endloop
endfacet
facet normal 0 0 -1
  outer loop
    vertex 13.00240898 -0.09813535213 0
    vertex 2.5 0 0
    vertex 13 0 0
  endloop
endfacet
facet normal 0 0 -1
  outer loop
    vertex 2.496988535 -0.1226691827 0
    vertex 13.11691189 -0.673779726 0
    vertex 13.15224075 -0.7653668523 0
  endloop
endfacet
facet normal 0 0 -1
  outer loop
    vertex 2.496988535 -0.1226691827 0
    vertex 13.15224075 -0.7653668523 0
    vertex 13.19202137 -0.8551101685 0
  endloop
endfacet
facet normal 0 0 -1
  outer loop
    vertex 2.496988535 -0.1226691827 0
    vertex 13.19202137 -0.8551101685 0
    vertex 13.23615742 -0.9427934885 0
  endloop
endfacet
facet normal 0 0 -1
  outer loop
    vertex 13.11691189 -0.673779726 0
    vertex 2.5 0 0
    vertex 13.08611965 -0.5805693269 0
  endloop
endfacet
facet normal 0 0 -1
  outer loop
    vertex 13.08611965 -0.5805693269 0
    vertex 2.5 0 0
    vertex 13.05993748 -0.4859603643 0
  endloop
endfacet
facet normal -0 -0 -1
  outer loop
    vertex 13.03842926 -0.3901806474 0
    vertex 13.05993748 -0.4859603643 0
    vertex 2.5 0 0
  endloop
endfacet
facet normal 0 0 -1
  outer loop
    vertex 13.03842926 -0.3901806474 0
    vertex 2.5 0 0
    vertex 13.02164745 -0.2934609354 0
  endloop
endfacet
facet normal 0 0 -1
  outer loop
    vertex 2.487961769 -0.2450428456 0
    vertex 13.51809788 -1.343117952 0
    vertex 13.58578682 -1.414213538 0
  endloop
endfacet
facet normal 0 0 -1
  outer loop
    vertex 2.487961769 -0.2450428456 0
    vertex 13.58578682 -1.414213538 0
    vertex 13.65688229 -1.481902242 0
  endloop
endfacet
facet normal 0 0 -1
  outer loop
    vertex 2.487961769 -0.2450428456 0
    vertex 13.65688229 -1.481902242 0
    vertex 13.73121357 -1.546020865 0
  endloop
endfacet
facet normal 0 0 -1
  outer loop
    vertex 2.487961769 -0.2450428456 0
    vertex 13.80860138 -1.606415033 0
    vertex 13.88885975 -1.662939191 0
  endloop
endfacet
facet normal 0 0 -1
  outer loop
    vertex 2.487961769 -0.2450428456 0
    vertex 13.88885975 -1.662939191 0
    vertex 13.97179413 -1.715457201 0
  endloop
endfacet
facet normal 0 0 -1
  outer loop
    vertex 2.487961769 -0.2450428456 0
    vertex 13.73121357 -1.546020865 0
    vertex 13.80860138 -1.606415033 0
  endloop
endfacet
facet normal 0 0 -1
  outer loop
    vertex 2.487961769 -0.2450428456 0
    vertex 13.97179413 -1.715457201 0
    vertex 14.05720615 -1.763842583 0
  endloop
endfacet
facet normal 0 0 -1
  outer loop
    vertex 2.487961769 -0.2450428456 0
    vertex 14.05720615 -1.763842583 0
    vertex 14.14488983 -1.80797863 0
  endloop
endfacet
facet normal 0 0 -1
  outer loop
    vertex 2.487961769 -0.2450428456 0
    vertex 14.14488983 -1.80797863 0
    vertex 14.23463345 -1.847759008 0
  endloop
endfacet
facet normal 0 0 1
  outer loop
    vertex 1.030421138 -20.97470474 4
    vertex 0.1226691827 -2.496988535 4
    vertex -4.592425763e-16 -2.5 4
  endloop
endfacet
facet normal 0 0 1
  outer loop
    vertex 2.058359861 -20.89888 4
    vertex 0.2450428456 -2.487961769 4
    vertex 0.1226691827 -2.496988535 4
  endloop
endfacet
facet normal 0 0 1
  outer loop
    vertex 3.081340075 -20.77270699 4
    vertex 0.3668261766 -2.47294116 4
    vertex 0.2450428456 -2.487961769 4
  endloop
endfacet
facet normal 0 0 1
  outer loop
    vertex 4.096896648 -20.59649086 4
    vertex 0.4877257943 -2.451963186 4
    vertex 0.3668261766 -2.47294116 4
  endloop
endfacet
facet normal 0 0 1
  outer loop
    vertex 4.096896648 -20.59649086 4
    vertex 0.6074504256 -2.425078154 4
    vertex 0.4877257943 -2.451963186 4
  endloop
endfacet
facet normal 0 0 1
  outer loop
    vertex 5.102583885 -20.37065697 4
    vertex 0.7257117033 -2.392350912 4
    vertex 0.6074504256 -2.425078154 4
  endloop
endfacet
facet normal 0 0 1
  outer loop
    vertex 7.074687004 -19.7724247 4
    vertex 0.8422246575 -2.35386014 4
    vertex 0.7257117033 -2.392350912 4
  endloop
endfacet
facet normal 0 0 1
  outer loop
    vertex 8.036352158 -19.40147018 4
    vertex 0.9567086101 -2.30969882 4
    vertex 0.8422246575 -2.35386014 4
  endloop
endfacet
facet normal 0 0 1
  outer loop
    vertex 8.978656769 -18.98377609 4
    vertex 1.068887711 -2.259973288 4
    vertex 0.9567086101 -2.30969882 4
  endloop
endfacet
facet normal 0 0 1
  outer loop
    vertex 8.978656769 -18.98377609 4
    vertex 1.178491831 -2.204803228 4
    vertex 1.068887711 -2.259973288 4
  endloop
endfacet
facet normal -0 -0 1
  outer loop
    vertex 1.178491831 -2.204803228 4
    vertex 10.79615784 -18.01230049 4
    vertex 1.285256863 -2.144321442 4
  endloop
endfacet
facet normal -0 -0 1
  outer loop
    vertex 1.285256863 -2.144321442 4
    vertex 10.79615784 -18.01230049 4
    vertex 1.388925552 -2.078674078 4
  endloop
endfacet
facet normal -0 -0 1
  outer loop
    vertex 1.388925552 -2.078674078 4
    vertex 12.50968552 -16.86735725 4
    vertex 1.489248276 -2.008018732 4
  endloop
endfacet
facet normal -0 -0 1
  outer loop
    vertex 1.489248276 -2.008018732 4
    vertex 12.50968552 -16.86735725 4
    vertex 1.585983157 -1.932526112 4
  endloop
endfacet
facet normal -0 -0 1
  outer loop
    vertex 1.585983157 -1.932526112 4
    vertex 14.10273838 -15.55997372 4
    vertex 1.678897381 -1.852377772 4
  endloop
endfacet
facet normal -0 -0 1
  outer loop
    vertex 1.678897381 -1.852377772 4
    vertex 14.10273838 -15.55997372 4
    vertex 1.767766953 -1.767766953 4
  endloop
endfacet
facet normal -0 -0 1
  outer loop
    vertex 1.767766953 -1.767766953 4
    vertex 15.55997372 -14.10273838 4
    vertex 1.852377772 -1.678897381 4
  endloop
endfacet
facet normal -0 -0 1
  outer loop
    vertex 1.852377772 -1.678897381 4
    vertex 16.23321915 -13.32225895 4
    vertex 1.932526112 -1.585983157 4
  endloop
endfacet
facet normal -0 -0 1
  outer loop
    vertex 1.932526112 -1.585983157 4
    vertex 16.86735725 -12.50968552 4
    vertex 2.008018732 -1.489248276 4
  endloop
endfacet
facet normal -0 -0 1
  outer loop
    vertex 2.008018732 -1.489248276 4
    vertex 17.46086121 -11.66697502 4
    vertex 2.078674078 -1.388925552 4
  endloop
endfacet
facet normal -0 -0 1
  outer loop
    vertex 2.078674078 -1.388925552 4
    vertex 18.01230049 -10.79615784 4
    vertex 2.144321442 -1.285256863 4
  endloop
endfacet
facet normal -0 -0 1
  outer loop
    vertex 2.144321442 -1.285256863 4
    vertex 18.52034569 -9.899331093 4
    vertex 2.204803228 -1.178491831 4
  endloop
endfacet
facet normal -0 -0 1
  outer loop
    vertex 2.204803228 -1.178491831 4
    vertex 18.98377609 -8.978656769 4
    vertex 2.259973288 -1.068887711 4
  endloop
endfacet
facet normal -0 -0 1
  outer loop
    vertex 2.487961769 -0.2450428456 4
    vertex 13.08611965 -0.5805693269 4
    vertex 2.496988535 -0.1226691827 4
  endloop
endfacet
facet normal -0 -0 1
  outer loop
    vertex 2.496988535 -0.1226691827 4
    vertex 13.08611965 -0.5805693269 4
    vertex 2.5 0 4
  endloop
endfacet
facet normal -0 -0 1
  outer loop
    vertex 2.259973288 -1.068887711 4
    vertex 19.40147018 -8.036352158 4
    vertex 2.30969882 -0.9567086101 4
  endloop
endfacet
facet normal -0 -0 1
  outer loop
    vertex 2.30969882 -0.9567086101 4
    vertex 19.7724247 -7.074687004 4
    vertex 2.35386014 -0.8422246575 4
  endloop
endfacet
facet normal -0 -0 1
  outer loop
    vertex 2.35386014 -0.8422246575 4
    vertex 20.09574699 -6.09597826 4
    vertex 2.392350912 -0.7257117033 4
  endloop
endfacet
facet normal -0 -0 1
  outer loop
    vertex 2.392350912 -0.7257117033 4
    vertex 20.37065697 -5.102583885 4
    vertex 2.425078154 -0.6074504256 4
  endloop
endfacet
facet normal -0 -0 1
  outer loop
    vertex 2.425078154 -0.6074504256 4
    vertex 20.59649086 -4.096896648 4
    vertex 2.451963186 -0.4877257943 4
  endloop
endfacet
facet normal -0 -0 1
  outer loop
    vertex 2.451963186 -0.4877257943 4
    vertex 20.77270699 -3.081340075 4
    vertex 2.47294116 -0.3668261766 4
  endloop
endfacet
facet normal -0 -0 1
  outer loop
    vertex 2.47294116 -0.3668261766 4
    vertex 20.77270699 -3.081340075 4
    vertex 2.487961769 -0.2450428456 4
  endloop
endfacet
facet normal -0 -0 1
  outer loop
    vertex 2.487961769 -0.2450428456 4
    vertex 14.32622051 -1.883088112 4
    vertex 14.23463345 -1.847759008 4
  endloop
endfacet
facet normal -0 -0 1
  outer loop
    vertex 2.487961769 -0.2450428456 4
    vertex 14.41943073 -1.913880706 4
    vertex 14.32622051 -1.883088112 4
  endloop
endfacet
facet normal -0 -0 1
  outer loop
    vertex 2.487961769 -0.2450428456 4
    vertex 14.51403999 -1.940062523 4
    vertex 14.41943073 -1.913880706 4
  endloop
endfacet
facet normal -0 -0 1
  outer loop
    vertex 2.487961769 -0.2450428456 4
    vertex 13.28454304 -1.028205514 4
    vertex 13.23615742 -0.9427934885 4
  endloop
endfacet
facet normal -0 -0 1
  outer loop
    vertex 2.487961769 -0.2450428456 4
    vertex 13.23615742 -0.9427934885 4
    vertex 13.19202137 -0.8551101685 4
  endloop
endfacet
facet normal -0 -0 1
  outer loop
    vertex 2.487961769 -0.2450428456 4
    vertex 13.39358521 -1.191398621 4
    vertex 13.33706093 -1.11114049 4
  endloop
endfacet
facet normal -0 -0 1
  outer loop
    vertex 2.487961769 -0.2450428456 4
    vertex 13.51809788 -1.343117952 4
    vertex 13.45397949 -1.26878655 4
  endloop
endfacet
facet normal -0 -0 1
  outer loop
    vertex 2.487961769 -0.2450428456 4
    vertex 13.45397949 -1.26878655 4
    vertex 13.39358521 -1.191398621 4
  endloop
endfacet
facet normal -0 -0 1
  outer loop
    vertex 2.487961769 -0.2450428456 4
    vertex 13.33706093 -1.11114049 4
    vertex 13.28454304 -1.028205514 4
  endloop
endfacet
facet normal 0 0 1
  outer loop
    vertex 13.02164745 -0.2934609354 4
    vertex 13.0096302 -0.1960342824 4
    vertex 2.5 0 4
  endloop
endfacet
facet normal 0 0 1
  outer loop
    vertex 13.0096302 -0.1960342824 4
    vertex 13.00240898 -0.09813535213 4
    vertex 2.5 0 4
  endloop
endfacet
facet normal 0 0 1
  outer loop
    vertex 13.00240898 -0.09813535213 4
    vertex 13 2.449293705e-16 4
    vertex 2.5 0 4
  endloop
endfacet
facet normal -0 -0 1
  outer loop
    vertex 2.487961769 -0.2450428456 4
    vertex 13.15224075 -0.7653668523 4
    vertex 13.11691189 -0.673779726 4
  endloop
endfacet
facet normal -0 -0 1
  outer loop
    vertex 2.487961769 -0.2450428456 4
    vertex 13.11691189 -0.673779726 4
    vertex 13.08611965 -0.5805693269 4
  endloop
endfacet
facet normal -0 -0 1
  outer loop
    vertex 2.487961769 -0.2450428456 4
    vertex 13.19202137 -0.8551101685 4
    vertex 13.15224075 -0.7653668523 4
  endloop
endfacet
facet normal 0 0 1
  outer loop
    vertex 13.08611965 -0.5805693269 4
    vertex 13.05993748 -0.4859603643 4
    vertex 2.5 0 4
  endloop
endfacet
facet normal 0 0 1
  outer loop
    vertex 13.03842926 -0.3901806474 4
    vertex 2.5 0 4
    vertex 13.05993748 -0.4859603643 4
  endloop
endfacet
facet normal 0 0 1
  outer loop
    vertex 13.03842926 -0.3901806474 4
    vertex 13.02164745 -0.2934609354 4
    vertex 2.5 0 4
  endloop
endfacet
facet normal -0 -0 1
  outer loop
    vertex 2.487961769 -0.2450428456 4
    vertex 13.58578682 -1.414213538 4
    vertex 13.51809788 -1.343117952 4
  endloop
endfacet
facet normal -0 -0 1
  outer loop
    vertex 2.487961769 -0.2450428456 4
    vertex 13.65688229 -1.481902242 4
    vertex 13.58578682 -1.414213538 4
  endloop
endfacet
facet normal -0 -0 1
  outer loop
    vertex 2.487961769 -0.2450428456 4
    vertex 13.73121357 -1.546020865 4
    vertex 13.65688229 -1.481902242 4
  endloop
endfacet
facet normal -0 -0 1
  outer loop
    vertex 2.487961769 -0.2450428456 4
    vertex 13.88885975 -1.662939191 4
    vertex 13.80860138 -1.606415033 4
  endloop
endfacet
facet normal -0 -0 1
  outer loop
    vertex 2.487961769 -0.2450428456 4
    vertex 13.97179413 -1.715457201 4
    vertex 13.88885975 -1.662939191 4
  endloop
endfacet
facet normal -0 -0 1
  outer loop
    vertex 2.487961769 -0.2450428456 4
    vertex 13.80860138 -1.606415033 4
    vertex 13.73121357 -1.546020865 4
  endloop
endfacet
facet normal -0 -0 1
  outer loop
    vertex 2.487961769 -0.2450428456 4
    vertex 14.05720615 -1.763842583 4
    vertex 13.97179413 -1.715457201 4
  endloop
endfacet
facet normal -0 -0 1
  outer loop
    vertex 2.487961769 -0.2450428456 4
    vertex 14.14488983 -1.80797863 4
    vertex 14.05720615 -1.763842583 4
  endloop
endfacet
facet normal -0 -0 1
  outer loop
    vertex 2.487961769 -0.2450428456 4
    vertex 14.23463345 -1.847759008 4
    vertex 14.14488983 -1.80797863 4
  endloop
endfacet
facet normal 0.5349978864 -0.8448533965 0
  outer loop
    vertex 10.79615784 -18.01230049 0
    vertex 11.66697502 -17.46086121 0
    vertex 10.79615784 -18.01230049 4
  endloop
endfacet
facet normal 0.5758083593 -0.8175846949 0
  outer loop
    vertex 11.66697502 -17.46086121 0
    vertex 12.50968552 -16.86735725 0
    vertex 11.66697502 -17.46086121 4
  endloop
endfacet
facet normal 0.6152313351 -0.788346627 0
  outer loop
    vertex 12.50968552 -16.86735725 0
    vertex 13.32225895 -16.23321915 0
    vertex 12.50968552 -16.86735725 4
  endloop
endfacet
facet normal 0.6531724217 -0.7572092099 0
  outer loop
    vertex 13.32225895 -16.23321915 0
    vertex 14.10273838 -15.55997372 0
    vertex 13.32225895 -16.23321915 4
  endloop
endfacet
facet normal 0.5349978864 -0.8448533965 0
  outer loop
    vertex 11.66697502 -17.46086121 0
    vertex 11.66697502 -17.46086121 4
    vertex 10.79615784 -18.01230049 4
  endloop
endfacet
facet normal 0.5758083593 -0.8175846949 0
  outer loop
    vertex 12.50968552 -16.86735725 0
    vertex 12.50968552 -16.86735725 4
    vertex 11.66697502 -17.46086121 4
  endloop
endfacet
facet normal 0.6152313351 -0.788346627 0
  outer loop
    vertex 13.32225895 -16.23321915 0
    vertex 13.32225895 -16.23321915 4
    vertex 12.50968552 -16.86735725 4
  endloop
endfacet
facet normal 0.6531724217 -0.7572092099 0
  outer loop
    vertex 14.10273838 -15.55997372 0
    vertex 14.10273838 -15.55997372 4
    vertex 13.32225895 -16.23321915 4
  endloop
endfacet
facet normal 0.6895409401 -0.7242467065 0
  outer loop
    vertex 14.10273838 -15.55997372 0
    vertex 14.84924221 -14.84924221 0
    vertex 14.10273838 -15.55997372 4
  endloop
endfacet
facet normal 0.7242467065 -0.6895409401 0
  outer loop
    vertex 14.84924221 -14.84924221 0
    vertex 15.55997372 -14.10273838 0
    vertex 14.84924221 -14.84924221 4
  endloop
endfacet
facet normal 0.6895409401 -0.7242467065 0
  outer loop
    vertex 14.84924221 -14.84924221 0
    vertex 14.84924221 -14.84924221 4
    vertex 14.10273838 -15.55997372 4
  endloop
endfacet
facet normal 0.7242467065 -0.6895409401 0
  outer loop
    vertex 15.55997372 -14.10273838 0
    vertex 15.55997372 -14.10273838 4
    vertex 14.84924221 -14.84924221 4
  endloop
endfacet
facet normal 0.7572092099 -0.6531724217 0
  outer loop
    vertex 15.55997372 -14.10273838 0
    vertex 16.23321915 -13.32225895 0
    vertex 15.55997372 -14.10273838 4
  endloop
endfacet
facet normal 0.788346627 -0.6152313351 0
  outer loop
    vertex 16.23321915 -13.32225895 0
    vertex 16.86735725 -12.50968552 0
    vertex 16.23321915 -13.32225895 4
  endloop
endfacet
facet normal 0.8175846949 -0.5758083593 0
  outer loop
    vertex 16.86735725 -12.50968552 0
    vertex 17.46086121 -11.66697502 0
    vertex 16.86735725 -12.50968552 4
  endloop
endfacet
facet normal 0.8448533965 -0.5349978864 0
  outer loop
    vertex 17.46086121 -11.66697502 0
    vertex 18.01230049 -10.79615784 0
    vertex 17.46086121 -11.66697502 4
  endloop
endfacet
facet normal 0.7572092099 -0.6531724217 0
  outer loop
    vertex 16.23321915 -13.32225895 0
    vertex 16.23321915 -13.32225895 4
    vertex 15.55997372 -14.10273838 4
  endloop
endfacet
facet normal 0.788346627 -0.6152313351 0
  outer loop
    vertex 16.86735725 -12.50968552 0
    vertex 16.86735725 -12.50968552 4
    vertex 16.23321915 -13.32225895 4
  endloop
endfacet
facet normal 0.8175846949 -0.5758083593 0
  outer loop
    vertex 17.46086121 -11.66697502 0
    vertex 17.46086121 -11.66697502 4
    vertex 16.86735725 -12.50968552 4
  endloop
endfacet
facet normal 0.8448533965 -0.5349978864 0
  outer loop
    vertex 18.01230049 -10.79615784 0
    vertex 18.01230049 -10.79615784 4
    vertex 17.46086121 -11.66697502 4
  endloop
endfacet
facet normal 0 -0 -1
  outer loop
    vertex 1.767766953 -1.767766953 0
    vertex 15.55997372 -14.10273838 0
    vertex 14.84924221 -14.84924221 0
  endloop
endfacet
facet normal 0 -0 -1
  outer loop
    vertex 1.932526112 -1.585983157 0
    vertex 16.23321915 -13.32225895 0
    vertex 15.55997372 -14.10273838 0
  endloop
endfacet
facet normal 0 -0 -1
  outer loop
    vertex 1.932526112 -1.585983157 0
    vertex 16.86735725 -12.50968552 0
    vertex 16.23321915 -13.32225895 0
  endloop
endfacet
facet normal 0 -0 -1
  outer loop
    vertex 2.078674078 -1.388925552 0
    vertex 17.46086121 -11.66697502 0
    vertex 16.86735725 -12.50968552 0
  endloop
endfacet
facet normal 0 -0 -1
  outer loop
    vertex 2.078674078 -1.388925552 0
    vertex 18.01230049 -10.79615784 0
    vertex 17.46086121 -11.66697502 0
  endloop
endfacet
facet normal 0 -0 -1
  outer loop
    vertex 2.204803228 -1.178491831 0
    vertex 18.52034569 -9.899331093 0
    vertex 18.01230049 -10.79615784 0
  endloop
endfacet
facet normal 0 -0 -1
  outer loop
    vertex 2.204803228 -1.178491831 0
    vertex 18.98377609 -8.978656769 0
    vertex 18.52034569 -9.899331093 0
  endloop
endfacet
facet normal 0 -0 -1
  outer loop
    vertex 2.30969882 -0.9567086101 0
    vertex 19.40147018 -8.036352158 0
    vertex 18.98377609 -8.978656769 0
  endloop
endfacet
facet normal 0 -0 -1
  outer loop
    vertex 2.35386014 -0.8422246575 0
    vertex 19.7724247 -7.074687004 0
    vertex 19.40147018 -8.036352158 0
  endloop
endfacet
facet normal 0 0 -1
  outer loop
    vertex 2.487961769 -0.2450428456 0
    vertex 14.51403999 -1.940062523 0
    vertex 14.60981941 -1.961570501 0
  endloop
endfacet
facet normal 0 0 -1
  outer loop
    vertex 2.487961769 -0.2450428456 0
    vertex 14.60981941 -1.961570501 0
    vertex 20.77270699 -3.081340075 0
  endloop
endfacet
facet normal -0.9495291523 -0.313678799 0
  outer loop
    vertex 13.11691189 -0.673779726 -0.1000000015
    vertex 13.11691189 -0.673779726 0
    vertex 13.08611965 -0.5805693269 -0.1000000015
  endloop
endfacet
facet normal -0.9637751528 -0.2667160566 0
  outer loop
    vertex 13.08611965 -0.5805693269 -0.1000000015
    vertex 13.08611965 -0.5805693269 0
    vertex 13.05993748 -0.4859603643 -0.1000000015
  endloop
endfacet
facet normal -0.9495291523 -0.313678799 -0
  outer loop
    vertex 13.11691189 -0.673779726 0
    vertex 13.08611965 -0.5805693269 0
    vertex 13.08611965 -0.5805693269 -0.1000000015
  endloop
endfacet
facet normal -0.9637751528 -0.2667160566 -0
  outer loop
    vertex 13.08611965 -0.5805693269 0
    vertex 13.05993748 -0.4859603643 0
    vertex 13.05993748 -0.4859603643 -0.1000000015
  endloop
endfacet
facet normal -0.9852787665 -0.1709554102 0
  outer loop
    vertex 13.03842926 -0.3901806474 -0.1000000015
    vertex 13.03842926 -0.3901806474 0
    vertex 13.02164745 -0.2934609354 -0.1000000015
  endloop
endfacet
facet normal -0.9757017769 -0.2191028129 0
  outer loop
    vertex 13.03842926 -0.3901806474 -0.1000000015
    vertex 13.05993748 -0.4859603643 -0.1000000015
    vertex 13.05993748 -0.4859603643 0
  endloop
endfacet
facet normal -0.9757017769 -0.2191028129 0
  outer loop
    vertex 13.03842926 -0.3901806474 -0.1000000015
    vertex 13.05993748 -0.4859603643 0
    vertex 13.03842926 -0.3901806474 0
  endloop
endfacet
facet normal -0.9924785215 -0.1224188886 0
  outer loop
    vertex 13.02164745 -0.2934609354 -0.1000000015
    vertex 13.02164745 -0.2934609354 0
    vertex 13.0096302 -0.1960342824 -0.1000000015
  endloop
endfacet
facet normal -0.9852787665 -0.1709554102 -0
  outer loop
    vertex 13.03842926 -0.3901806474 0
    vertex 13.02164745 -0.2934609354 0
    vertex 13.02164745 -0.2934609354 -0.1000000015
  endloop
endfacet
facet normal -0.9924785215 -0.1224188886 0
  outer loop
    vertex 13.0096302 -0.1960342824 -0.1000000015
    vertex 13.02164745 -0.2934609354 0
    vertex 13.0096302 -0.1960342824 0
  endloop
endfacet
facet normal -0.9972906338 -0.07356216219 0
  outer loop
    vertex 13.0096302 -0.1960342824 -0.1000000015
    vertex 13.0096302 -0.1960342824 0
    vertex 13.00240898 -0.09813535213 -0.1000000015
  endloop
endfacet
facet normal -0.9996988453 -0.02454014578 0
  outer loop
    vertex 13.00240898 -0.09813535213 -0.1000000015
    vertex 13.00240898 -0.09813535213 0
    vertex 13 2.449293705e-16 -0.1000000015
  endloop
endfacet
facet normal -0.9972906338 -0.07356216219 -0
  outer loop
    vertex 13.0096302 -0.1960342824 0
    vertex 13.00240898 -0.09813535213 0
    vertex 13.00240898 -0.09813535213 -0.1000000015
  endloop
endfacet
facet normal -0.9996988453 -0.02454014578 -6.010602368e-17
  outer loop
    vertex 13.00240898 -0.09813535213 0
    vertex 13 0 0
    vertex 13 2.449293705e-16 -0.1000000015
  endloop
endfacet
facet normal 0 -0 -1
  outer loop
    vertex 2.392350912 -0.7257117033 0
    vertex 20.09574699 -6.09597826 0
    vertex 19.7724247 -7.074687004 0
  endloop
endfacet
facet normal 0 -0 -1
  outer loop
    vertex 2.392350912 -0.7257117033 0
    vertex 20.37065697 -5.102583885 0
    vertex 20.09574699 -6.09597826 0
  endloop
endfacet
facet normal 0 -0 -1
  outer loop
    vertex 2.425078154 -0.6074504256 0
    vertex 20.59649086 -4.096896648 0
    vertex 20.37065697 -5.102583885 0
  endloop
endfacet
facet normal -0.7572104773 -0.6531709524 0
  outer loop
    vertex 13.51809788 -1.343117952 -0.1000000015
    vertex 13.51809788 -1.343117952 0
    vertex 13.45397949 -1.26878655 -0.1000000015
  endloop
endfacet
facet normal -0.7242454689 -0.68954224 0
  outer loop
    vertex 13.51809788 -1.343117952 -0.1000000015
    vertex 13.58578682 -1.414213538 -0.1000000015
    vertex 13.58578682 -1.414213538 0
  endloop
endfacet
facet normal -0.6895415725 -0.7242461044 0
  outer loop
    vertex 13.58578682 -1.414213538 -0.1000000015
    vertex 13.65688229 -1.481902242 0
    vertex 13.58578682 -1.414213538 0
  endloop
endfacet
facet normal -0.7242454689 -0.68954224 0
  outer loop
    vertex 13.51809788 -1.343117952 -0.1000000015
    vertex 13.58578682 -1.414213538 0
    vertex 13.51809788 -1.343117952 0
  endloop
endfacet
facet normal -0.6531729456 -0.757208758 0
  outer loop
    vertex 13.65688229 -1.481902242 -0.1000000015
    vertex 13.73121357 -1.546020865 -0.1000000015
    vertex 13.73121357 -1.546020865 0
  endloop
endfacet
facet normal -0.6531729456 -0.757208758 0
  outer loop
    vertex 13.65688229 -1.481902242 -0.1000000015
    vertex 13.73121357 -1.546020865 0
    vertex 13.65688229 -1.481902242 0
  endloop
endfacet
facet normal -0.6152324035 -0.7883457932 0
  outer loop
    vertex 13.73121357 -1.546020865 -0.1000000015
    vertex 13.80860138 -1.606415033 0
    vertex 13.73121357 -1.546020865 0
  endloop
endfacet
facet normal -0.6895415725 -0.7242461044 0
  outer loop
    vertex 13.58578682 -1.414213538 -0.1000000015
    vertex 13.65688229 -1.481902242 -0.1000000015
    vertex 13.65688229 -1.481902242 0
  endloop
endfacet
facet normal -0.5758070771 -0.8175855979 0
  outer loop
    vertex 13.88885975 -1.662939191 -0.1000000015
    vertex 13.88885975 -1.662939191 0
    vertex 13.80860138 -1.606415033 -0.1000000015
  endloop
endfacet
facet normal -0.5350004809 -0.8448517535 0
  outer loop
    vertex 13.88885975 -1.662939191 -0.1000000015
    vertex 13.97179413 -1.715457201 -0.1000000015
    vertex 13.97179413 -1.715457201 0
  endloop
endfacet
facet normal -0.5350004809 -0.8448517535 0
  outer loop
    vertex 13.88885975 -1.662939191 -0.1000000015
    vertex 13.97179413 -1.715457201 0
    vertex 13.88885975 -1.662939191 0
  endloop
endfacet
facet normal -0.4928987084 -0.8700866987 0
  outer loop
    vertex 13.97179413 -1.715457201 -0.1000000015
    vertex 14.05720615 -1.763842583 -0.1000000015
    vertex 14.05720615 -1.763842583 0
  endloop
endfacet
facet normal -0.4928987084 -0.8700866987 0
  outer loop
    vertex 13.97179413 -1.715457201 -0.1000000015
    vertex 14.05720615 -1.763842583 0
    vertex 13.97179413 -1.715457201 0
  endloop
endfacet
facet normal -0.4496096477 -0.8932251478 0
  outer loop
    vertex 14.05720615 -1.763842583 -0.1000000015
    vertex 14.14488983 -1.80797863 0
    vertex 14.05720615 -1.763842583 0
  endloop
endfacet
facet normal -0.6152324035 -0.7883457932 0
  outer loop
    vertex 13.73121357 -1.546020865 -0.1000000015
    vertex 13.80860138 -1.606415033 -0.1000000015
    vertex 13.80860138 -1.606415033 0
  endloop
endfacet
facet normal -0.5758070771 -0.8175855979 -0
  outer loop
    vertex 13.88885975 -1.662939191 0
    vertex 13.80860138 -1.606415033 0
    vertex 13.80860138 -1.606415033 -0.1000000015
  endloop
endfacet
facet normal -0.4052393566 -0.9142106233 0
  outer loop
    vertex 14.14488983 -1.80797863 -0.1000000015
    vertex 14.23463345 -1.847759008 -0.1000000015
    vertex 14.23463345 -1.847759008 0
  endloop
endfacet
facet normal -0.4052393566 -0.9142106233 0
  outer loop
    vertex 14.14488983 -1.80797863 -0.1000000015
    vertex 14.23463345 -1.847759008 0
    vertex 14.14488983 -1.80797863 0
  endloop
endfacet
facet normal -0.3598956869 -0.932992548 0
  outer loop
    vertex 14.23463345 -1.847759008 -0.1000000015
    vertex 14.32622051 -1.883088112 0
    vertex 14.23463345 -1.847759008 0
  endloop
endfacet
facet normal -0.4496096477 -0.8932251478 0
  outer loop
    vertex 14.05720615 -1.763842583 -0.1000000015
    vertex 14.14488983 -1.80797863 -0.1000000015
    vertex 14.14488983 -1.80797863 0
  endloop
endfacet
facet normal -0.3598956869 -0.932992548 0
  outer loop
    vertex 14.23463345 -1.847759008 -0.1000000015
    vertex 14.32622051 -1.883088112 -0.1000000015
    vertex 14.32622051 -1.883088112 0
  endloop
endfacet
facet normal -0.3136826262 -0.949527888 0
  outer loop
    vertex 14.32622051 -1.883088112 -0.1000000015
    vertex 14.41943073 -1.913880706 -0.1000000015
    vertex 14.41943073 -1.913880706 0
  endloop
endfacet
facet normal -0.3136826262 -0.949527888 0
  outer loop
    vertex 14.32622051 -1.883088112 -0.1000000015
    vertex 14.41943073 -1.913880706 0
    vertex 14.32622051 -1.883088112 0
  endloop
endfacet
facet normal -0.8700856571 -0.4929005471 0
  outer loop
    vertex 13.28454304 -1.028205514 -0.1000000015
    vertex 13.28454304 -1.028205514 0
    vertex 13.23615742 -0.9427934885 -0.1000000015
  endloop
endfacet
facet normal -0.7883456639 -0.6152325693 0
  outer loop
    vertex 13.39358521 -1.191398621 -0.1000000015
    vertex 13.45397949 -1.26878655 -0.1000000015
    vertex 13.45397949 -1.26878655 0
  endloop
endfacet
facet normal -0.817584221 -0.5758090323 0
  outer loop
    vertex 13.39358521 -1.191398621 -0.1000000015
    vertex 13.39358521 -1.191398621 0
    vertex 13.33706093 -1.11114049 -0.1000000015
  endloop
endfacet
facet normal -0.7883456639 -0.6152325693 0
  outer loop
    vertex 13.39358521 -1.191398621 -0.1000000015
    vertex 13.45397949 -1.26878655 0
    vertex 13.39358521 -1.191398621 0
  endloop
endfacet
facet normal -0.8448540403 -0.5349968696 0
  outer loop
    vertex 13.28454304 -1.028205514 -0.1000000015
    vertex 13.33706093 -1.11114049 -0.1000000015
    vertex 13.33706093 -1.11114049 0
  endloop
endfacet
facet normal -0.817584221 -0.5758090323 -0
  outer loop
    vertex 13.39358521 -1.191398621 0
    vertex 13.33706093 -1.11114049 0
    vertex 13.33706093 -1.11114049 -0.1000000015
  endloop
endfacet
facet normal -0.8448540403 -0.5349968696 0
  outer loop
    vertex 13.28454304 -1.028205514 -0.1000000015
    vertex 13.33706093 -1.11114049 0
    vertex 13.28454304 -1.028205514 0
  endloop
endfacet
facet normal -0.914209225 -0.4052425113 0
  outer loop
    vertex 13.19202137 -0.8551101685 -0.1000000015
    vertex 13.19202137 -0.8551101685 0
    vertex 13.15224075 -0.7653668523 -0.1000000015
  endloop
endfacet
facet normal -0.8932244114 -0.4496111108 0
  outer loop
    vertex 13.19202137 -0.8551101685 -0.1000000015
    vertex 13.23615742 -0.9427934885 -0.1000000015
    vertex 13.23615742 -0.9427934885 0
  endloop
endfacet
facet normal -0.8932244114 -0.4496111108 0
  outer loop
    vertex 13.19202137 -0.8551101685 -0.1000000015
    vertex 13.23615742 -0.9427934885 0
    vertex 13.19202137 -0.8551101685 0
  endloop
endfacet
facet normal -0.8700856571 -0.4929005471 -0
  outer loop
    vertex 13.28454304 -1.028205514 0
    vertex 13.23615742 -0.9427934885 0
    vertex 13.23615742 -0.9427934885 -0.1000000015
  endloop
endfacet
facet normal -0.9329934421 -0.3598933688 0
  outer loop
    vertex 13.11691189 -0.673779726 -0.1000000015
    vertex 13.15224075 -0.7653668523 -0.1000000015
    vertex 13.15224075 -0.7653668523 0
  endloop
endfacet
facet normal -0.914209225 -0.4052425113 -0
  outer loop
    vertex 13.19202137 -0.8551101685 0
    vertex 13.15224075 -0.7653668523 0
    vertex 13.15224075 -0.7653668523 -0.1000000015
  endloop
endfacet
facet normal -0.9329934421 -0.3598933688 0
  outer loop
    vertex 13.11691189 -0.673779726 -0.1000000015
    vertex 13.15224075 -0.7653668523 0
    vertex 13.11691189 -0.673779726 0
  endloop
endfacet
facet normal -0.7572104773 -0.6531709524 -0
  outer loop
    vertex 13.51809788 -1.343117952 0
    vertex 13.45397949 -1.26878655 0
    vertex 13.45397949 -1.26878655 -0.1000000015
  endloop
endfacet
facet normal 0 0 -1
  outer loop
    vertex 13.11691189 -0.673779726 -0.1000000015
    vertex 13.08611965 -0.5805693269 -0.1000000015
    vertex 15 0 -0.1000000015
  endloop
endfacet
facet normal 0 -0 -1
  outer loop
    vertex 13.11691189 -0.673779726 -0.1000000015
    vertex 15 0 -0.1000000015
    vertex 13.15224075 -0.7653668523 -0.1000000015
  endloop
endfacet
facet normal 0 0 -1
  outer loop
    vertex 13.08611965 -0.5805693269 -0.1000000015
    vertex 13.05993748 -0.4859603643 -0.1000000015
    vertex 15 0 -0.1000000015
  endloop
endfacet
facet normal 0 0 -1
  outer loop
    vertex 13.03842926 -0.3901806474 -0.1000000015
    vertex 13.02164745 -0.2934609354 -0.1000000015
    vertex 15 0 -0.1000000015
  endloop
endfacet
facet normal 0 -0 -1
  outer loop
    vertex 13.03842926 -0.3901806474 -0.1000000015
    vertex 15 0 -0.1000000015
    vertex 13.05993748 -0.4859603643 -0.1000000015
  endloop
endfacet
facet normal 0 0 -1
  outer loop
    vertex 13.02164745 -0.2934609354 -0.1000000015
    vertex 13.0096302 -0.1960342824 -0.1000000015
    vertex 15 0 -0.1000000015
  endloop
endfacet
facet normal 0 0 -1
  outer loop
    vertex 13.0096302 -0.1960342824 -0.1000000015
    vertex 13.00240898 -0.09813535213 -0.1000000015
    vertex 15 0 -0.1000000015
  endloop
endfacet
facet normal 0 0 -1
  outer loop
    vertex 13.00240898 -0.09813535213 -0.1000000015
    vertex 13 2.449293705e-16 -0.1000000015
    vertex 15 0 -0.1000000015
  endloop
endfacet
facet normal 0 0 -1
  outer loop
    vertex 13.28454304 -1.028205514 -0.1000000015
    vertex 13.23615742 -0.9427934885 -0.1000000015
    vertex 15 0 -0.1000000015
  endloop
endfacet
facet normal 0 0 -1
  outer loop
    vertex 13.39358521 -1.191398621 -0.1000000015
    vertex 13.33706093 -1.11114049 -0.1000000015
    vertex 15 0 -0.1000000015
  endloop
endfacet
facet normal 0 -0 -1
  outer loop
    vertex 13.28454304 -1.028205514 -0.1000000015
    vertex 15 0 -0.1000000015
    vertex 13.33706093 -1.11114049 -0.1000000015
  endloop
endfacet
facet normal 0 0 -1
  outer loop
    vertex 13.51809788 -1.343117952 -0.1000000015
    vertex 13.45397949 -1.26878655 -0.1000000015
    vertex 15 0 -0.1000000015
  endloop
endfacet
facet normal 0 -0 -1
  outer loop
    vertex 13.51809788 -1.343117952 -0.1000000015
    vertex 15 0 -0.1000000015
    vertex 13.58578682 -1.414213538 -0.1000000015
  endloop
endfacet
facet normal 0 -0 -1
  outer loop
    vertex 13.58578682 -1.414213538 -0.1000000015
    vertex 15 0 -0.1000000015
    vertex 13.65688229 -1.481902242 -0.1000000015
  endloop
endfacet
facet normal 0 -0 -1
  outer loop
    vertex 13.39358521 -1.191398621 -0.1000000015
    vertex 15 0 -0.1000000015
    vertex 13.45397949 -1.26878655 -0.1000000015
  endloop
endfacet
facet normal 0 -0 -1
  outer loop
    vertex 13.65688229 -1.481902242 -0.1000000015
    vertex 15 0 -0.1000000015
    vertex 13.73121357 -1.546020865 -0.1000000015
  endloop
endfacet
facet normal 0 -0 -1
  outer loop
    vertex 13.73121357 -1.546020865 -0.1000000015
    vertex 15 0 -0.1000000015
    vertex 13.80860138 -1.606415033 -0.1000000015
  endloop
endfacet
facet normal 0 0 -1
  outer loop
    vertex 13.88885975 -1.662939191 -0.1000000015
    vertex 13.80860138 -1.606415033 -0.1000000015
    vertex 15 0 -0.1000000015
  endloop
endfacet
facet normal 0 -0 -1
  outer loop
    vertex 13.97179413 -1.715457201 -0.1000000015
    vertex 15 0 -0.1000000015
    vertex 14.05720615 -1.763842583 -0.1000000015
  endloop
endfacet
facet normal 0 -0 -1
  outer loop
    vertex 14.05720615 -1.763842583 -0.1000000015
    vertex 15 0 -0.1000000015
    vertex 14.14488983 -1.80797863 -0.1000000015
  endloop
endfacet
facet normal 0 -0 -1
  outer loop
    vertex 13.88885975 -1.662939191 -0.1000000015
    vertex 15 0 -0.1000000015
    vertex 13.97179413 -1.715457201 -0.1000000015
  endloop
endfacet
facet normal 0 -0 -1
  outer loop
    vertex 13.19202137 -0.8551101685 -0.1000000015
    vertex 15 0 -0.1000000015
    vertex 13.23615742 -0.9427934885 -0.1000000015
  endloop
endfacet
facet normal 0 0 -1
  outer loop
    vertex 13.19202137 -0.8551101685 -0.1000000015
    vertex 13.15224075 -0.7653668523 -0.1000000015
    vertex 15 0 -0.1000000015
  endloop
endfacet
facet normal 0 -0 -1
  outer loop
    vertex 2.47294116 -0.3668261766 0
    vertex 20.77270699 -3.081340075 0
    vertex 20.59649086 -4.096896648 0
  endloop
endfacet
facet normal -0.1709624324 -0.9852775481 0
  outer loop
    vertex 14.70653915 -1.978353024 -0.1000000015
    vertex 14.70653915 -1.978353024 0
    vertex 14.60981941 -1.961570501 -0.1000000015
  endloop
endfacet
facet normal -0.1224108105 -0.9924795179 0
  outer loop
    vertex 14.70653915 -1.978353024 -0.1000000015
    vertex 14.80396557 -1.990369439 0
    vertex 14.70653915 -1.978353024 0
  endloop
endfacet
facet normal -0.1224108105 -0.9924795179 0
  outer loop
    vertex 14.70653915 -1.978353024 -0.1000000015
    vertex 14.80396557 -1.990369439 -0.1000000015
    vertex 14.80396557 -1.990369439 0
  endloop
endfacet
facet normal -0.07356419915 -0.9972904836 0
  outer loop
    vertex 14.80396557 -1.990369439 -0.1000000015
    vertex 14.90186501 -1.997590899 -0.1000000015
    vertex 14.90186501 -1.997590899 0
  endloop
endfacet
facet normal -0.07356419915 -0.9972904836 0
  outer loop
    vertex 14.80396557 -1.990369439 -0.1000000015
    vertex 14.90186501 -1.997590899 0
    vertex 14.80396557 -1.990369439 0
  endloop
endfacet
facet normal -0.0245414488 -0.9996988133 0
  outer loop
    vertex 14.90186501 -1.997590899 -0.1000000015
    vertex 15 -2 -0.1000000015
    vertex 15 -2 0
  endloop
endfacet
facet normal 0.0245414488 -0.9996988133 0
  outer loop
    vertex 15 -2 -0.1000000015
    vertex 15.09813499 -1.997590899 -0.1000000015
    vertex 15.09813499 -1.997590899 0
  endloop
endfacet
facet normal -0.0245414488 -0.9996988133 0
  outer loop
    vertex 14.90186501 -1.997590899 -0.1000000015
    vertex 15 -2 0
    vertex 14.90186501 -1.997590899 0
  endloop
endfacet
facet normal 0.0245414488 -0.9996988133 0
  outer loop
    vertex 15 -2 -0.1000000015
    vertex 15.09813499 -1.997590899 0
    vertex 15 -2 0
  endloop
endfacet
facet normal -0.2667118922 -0.9637763052 0
  outer loop
    vertex 14.41943073 -1.913880706 -0.1000000015
    vertex 14.51403999 -1.940062523 -0.1000000015
    vertex 14.51403999 -1.940062523 0
  endloop
endfacet
facet normal -0.2191011497 -0.9757021503 0
  outer loop
    vertex 14.51403999 -1.940062523 -0.1000000015
    vertex 14.60981941 -1.961570501 -0.1000000015
    vertex 14.60981941 -1.961570501 0
  endloop
endfacet
facet normal -0.2667118922 -0.9637763052 0
  outer loop
    vertex 14.41943073 -1.913880706 -0.1000000015
    vertex 14.51403999 -1.940062523 0
    vertex 14.41943073 -1.913880706 0
  endloop
endfacet
facet normal -0.2191011497 -0.9757021503 0
  outer loop
    vertex 14.51403999 -1.940062523 -0.1000000015
    vertex 14.60981941 -1.961570501 0
    vertex 14.51403999 -1.940062523 0
  endloop
endfacet
facet normal -0.1709624324 -0.9852775481 -0
  outer loop
    vertex 14.70653915 -1.978353024 0
    vertex 14.60981941 -1.961570501 0
    vertex 14.60981941 -1.961570501 -0.1000000015
  endloop
endfacet
facet normal 0 0 -1
  outer loop
    vertex 14.70653915 -1.978353024 -0.1000000015
    vertex 14.60981941 -1.961570501 -0.1000000015
    vertex 15 0 -0.1000000015
  endloop
endfacet
facet normal 0 -0 -1
  outer loop
    vertex 14.70653915 -1.978353024 -0.1000000015
    vertex 15 0 -0.1000000015
    vertex 14.80396557 -1.990369439 -0.1000000015
  endloop
endfacet
facet normal 0 -0 -1
  outer loop
    vertex 14.80396557 -1.990369439 -0.1000000015
    vertex 15 0 -0.1000000015
    vertex 14.90186501 -1.997590899 -0.1000000015
  endloop
endfacet
facet normal 0 0 -1
  outer loop
    vertex 14.90186501 -1.997590899 -0.1000000015
    vertex 15 0 -0.1000000015
    vertex 15 -2 -0.1000000015
  endloop
endfacet
facet normal 0 0 -1
  outer loop
    vertex 15 -2 -0.1000000015
    vertex 15 0 -0.1000000015
    vertex 15.09813499 -1.997590899 -0.1000000015
  endloop
endfacet
facet normal 0.07356419915 -0.9972904836 0
  outer loop
    vertex 15.09813499 -1.997590899 -0.1000000015
    vertex 15.19603443 -1.990369439 -0.1000000015
    vertex 15.19603443 -1.990369439 0
  endloop
endfacet
facet normal 0.07356419915 -0.9972904836 0
  outer loop
    vertex 15.09813499 -1.997590899 -0.1000000015
    vertex 15.19603443 -1.990369439 0
    vertex 15.09813499 -1.997590899 0
  endloop
endfacet
facet normal 0.1224108105 -0.9924795179 0
  outer loop
    vertex 15.19603443 -1.990369439 -0.1000000015
    vertex 15.29346085 -1.978353024 0
    vertex 15.19603443 -1.990369439 0
  endloop
endfacet
facet normal 0.1224108105 -0.9924795179 0
  outer loop
    vertex 15.19603443 -1.990369439 -0.1000000015
    vertex 15.29346085 -1.978353024 -0.1000000015
    vertex 15.29346085 -1.978353024 0
  endloop
endfacet
facet normal 0.1709624324 -0.9852775481 0
  outer loop
    vertex 15.29346085 -1.978353024 -0.1000000015
    vertex 15.39018059 -1.961570501 0
    vertex 15.29346085 -1.978353024 0
  endloop
endfacet
facet normal 0.1709624324 -0.9852775481 0
  outer loop
    vertex 15.29346085 -1.978353024 -0.1000000015
    vertex 15.39018059 -1.961570501 -0.1000000015
    vertex 15.39018059 -1.961570501 0
  endloop
endfacet
facet normal 0 0 -1
  outer loop
    vertex 15.09813499 -1.997590899 -0.1000000015
    vertex 15 0 -0.1000000015
    vertex 15.19603443 -1.990369439 -0.1000000015
  endloop
endfacet
facet normal 0 0 -1
  outer loop
    vertex 15.19603443 -1.990369439 -0.1000000015
    vertex 15 0 -0.1000000015
    vertex 15.29346085 -1.978353024 -0.1000000015
  endloop
endfacet
facet normal 0 0 -1
  outer loop
    vertex 15.29346085 -1.978353024 -0.1000000015
    vertex 15 0 -0.1000000015
    vertex 15.39018059 -1.961570501 -0.1000000015
  endloop
endfacet
facet normal 0.2191011497 -0.9757021503 0
  outer loop
    vertex 15.39018059 -1.961570501 -0.1000000015
    vertex 15.48596001 -1.940062523 -0.1000000015
    vertex 15.48596001 -1.940062523 0
  endloop
endfacet
facet normal 0.2667118922 -0.9637763052 0
  outer loop
    vertex 15.48596001 -1.940062523 -0.1000000015
    vertex 15.58056927 -1.913880706 -0.1000000015
    vertex 15.58056927 -1.913880706 0
  endloop
endfacet
facet normal 0.2191011497 -0.9757021503 0
  outer loop
    vertex 15.39018059 -1.961570501 -0.1000000015
    vertex 15.48596001 -1.940062523 0
    vertex 15.39018059 -1.961570501 0
  endloop
endfacet
facet normal 0.2667118922 -0.9637763052 0
  outer loop
    vertex 15.48596001 -1.940062523 -0.1000000015
    vertex 15.58056927 -1.913880706 0
    vertex 15.48596001 -1.940062523 0
  endloop
endfacet
facet normal 0.3136826262 -0.949527888 0
  outer loop
    vertex 15.58056927 -1.913880706 -0.1000000015
    vertex 15.67377949 -1.883088112 -0.1000000015
    vertex 15.67377949 -1.883088112 0
  endloop
endfacet
facet normal 0.3598956869 -0.932992548 0
  outer loop
    vertex 15.67377949 -1.883088112 -0.1000000015
    vertex 15.76536655 -1.847759008 -0.1000000015
    vertex 15.76536655 -1.847759008 0
  endloop
endfacet
facet normal 0.3136826262 -0.949527888 0
  outer loop
    vertex 15.58056927 -1.913880706 -0.1000000015
    vertex 15.67377949 -1.883088112 0
    vertex 15.58056927 -1.913880706 0
  endloop
endfacet
facet normal 0.3598956869 -0.932992548 0
  outer loop
    vertex 15.67377949 -1.883088112 -0.1000000015
    vertex 15.76536655 -1.847759008 0
    vertex 15.67377949 -1.883088112 0
  endloop
endfacet
facet normal 0 -0 -1
  outer loop
    vertex 14.14488983 -1.80797863 -0.1000000015
    vertex 15 0 -0.1000000015
    vertex 14.23463345 -1.847759008 -0.1000000015
  endloop
endfacet
facet normal 0 -0 -1
  outer loop
    vertex 14.23463345 -1.847759008 -0.1000000015
    vertex 15 0 -0.1000000015
    vertex 14.32622051 -1.883088112 -0.1000000015
  endloop
endfacet
facet normal 0 -0 -1
  outer loop
    vertex 14.32622051 -1.883088112 -0.1000000015
    vertex 15 0 -0.1000000015
    vertex 14.41943073 -1.913880706 -0.1000000015
  endloop
endfacet
facet normal 0 -0 -1
  outer loop
    vertex 14.41943073 -1.913880706 -0.1000000015
    vertex 15 0 -0.1000000015
    vertex 14.51403999 -1.940062523 -0.1000000015
  endloop
endfacet
facet normal 0 -0 -1
  outer loop
    vertex 14.51403999 -1.940062523 -0.1000000015
    vertex 15 0 -0.1000000015
    vertex 14.60981941 -1.961570501 -0.1000000015
  endloop
endfacet
facet normal 0 0 -1
  outer loop
    vertex 15.39018059 -1.961570501 -0.1000000015
    vertex 15 0 -0.1000000015
    vertex 15.48596001 -1.940062523 -0.1000000015
  endloop
endfacet
facet normal 0 0 -1
  outer loop
    vertex 15.48596001 -1.940062523 -0.1000000015
    vertex 15 0 -0.1000000015
    vertex 15.58056927 -1.913880706 -0.1000000015
  endloop
endfacet
facet normal 0 0 -1
  outer loop
    vertex 15.58056927 -1.913880706 -0.1000000015
    vertex 15 0 -0.1000000015
    vertex 15.67377949 -1.883088112 -0.1000000015
  endloop
endfacet
facet normal 0 0 -1
  outer loop
    vertex 15.67377949 -1.883088112 -0.1000000015
    vertex 15 0 -0.1000000015
    vertex 15.76536655 -1.847759008 -0.1000000015
  endloop
endfacet
facet normal 0 0 -1
  outer loop
    vertex 15.76536655 -1.847759008 -0.1000000015
    vertex 15 0 -0.1000000015
    vertex 15.85511017 -1.80797863 -0.1000000015
  endloop
endfacet
facet normal 0 0 -1
  outer loop
    vertex 15.85511017 -1.80797863 -0.1000000015
    vertex 15 0 -0.1000000015
    vertex 15.94279385 -1.763842583 -0.1000000015
  endloop
endfacet
facet normal 0 0 -1
  outer loop
    vertex 15.94279385 -1.763842583 -0.1000000015
    vertex 15 0 -0.1000000015
    vertex 16.02820587 -1.715457201 -0.1000000015
  endloop
endfacet
facet normal 0 0 -1
  outer loop
    vertex 16.02820587 -1.715457201 -0.1000000015
    vertex 15 0 -0.1000000015
    vertex 16.1111412 -1.662939191 -0.1000000015
  endloop
endfacet
facet normal 0.8700873567 -0.4928975469 0
  outer loop
    vertex 18.01230049 -10.79615784 0
    vertex 18.52034569 -9.899331093 0
    vertex 18.01230049 -10.79615784 4
  endloop
endfacet
facet normal 0.893223563 -0.4496127962 0
  outer loop
    vertex 18.52034569 -9.899331093 0
    vertex 18.98377609 -8.978656769 0
    vertex 18.52034569 -9.899331093 4
  endloop
endfacet
facet normal 0.9142100487 -0.405240653 0
  outer loop
    vertex 18.98377609 -8.978656769 0
    vertex 19.40147018 -8.036352158 0
    vertex 18.98377609 -8.978656769 4
  endloop
endfacet
facet normal 0.9329930173 -0.3598944702 0
  outer loop
    vertex 19.40147018 -8.036352158 0
    vertex 19.7724247 -7.074687004 0
    vertex 19.40147018 -8.036352158 4
  endloop
endfacet
facet normal 0.9495280073 -0.313682265 0
  outer loop
    vertex 19.7724247 -7.074687004 0
    vertex 20.09574699 -6.09597826 0
    vertex 19.7724247 -7.074687004 4
  endloop
endfacet
facet normal 0.9637758848 -0.2667134114 0
  outer loop
    vertex 20.09574699 -6.09597826 0
    vertex 20.37065697 -5.102583885 0
    vertex 20.09574699 -6.09597826 4
  endloop
endfacet
facet normal 0.8700873567 -0.4928975469 0
  outer loop
    vertex 18.01230049 -10.79615784 4
    vertex 18.52034569 -9.899331093 0
    vertex 18.52034569 -9.899331093 4
  endloop
endfacet
facet normal 0.893223563 -0.4496127962 0
  outer loop
    vertex 18.98377609 -8.978656769 0
    vertex 18.98377609 -8.978656769 4
    vertex 18.52034569 -9.899331093 4
  endloop
endfacet
facet normal 0.9142100487 -0.405240653 0
  outer loop
    vertex 19.40147018 -8.036352158 0
    vertex 19.40147018 -8.036352158 4
    vertex 18.98377609 -8.978656769 4
  endloop
endfacet
facet normal 0.9329930173 -0.3598944702 0
  outer loop
    vertex 19.7724247 -7.074687004 0
    vertex 19.7724247 -7.074687004 4
    vertex 19.40147018 -8.036352158 4
  endloop
endfacet
facet normal 0.9495280073 -0.313682265 0
  outer loop
    vertex 20.09574699 -6.09597826 0
    vertex 20.09574699 -6.09597826 4
    vertex 19.7724247 -7.074687004 4
  endloop
endfacet
facet normal 0.9637758848 -0.2667134114 0
  outer loop
    vertex 20.37065697 -5.102583885 0
    vertex 20.37065697 -5.102583885 4
    vertex 20.09574699 -6.09597826 4
  endloop
endfacet
facet normal 0.4052393566 -0.9142106233 0
  outer loop
    vertex 15.76536655 -1.847759008 -0.1000000015
    vertex 15.85511017 -1.80797863 -0.1000000015
    vertex 15.85511017 -1.80797863 0
  endloop
endfacet
facet normal 0.4052393566 -0.9142106233 0
  outer loop
    vertex 15.76536655 -1.847759008 -0.1000000015
    vertex 15.85511017 -1.80797863 0
    vertex 15.76536655 -1.847759008 0
  endloop
endfacet
facet normal 0.4496096477 -0.8932251478 0
  outer loop
    vertex 15.85511017 -1.80797863 -0.1000000015
    vertex 15.94279385 -1.763842583 -0.1000000015
    vertex 15.94279385 -1.763842583 0
  endloop
endfacet
facet normal 0.4496096477 -0.8932251478 0
  outer loop
    vertex 15.85511017 -1.80797863 -0.1000000015
    vertex 15.94279385 -1.763842583 0
    vertex 15.85511017 -1.80797863 0
  endloop
endfacet
facet normal 0.4928987084 -0.8700866987 0
  outer loop
    vertex 15.94279385 -1.763842583 -0.1000000015
    vertex 16.02820587 -1.715457201 -0.1000000015
    vertex 16.02820587 -1.715457201 0
  endloop
endfacet
facet normal 0.4928987084 -0.8700866987 0
  outer loop
    vertex 15.94279385 -1.763842583 -0.1000000015
    vertex 16.02820587 -1.715457201 0
    vertex 15.94279385 -1.763842583 0
  endloop
endfacet
facet normal 0.5349960898 -0.8448545342 0
  outer loop
    vertex 16.02820587 -1.715457201 -0.1000000015
    vertex 16.1111412 -1.662939191 0
    vertex 16.02820587 -1.715457201 0
  endloop
endfacet
facet normal 0.5349960898 -0.8448545342 0
  outer loop
    vertex 16.02820587 -1.715457201 -0.1000000015
    vertex 16.1111412 -1.662939191 -0.1000000015
    vertex 16.1111412 -1.662939191 0
  endloop
endfacet
facet normal 0.5758116507 -0.8175823768 0
  outer loop
    vertex 16.1111412 -1.662939191 -0.1000000015
    vertex 16.19139862 -1.606415033 0
    vertex 16.1111412 -1.662939191 0
  endloop
endfacet
facet normal 0.5758116507 -0.8175823768 0
  outer loop
    vertex 16.1111412 -1.662939191 -0.1000000015
    vertex 16.19139862 -1.606415033 -0.1000000015
    vertex 16.19139862 -1.606415033 0
  endloop
endfacet
facet normal 0.6152276916 -0.7883494704 0
  outer loop
    vertex 16.19139862 -1.606415033 -0.1000000015
    vertex 16.26878738 -1.546020865 0
    vertex 16.19139862 -1.606415033 0
  endloop
endfacet
facet normal 0.6152276916 -0.7883494704 0
  outer loop
    vertex 16.19139862 -1.606415033 -0.1000000015
    vertex 16.26878738 -1.546020865 -0.1000000015
    vertex 16.26878738 -1.546020865 0
  endloop
endfacet
facet normal 0.6531729456 -0.757208758 0
  outer loop
    vertex 16.26878738 -1.546020865 -0.1000000015
    vertex 16.34311867 -1.481902242 -0.1000000015
    vertex 16.34311867 -1.481902242 0
  endloop
endfacet
facet normal 0.6531729456 -0.757208758 0
  outer loop
    vertex 16.26878738 -1.546020865 -0.1000000015
    vertex 16.34311867 -1.481902242 0
    vertex 16.26878738 -1.546020865 0
  endloop
endfacet
facet normal 0.6895464242 -0.7242414852 0
  outer loop
    vertex 16.34311867 -1.481902242 -0.1000000015
    vertex 16.41421318 -1.414213538 -0.1000000015
    vertex 16.41421318 -1.414213538 0
  endloop
endfacet
facet normal 0.6895464242 -0.7242414852 0
  outer loop
    vertex 16.34311867 -1.481902242 -0.1000000015
    vertex 16.41421318 -1.414213538 0
    vertex 16.34311867 -1.481902242 0
  endloop
endfacet
facet normal -0 -0 -1
  outer loop
    vertex 14.70653915 -1.978353024 0
    vertex 20.77270699 -3.081340075 0
    vertex 14.60981941 -1.961570501 0
  endloop
endfacet
facet normal 0 0 -1
  outer loop
    vertex 14.70653915 -1.978353024 0
    vertex 14.80396557 -1.990369439 0
    vertex 20.77270699 -3.081340075 0
  endloop
endfacet
facet normal 0 0 -1
  outer loop
    vertex 14.80396557 -1.990369439 0
    vertex 14.90186501 -1.997590899 0
    vertex 20.77270699 -3.081340075 0
  endloop
endfacet
facet normal 0 0 -1
  outer loop
    vertex 14.90186501 -1.997590899 0
    vertex 15 -2 0
    vertex 20.77270699 -3.081340075 0
  endloop
endfacet
facet normal 0 0 -1
  outer loop
    vertex 15 -2 0
    vertex 15.09813499 -1.997590899 0
    vertex 20.77270699 -3.081340075 0
  endloop
endfacet
facet normal 0 0 -1
  outer loop
    vertex 15.09813499 -1.997590899 0
    vertex 15.19603443 -1.990369439 0
    vertex 20.77270699 -3.081340075 0
  endloop
endfacet
facet normal 0.7242406172 -0.6895473358 0
  outer loop
    vertex 16.41421318 -1.414213538 -0.1000000015
    vertex 16.48190308 -1.343117952 -0.1000000015
    vertex 16.48190308 -1.343117952 0
  endloop
endfacet
facet normal 0.7242406172 -0.6895473358 0
  outer loop
    vertex 16.41421318 -1.414213538 -0.1000000015
    vertex 16.48190308 -1.343117952 0
    vertex 16.41421318 -1.414213538 0
  endloop
endfacet
facet normal 0.7572152822 -0.6531653821 0
  outer loop
    vertex 16.48190308 -1.343117952 -0.1000000015
    vertex 16.54602051 -1.26878655 0
    vertex 16.48190308 -1.343117952 0
  endloop
endfacet
facet normal 0 0 -1
  outer loop
    vertex 16.1111412 -1.662939191 -0.1000000015
    vertex 15 0 -0.1000000015
    vertex 16.19139862 -1.606415033 -0.1000000015
  endloop
endfacet
facet normal 0 0 -1
  outer loop
    vertex 16.19139862 -1.606415033 -0.1000000015
    vertex 15 0 -0.1000000015
    vertex 16.26878738 -1.546020865 -0.1000000015
  endloop
endfacet
facet normal 0 0 -1
  outer loop
    vertex 16.26878738 -1.546020865 -0.1000000015
    vertex 15 0 -0.1000000015
    vertex 16.34311867 -1.481902242 -0.1000000015
  endloop
endfacet
facet normal 0 0 -1
  outer loop
    vertex 16.34311867 -1.481902242 -0.1000000015
    vertex 15 0 -0.1000000015
    vertex 16.41421318 -1.414213538 -0.1000000015
  endloop
endfacet
facet normal 0 0 -1
  outer loop
    vertex 16.41421318 -1.414213538 -0.1000000015
    vertex 15 0 -0.1000000015
    vertex 16.48190308 -1.343117952 -0.1000000015
  endloop
endfacet
facet normal 0 0 -1
  outer loop
    vertex 16.48190308 -1.343117952 -0.1000000015
    vertex 15 0 -0.1000000015
    vertex 16.54602051 -1.26878655 -0.1000000015
  endloop
endfacet
facet normal 0 0 -1
  outer loop
    vertex 16.54602051 -1.26878655 -0.1000000015
    vertex 15 0 -0.1000000015
    vertex 16.60641479 -1.191398621 -0.1000000015
  endloop
endfacet
facet normal 0 0 -1
  outer loop
    vertex 16.60641479 -1.191398621 -0.1000000015
    vertex 15 0 -0.1000000015
    vertex 16.66293907 -1.11114049 -0.1000000015
  endloop
endfacet
facet normal 0 0 -1
  outer loop
    vertex 16.66293907 -1.11114049 -0.1000000015
    vertex 15 0 -0.1000000015
    vertex 16.71545792 -1.028205514 -0.1000000015
  endloop
endfacet
facet normal 0 0 -1
  outer loop
    vertex 16.71545792 -1.028205514 -0.1000000015
    vertex 15 0 -0.1000000015
    vertex 16.76384163 -0.9427934885 -0.1000000015
  endloop
endfacet
facet normal 0 0 -1
  outer loop
    vertex 16.76384163 -0.9427934885 -0.1000000015
    vertex 15 0 -0.1000000015
    vertex 16.80797768 -0.8551101685 -0.1000000015
  endloop
endfacet
facet normal 0 0 -1
  outer loop
    vertex 16.80797768 -0.8551101685 -0.1000000015
    vertex 15 0 -0.1000000015
    vertex 16.84775925 -0.7653668523 -0.1000000015
  endloop
endfacet
facet normal 0 0 -1
  outer loop
    vertex 16.84775925 -0.7653668523 -0.1000000015
    vertex 15 0 -0.1000000015
    vertex 16.88308907 -0.673779726 -0.1000000015
  endloop
endfacet
facet normal 0 0 -1
  outer loop
    vertex 16.88308907 -0.673779726 -0.1000000015
    vertex 15 0 -0.1000000015
    vertex 16.9138813 -0.5805693269 -0.1000000015
  endloop
endfacet
facet normal 0 0 -1
  outer loop
    vertex 16.9138813 -0.5805693269 -0.1000000015
    vertex 15 0 -0.1000000015
    vertex 16.94006157 -0.4859603643 -0.1000000015
  endloop
endfacet
facet normal 0 0 -1
  outer loop
    vertex 16.94006157 -0.4859603643 -0.1000000015
    vertex 15 0 -0.1000000015
    vertex 16.96157074 -0.3901806474 -0.1000000015
  endloop
endfacet
facet normal 0 0 -1
  outer loop
    vertex 16.96157074 -0.3901806474 -0.1000000015
    vertex 15 0 -0.1000000015
    vertex 16.9783535 -0.2934609354 -0.1000000015
  endloop
endfacet
facet normal 0 0 -1
  outer loop
    vertex 16.9783535 -0.2934609354 -0.1000000015
    vertex 15 0 -0.1000000015
    vertex 16.9903698 -0.1960342824 -0.1000000015
  endloop
endfacet
facet normal 0 0 -1
  outer loop
    vertex 16.9903698 -0.1960342824 -0.1000000015
    vertex 15 0 -0.1000000015
    vertex 16.99759102 -0.09813535213 -0.1000000015
  endloop
endfacet
facet normal 0 0 -1
  outer loop
    vertex 16.99759102 -0.09813535213 -0.1000000015
    vertex 15 0 -0.1000000015
    vertex 17 0 -0.1000000015
  endloop
endfacet
facet normal 0.7572152822 -0.6531653821 0
  outer loop
    vertex 16.48190308 -1.343117952 -0.1000000015
    vertex 16.54602051 -1.26878655 -0.1000000015
    vertex 16.54602051 -1.26878655 0
  endloop
endfacet
facet normal 0.7883456639 -0.6152325693 0
  outer loop
    vertex 16.54602051 -1.26878655 -0.1000000015
    vertex 16.60641479 -1.191398621 0
    vertex 16.54602051 -1.26878655 0
  endloop
endfacet
facet normal 0.7883456639 -0.6152325693 0
  outer loop
    vertex 16.54602051 -1.26878655 -0.1000000015
    vertex 16.60641479 -1.191398621 -0.1000000015
    vertex 16.60641479 -1.191398621 0
  endloop
endfacet
facet normal 0.817584221 -0.5758090323 0
  outer loop
    vertex 16.60641479 -1.191398621 -0.1000000015
    vertex 16.66293907 -1.11114049 0
    vertex 16.60641479 -1.191398621 0
  endloop
endfacet
facet normal 0.817584221 -0.5758090323 0
  outer loop
    vertex 16.60641479 -1.191398621 -0.1000000015
    vertex 16.66293907 -1.11114049 -0.1000000015
    vertex 16.66293907 -1.11114049 0
  endloop
endfacet
facet normal 0.8448496492 -0.535003804 0
  outer loop
    vertex 16.66293907 -1.11114049 -0.1000000015
    vertex 16.71545792 -1.028205514 -0.1000000015
    vertex 16.71545792 -1.028205514 0
  endloop
endfacet
facet normal 0.8448496492 -0.535003804 0
  outer loop
    vertex 16.66293907 -1.11114049 -0.1000000015
    vertex 16.71545792 -1.028205514 0
    vertex 16.66293907 -1.11114049 0
  endloop
endfacet
facet normal 0.8700939899 -0.4928858374 0
  outer loop
    vertex 16.71545792 -1.028205514 -0.1000000015
    vertex 16.76384163 -0.9427934885 0
    vertex 16.71545792 -1.028205514 0
  endloop
endfacet
facet normal 0.8700939899 -0.4928858374 0
  outer loop
    vertex 16.71545792 -1.028205514 -0.1000000015
    vertex 16.76384163 -0.9427934885 -0.1000000015
    vertex 16.76384163 -0.9427934885 0
  endloop
endfacet
facet normal 0.8932244114 -0.4496111108 0
  outer loop
    vertex 16.76384163 -0.9427934885 -0.1000000015
    vertex 16.80797768 -0.8551101685 -0.1000000015
    vertex 16.80797768 -0.8551101685 0
  endloop
endfacet
facet normal 0.8932244114 -0.4496111108 0
  outer loop
    vertex 16.76384163 -0.9427934885 -0.1000000015
    vertex 16.80797768 -0.8551101685 0
    vertex 16.76384163 -0.9427934885 0
  endloop
endfacet
facet normal 0.9142056258 -0.4052506308 0
  outer loop
    vertex 16.80797768 -0.8551101685 -0.1000000015
    vertex 16.84775925 -0.7653668523 0
    vertex 16.80797768 -0.8551101685 0
  endloop
endfacet
facet normal 0.9142056258 -0.4052506308 0
  outer loop
    vertex 16.80797768 -0.8551101685 -0.1000000015
    vertex 16.84775925 -0.7653668523 -0.1000000015
    vertex 16.84775925 -0.7653668523 0
  endloop
endfacet
facet normal 0.93299018 -0.3599018255 0
  outer loop
    vertex 16.84775925 -0.7653668523 -0.1000000015
    vertex 16.88308907 -0.673779726 -0.1000000015
    vertex 16.88308907 -0.673779726 0
  endloop
endfacet
facet normal 0.93299018 -0.3599018255 0
  outer loop
    vertex 16.84775925 -0.7653668523 -0.1000000015
    vertex 16.88308907 -0.673779726 0
    vertex 16.84775925 -0.7653668523 0
  endloop
endfacet
facet normal 0.9495291523 -0.313678799 0
  outer loop
    vertex 16.88308907 -0.673779726 -0.1000000015
    vertex 16.9138813 -0.5805693269 0
    vertex 16.88308907 -0.673779726 0
  endloop
endfacet
facet normal 0.9495291523 -0.313678799 0
  outer loop
    vertex 16.88308907 -0.673779726 -0.1000000015
    vertex 16.9138813 -0.5805693269 -0.1000000015
    vertex 16.9138813 -0.5805693269 0
  endloop
endfacet
facet normal 0.9637801472 -0.2666980086 0
  outer loop
    vertex 16.9138813 -0.5805693269 -0.1000000015
    vertex 16.94006157 -0.4859603643 -0.1000000015
    vertex 16.94006157 -0.4859603643 0
  endloop
endfacet
facet normal 0.9637801472 -0.2666980086 0
  outer loop
    vertex 16.9138813 -0.5805693269 -0.1000000015
    vertex 16.94006157 -0.4859603643 0
    vertex 16.9138813 -0.5805693269 0
  endloop
endfacet
facet normal 0.9756997 -0.2191120615 0
  outer loop
    vertex 16.94006157 -0.4859603643 -0.1000000015
    vertex 16.96157074 -0.3901806474 -0.1000000015
    vertex 16.96157074 -0.3901806474 0
  endloop
endfacet
facet normal 0.9756997 -0.2191120615 0
  outer loop
    vertex 16.94006157 -0.4859603643 -0.1000000015
    vertex 16.96157074 -0.3901806474 0
    vertex 16.94006157 -0.4859603643 0
  endloop
endfacet
facet normal 0.9852771301 -0.1709648413 0
  outer loop
    vertex 16.96157074 -0.3901806474 -0.1000000015
    vertex 16.9783535 -0.2934609354 0
    vertex 16.96157074 -0.3901806474 0
  endloop
endfacet
facet normal 0.9852771301 -0.1709648413 0
  outer loop
    vertex 16.96157074 -0.3901806474 -0.1000000015
    vertex 16.9783535 -0.2934609354 -0.1000000015
    vertex 16.9783535 -0.2934609354 0
  endloop
endfacet
facet normal 0.9924797018 -0.1224093192 0
  outer loop
    vertex 16.9783535 -0.2934609354 -0.1000000015
    vertex 16.9903698 -0.1960342824 -0.1000000015
    vertex 16.9903698 -0.1960342824 0
  endloop
endfacet
facet normal 0.9924797018 -0.1224093192 0
  outer loop
    vertex 16.9783535 -0.2934609354 -0.1000000015
    vertex 16.9903698 -0.1960342824 0
    vertex 16.9783535 -0.2934609354 0
  endloop
endfacet
facet normal 0.9972906338 -0.07356216219 0
  outer loop
    vertex 16.9903698 -0.1960342824 -0.1000000015
    vertex 16.99759102 -0.09813535213 -0.1000000015
    vertex 16.99759102 -0.09813535213 0
  endloop
endfacet
facet normal 0.9996988453 -0.02454014578 0
  outer loop
    vertex 16.99759102 -0.09813535213 -0.1000000015
    vertex 17 0 -0.1000000015
    vertex 17 0 0
  endloop
endfacet
facet normal 0.9972906338 -0.07356216219 0
  outer loop
    vertex 16.9903698 -0.1960342824 -0.1000000015
    vertex 16.99759102 -0.09813535213 0
    vertex 16.9903698 -0.1960342824 0
  endloop
endfacet
facet normal 0.9996988453 -0.02454014578 0
  outer loop
    vertex 16.99759102 -0.09813535213 -0.1000000015
    vertex 17 0 0
    vertex 16.99759102 -0.09813535213 0
  endloop
endfacet
facet normal 0 0 -1
  outer loop
    vertex 15.19603443 -1.990369439 0
    vertex 15.29346085 -1.978353024 0
    vertex 20.77270699 -3.081340075 0
  endloop
endfacet
facet normal 0 0 -1
  outer loop
    vertex 15.29346085 -1.978353024 0
    vertex 15.39018059 -1.961570501 0
    vertex 20.77270699 -3.081340075 0
  endloop
endfacet
facet normal 0 0 -1
  outer loop
    vertex 15.39018059 -1.961570501 0
    vertex 15.48596001 -1.940062523 0
    vertex 20.77270699 -3.081340075 0
  endloop
endfacet
facet normal 0 0 -1
  outer loop
    vertex 15.48596001 -1.940062523 0
    vertex 15.58056927 -1.913880706 0
    vertex 20.77270699 -3.081340075 0
  endloop
endfacet
facet normal 0 0 -1
  outer loop
    vertex 15.58056927 -1.913880706 0
    vertex 15.67377949 -1.883088112 0
    vertex 20.77270699 -3.081340075 0
  endloop
endfacet
facet normal 0 0 -1
  outer loop
    vertex 15.67377949 -1.883088112 0
    vertex 15.76536655 -1.847759008 0
    vertex 20.77270699 -3.081340075 0
  endloop
endfacet
facet normal 0 0 -1
  outer loop
    vertex 15.76536655 -1.847759008 0
    vertex 15.85511017 -1.80797863 0
    vertex 20.77270699 -3.081340075 0
  endloop
endfacet
facet normal 0 0 -1
  outer loop
    vertex 15.85511017 -1.80797863 0
    vertex 15.94279385 -1.763842583 0
    vertex 20.77270699 -3.081340075 0
  endloop
endfacet
facet normal 0 0 -1
  outer loop
    vertex 15.94279385 -1.763842583 0
    vertex 16.02820587 -1.715457201 0
    vertex 20.77270699 -3.081340075 0
  endloop
endfacet
facet normal 0 0 -1
  outer loop
    vertex 16.02820587 -1.715457201 0
    vertex 16.1111412 -1.662939191 0
    vertex 20.77270699 -3.081340075 0
  endloop
endfacet
facet normal 0 0 -1
  outer loop
    vertex 16.1111412 -1.662939191 0
    vertex 16.19139862 -1.606415033 0
    vertex 20.77270699 -3.081340075 0
  endloop
endfacet
facet normal 0 0 -1
  outer loop
    vertex 16.19139862 -1.606415033 0
    vertex 16.26878738 -1.546020865 0
    vertex 20.77270699 -3.081340075 0
  endloop
endfacet
facet normal 0 0 -1
  outer loop
    vertex 16.26878738 -1.546020865 0
    vertex 16.34311867 -1.481902242 0
    vertex 20.89888 -2.058359861 0
  endloop
endfacet
facet normal 0 0 -1
  outer loop
    vertex 16.34311867 -1.481902242 0
    vertex 16.41421318 -1.414213538 0
    vertex 20.89888 -2.058359861 0
  endloop
endfacet
facet normal 0 0 -1
  outer loop
    vertex 16.41421318 -1.414213538 0
    vertex 16.48190308 -1.343117952 0
    vertex 20.89888 -2.058359861 0
  endloop
endfacet
facet normal 0 0 -1
  outer loop
    vertex 16.48190308 -1.343117952 0
    vertex 16.54602051 -1.26878655 0
    vertex 20.89888 -2.058359861 0
  endloop
endfacet
facet normal 0 0 -1
  outer loop
    vertex 16.54602051 -1.26878655 0
    vertex 16.60641479 -1.191398621 0
    vertex 20.89888 -2.058359861 0
  endloop
endfacet
facet normal 0 0 -1
  outer loop
    vertex 16.60641479 -1.191398621 0
    vertex 16.66293907 -1.11114049 0
    vertex 20.89888 -2.058359861 0
  endloop
endfacet
facet normal 0 0 -1
  outer loop
    vertex 16.66293907 -1.11114049 0
    vertex 16.71545792 -1.028205514 0
    vertex 20.89888 -2.058359861 0
  endloop
endfacet
facet normal 0 0 -1
  outer loop
    vertex 16.71545792 -1.028205514 0
    vertex 16.76384163 -0.9427934885 0
    vertex 20.89888 -2.058359861 0
  endloop
endfacet
facet normal 0 0 -1
  outer loop
    vertex 16.76384163 -0.9427934885 0
    vertex 16.80797768 -0.8551101685 0
    vertex 20.89888 -2.058359861 0
  endloop
endfacet
facet normal 0 0 -1
  outer loop
    vertex 16.80797768 -0.8551101685 0
    vertex 16.84775925 -0.7653668523 0
    vertex 20.89888 -2.058359861 0
  endloop
endfacet
facet normal 0 0 -1
  outer loop
    vertex 16.84775925 -0.7653668523 0
    vertex 16.88308907 -0.673779726 0
    vertex 20.97470474 -1.030421138 0
  endloop
endfacet
facet normal 0 0 -1
  outer loop
    vertex 16.88308907 -0.673779726 0
    vertex 16.9138813 -0.5805693269 0
    vertex 20.97470474 -1.030421138 0
  endloop
endfacet
facet normal 0 0 -1
  outer loop
    vertex 16.9138813 -0.5805693269 0
    vertex 16.94006157 -0.4859603643 0
    vertex 20.97470474 -1.030421138 0
  endloop
endfacet
facet normal 0 0 -1
  outer loop
    vertex 16.94006157 -0.4859603643 0
    vertex 16.96157074 -0.3901806474 0
    vertex 20.97470474 -1.030421138 0
  endloop
endfacet
facet normal 0 0 -1
  outer loop
    vertex 16.96157074 -0.3901806474 0
    vertex 16.9783535 -0.2934609354 0
    vertex 20.97470474 -1.030421138 0
  endloop
endfacet
facet normal 0 0 -1
  outer loop
    vertex 16.9783535 -0.2934609354 0
    vertex 16.9903698 -0.1960342824 0
    vertex 20.97470474 -1.030421138 0
  endloop
endfacet
facet normal 0 0 -1
  outer loop
    vertex 16.9903698 -0.1960342824 0
    vertex 16.99759102 -0.09813535213 0
    vertex 20.97470474 -1.030421138 0
  endloop
endfacet
facet normal 0 0 -1
  outer loop
    vertex 16.99759102 -0.09813535213 0
    vertex 17 0 0
    vertex 21 0 0
  endloop
endfacet
facet normal 0.9757022811 -0.2191005676 0
  outer loop
    vertex 20.37065697 -5.102583885 0
    vertex 20.59649086 -4.096896648 0
    vertex 20.37065697 -5.102583885 4
  endloop
endfacet
facet normal 0.9852775862 -0.1709622125 0
  outer loop
    vertex 20.59649086 -4.096896648 0
    vertex 20.77270699 -3.081340075 0
    vertex 20.59649086 -4.096896648 4
  endloop
endfacet
facet normal 0.9924794822 -0.1224110998 0
  outer loop
    vertex 20.77270699 -3.081340075 0
    vertex 20.89888 -2.058359861 0
    vertex 20.77270699 -3.081340075 4
  endloop
endfacet
facet normal 0 -0 -1
  outer loop
    vertex 16.26878738 -1.546020865 0
    vertex 20.89888 -2.058359861 0
    vertex 20.77270699 -3.081340075 0
  endloop
endfacet
facet normal 0 -0 -1
  outer loop
    vertex 16.84775925 -0.7653668523 0
    vertex 20.97470474 -1.030421138 0
    vertex 20.89888 -2.058359861 0
  endloop
endfacet
facet normal 0 -0 -1
  outer loop
    vertex 16.99759102 -0.09813535213 0
    vertex 21 0 0
    vertex 20.97470474 -1.030421138 0
  endloop
endfacet
facet normal 0.9972904978 -0.07356400583 0
  outer loop
    vertex 20.89888 -2.058359861 0
    vertex 20.97470474 -1.030421138 0
    vertex 20.89888 -2.058359861 4
  endloop
endfacet
facet normal 0.9996988225 -0.02454107188 0
  outer loop
    vertex 20.97470474 -1.030421138 0
    vertex 21 0 0
    vertex 20.97470474 -1.030421138 4
  endloop
endfacet
facet normal 0.9757022811 -0.2191005676 0
  outer loop
    vertex 20.59649086 -4.096896648 0
    vertex 20.59649086 -4.096896648 4
    vertex 20.37065697 -5.102583885 4
  endloop
endfacet
facet normal 0.9852775862 -0.1709622125 0
  outer loop
    vertex 20.77270699 -3.081340075 0
    vertex 20.77270699 -3.081340075 4
    vertex 20.59649086 -4.096896648 4
  endloop
endfacet
facet normal 0.9924794822 -0.1224110998 0
  outer loop
    vertex 20.89888 -2.058359861 0
    vertex 20.89888 -2.058359861 4
    vertex 20.77270699 -3.081340075 4
  endloop
endfacet
facet normal 0.9972904978 -0.07356400583 0
  outer loop
    vertex 20.97470474 -1.030421138 0
    vertex 20.97470474 -1.030421138 4
    vertex 20.89888 -2.058359861 4
  endloop
endfacet
facet normal 0.9996988225 -0.02454107188 0
  outer loop
    vertex 20.97470474 -1.030421138 4
    vertex 21 0 0
    vertex 21 0 4
  endloop
endfacet
facet normal -0 0 1
  outer loop
    vertex 1.767766953 -1.767766953 4
    vertex 14.84924221 -14.84924221 4
    vertex 15.55997372 -14.10273838 4
  endloop
endfacet
facet normal -0 0 1
  outer loop
    vertex 1.852377772 -1.678897381 4
    vertex 15.55997372 -14.10273838 4
    vertex 16.23321915 -13.32225895 4
  endloop
endfacet
facet normal -0 0 1
  outer loop
    vertex 1.932526112 -1.585983157 4
    vertex 16.23321915 -13.32225895 4
    vertex 16.86735725 -12.50968552 4
  endloop
endfacet
facet normal -0 0 1
  outer loop
    vertex 2.008018732 -1.489248276 4
    vertex 16.86735725 -12.50968552 4
    vertex 17.46086121 -11.66697502 4
  endloop
endfacet
facet normal -0 0 1
  outer loop
    vertex 2.078674078 -1.388925552 4
    vertex 17.46086121 -11.66697502 4
    vertex 18.01230049 -10.79615784 4
  endloop
endfacet
facet normal -0 0 1
  outer loop
    vertex 2.144321442 -1.285256863 4
    vertex 18.01230049 -10.79615784 4
    vertex 18.52034569 -9.899331093 4
  endloop
endfacet
facet normal -0 0 1
  outer loop
    vertex 2.204803228 -1.178491831 4
    vertex 18.52034569 -9.899331093 4
    vertex 18.98377609 -8.978656769 4
  endloop
endfacet
facet normal -0 0 1
  outer loop
    vertex 2.259973288 -1.068887711 4
    vertex 18.98377609 -8.978656769 4
    vertex 19.40147018 -8.036352158 4
  endloop
endfacet
facet normal -0 0 1
  outer loop
    vertex 2.30969882 -0.9567086101 4
    vertex 19.40147018 -8.036352158 4
    vertex 19.7724247 -7.074687004 4
  endloop
endfacet
facet normal -0 -0 1
  outer loop
    vertex 2.487961769 -0.2450428456 4
    vertex 14.60981941 -1.961570501 4
    vertex 14.51403999 -1.940062523 4
  endloop
endfacet
facet normal -0 -0 1
  outer loop
    vertex 2.487961769 -0.2450428456 4
    vertex 20.77270699 -3.081340075 4
    vertex 14.60981941 -1.961570501 4
  endloop
endfacet
facet normal -0 0 1
  outer loop
    vertex 2.35386014 -0.8422246575 4
    vertex 19.7724247 -7.074687004 4
    vertex 20.09574699 -6.09597826 4
  endloop
endfacet
facet normal -0 0 1
  outer loop
    vertex 2.392350912 -0.7257117033 4
    vertex 20.09574699 -6.09597826 4
    vertex 20.37065697 -5.102583885 4
  endloop
endfacet
facet normal -0 0 1
  outer loop
    vertex 2.425078154 -0.6074504256 4
    vertex 20.37065697 -5.102583885 4
    vertex 20.59649086 -4.096896648 4
  endloop
endfacet
facet normal -0 0 1
  outer loop
    vertex 2.451963186 -0.4877257943 4
    vertex 20.59649086 -4.096896648 4
    vertex 20.77270699 -3.081340075 4
  endloop
endfacet
facet normal 0 0 1
  outer loop
    vertex 14.70653915 -1.978353024 4
    vertex 14.60981941 -1.961570501 4
    vertex 20.77270699 -3.081340075 4
  endloop
endfacet
facet normal -0 -0 1
  outer loop
    vertex 14.70653915 -1.978353024 4
    vertex 20.77270699 -3.081340075 4
    vertex 14.80396557 -1.990369439 4
  endloop
endfacet
facet normal -0 -0 1
  outer loop
    vertex 14.80396557 -1.990369439 4
    vertex 20.77270699 -3.081340075 4
    vertex 14.90186501 -1.997590899 4
  endloop
endfacet
facet normal -0 -0 1
  outer loop
    vertex 14.90186501 -1.997590899 4
    vertex 20.77270699 -3.081340075 4
    vertex 15 -2 4
  endloop
endfacet
facet normal -0 -0 1
  outer loop
    vertex 15 -2 4
    vertex 20.77270699 -3.081340075 4
    vertex 15.09813499 -1.997590899 4
  endloop
endfacet
facet normal -0 -0 1
  outer loop
    vertex 15.09813499 -1.997590899 4
    vertex 20.77270699 -3.081340075 4
    vertex 15.19603443 -1.990369439 4
  endloop
endfacet
facet normal -0 -0 1
  outer loop
    vertex 15.19603443 -1.990369439 4
    vertex 20.77270699 -3.081340075 4
    vertex 15.29346085 -1.978353024 4
  endloop
endfacet
facet normal -0 -0 1
  outer loop
    vertex 15.29346085 -1.978353024 4
    vertex 20.77270699 -3.081340075 4
    vertex 15.39018059 -1.961570501 4
  endloop
endfacet
facet normal -0 -0 1
  outer loop
    vertex 15.39018059 -1.961570501 4
    vertex 20.77270699 -3.081340075 4
    vertex 15.48596001 -1.940062523 4
  endloop
endfacet
facet normal -0 -0 1
  outer loop
    vertex 15.48596001 -1.940062523 4
    vertex 20.77270699 -3.081340075 4
    vertex 15.58056927 -1.913880706 4
  endloop
endfacet
facet normal -0 -0 1
  outer loop
    vertex 15.58056927 -1.913880706 4
    vertex 20.77270699 -3.081340075 4
    vertex 15.67377949 -1.883088112 4
  endloop
endfacet
facet normal -0 -0 1
  outer loop
    vertex 15.67377949 -1.883088112 4
    vertex 20.77270699 -3.081340075 4
    vertex 15.76536655 -1.847759008 4
  endloop
endfacet
facet normal -0 -0 1
  outer loop
    vertex 15.76536655 -1.847759008 4
    vertex 20.77270699 -3.081340075 4
    vertex 15.85511017 -1.80797863 4
  endloop
endfacet
facet normal -0 -0 1
  outer loop
    vertex 15.85511017 -1.80797863 4
    vertex 20.77270699 -3.081340075 4
    vertex 15.94279385 -1.763842583 4
  endloop
endfacet
facet normal -0 -0 1
  outer loop
    vertex 15.94279385 -1.763842583 4
    vertex 20.77270699 -3.081340075 4
    vertex 16.02820587 -1.715457201 4
  endloop
endfacet
facet normal -0 -0 1
  outer loop
    vertex 16.02820587 -1.715457201 4
    vertex 20.77270699 -3.081340075 4
    vertex 16.1111412 -1.662939191 4
  endloop
endfacet
facet normal -0 -0 1
  outer loop
    vertex 16.1111412 -1.662939191 4
    vertex 20.77270699 -3.081340075 4
    vertex 16.19139862 -1.606415033 4
  endloop
endfacet
facet normal -0 -0 1
  outer loop
    vertex 16.19139862 -1.606415033 4
    vertex 20.89888 -2.058359861 4
    vertex 16.26878738 -1.546020865 4
  endloop
endfacet
facet normal -0 -0 1
  outer loop
    vertex 16.26878738 -1.546020865 4
    vertex 20.89888 -2.058359861 4
    vertex 16.34311867 -1.481902242 4
  endloop
endfacet
facet normal -0 -0 1
  outer loop
    vertex 16.34311867 -1.481902242 4
    vertex 20.89888 -2.058359861 4
    vertex 16.41421318 -1.414213538 4
  endloop
endfacet
facet normal -0 -0 1
  outer loop
    vertex 16.41421318 -1.414213538 4
    vertex 20.89888 -2.058359861 4
    vertex 16.48190308 -1.343117952 4
  endloop
endfacet
facet normal -0 -0 1
  outer loop
    vertex 16.48190308 -1.343117952 4
    vertex 20.89888 -2.058359861 4
    vertex 16.54602051 -1.26878655 4
  endloop
endfacet
facet normal -0 -0 1
  outer loop
    vertex 16.54602051 -1.26878655 4
    vertex 20.89888 -2.058359861 4
    vertex 16.60641479 -1.191398621 4
  endloop
endfacet
facet normal -0 -0 1
  outer loop
    vertex 16.60641479 -1.191398621 4
    vertex 20.89888 -2.058359861 4
    vertex 16.66293907 -1.11114049 4
  endloop
endfacet
facet normal -0 -0 1
  outer loop
    vertex 16.66293907 -1.11114049 4
    vertex 20.89888 -2.058359861 4
    vertex 16.71545792 -1.028205514 4
  endloop
endfacet
facet normal -0 -0 1
  outer loop
    vertex 16.71545792 -1.028205514 4
    vertex 20.89888 -2.058359861 4
    vertex 16.76384163 -0.9427934885 4
  endloop
endfacet
facet normal -0 -0 1
  outer loop
    vertex 16.76384163 -0.9427934885 4
    vertex 20.89888 -2.058359861 4
    vertex 16.80797768 -0.8551101685 4
  endloop
endfacet
facet normal -0 -0 1
  outer loop
    vertex 16.80797768 -0.8551101685 4
    vertex 20.97470474 -1.030421138 4
    vertex 16.84775925 -0.7653668523 4
  endloop
endfacet
facet normal -0 -0 1
  outer loop
    vertex 16.84775925 -0.7653668523 4
    vertex 20.97470474 -1.030421138 4
    vertex 16.88308907 -0.673779726 4
  endloop
endfacet
facet normal -0 -0 1
  outer loop
    vertex 16.88308907 -0.673779726 4
    vertex 20.97470474 -1.030421138 4
    vertex 16.9138813 -0.5805693269 4
  endloop
endfacet
facet normal -0 -0 1
  outer loop
    vertex 16.9138813 -0.5805693269 4
    vertex 20.97470474 -1.030421138 4
    vertex 16.94006157 -0.4859603643 4
  endloop
endfacet
facet normal -0 -0 1
  outer loop
    vertex 16.94006157 -0.4859603643 4
    vertex 20.97470474 -1.030421138 4
    vertex 16.96157074 -0.3901806474 4
  endloop
endfacet
facet normal -0 -0 1
  outer loop
    vertex 16.96157074 -0.3901806474 4
    vertex 20.97470474 -1.030421138 4
    vertex 16.9783535 -0.2934609354 4
  endloop
endfacet
facet normal -0 -0 1
  outer loop
    vertex 16.9783535 -0.2934609354 4
    vertex 20.97470474 -1.030421138 4
    vertex 16.9903698 -0.1960342824 4
  endloop
endfacet
facet normal -0 -0 1
  outer loop
    vertex 16.9903698 -0.1960342824 4
    vertex 20.97470474 -1.030421138 4
    vertex 16.99759102 -0.09813535213 4
  endloop
endfacet
facet normal 0 -0 1
  outer loop
    vertex 16.99759102 -0.09813535213 4
    vertex 21 0 4
    vertex 17 0 4
  endloop
endfacet
facet normal -0 0 1
  outer loop
    vertex 16.19139862 -1.606415033 4
    vertex 20.77270699 -3.081340075 4
    vertex 20.89888 -2.058359861 4
  endloop
endfacet
facet normal -0 0 1
  outer loop
    vertex 16.80797768 -0.8551101685 4
    vertex 20.89888 -2.058359861 4
    vertex 20.97470474 -1.030421138 4
  endloop
endfacet
facet normal -0 0 1
  outer loop
    vertex 16.99759102 -0.09813535213 4
    vertex 20.97470474 -1.030421138 4
    vertex 21 0 4
  endloop
endfacet
facet normal -0.9495291523 -0.313678799 0
  outer loop
    vertex 13.11691189 -0.673779726 4
    vertex 13.11691189 -0.673779726 14.10000038
    vertex 13.08611965 -0.5805693269 4
  endloop
endfacet
facet normal -0.9637751528 -0.2667160566 0
  outer loop
    vertex 13.08611965 -0.5805693269 4
    vertex 13.08611965 -0.5805693269 14.10000038
    vertex 13.05993748 -0.4859603643 4
  endloop
endfacet
facet normal -0.9852787665 -0.1709554102 0
  outer loop
    vertex 13.03842926 -0.3901806474 4
    vertex 13.03842926 -0.3901806474 14.10000038
    vertex 13.02164745 -0.2934609354 4
  endloop
endfacet
facet normal -0.9757017769 -0.2191028129 0
  outer loop
    vertex 13.03842926 -0.3901806474 4
    vertex 13.05993748 -0.4859603643 4
    vertex 13.05993748 -0.4859603643 14.10000038
  endloop
endfacet
facet normal -0.9924785215 -0.1224188886 0
  outer loop
    vertex 13.02164745 -0.2934609354 4
    vertex 13.02164745 -0.2934609354 14.10000038
    vertex 13.0096302 -0.1960342824 4
  endloop
endfacet
facet normal -0.9972906338 -0.07356216219 0
  outer loop
    vertex 13.0096302 -0.1960342824 4
    vertex 13.0096302 -0.1960342824 14.10000038
    vertex 13.00240898 -0.09813535213 4
  endloop
endfacet
facet normal -0.9996988453 -0.02454014578 0
  outer loop
    vertex 13.00240898 -0.09813535213 4
    vertex 13.00240898 -0.09813535213 14.10000038
    vertex 13 2.449293705e-16 4
  endloop
endfacet
facet normal -0.7572104773 -0.6531709524 0
  outer loop
    vertex 13.51809788 -1.343117952 4
    vertex 13.51809788 -1.343117952 14.10000038
    vertex 13.45397949 -1.26878655 4
  endloop
endfacet
facet normal -0.7242454689 -0.68954224 0
  outer loop
    vertex 13.51809788 -1.343117952 4
    vertex 13.58578682 -1.414213538 4
    vertex 13.58578682 -1.414213538 14.10000038
  endloop
endfacet
facet normal -0.6531729456 -0.757208758 0
  outer loop
    vertex 13.65688229 -1.481902242 4
    vertex 13.73121357 -1.546020865 4
    vertex 13.73121357 -1.546020865 14.10000038
  endloop
endfacet
facet normal -0.6895415725 -0.7242461044 0
  outer loop
    vertex 13.58578682 -1.414213538 4
    vertex 13.65688229 -1.481902242 4
    vertex 13.65688229 -1.481902242 14.10000038
  endloop
endfacet
facet normal -0.5758070771 -0.8175855979 0
  outer loop
    vertex 13.88885975 -1.662939191 4
    vertex 13.88885975 -1.662939191 14.10000038
    vertex 13.80860138 -1.606415033 4
  endloop
endfacet
facet normal -0.5350004809 -0.8448517535 0
  outer loop
    vertex 13.88885975 -1.662939191 4
    vertex 13.97179413 -1.715457201 4
    vertex 13.97179413 -1.715457201 14.10000038
  endloop
endfacet
facet normal -0.4928987084 -0.8700866987 0
  outer loop
    vertex 13.97179413 -1.715457201 4
    vertex 14.05720615 -1.763842583 4
    vertex 14.05720615 -1.763842583 14.10000038
  endloop
endfacet
facet normal -0.6152324035 -0.7883457932 0
  outer loop
    vertex 13.73121357 -1.546020865 4
    vertex 13.80860138 -1.606415033 4
    vertex 13.80860138 -1.606415033 14.10000038
  endloop
endfacet
facet normal -0.4052393566 -0.9142106233 0
  outer loop
    vertex 14.14488983 -1.80797863 4
    vertex 14.23463345 -1.847759008 4
    vertex 14.23463345 -1.847759008 14.10000038
  endloop
endfacet
facet normal -0.4496096477 -0.8932251478 0
  outer loop
    vertex 14.05720615 -1.763842583 4
    vertex 14.14488983 -1.80797863 4
    vertex 14.14488983 -1.80797863 14.10000038
  endloop
endfacet
facet normal -0.3598956869 -0.932992548 0
  outer loop
    vertex 14.23463345 -1.847759008 4
    vertex 14.32622051 -1.883088112 4
    vertex 14.32622051 -1.883088112 14.10000038
  endloop
endfacet
facet normal -0.3136826262 -0.949527888 0
  outer loop
    vertex 14.32622051 -1.883088112 4
    vertex 14.41943073 -1.913880706 4
    vertex 14.41943073 -1.913880706 14.10000038
  endloop
endfacet
facet normal -0.8700856571 -0.4929005471 0
  outer loop
    vertex 13.28454304 -1.028205514 4
    vertex 13.28454304 -1.028205514 14.10000038
    vertex 13.23615742 -0.9427934885 4
  endloop
endfacet
facet normal -0.7883456639 -0.6152325693 0
  outer loop
    vertex 13.39358521 -1.191398621 4
    vertex 13.45397949 -1.26878655 4
    vertex 13.45397949 -1.26878655 14.10000038
  endloop
endfacet
facet normal -0.817584221 -0.5758090323 0
  outer loop
    vertex 13.39358521 -1.191398621 4
    vertex 13.39358521 -1.191398621 14.10000038
    vertex 13.33706093 -1.11114049 4
  endloop
endfacet
facet normal -0.8448540403 -0.5349968696 0
  outer loop
    vertex 13.28454304 -1.028205514 4
    vertex 13.33706093 -1.11114049 4
    vertex 13.33706093 -1.11114049 14.10000038
  endloop
endfacet
facet normal -0.914209225 -0.4052425113 0
  outer loop
    vertex 13.19202137 -0.8551101685 4
    vertex 13.19202137 -0.8551101685 14.10000038
    vertex 13.15224075 -0.7653668523 4
  endloop
endfacet
facet normal -0.8932244114 -0.4496111108 0
  outer loop
    vertex 13.19202137 -0.8551101685 4
    vertex 13.23615742 -0.9427934885 4
    vertex 13.23615742 -0.9427934885 14.10000038
  endloop
endfacet
facet normal -0.9329934421 -0.3598933688 0
  outer loop
    vertex 13.11691189 -0.673779726 4
    vertex 13.15224075 -0.7653668523 4
    vertex 13.15224075 -0.7653668523 14.10000038
  endloop
endfacet
facet normal -0.1709624324 -0.9852775481 0
  outer loop
    vertex 14.70653915 -1.978353024 4
    vertex 14.70653915 -1.978353024 14.10000038
    vertex 14.60981941 -1.961570501 4
  endloop
endfacet
facet normal -0.1224108105 -0.9924795179 0
  outer loop
    vertex 14.70653915 -1.978353024 4
    vertex 14.80396557 -1.990369439 4
    vertex 14.80396557 -1.990369439 14.10000038
  endloop
endfacet
facet normal -0.07356419915 -0.9972904836 0
  outer loop
    vertex 14.80396557 -1.990369439 4
    vertex 14.90186501 -1.997590899 4
    vertex 14.90186501 -1.997590899 14.10000038
  endloop
endfacet
facet normal -0.0245414488 -0.9996988133 0
  outer loop
    vertex 14.90186501 -1.997590899 4
    vertex 15 -2 4
    vertex 15 -2 14.10000038
  endloop
endfacet
facet normal 0.0245414488 -0.9996988133 0
  outer loop
    vertex 15 -2 4
    vertex 15.09813499 -1.997590899 4
    vertex 15.09813499 -1.997590899 14.10000038
  endloop
endfacet
facet normal -0.2667118922 -0.9637763052 0
  outer loop
    vertex 14.41943073 -1.913880706 4
    vertex 14.51403999 -1.940062523 4
    vertex 14.51403999 -1.940062523 14.10000038
  endloop
endfacet
facet normal -0.2191011497 -0.9757021503 0
  outer loop
    vertex 14.51403999 -1.940062523 4
    vertex 14.60981941 -1.961570501 4
    vertex 14.60981941 -1.961570501 14.10000038
  endloop
endfacet
facet normal 0.07356419915 -0.9972904836 0
  outer loop
    vertex 15.09813499 -1.997590899 4
    vertex 15.19603443 -1.990369439 4
    vertex 15.19603443 -1.990369439 14.10000038
  endloop
endfacet
facet normal 0.1224108105 -0.9924795179 0
  outer loop
    vertex 15.19603443 -1.990369439 4
    vertex 15.29346085 -1.978353024 4
    vertex 15.29346085 -1.978353024 14.10000038
  endloop
endfacet
facet normal 0.1709624324 -0.9852775481 0
  outer loop
    vertex 15.29346085 -1.978353024 4
    vertex 15.39018059 -1.961570501 4
    vertex 15.39018059 -1.961570501 14.10000038
  endloop
endfacet
facet normal 0.2191011497 -0.9757021503 0
  outer loop
    vertex 15.39018059 -1.961570501 4
    vertex 15.48596001 -1.940062523 4
    vertex 15.48596001 -1.940062523 14.10000038
  endloop
endfacet
facet normal 0.2667118922 -0.9637763052 0
  outer loop
    vertex 15.48596001 -1.940062523 4
    vertex 15.58056927 -1.913880706 4
    vertex 15.58056927 -1.913880706 14.10000038
  endloop
endfacet
facet normal 0.3136826262 -0.949527888 0
  outer loop
    vertex 15.58056927 -1.913880706 4
    vertex 15.67377949 -1.883088112 4
    vertex 15.67377949 -1.883088112 14.10000038
  endloop
endfacet
facet normal 0.3598956869 -0.932992548 0
  outer loop
    vertex 15.67377949 -1.883088112 4
    vertex 15.76536655 -1.847759008 4
    vertex 15.76536655 -1.847759008 14.10000038
  endloop
endfacet
facet normal 0.4052393566 -0.9142106233 0
  outer loop
    vertex 15.76536655 -1.847759008 4
    vertex 15.85511017 -1.80797863 4
    vertex 15.85511017 -1.80797863 14.10000038
  endloop
endfacet
facet normal 0.4496096477 -0.8932251478 0
  outer loop
    vertex 15.85511017 -1.80797863 4
    vertex 15.94279385 -1.763842583 4
    vertex 15.94279385 -1.763842583 14.10000038
  endloop
endfacet
facet normal 0.4928987084 -0.8700866987 0
  outer loop
    vertex 15.94279385 -1.763842583 4
    vertex 16.02820587 -1.715457201 4
    vertex 16.02820587 -1.715457201 14.10000038
  endloop
endfacet
facet normal 0.5349960898 -0.8448545342 0
  outer loop
    vertex 16.02820587 -1.715457201 4
    vertex 16.1111412 -1.662939191 4
    vertex 16.1111412 -1.662939191 14.10000038
  endloop
endfacet
facet normal 0.5758116507 -0.8175823768 0
  outer loop
    vertex 16.1111412 -1.662939191 4
    vertex 16.19139862 -1.606415033 4
    vertex 16.19139862 -1.606415033 14.10000038
  endloop
endfacet
facet normal 0.6152276916 -0.7883494704 0
  outer loop
    vertex 16.19139862 -1.606415033 4
    vertex 16.26878738 -1.546020865 4
    vertex 16.26878738 -1.546020865 14.10000038
  endloop
endfacet
facet normal 0.6531729456 -0.757208758 0
  outer loop
    vertex 16.26878738 -1.546020865 4
    vertex 16.34311867 -1.481902242 4
    vertex 16.34311867 -1.481902242 14.10000038
  endloop
endfacet
facet normal 0.6895464242 -0.7242414852 0
  outer loop
    vertex 16.34311867 -1.481902242 4
    vertex 16.41421318 -1.414213538 4
    vertex 16.41421318 -1.414213538 14.10000038
  endloop
endfacet
facet normal 0.7242406172 -0.6895473358 0
  outer loop
    vertex 16.41421318 -1.414213538 4
    vertex 16.48190308 -1.343117952 4
    vertex 16.48190308 -1.343117952 14.10000038
  endloop
endfacet
facet normal 0.7572152822 -0.6531653821 0
  outer loop
    vertex 16.48190308 -1.343117952 4
    vertex 16.54602051 -1.26878655 4
    vertex 16.54602051 -1.26878655 14.10000038
  endloop
endfacet
facet normal 0.7883456639 -0.6152325693 0
  outer loop
    vertex 16.54602051 -1.26878655 4
    vertex 16.60641479 -1.191398621 4
    vertex 16.60641479 -1.191398621 14.10000038
  endloop
endfacet
facet normal 0.817584221 -0.5758090323 0
  outer loop
    vertex 16.60641479 -1.191398621 4
    vertex 16.66293907 -1.11114049 4
    vertex 16.66293907 -1.11114049 14.10000038
  endloop
endfacet
facet normal 0.8448496492 -0.535003804 0
  outer loop
    vertex 16.66293907 -1.11114049 4
    vertex 16.71545792 -1.028205514 4
    vertex 16.71545792 -1.028205514 14.10000038
  endloop
endfacet
facet normal 0.8700939899 -0.4928858374 0
  outer loop
    vertex 16.71545792 -1.028205514 4
    vertex 16.76384163 -0.9427934885 4
    vertex 16.76384163 -0.9427934885 14.10000038
  endloop
endfacet
facet normal 0.8932244114 -0.4496111108 0
  outer loop
    vertex 16.76384163 -0.9427934885 4
    vertex 16.80797768 -0.8551101685 4
    vertex 16.80797768 -0.8551101685 14.10000038
  endloop
endfacet
facet normal 0.9142056258 -0.4052506308 0
  outer loop
    vertex 16.80797768 -0.8551101685 4
    vertex 16.84775925 -0.7653668523 4
    vertex 16.84775925 -0.7653668523 14.10000038
  endloop
endfacet
facet normal 0.93299018 -0.3599018255 0
  outer loop
    vertex 16.84775925 -0.7653668523 4
    vertex 16.88308907 -0.673779726 4
    vertex 16.88308907 -0.673779726 14.10000038
  endloop
endfacet
facet normal 0.9495291523 -0.313678799 0
  outer loop
    vertex 16.88308907 -0.673779726 4
    vertex 16.9138813 -0.5805693269 4
    vertex 16.9138813 -0.5805693269 14.10000038
  endloop
endfacet
facet normal 0.9637801472 -0.2666980086 0
  outer loop
    vertex 16.9138813 -0.5805693269 4
    vertex 16.94006157 -0.4859603643 4
    vertex 16.94006157 -0.4859603643 14.10000038
  endloop
endfacet
facet normal 0.9756997 -0.2191120615 0
  outer loop
    vertex 16.94006157 -0.4859603643 4
    vertex 16.96157074 -0.3901806474 4
    vertex 16.96157074 -0.3901806474 14.10000038
  endloop
endfacet
facet normal 0.9852771301 -0.1709648413 0
  outer loop
    vertex 16.96157074 -0.3901806474 4
    vertex 16.9783535 -0.2934609354 4
    vertex 16.9783535 -0.2934609354 14.10000038
  endloop
endfacet
facet normal 0.9924797018 -0.1224093192 0
  outer loop
    vertex 16.9783535 -0.2934609354 4
    vertex 16.9903698 -0.1960342824 4
    vertex 16.9903698 -0.1960342824 14.10000038
  endloop
endfacet
facet normal 0.9972906338 -0.07356216219 0
  outer loop
    vertex 16.9903698 -0.1960342824 4
    vertex 16.99759102 -0.09813535213 4
    vertex 16.99759102 -0.09813535213 14.10000038
  endloop
endfacet
facet normal 0.9996988453 -0.02454014578 0
  outer loop
    vertex 16.99759102 -0.09813535213 4
    vertex 17 0 4
    vertex 17 0 14.10000038
  endloop
endfacet
facet normal -0.9495291523 -0.313678799 0
  outer loop
    vertex 13.08611965 -0.5805693269 4
    vertex 13.11691189 -0.673779726 14.10000038
    vertex 13.08611965 -0.5805693269 14.10000038
  endloop
endfacet
facet normal -0.9637751528 -0.2667160566 0
  outer loop
    vertex 13.05993748 -0.4859603643 4
    vertex 13.08611965 -0.5805693269 14.10000038
    vertex 13.05993748 -0.4859603643 14.10000038
  endloop
endfacet
facet normal -0.9757017769 -0.2191028129 0
  outer loop
    vertex 13.03842926 -0.3901806474 4
    vertex 13.05993748 -0.4859603643 14.10000038
    vertex 13.03842926 -0.3901806474 14.10000038
  endloop
endfacet
facet normal -0.9852787665 -0.1709554102 0
  outer loop
    vertex 13.02164745 -0.2934609354 4
    vertex 13.03842926 -0.3901806474 14.10000038
    vertex 13.02164745 -0.2934609354 14.10000038
  endloop
endfacet
facet normal -0.9924785215 -0.1224188886 0
  outer loop
    vertex 13.0096302 -0.1960342824 4
    vertex 13.02164745 -0.2934609354 14.10000038
    vertex 13.0096302 -0.1960342824 14.10000038
  endloop
endfacet
facet normal -0.9972906338 -0.07356216219 0
  outer loop
    vertex 13.00240898 -0.09813535213 4
    vertex 13.0096302 -0.1960342824 14.10000038
    vertex 13.00240898 -0.09813535213 14.10000038
  endloop
endfacet
facet normal -0.9996988453 -0.02454014578 -0
  outer loop
    vertex 13.00240898 -0.09813535213 14.10000038
    vertex 13 2.449293705e-16 14.10000038
    vertex 13 2.449293705e-16 4
  endloop
endfacet
facet normal -0.6895415725 -0.7242461044 0
  outer loop
    vertex 13.58578682 -1.414213538 4
    vertex 13.65688229 -1.481902242 14.10000038
    vertex 13.58578682 -1.414213538 14.10000038
  endloop
endfacet
facet normal -0.7242454689 -0.68954224 0
  outer loop
    vertex 13.51809788 -1.343117952 4
    vertex 13.58578682 -1.414213538 14.10000038
    vertex 13.51809788 -1.343117952 14.10000038
  endloop
endfacet
facet normal -0.6531729456 -0.757208758 0
  outer loop
    vertex 13.65688229 -1.481902242 4
    vertex 13.73121357 -1.546020865 14.10000038
    vertex 13.65688229 -1.481902242 14.10000038
  endloop
endfacet
facet normal -0.6152324035 -0.7883457932 0
  outer loop
    vertex 13.73121357 -1.546020865 4
    vertex 13.80860138 -1.606415033 14.10000038
    vertex 13.73121357 -1.546020865 14.10000038
  endloop
endfacet
facet normal -0.5350004809 -0.8448517535 0
  outer loop
    vertex 13.88885975 -1.662939191 4
    vertex 13.97179413 -1.715457201 14.10000038
    vertex 13.88885975 -1.662939191 14.10000038
  endloop
endfacet
facet normal -0.4928987084 -0.8700866987 0
  outer loop
    vertex 13.97179413 -1.715457201 4
    vertex 14.05720615 -1.763842583 14.10000038
    vertex 13.97179413 -1.715457201 14.10000038
  endloop
endfacet
facet normal -0.4496096477 -0.8932251478 0
  outer loop
    vertex 14.05720615 -1.763842583 4
    vertex 14.14488983 -1.80797863 14.10000038
    vertex 14.05720615 -1.763842583 14.10000038
  endloop
endfacet
facet normal -0.5758070771 -0.8175855979 0
  outer loop
    vertex 13.80860138 -1.606415033 4
    vertex 13.88885975 -1.662939191 14.10000038
    vertex 13.80860138 -1.606415033 14.10000038
  endloop
endfacet
facet normal -0.4052393566 -0.9142106233 0
  outer loop
    vertex 14.14488983 -1.80797863 4
    vertex 14.23463345 -1.847759008 14.10000038
    vertex 14.14488983 -1.80797863 14.10000038
  endloop
endfacet
facet normal -0.3598956869 -0.932992548 0
  outer loop
    vertex 14.23463345 -1.847759008 4
    vertex 14.32622051 -1.883088112 14.10000038
    vertex 14.23463345 -1.847759008 14.10000038
  endloop
endfacet
facet normal -0.3136826262 -0.949527888 0
  outer loop
    vertex 14.32622051 -1.883088112 4
    vertex 14.41943073 -1.913880706 14.10000038
    vertex 14.32622051 -1.883088112 14.10000038
  endloop
endfacet
facet normal -0.7883456639 -0.6152325693 0
  outer loop
    vertex 13.39358521 -1.191398621 4
    vertex 13.45397949 -1.26878655 14.10000038
    vertex 13.39358521 -1.191398621 14.10000038
  endloop
endfacet
facet normal -0.817584221 -0.5758090323 0
  outer loop
    vertex 13.33706093 -1.11114049 4
    vertex 13.39358521 -1.191398621 14.10000038
    vertex 13.33706093 -1.11114049 14.10000038
  endloop
endfacet
facet normal -0.8448540403 -0.5349968696 0
  outer loop
    vertex 13.28454304 -1.028205514 4
    vertex 13.33706093 -1.11114049 14.10000038
    vertex 13.28454304 -1.028205514 14.10000038
  endloop
endfacet
facet normal -0.8932244114 -0.4496111108 0
  outer loop
    vertex 13.19202137 -0.8551101685 4
    vertex 13.23615742 -0.9427934885 14.10000038
    vertex 13.19202137 -0.8551101685 14.10000038
  endloop
endfacet
facet normal -0.8700856571 -0.4929005471 0
  outer loop
    vertex 13.23615742 -0.9427934885 4
    vertex 13.28454304 -1.028205514 14.10000038
    vertex 13.23615742 -0.9427934885 14.10000038
  endloop
endfacet
facet normal -0.914209225 -0.4052425113 0
  outer loop
    vertex 13.15224075 -0.7653668523 4
    vertex 13.19202137 -0.8551101685 14.10000038
    vertex 13.15224075 -0.7653668523 14.10000038
  endloop
endfacet
facet normal -0.9329934421 -0.3598933688 0
  outer loop
    vertex 13.11691189 -0.673779726 4
    vertex 13.15224075 -0.7653668523 14.10000038
    vertex 13.11691189 -0.673779726 14.10000038
  endloop
endfacet
facet normal -0.7572104773 -0.6531709524 0
  outer loop
    vertex 13.45397949 -1.26878655 4
    vertex 13.51809788 -1.343117952 14.10000038
    vertex 13.45397949 -1.26878655 14.10000038
  endloop
endfacet
facet normal -0.1224108105 -0.9924795179 0
  outer loop
    vertex 14.70653915 -1.978353024 4
    vertex 14.80396557 -1.990369439 14.10000038
    vertex 14.70653915 -1.978353024 14.10000038
  endloop
endfacet
facet normal -0.07356419915 -0.9972904836 0
  outer loop
    vertex 14.80396557 -1.990369439 4
    vertex 14.90186501 -1.997590899 14.10000038
    vertex 14.80396557 -1.990369439 14.10000038
  endloop
endfacet
facet normal -0.0245414488 -0.9996988133 0
  outer loop
    vertex 14.90186501 -1.997590899 4
    vertex 15 -2 14.10000038
    vertex 14.90186501 -1.997590899 14.10000038
  endloop
endfacet
facet normal 0.0245414488 -0.9996988133 0
  outer loop
    vertex 15 -2 4
    vertex 15.09813499 -1.997590899 14.10000038
    vertex 15 -2 14.10000038
  endloop
endfacet
facet normal -0.2667118922 -0.9637763052 0
  outer loop
    vertex 14.41943073 -1.913880706 4
    vertex 14.51403999 -1.940062523 14.10000038
    vertex 14.41943073 -1.913880706 14.10000038
  endloop
endfacet
facet normal -0.2191011497 -0.9757021503 0
  outer loop
    vertex 14.51403999 -1.940062523 4
    vertex 14.60981941 -1.961570501 14.10000038
    vertex 14.51403999 -1.940062523 14.10000038
  endloop
endfacet
facet normal -0.1709624324 -0.9852775481 0
  outer loop
    vertex 14.60981941 -1.961570501 4
    vertex 14.70653915 -1.978353024 14.10000038
    vertex 14.60981941 -1.961570501 14.10000038
  endloop
endfacet
facet normal 0.07356419915 -0.9972904836 0
  outer loop
    vertex 15.09813499 -1.997590899 4
    vertex 15.19603443 -1.990369439 14.10000038
    vertex 15.09813499 -1.997590899 14.10000038
  endloop
endfacet
facet normal 0.1224108105 -0.9924795179 0
  outer loop
    vertex 15.19603443 -1.990369439 4
    vertex 15.29346085 -1.978353024 14.10000038
    vertex 15.19603443 -1.990369439 14.10000038
  endloop
endfacet
facet normal 0.1709624324 -0.9852775481 0
  outer loop
    vertex 15.29346085 -1.978353024 4
    vertex 15.39018059 -1.961570501 14.10000038
    vertex 15.29346085 -1.978353024 14.10000038
  endloop
endfacet
facet normal 0.2191011497 -0.9757021503 0
  outer loop
    vertex 15.39018059 -1.961570501 4
    vertex 15.48596001 -1.940062523 14.10000038
    vertex 15.39018059 -1.961570501 14.10000038
  endloop
endfacet
facet normal 0.2667118922 -0.9637763052 0
  outer loop
    vertex 15.48596001 -1.940062523 4
    vertex 15.58056927 -1.913880706 14.10000038
    vertex 15.48596001 -1.940062523 14.10000038
  endloop
endfacet
facet normal 0.3136826262 -0.949527888 0
  outer loop
    vertex 15.58056927 -1.913880706 4
    vertex 15.67377949 -1.883088112 14.10000038
    vertex 15.58056927 -1.913880706 14.10000038
  endloop
endfacet
facet normal 0.3598956869 -0.932992548 0
  outer loop
    vertex 15.67377949 -1.883088112 4
    vertex 15.76536655 -1.847759008 14.10000038
    vertex 15.67377949 -1.883088112 14.10000038
  endloop
endfacet
facet normal 0 -0 1
  outer loop
    vertex 13.11691189 -0.673779726 14.10000038
    vertex 15 0 14.10000038
    vertex 13.08611965 -0.5805693269 14.10000038
  endloop
endfacet
facet normal -0 0 1
  outer loop
    vertex 13.11691189 -0.673779726 14.10000038
    vertex 13.15224075 -0.7653668523 14.10000038
    vertex 15 0 14.10000038
  endloop
endfacet
facet normal 0 -0 1
  outer loop
    vertex 13.08611965 -0.5805693269 14.10000038
    vertex 15 0 14.10000038
    vertex 13.05993748 -0.4859603643 14.10000038
  endloop
endfacet
facet normal 0 -0 1
  outer loop
    vertex 13.03842926 -0.3901806474 14.10000038
    vertex 15 0 14.10000038
    vertex 13.02164745 -0.2934609354 14.10000038
  endloop
endfacet
facet normal -0 0 1
  outer loop
    vertex 13.03842926 -0.3901806474 14.10000038
    vertex 13.05993748 -0.4859603643 14.10000038
    vertex 15 0 14.10000038
  endloop
endfacet
facet normal 0 -0 1
  outer loop
    vertex 13.02164745 -0.2934609354 14.10000038
    vertex 15 0 14.10000038
    vertex 13.0096302 -0.1960342824 14.10000038
  endloop
endfacet
facet normal 0 -0 1
  outer loop
    vertex 13.0096302 -0.1960342824 14.10000038
    vertex 15 0 14.10000038
    vertex 13.00240898 -0.09813535213 14.10000038
  endloop
endfacet
facet normal 0 -0 1
  outer loop
    vertex 13.00240898 -0.09813535213 14.10000038
    vertex 15 0 14.10000038
    vertex 13 2.449293705e-16 14.10000038
  endloop
endfacet
facet normal 0 -0 1
  outer loop
    vertex 13.28454304 -1.028205514 14.10000038
    vertex 15 0 14.10000038
    vertex 13.23615742 -0.9427934885 14.10000038
  endloop
endfacet
facet normal 0 -0 1
  outer loop
    vertex 13.39358521 -1.191398621 14.10000038
    vertex 15 0 14.10000038
    vertex 13.33706093 -1.11114049 14.10000038
  endloop
endfacet
facet normal -0 0 1
  outer loop
    vertex 13.28454304 -1.028205514 14.10000038
    vertex 13.33706093 -1.11114049 14.10000038
    vertex 15 0 14.10000038
  endloop
endfacet
facet normal 0 -0 1
  outer loop
    vertex 13.51809788 -1.343117952 14.10000038
    vertex 15 0 14.10000038
    vertex 13.45397949 -1.26878655 14.10000038
  endloop
endfacet
facet normal -0 0 1
  outer loop
    vertex 13.51809788 -1.343117952 14.10000038
    vertex 13.58578682 -1.414213538 14.10000038
    vertex 15 0 14.10000038
  endloop
endfacet
facet normal -0 0 1
  outer loop
    vertex 13.58578682 -1.414213538 14.10000038
    vertex 13.65688229 -1.481902242 14.10000038
    vertex 15 0 14.10000038
  endloop
endfacet
facet normal -0 0 1
  outer loop
    vertex 13.39358521 -1.191398621 14.10000038
    vertex 13.45397949 -1.26878655 14.10000038
    vertex 15 0 14.10000038
  endloop
endfacet
facet normal -0 0 1
  outer loop
    vertex 13.65688229 -1.481902242 14.10000038
    vertex 13.73121357 -1.546020865 14.10000038
    vertex 15 0 14.10000038
  endloop
endfacet
facet normal -0 0 1
  outer loop
    vertex 13.73121357 -1.546020865 14.10000038
    vertex 13.80860138 -1.606415033 14.10000038
    vertex 15 0 14.10000038
  endloop
endfacet
facet normal 0 -0 1
  outer loop
    vertex 13.88885975 -1.662939191 14.10000038
    vertex 15 0 14.10000038
    vertex 13.80860138 -1.606415033 14.10000038
  endloop
endfacet
facet normal -0 0 1
  outer loop
    vertex 13.97179413 -1.715457201 14.10000038
    vertex 14.05720615 -1.763842583 14.10000038
    vertex 15 0 14.10000038
  endloop
endfacet
facet normal -0 0 1
  outer loop
    vertex 14.05720615 -1.763842583 14.10000038
    vertex 14.14488983 -1.80797863 14.10000038
    vertex 15 0 14.10000038
  endloop
endfacet
facet normal -0 0 1
  outer loop
    vertex 13.88885975 -1.662939191 14.10000038
    vertex 13.97179413 -1.715457201 14.10000038
    vertex 15 0 14.10000038
  endloop
endfacet
facet normal -0 0 1
  outer loop
    vertex 13.19202137 -0.8551101685 14.10000038
    vertex 13.23615742 -0.9427934885 14.10000038
    vertex 15 0 14.10000038
  endloop
endfacet
facet normal 0 -0 1
  outer loop
    vertex 13.19202137 -0.8551101685 14.10000038
    vertex 15 0 14.10000038
    vertex 13.15224075 -0.7653668523 14.10000038
  endloop
endfacet
facet normal 0 -0 1
  outer loop
    vertex 14.70653915 -1.978353024 14.10000038
    vertex 15 0 14.10000038
    vertex 14.60981941 -1.961570501 14.10000038
  endloop
endfacet
facet normal -0 0 1
  outer loop
    vertex 14.70653915 -1.978353024 14.10000038
    vertex 14.80396557 -1.990369439 14.10000038
    vertex 15 0 14.10000038
  endloop
endfacet
facet normal -0 0 1
  outer loop
    vertex 14.80396557 -1.990369439 14.10000038
    vertex 14.90186501 -1.997590899 14.10000038
    vertex 15 0 14.10000038
  endloop
endfacet
facet normal -0 0 1
  outer loop
    vertex 14.90186501 -1.997590899 14.10000038
    vertex 15 -2 14.10000038
    vertex 15 0 14.10000038
  endloop
endfacet
facet normal 0 -0 1
  outer loop
    vertex 15 -2 14.10000038
    vertex 15.09813499 -1.997590899 14.10000038
    vertex 15 0 14.10000038
  endloop
endfacet
facet normal 0 -0 1
  outer loop
    vertex 15.09813499 -1.997590899 14.10000038
    vertex 15.19603443 -1.990369439 14.10000038
    vertex 15 0 14.10000038
  endloop
endfacet
facet normal 0 -0 1
  outer loop
    vertex 15.19603443 -1.990369439 14.10000038
    vertex 15.29346085 -1.978353024 14.10000038
    vertex 15 0 14.10000038
  endloop
endfacet
facet normal 0 -0 1
  outer loop
    vertex 15.29346085 -1.978353024 14.10000038
    vertex 15.39018059 -1.961570501 14.10000038
    vertex 15 0 14.10000038
  endloop
endfacet
facet normal -0 0 1
  outer loop
    vertex 14.14488983 -1.80797863 14.10000038
    vertex 14.23463345 -1.847759008 14.10000038
    vertex 15 0 14.10000038
  endloop
endfacet
facet normal -0 0 1
  outer loop
    vertex 14.23463345 -1.847759008 14.10000038
    vertex 14.32622051 -1.883088112 14.10000038
    vertex 15 0 14.10000038
  endloop
endfacet
facet normal -0 0 1
  outer loop
    vertex 14.32622051 -1.883088112 14.10000038
    vertex 14.41943073 -1.913880706 14.10000038
    vertex 15 0 14.10000038
  endloop
endfacet
facet normal -0 0 1
  outer loop
    vertex 14.41943073 -1.913880706 14.10000038
    vertex 14.51403999 -1.940062523 14.10000038
    vertex 15 0 14.10000038
  endloop
endfacet
facet normal -0 0 1
  outer loop
    vertex 14.51403999 -1.940062523 14.10000038
    vertex 14.60981941 -1.961570501 14.10000038
    vertex 15 0 14.10000038
  endloop
endfacet
facet normal 0 -0 1
  outer loop
    vertex 15.39018059 -1.961570501 14.10000038
    vertex 15.48596001 -1.940062523 14.10000038
    vertex 15 0 14.10000038
  endloop
endfacet
facet normal 0 -0 1
  outer loop
    vertex 15.48596001 -1.940062523 14.10000038
    vertex 15.58056927 -1.913880706 14.10000038
    vertex 15 0 14.10000038
  endloop
endfacet
facet normal 0 -0 1
  outer loop
    vertex 15.58056927 -1.913880706 14.10000038
    vertex 15.67377949 -1.883088112 14.10000038
    vertex 15 0 14.10000038
  endloop
endfacet
facet normal 0 -0 1
  outer loop
    vertex 15.67377949 -1.883088112 14.10000038
    vertex 15.76536655 -1.847759008 14.10000038
    vertex 15 0 14.10000038
  endloop
endfacet
facet normal 0 -0 1
  outer loop
    vertex 15.76536655 -1.847759008 14.10000038
    vertex 15.85511017 -1.80797863 14.10000038
    vertex 15 0 14.10000038
  endloop
endfacet
facet normal 0 -0 1
  outer loop
    vertex 15.85511017 -1.80797863 14.10000038
    vertex 15.94279385 -1.763842583 14.10000038
    vertex 15 0 14.10000038
  endloop
endfacet
facet normal 0 -0 1
  outer loop
    vertex 15.94279385 -1.763842583 14.10000038
    vertex 16.02820587 -1.715457201 14.10000038
    vertex 15 0 14.10000038
  endloop
endfacet
facet normal 0 -0 1
  outer loop
    vertex 16.02820587 -1.715457201 14.10000038
    vertex 16.1111412 -1.662939191 14.10000038
    vertex 15 0 14.10000038
  endloop
endfacet
facet normal 0.4052393566 -0.9142106233 0
  outer loop
    vertex 15.76536655 -1.847759008 4
    vertex 15.85511017 -1.80797863 14.10000038
    vertex 15.76536655 -1.847759008 14.10000038
  endloop
endfacet
facet normal 0.4496096477 -0.8932251478 0
  outer loop
    vertex 15.85511017 -1.80797863 4
    vertex 15.94279385 -1.763842583 14.10000038
    vertex 15.85511017 -1.80797863 14.10000038
  endloop
endfacet
facet normal 0.4928987084 -0.8700866987 0
  outer loop
    vertex 15.94279385 -1.763842583 4
    vertex 16.02820587 -1.715457201 14.10000038
    vertex 15.94279385 -1.763842583 14.10000038
  endloop
endfacet
facet normal 0.5349960898 -0.8448545342 0
  outer loop
    vertex 16.02820587 -1.715457201 4
    vertex 16.1111412 -1.662939191 14.10000038
    vertex 16.02820587 -1.715457201 14.10000038
  endloop
endfacet
facet normal 0.5758116507 -0.8175823768 0
  outer loop
    vertex 16.1111412 -1.662939191 4
    vertex 16.19139862 -1.606415033 14.10000038
    vertex 16.1111412 -1.662939191 14.10000038
  endloop
endfacet
facet normal 0.6152276916 -0.7883494704 0
  outer loop
    vertex 16.19139862 -1.606415033 4
    vertex 16.26878738 -1.546020865 14.10000038
    vertex 16.19139862 -1.606415033 14.10000038
  endloop
endfacet
facet normal 0.6531729456 -0.757208758 0
  outer loop
    vertex 16.26878738 -1.546020865 4
    vertex 16.34311867 -1.481902242 14.10000038
    vertex 16.26878738 -1.546020865 14.10000038
  endloop
endfacet
facet normal 0.6895464242 -0.7242414852 0
  outer loop
    vertex 16.34311867 -1.481902242 4
    vertex 16.41421318 -1.414213538 14.10000038
    vertex 16.34311867 -1.481902242 14.10000038
  endloop
endfacet
facet normal 0.7242406172 -0.6895473358 0
  outer loop
    vertex 16.41421318 -1.414213538 4
    vertex 16.48190308 -1.343117952 14.10000038
    vertex 16.41421318 -1.414213538 14.10000038
  endloop
endfacet
facet normal 0.7572152822 -0.6531653821 0
  outer loop
    vertex 16.48190308 -1.343117952 4
    vertex 16.54602051 -1.26878655 14.10000038
    vertex 16.48190308 -1.343117952 14.10000038
  endloop
endfacet
facet normal 0.7883456639 -0.6152325693 0
  outer loop
    vertex 16.54602051 -1.26878655 4
    vertex 16.60641479 -1.191398621 14.10000038
    vertex 16.54602051 -1.26878655 14.10000038
  endloop
endfacet
facet normal 0.817584221 -0.5758090323 0
  outer loop
    vertex 16.60641479 -1.191398621 4
    vertex 16.66293907 -1.11114049 14.10000038
    vertex 16.60641479 -1.191398621 14.10000038
  endloop
endfacet
facet normal 0.8448496492 -0.535003804 0
  outer loop
    vertex 16.66293907 -1.11114049 4
    vertex 16.71545792 -1.028205514 14.10000038
    vertex 16.66293907 -1.11114049 14.10000038
  endloop
endfacet
facet normal 0.8700939899 -0.4928858374 0
  outer loop
    vertex 16.71545792 -1.028205514 4
    vertex 16.76384163 -0.9427934885 14.10000038
    vertex 16.71545792 -1.028205514 14.10000038
  endloop
endfacet
facet normal 0.8932244114 -0.4496111108 0
  outer loop
    vertex 16.76384163 -0.9427934885 4
    vertex 16.80797768 -0.8551101685 14.10000038
    vertex 16.76384163 -0.9427934885 14.10000038
  endloop
endfacet
facet normal 0.9142056258 -0.4052506308 0
  outer loop
    vertex 16.80797768 -0.8551101685 4
    vertex 16.84775925 -0.7653668523 14.10000038
    vertex 16.80797768 -0.8551101685 14.10000038
  endloop
endfacet
facet normal 0.93299018 -0.3599018255 0
  outer loop
    vertex 16.84775925 -0.7653668523 4
    vertex 16.88308907 -0.673779726 14.10000038
    vertex 16.84775925 -0.7653668523 14.10000038
  endloop
endfacet
facet normal 0.9495291523 -0.313678799 0
  outer loop
    vertex 16.88308907 -0.673779726 4
    vertex 16.9138813 -0.5805693269 14.10000038
    vertex 16.88308907 -0.673779726 14.10000038
  endloop
endfacet
facet normal 0.9637801472 -0.2666980086 0
  outer loop
    vertex 16.9138813 -0.5805693269 4
    vertex 16.94006157 -0.4859603643 14.10000038
    vertex 16.9138813 -0.5805693269 14.10000038
  endloop
endfacet
facet normal 0.9756997 -0.2191120615 0
  outer loop
    vertex 16.94006157 -0.4859603643 4
    vertex 16.96157074 -0.3901806474 14.10000038
    vertex 16.94006157 -0.4859603643 14.10000038
  endloop
endfacet
facet normal 0.9852771301 -0.1709648413 0
  outer loop
    vertex 16.96157074 -0.3901806474 4
    vertex 16.9783535 -0.2934609354 14.10000038
    vertex 16.96157074 -0.3901806474 14.10000038
  endloop
endfacet
facet normal 0.9924797018 -0.1224093192 0
  outer loop
    vertex 16.9783535 -0.2934609354 4
    vertex 16.9903698 -0.1960342824 14.10000038
    vertex 16.9783535 -0.2934609354 14.10000038
  endloop
endfacet
facet normal 0.9972906338 -0.07356216219 0
  outer loop
    vertex 16.9903698 -0.1960342824 4
    vertex 16.99759102 -0.09813535213 14.10000038
    vertex 16.9903698 -0.1960342824 14.10000038
  endloop
endfacet
facet normal 0.9996988453 -0.02454014578 0
  outer loop
    vertex 16.99759102 -0.09813535213 4
    vertex 17 0 14.10000038
    vertex 16.99759102 -0.09813535213 14.10000038
  endloop
endfacet
facet normal 0 -0 1
  outer loop
    vertex 16.1111412 -1.662939191 14.10000038
    vertex 16.19139862 -1.606415033 14.10000038
    vertex 15 0 14.10000038
  endloop
endfacet
facet normal 0 -0 1
  outer loop
    vertex 16.19139862 -1.606415033 14.10000038
    vertex 16.26878738 -1.546020865 14.10000038
    vertex 15 0 14.10000038
  endloop
endfacet
facet normal 0 -0 1
  outer loop
    vertex 16.26878738 -1.546020865 14.10000038
    vertex 16.34311867 -1.481902242 14.10000038
    vertex 15 0 14.10000038
  endloop
endfacet
facet normal 0 -0 1
  outer loop
    vertex 16.34311867 -1.481902242 14.10000038
    vertex 16.41421318 -1.414213538 14.10000038
    vertex 15 0 14.10000038
  endloop
endfacet
facet normal 0 -0 1
  outer loop
    vertex 16.41421318 -1.414213538 14.10000038
    vertex 16.48190308 -1.343117952 14.10000038
    vertex 15 0 14.10000038
  endloop
endfacet
facet normal 0 -0 1
  outer loop
    vertex 16.48190308 -1.343117952 14.10000038
    vertex 16.54602051 -1.26878655 14.10000038
    vertex 15 0 14.10000038
  endloop
endfacet
facet normal 0 -0 1
  outer loop
    vertex 16.54602051 -1.26878655 14.10000038
    vertex 16.60641479 -1.191398621 14.10000038
    vertex 15 0 14.10000038
  endloop
endfacet
facet normal 0 -0 1
  outer loop
    vertex 16.60641479 -1.191398621 14.10000038
    vertex 16.66293907 -1.11114049 14.10000038
    vertex 15 0 14.10000038
  endloop
endfacet
facet normal 0 -0 1
  outer loop
    vertex 16.66293907 -1.11114049 14.10000038
    vertex 16.71545792 -1.028205514 14.10000038
    vertex 15 0 14.10000038
  endloop
endfacet
facet normal 0 -0 1
  outer loop
    vertex 16.71545792 -1.028205514 14.10000038
    vertex 16.76384163 -0.9427934885 14.10000038
    vertex 15 0 14.10000038
  endloop
endfacet
facet normal 0 -0 1
  outer loop
    vertex 16.76384163 -0.9427934885 14.10000038
    vertex 16.80797768 -0.8551101685 14.10000038
    vertex 15 0 14.10000038
  endloop
endfacet
facet normal 0 -0 1
  outer loop
    vertex 16.80797768 -0.8551101685 14.10000038
    vertex 16.84775925 -0.7653668523 14.10000038
    vertex 15 0 14.10000038
  endloop
endfacet
facet normal 0 -0 1
  outer loop
    vertex 16.84775925 -0.7653668523 14.10000038
    vertex 16.88308907 -0.673779726 14.10000038
    vertex 15 0 14.10000038
  endloop
endfacet
facet normal 0 -0 1
  outer loop
    vertex 16.88308907 -0.673779726 14.10000038
    vertex 16.9138813 -0.5805693269 14.10000038
    vertex 15 0 14.10000038
  endloop
endfacet
facet normal 0 -0 1
  outer loop
    vertex 16.9138813 -0.5805693269 14.10000038
    vertex 16.94006157 -0.4859603643 14.10000038
    vertex 15 0 14.10000038
  endloop
endfacet
facet normal 0 -0 1
  outer loop
    vertex 16.94006157 -0.4859603643 14.10000038
    vertex 16.96157074 -0.3901806474 14.10000038
    vertex 15 0 14.10000038
  endloop
endfacet
facet normal 0 -0 1
  outer loop
    vertex 16.96157074 -0.3901806474 14.10000038
    vertex 16.9783535 -0.2934609354 14.10000038
    vertex 15 0 14.10000038
  endloop
endfacet
facet normal 0 -0 1
  outer loop
    vertex 16.9783535 -0.2934609354 14.10000038
    vertex 16.9903698 -0.1960342824 14.10000038
    vertex 15 0 14.10000038
  endloop
endfacet
facet normal 0 -0 1
  outer loop
    vertex 16.9903698 -0.1960342824 14.10000038
    vertex 16.99759102 -0.09813535213 14.10000038
    vertex 15 0 14.10000038
  endloop
endfacet
facet normal 0 -0 1
  outer loop
    vertex 16.99759102 -0.09813535213 14.10000038
    vertex 17 0 14.10000038
    vertex 15 0 14.10000038
  endloop
endfacet
facet normal -0.0245420891 -0.9996987976 0
  outer loop
    vertex 1.5308085e-16 2.5 0
    vertex 0.1226691827 2.496988535 0
    vertex 0.1226691827 2.496988535 4
  endloop
endfacet
facet normal -0.07356409468 -0.9972904913 0
  outer loop
    vertex 0.1226691827 2.496988535 0
    vertex 0.2450428456 2.487961769 0
    vertex 0.2450428456 2.487961769 4
  endloop
endfacet
facet normal -0.1224112183 -0.9924794676 0
  outer loop
    vertex 0.2450428456 2.487961769 0
    vertex 0.3668261766 2.47294116 0
    vertex 0.3668261766 2.47294116 4
  endloop
endfacet
facet normal -0.1709610996 -0.9852777793 0
  outer loop
    vertex 0.4877257943 2.451963186 0
    vertex 0.4877257943 2.451963186 4
    vertex 0.3668261766 2.47294116 0
  endloop
endfacet
facet normal -0.2191009891 -0.9757021864 0
  outer loop
    vertex 0.4877257943 2.451963186 0
    vertex 0.6074504256 2.425078154 0
    vertex 0.6074504256 2.425078154 4
  endloop
endfacet
facet normal -0.2667122909 -0.9637761949 0
  outer loop
    vertex 0.6074504256 2.425078154 0
    vertex 0.7257117033 2.392350912 0
    vertex 0.7257117033 2.392350912 4
  endloop
endfacet
facet normal -0.3136824111 -0.949527959 0
  outer loop
    vertex 0.7257117033 2.392350912 0
    vertex 0.8422246575 2.35386014 0
    vertex 0.8422246575 2.35386014 4
  endloop
endfacet
facet normal -0.3598949379 -0.9329928369 0
  outer loop
    vertex 0.8422246575 2.35386014 0
    vertex 0.9567086101 2.30969882 0
    vertex 0.9567086101 2.30969882 4
  endloop
endfacet
facet normal -0.4052410223 -0.914209885 0
  outer loop
    vertex 0.9567086101 2.30969882 0
    vertex 1.068887711 2.259973288 0
    vertex 1.068887711 2.259973288 4
  endloop
endfacet
facet normal -0.4496112084 -0.8932243623 0
  outer loop
    vertex 1.068887711 2.259973288 0
    vertex 1.178491831 2.204803228 0
    vertex 1.178491831 2.204803228 4
  endloop
endfacet
facet normal -0.4928990761 -0.8700864904 0
  outer loop
    vertex 1.178491831 2.204803228 0
    vertex 1.285256863 2.144321442 0
    vertex 1.285256863 2.144321442 4
  endloop
endfacet
facet normal -0.9996987976 -0.0245420891 0
  outer loop
    vertex 2.5 0 0
    vertex 2.5 0 4
    vertex 2.496988535 0.1226691827 0
  endloop
endfacet
facet normal -0.9972904913 -0.07356409468 0
  outer loop
    vertex 2.496988535 0.1226691827 0
    vertex 2.496988535 0.1226691827 4
    vertex 2.487961769 0.2450428456 0
  endloop
endfacet
facet normal -0.9924794676 -0.1224112183 0
  outer loop
    vertex 2.487961769 0.2450428456 0
    vertex 2.487961769 0.2450428456 4
    vertex 2.47294116 0.3668261766 0
  endloop
endfacet
facet normal -0.9757021864 -0.2191009891 0
  outer loop
    vertex 2.451963186 0.4877257943 0
    vertex 2.451963186 0.4877257943 4
    vertex 2.425078154 0.6074504256 0
  endloop
endfacet
facet normal -0.9637761949 -0.2667122909 0
  outer loop
    vertex 2.425078154 0.6074504256 0
    vertex 2.425078154 0.6074504256 4
    vertex 2.392350912 0.7257117033 0
  endloop
endfacet
facet normal -0.9852777793 -0.1709610996 0
  outer loop
    vertex 2.451963186 0.4877257943 0
    vertex 2.47294116 0.3668261766 0
    vertex 2.47294116 0.3668261766 4
  endloop
endfacet
facet normal -0.914209885 -0.4052410223 0
  outer loop
    vertex 2.259973288 1.068887711 0
    vertex 2.30969882 0.9567086101 0
    vertex 2.30969882 0.9567086101 4
  endloop
endfacet
facet normal -0.8932243623 -0.4496112084 0
  outer loop
    vertex 2.259973288 1.068887711 0
    vertex 2.259973288 1.068887711 4
    vertex 2.204803228 1.178491831 0
  endloop
endfacet
facet normal -0.8700864904 -0.4928990761 0
  outer loop
    vertex 2.204803228 1.178491831 0
    vertex 2.204803228 1.178491831 4
    vertex 2.144321442 1.285256863 0
  endloop
endfacet
facet normal -0.949527959 -0.3136824111 0
  outer loop
    vertex 2.392350912 0.7257117033 0
    vertex 2.392350912 0.7257117033 4
    vertex 2.35386014 0.8422246575 0
  endloop
endfacet
facet normal -0.9329928369 -0.3598949379 0
  outer loop
    vertex 2.35386014 0.8422246575 0
    vertex 2.35386014 0.8422246575 4
    vertex 2.30969882 0.9567086101 0
  endloop
endfacet
facet normal -0.6152314795 -0.7883465143 0
  outer loop
    vertex 1.585983157 1.932526112 0
    vertex 1.585983157 1.932526112 4
    vertex 1.489248276 2.008018732 0
  endloop
endfacet
facet normal -0.7572089322 -0.6531727436 0
  outer loop
    vertex 1.932526112 1.585983157 0
    vertex 1.932526112 1.585983157 4
    vertex 1.852377772 1.678897381 0
  endloop
endfacet
facet normal -0.6895403474 -0.7242472708 0
  outer loop
    vertex 1.767766953 1.767766953 0
    vertex 1.767766953 1.767766953 4
    vertex 1.678897381 1.852377772 0
  endloop
endfacet
facet normal -0.6531727436 -0.7572089322 0
  outer loop
    vertex 1.585983157 1.932526112 0
    vertex 1.678897381 1.852377772 0
    vertex 1.678897381 1.852377772 4
  endloop
endfacet
facet normal -0.7242472708 -0.6895403474 0
  outer loop
    vertex 1.767766953 1.767766953 0
    vertex 1.852377772 1.678897381 0
    vertex 1.852377772 1.678897381 4
  endloop
endfacet
facet normal -0.5349969794 -0.8448539708 0
  outer loop
    vertex 1.285256863 2.144321442 0
    vertex 1.388925552 2.078674078 0
    vertex 1.388925552 2.078674078 4
  endloop
endfacet
facet normal -0.5758088036 -0.817584382 0
  outer loop
    vertex 1.388925552 2.078674078 0
    vertex 1.489248276 2.008018732 0
    vertex 1.489248276 2.008018732 4
  endloop
endfacet
facet normal -0.8448539708 -0.5349969794 0
  outer loop
    vertex 2.144321442 1.285256863 0
    vertex 2.144321442 1.285256863 4
    vertex 2.078674078 1.388925552 0
  endloop
endfacet
facet normal -0.817584382 -0.5758088036 0
  outer loop
    vertex 2.078674078 1.388925552 0
    vertex 2.078674078 1.388925552 4
    vertex 2.008018732 1.489248276 0
  endloop
endfacet
facet normal -0.7883465143 -0.6152314795 0
  outer loop
    vertex 1.932526112 1.585983157 0
    vertex 2.008018732 1.489248276 0
    vertex 2.008018732 1.489248276 4
  endloop
endfacet
facet normal -0.0245420891 -0.9996987976 0
  outer loop
    vertex 1.5308085e-16 2.5 0
    vertex 0.1226691827 2.496988535 4
    vertex 1.5308085e-16 2.5 4
  endloop
endfacet
facet normal -0.07356409468 -0.9972904913 0
  outer loop
    vertex 0.1226691827 2.496988535 0
    vertex 0.2450428456 2.487961769 4
    vertex 0.1226691827 2.496988535 4
  endloop
endfacet
facet normal -0.1224112183 -0.9924794676 0
  outer loop
    vertex 0.2450428456 2.487961769 0
    vertex 0.3668261766 2.47294116 4
    vertex 0.2450428456 2.487961769 4
  endloop
endfacet
facet normal -0.1709610996 -0.9852777793 0
  outer loop
    vertex 0.3668261766 2.47294116 0
    vertex 0.4877257943 2.451963186 4
    vertex 0.3668261766 2.47294116 4
  endloop
endfacet
facet normal -0.2191009891 -0.9757021864 0
  outer loop
    vertex 0.4877257943 2.451963186 0
    vertex 0.6074504256 2.425078154 4
    vertex 0.4877257943 2.451963186 4
  endloop
endfacet
facet normal -0.2667122909 -0.9637761949 0
  outer loop
    vertex 0.6074504256 2.425078154 0
    vertex 0.7257117033 2.392350912 4
    vertex 0.6074504256 2.425078154 4
  endloop
endfacet
facet normal -0.3136824111 -0.949527959 0
  outer loop
    vertex 0.7257117033 2.392350912 0
    vertex 0.8422246575 2.35386014 4
    vertex 0.7257117033 2.392350912 4
  endloop
endfacet
facet normal -0.3598949379 -0.9329928369 0
  outer loop
    vertex 0.8422246575 2.35386014 0
    vertex 0.9567086101 2.30969882 4
    vertex 0.8422246575 2.35386014 4
  endloop
endfacet
facet normal -0.4052410223 -0.914209885 0
  outer loop
    vertex 0.9567086101 2.30969882 0
    vertex 1.068887711 2.259973288 4
    vertex 0.9567086101 2.30969882 4
  endloop
endfacet
facet normal -0.4496112084 -0.8932243623 0
  outer loop
    vertex 1.068887711 2.259973288 0
    vertex 1.178491831 2.204803228 4
    vertex 1.068887711 2.259973288 4
  endloop
endfacet
facet normal -0.4928990761 -0.8700864904 0
  outer loop
    vertex 1.178491831 2.204803228 0
    vertex 1.285256863 2.144321442 4
    vertex 1.178491831 2.204803228 4
  endloop
endfacet
facet normal -0.9996987976 -0.0245420891 0
  outer loop
    vertex 2.496988535 0.1226691827 0
    vertex 2.5 0 4
    vertex 2.496988535 0.1226691827 4
  endloop
endfacet
facet normal -0.9972904913 -0.07356409468 0
  outer loop
    vertex 2.487961769 0.2450428456 0
    vertex 2.496988535 0.1226691827 4
    vertex 2.487961769 0.2450428456 4
  endloop
endfacet
facet normal -0.9924794676 -0.1224112183 0
  outer loop
    vertex 2.47294116 0.3668261766 0
    vertex 2.487961769 0.2450428456 4
    vertex 2.47294116 0.3668261766 4
  endloop
endfacet
facet normal -0.9852777793 -0.1709610996 0
  outer loop
    vertex 2.451963186 0.4877257943 0
    vertex 2.47294116 0.3668261766 4
    vertex 2.451963186 0.4877257943 4
  endloop
endfacet
facet normal -0.9757021864 -0.2191009891 0
  outer loop
    vertex 2.425078154 0.6074504256 0
    vertex 2.451963186 0.4877257943 4
    vertex 2.425078154 0.6074504256 4
  endloop
endfacet
facet normal -0.914209885 -0.4052410223 0
  outer loop
    vertex 2.259973288 1.068887711 0
    vertex 2.30969882 0.9567086101 4
    vertex 2.259973288 1.068887711 4
  endloop
endfacet
facet normal -0.8932243623 -0.4496112084 0
  outer loop
    vertex 2.204803228 1.178491831 0
    vertex 2.259973288 1.068887711 4
    vertex 2.204803228 1.178491831 4
  endloop
endfacet
facet normal -0.8700864904 -0.4928990761 0
  outer loop
    vertex 2.144321442 1.285256863 0
    vertex 2.204803228 1.178491831 4
    vertex 2.144321442 1.285256863 4
  endloop
endfacet
facet normal -0.949527959 -0.3136824111 0
  outer loop
    vertex 2.35386014 0.8422246575 0
    vertex 2.392350912 0.7257117033 4
    vertex 2.35386014 0.8422246575 4
  endloop
endfacet
facet normal -0.9637761949 -0.2667122909 0
  outer loop
    vertex 2.392350912 0.7257117033 0
    vertex 2.425078154 0.6074504256 4
    vertex 2.392350912 0.7257117033 4
  endloop
endfacet
facet normal -0.9329928369 -0.3598949379 0
  outer loop
    vertex 2.30969882 0.9567086101 0
    vertex 2.35386014 0.8422246575 4
    vertex 2.30969882 0.9567086101 4
  endloop
endfacet
facet normal -0.6531727436 -0.7572089322 0
  outer loop
    vertex 1.585983157 1.932526112 0
    vertex 1.678897381 1.852377772 4
    vertex 1.585983157 1.932526112 4
  endloop
endfacet
facet normal -0.7883465143 -0.6152314795 0
  outer loop
    vertex 1.932526112 1.585983157 0
    vertex 2.008018732 1.489248276 4
    vertex 1.932526112 1.585983157 4
  endloop
endfacet
facet normal -0.7242472708 -0.6895403474 0
  outer loop
    vertex 1.767766953 1.767766953 0
    vertex 1.852377772 1.678897381 4
    vertex 1.767766953 1.767766953 4
  endloop
endfacet
facet normal -0.6895403474 -0.7242472708 0
  outer loop
    vertex 1.678897381 1.852377772 0
    vertex 1.767766953 1.767766953 4
    vertex 1.678897381 1.852377772 4
  endloop
endfacet
facet normal -0.7572089322 -0.6531727436 0
  outer loop
    vertex 1.852377772 1.678897381 0
    vertex 1.932526112 1.585983157 4
    vertex 1.852377772 1.678897381 4
  endloop
endfacet
facet normal -0.5349969794 -0.8448539708 0
  outer loop
    vertex 1.285256863 2.144321442 0
    vertex 1.388925552 2.078674078 4
    vertex 1.285256863 2.144321442 4
  endloop
endfacet
facet normal -0.5758088036 -0.817584382 0
  outer loop
    vertex 1.388925552 2.078674078 0
    vertex 1.489248276 2.008018732 4
    vertex 1.388925552 2.078674078 4
  endloop
endfacet
facet normal -0.6152314795 -0.7883465143 0
  outer loop
    vertex 1.489248276 2.008018732 0
    vertex 1.585983157 1.932526112 4
    vertex 1.489248276 2.008018732 4
  endloop
endfacet
facet normal -0.817584382 -0.5758088036 0
  outer loop
    vertex 2.008018732 1.489248276 0
    vertex 2.078674078 1.388925552 4
    vertex 2.008018732 1.489248276 4
  endloop
endfacet
facet normal -0.8448539708 -0.5349969794 0
  outer loop
    vertex 2.078674078 1.388925552 0
    vertex 2.144321442 1.285256863 4
    vertex 2.078674078 1.388925552 4
  endloop
endfacet
facet normal 0 -0 -1
  outer loop
    vertex 1.5308085e-16 2.5 0
    vertex 1.030421138 20.97470474 0
    vertex 0.1226691827 2.496988535 0
  endloop
endfacet
facet normal 0 -0 -1
  outer loop
    vertex 0.1226691827 2.496988535 0
    vertex 2.058359861 20.89888 0
    vertex 0.2450428456 2.487961769 0
  endloop
endfacet
facet normal 0 -0 -1
  outer loop
    vertex 0.2450428456 2.487961769 0
    vertex 3.081340075 20.77270699 0
    vertex 0.3668261766 2.47294116 0
  endloop
endfacet
facet normal 0 0 -1
  outer loop
    vertex 0.4877257943 2.451963186 0
    vertex 0.3668261766 2.47294116 0
    vertex 4.096896648 20.59649086 0
  endloop
endfacet
facet normal 0 -0 -1
  outer loop
    vertex 0.4877257943 2.451963186 0
    vertex 4.096896648 20.59649086 0
    vertex 0.6074504256 2.425078154 0
  endloop
endfacet
facet normal 0 -0 -1
  outer loop
    vertex 0.6074504256 2.425078154 0
    vertex 5.102583885 20.37065697 0
    vertex 0.7257117033 2.392350912 0
  endloop
endfacet
facet normal 0 -0 -1
  outer loop
    vertex 0.9567086101 2.30969882 0
    vertex 8.978656769 18.98377609 0
    vertex 1.068887711 2.259973288 0
  endloop
endfacet
facet normal 0 -0 -1
  outer loop
    vertex 1.068887711 2.259973288 0
    vertex 8.978656769 18.98377609 0
    vertex 1.178491831 2.204803228 0
  endloop
endfacet
facet normal 0 -0 -1
  outer loop
    vertex 1.178491831 2.204803228 0
    vertex 10.79615784 18.01230049 0
    vertex 1.285256863 2.144321442 0
  endloop
endfacet
facet normal 0 -0 -1
  outer loop
    vertex 1.285256863 2.144321442 0
    vertex 10.79615784 18.01230049 0
    vertex 1.388925552 2.078674078 0
  endloop
endfacet
facet normal 0 -0 -1
  outer loop
    vertex 1.388925552 2.078674078 0
    vertex 12.50968552 16.86735725 0
    vertex 1.489248276 2.008018732 0
  endloop
endfacet
facet normal 0 0 -1
  outer loop
    vertex 1.585983157 1.932526112 0
    vertex 1.489248276 2.008018732 0
    vertex 12.50968552 16.86735725 0
  endloop
endfacet
facet normal 0 -0 -1
  outer loop
    vertex 0.7257117033 2.392350912 0
    vertex 7.074687004 19.7724247 0
    vertex 0.8422246575 2.35386014 0
  endloop
endfacet
facet normal 0 -0 -1
  outer loop
    vertex 0.8422246575 2.35386014 0
    vertex 8.036352158 19.40147018 0
    vertex 0.9567086101 2.30969882 0
  endloop
endfacet
facet normal 0 0 -1
  outer loop
    vertex 2.5 0 0
    vertex 2.496988535 0.1226691827 0
    vertex 13.08611965 0.5805693269 0
  endloop
endfacet
facet normal 0 0 -1
  outer loop
    vertex 2.496988535 0.1226691827 0
    vertex 2.487961769 0.2450428456 0
    vertex 13.08611965 0.5805693269 0
  endloop
endfacet
facet normal 0 0 -1
  outer loop
    vertex 2.259973288 1.068887711 0
    vertex 2.204803228 1.178491831 0
    vertex 18.98377609 8.978656769 0
  endloop
endfacet
facet normal 0 0 -1
  outer loop
    vertex 2.078674078 1.388925552 0
    vertex 2.008018732 1.489248276 0
    vertex 17.46086121 11.66697502 0
  endloop
endfacet
facet normal 0 -0 -1
  outer loop
    vertex 1.932526112 1.585983157 0
    vertex 16.86735725 12.50968552 0
    vertex 2.008018732 1.489248276 0
  endloop
endfacet
facet normal 0 0 -1
  outer loop
    vertex 2.144321442 1.285256863 0
    vertex 2.078674078 1.388925552 0
    vertex 18.01230049 10.79615784 0
  endloop
endfacet
facet normal 0 0 -1
  outer loop
    vertex 2.204803228 1.178491831 0
    vertex 2.144321442 1.285256863 0
    vertex 18.52034569 9.899331093 0
  endloop
endfacet
facet normal 0 -0 -1
  outer loop
    vertex 2.451963186 0.4877257943 0
    vertex 20.77270699 3.081340075 0
    vertex 2.47294116 0.3668261766 0
  endloop
endfacet
facet normal 0 0 -1
  outer loop
    vertex 2.487961769 0.2450428456 0
    vertex 2.47294116 0.3668261766 0
    vertex 20.77270699 3.081340075 0
  endloop
endfacet
facet normal 0 0 -1
  outer loop
    vertex 2.451963186 0.4877257943 0
    vertex 2.425078154 0.6074504256 0
    vertex 20.59649086 4.096896648 0
  endloop
endfacet
facet normal 0 0 -1
  outer loop
    vertex 2.425078154 0.6074504256 0
    vertex 2.392350912 0.7257117033 0
    vertex 20.37065697 5.102583885 0
  endloop
endfacet
facet normal 0 0 -1
  outer loop
    vertex 2.392350912 0.7257117033 0
    vertex 2.35386014 0.8422246575 0
    vertex 20.09574699 6.09597826 0
  endloop
endfacet
facet normal 0 -0 -1
  outer loop
    vertex 2.5 0 0
    vertex 13.00240898 0.09813535213 0
    vertex 13 0 0
  endloop
endfacet
facet normal 0 -0 -1
  outer loop
    vertex 2.5 0 0
    vertex 13.0096302 0.1960342824 0
    vertex 13.00240898 0.09813535213 0
  endloop
endfacet
facet normal 0 -0 -1
  outer loop
    vertex 2.5 0 0
    vertex 13.02164745 0.2934609354 0
    vertex 13.0096302 0.1960342824 0
  endloop
endfacet
facet normal 0 -0 -1
  outer loop
    vertex 2.5 0 0
    vertex 13.03842926 0.3901806474 0
    vertex 13.02164745 0.2934609354 0
  endloop
endfacet
facet normal 0 -0 -1
  outer loop
    vertex 2.5 0 0
    vertex 13.05993748 0.4859603643 0
    vertex 13.03842926 0.3901806474 0
  endloop
endfacet
facet normal 0 -0 -1
  outer loop
    vertex 2.5 0 0
    vertex 13.08611965 0.5805693269 0
    vertex 13.05993748 0.4859603643 0
  endloop
endfacet
facet normal 0 -0 -1
  outer loop
    vertex 2.487961769 0.2450428456 0
    vertex 13.11691189 0.673779726 0
    vertex 13.08611965 0.5805693269 0
  endloop
endfacet
facet normal 0 -0 -1
  outer loop
    vertex 2.487961769 0.2450428456 0
    vertex 13.15224075 0.7653668523 0
    vertex 13.11691189 0.673779726 0
  endloop
endfacet
facet normal 0 -0 -1
  outer loop
    vertex 2.487961769 0.2450428456 0
    vertex 13.19202137 0.8551101685 0
    vertex 13.15224075 0.7653668523 0
  endloop
endfacet
facet normal 0 -0 -1
  outer loop
    vertex 2.487961769 0.2450428456 0
    vertex 13.23615742 0.9427934885 0
    vertex 13.19202137 0.8551101685 0
  endloop
endfacet
facet normal 0 -0 -1
  outer loop
    vertex 2.487961769 0.2450428456 0
    vertex 13.28454304 1.028205514 0
    vertex 13.23615742 0.9427934885 0
  endloop
endfacet
facet normal 0 -0 -1
  outer loop
    vertex 2.487961769 0.2450428456 0
    vertex 13.33706093 1.11114049 0
    vertex 13.28454304 1.028205514 0
  endloop
endfacet
facet normal 0 -0 -1
  outer loop
    vertex 2.487961769 0.2450428456 0
    vertex 13.39358521 1.191398621 0
    vertex 13.33706093 1.11114049 0
  endloop
endfacet
facet normal 0 -0 -1
  outer loop
    vertex 2.487961769 0.2450428456 0
    vertex 13.45397949 1.26878655 0
    vertex 13.39358521 1.191398621 0
  endloop
endfacet
facet normal 0 -0 -1
  outer loop
    vertex 2.487961769 0.2450428456 0
    vertex 13.51809788 1.343117952 0
    vertex 13.45397949 1.26878655 0
  endloop
endfacet
facet normal 0 -0 -1
  outer loop
    vertex 2.487961769 0.2450428456 0
    vertex 13.58578682 1.414213538 0
    vertex 13.51809788 1.343117952 0
  endloop
endfacet
facet normal 0 -0 -1
  outer loop
    vertex 2.487961769 0.2450428456 0
    vertex 13.65688229 1.481902242 0
    vertex 13.58578682 1.414213538 0
  endloop
endfacet
facet normal 0 -0 -1
  outer loop
    vertex 2.487961769 0.2450428456 0
    vertex 13.73121357 1.546020865 0
    vertex 13.65688229 1.481902242 0
  endloop
endfacet
facet normal 0 -0 -1
  outer loop
    vertex 2.487961769 0.2450428456 0
    vertex 13.80860138 1.606415033 0
    vertex 13.73121357 1.546020865 0
  endloop
endfacet
facet normal 0 -0 -1
  outer loop
    vertex 2.487961769 0.2450428456 0
    vertex 13.88885975 1.662939191 0
    vertex 13.80860138 1.606415033 0
  endloop
endfacet
facet normal 0 -0 -1
  outer loop
    vertex 2.487961769 0.2450428456 0
    vertex 13.97179413 1.715457201 0
    vertex 13.88885975 1.662939191 0
  endloop
endfacet
facet normal 0 -0 -1
  outer loop
    vertex 2.487961769 0.2450428456 0
    vertex 14.05720615 1.763842583 0
    vertex 13.97179413 1.715457201 0
  endloop
endfacet
facet normal 0 -0 -1
  outer loop
    vertex 2.487961769 0.2450428456 0
    vertex 14.14488983 1.80797863 0
    vertex 14.05720615 1.763842583 0
  endloop
endfacet
facet normal 0 -0 -1
  outer loop
    vertex 2.487961769 0.2450428456 0
    vertex 14.23463345 1.847759008 0
    vertex 14.14488983 1.80797863 0
  endloop
endfacet
facet normal 0 -0 -1
  outer loop
    vertex 2.487961769 0.2450428456 0
    vertex 14.32622051 1.883088112 0
    vertex 14.23463345 1.847759008 0
  endloop
endfacet
facet normal 0 -0 -1
  outer loop
    vertex 2.487961769 0.2450428456 0
    vertex 14.41943073 1.913880706 0
    vertex 14.32622051 1.883088112 0
  endloop
endfacet
facet normal 0 -0 -1
  outer loop
    vertex 2.487961769 0.2450428456 0
    vertex 14.51403999 1.940062523 0
    vertex 14.41943073 1.913880706 0
  endloop
endfacet
facet normal 0 0 -1
  outer loop
    vertex 2.35386014 0.8422246575 0
    vertex 2.30969882 0.9567086101 0
    vertex 19.7724247 7.074687004 0
  endloop
endfacet
facet normal 0 -0 -1
  outer loop
    vertex 2.259973288 1.068887711 0
    vertex 19.40147018 8.036352158 0
    vertex 2.30969882 0.9567086101 0
  endloop
endfacet
facet normal 0 0 -1
  outer loop
    vertex 1.767766953 1.767766953 0
    vertex 1.678897381 1.852377772 0
    vertex 14.10273838 15.55997372 0
  endloop
endfacet
facet normal 0 -0 -1
  outer loop
    vertex 1.585983157 1.932526112 0
    vertex 14.10273838 15.55997372 0
    vertex 1.678897381 1.852377772 0
  endloop
endfacet
facet normal 0 -0 -1
  outer loop
    vertex 1.767766953 1.767766953 0
    vertex 15.55997372 14.10273838 0
    vertex 1.852377772 1.678897381 0
  endloop
endfacet
facet normal 0 0 -1
  outer loop
    vertex 1.932526112 1.585983157 0
    vertex 1.852377772 1.678897381 0
    vertex 16.23321915 13.32225895 0
  endloop
endfacet
facet normal -0 0 1
  outer loop
    vertex 1.5308085e-16 2.5 4
    vertex 0.1226691827 2.496988535 4
    vertex 1.030421138 20.97470474 4
  endloop
endfacet
facet normal -0 0 1
  outer loop
    vertex 0.1226691827 2.496988535 4
    vertex 0.2450428456 2.487961769 4
    vertex 1.030421138 20.97470474 4
  endloop
endfacet
facet normal -0 0 1
  outer loop
    vertex 0.2450428456 2.487961769 4
    vertex 0.3668261766 2.47294116 4
    vertex 3.081340075 20.77270699 4
  endloop
endfacet
facet normal 0 -0 1
  outer loop
    vertex 0.4877257943 2.451963186 4
    vertex 3.081340075 20.77270699 4
    vertex 0.3668261766 2.47294116 4
  endloop
endfacet
facet normal -0 0 1
  outer loop
    vertex 0.4877257943 2.451963186 4
    vertex 0.6074504256 2.425078154 4
    vertex 4.096896648 20.59649086 4
  endloop
endfacet
facet normal -0 0 1
  outer loop
    vertex 0.6074504256 2.425078154 4
    vertex 0.7257117033 2.392350912 4
    vertex 5.102583885 20.37065697 4
  endloop
endfacet
facet normal -0 0 1
  outer loop
    vertex 0.7257117033 2.392350912 4
    vertex 0.8422246575 2.35386014 4
    vertex 6.09597826 20.09574699 4
  endloop
endfacet
facet normal -0 0 1
  outer loop
    vertex 1.068887711 2.259973288 4
    vertex 1.178491831 2.204803228 4
    vertex 8.978656769 18.98377609 4
  endloop
endfacet
facet normal -0 0 1
  outer loop
    vertex 1.178491831 2.204803228 4
    vertex 1.285256863 2.144321442 4
    vertex 9.899331093 18.52034569 4
  endloop
endfacet
facet normal -0 0 1
  outer loop
    vertex 1.285256863 2.144321442 4
    vertex 1.388925552 2.078674078 4
    vertex 10.79615784 18.01230049 4
  endloop
endfacet
facet normal -0 0 1
  outer loop
    vertex 1.388925552 2.078674078 4
    vertex 1.489248276 2.008018732 4
    vertex 11.66697502 17.46086121 4
  endloop
endfacet
facet normal 0 -0 1
  outer loop
    vertex 1.585983157 1.932526112 4
    vertex 12.50968552 16.86735725 4
    vertex 1.489248276 2.008018732 4
  endloop
endfacet
facet normal -0 0 1
  outer loop
    vertex 0.8422246575 2.35386014 4
    vertex 0.9567086101 2.30969882 4
    vertex 7.074687004 19.7724247 4
  endloop
endfacet
facet normal -0 0 1
  outer loop
    vertex 0.9567086101 2.30969882 4
    vertex 1.068887711 2.259973288 4
    vertex 8.036352158 19.40147018 4
  endloop
endfacet
facet normal 0 -0 1
  outer loop
    vertex 2.5 0 4
    vertex 13.11691189 0.673779726 4
    vertex 2.496988535 0.1226691827 4
  endloop
endfacet
facet normal 0 -0 1
  outer loop
    vertex 2.496988535 0.1226691827 4
    vertex 13.51809788 1.343117952 4
    vertex 2.487961769 0.2450428456 4
  endloop
endfacet
facet normal -0 0 1
  outer loop
    vertex 2.259973288 1.068887711 4
    vertex 2.30969882 0.9567086101 4
    vertex 18.98377609 8.978656769 4
  endloop
endfacet
facet normal 0 -0 1
  outer loop
    vertex 2.259973288 1.068887711 4
    vertex 18.98377609 8.978656769 4
    vertex 2.204803228 1.178491831 4
  endloop
endfacet
facet normal -0 0 1
  outer loop
    vertex 1.932526112 1.585983157 4
    vertex 2.008018732 1.489248276 4
    vertex 16.86735725 12.50968552 4
  endloop
endfacet
facet normal 0 -0 1
  outer loop
    vertex 2.078674078 1.388925552 4
    vertex 16.86735725 12.50968552 4
    vertex 2.008018732 1.489248276 4
  endloop
endfacet
facet normal 0 -0 1
  outer loop
    vertex 2.204803228 1.178491831 4
    vertex 18.01230049 10.79615784 4
    vertex 2.144321442 1.285256863 4
  endloop
endfacet
facet normal 0 -0 1
  outer loop
    vertex 2.144321442 1.285256863 4
    vertex 18.01230049 10.79615784 4
    vertex 2.078674078 1.388925552 4
  endloop
endfacet
facet normal 0 -0 1
  outer loop
    vertex 2.487961769 0.2450428456 4
    vertex 20.77270699 3.081340075 4
    vertex 2.47294116 0.3668261766 4
  endloop
endfacet
facet normal -0 0 1
  outer loop
    vertex 2.451963186 0.4877257943 4
    vertex 2.47294116 0.3668261766 4
    vertex 20.59649086 4.096896648 4
  endloop
endfacet
facet normal 0 -0 1
  outer loop
    vertex 2.451963186 0.4877257943 4
    vertex 20.59649086 4.096896648 4
    vertex 2.425078154 0.6074504256 4
  endloop
endfacet
facet normal 0 -0 1
  outer loop
    vertex 2.425078154 0.6074504256 4
    vertex 20.37065697 5.102583885 4
    vertex 2.392350912 0.7257117033 4
  endloop
endfacet
facet normal 0 0 1
  outer loop
    vertex 2.5 0 4
    vertex 13 2.449293705e-16 4
    vertex 13.00240898 0.09813535213 4
  endloop
endfacet
facet normal 0 0 1
  outer loop
    vertex 2.5 0 4
    vertex 13.00240898 0.09813535213 4
    vertex 13.0096302 0.1960342824 4
  endloop
endfacet
facet normal 0 0 1
  outer loop
    vertex 2.5 0 4
    vertex 13.0096302 0.1960342824 4
    vertex 13.02164745 0.2934609354 4
  endloop
endfacet
facet normal 0 0 1
  outer loop
    vertex 2.5 0 4
    vertex 13.02164745 0.2934609354 4
    vertex 13.03842926 0.3901806474 4
  endloop
endfacet
facet normal 0 0 1
  outer loop
    vertex 2.5 0 4
    vertex 13.03842926 0.3901806474 4
    vertex 13.05993748 0.4859603643 4
  endloop
endfacet
facet normal 0 0 1
  outer loop
    vertex 2.5 0 4
    vertex 13.05993748 0.4859603643 4
    vertex 13.08611965 0.5805693269 4
  endloop
endfacet
facet normal 0 0 1
  outer loop
    vertex 2.5 0 4
    vertex 13.08611965 0.5805693269 4
    vertex 13.11691189 0.673779726 4
  endloop
endfacet
facet normal 0 0 1
  outer loop
    vertex 2.496988535 0.1226691827 4
    vertex 13.11691189 0.673779726 4
    vertex 13.15224075 0.7653668523 4
  endloop
endfacet
facet normal 0 0 1
  outer loop
    vertex 2.496988535 0.1226691827 4
    vertex 13.15224075 0.7653668523 4
    vertex 13.19202137 0.8551101685 4
  endloop
endfacet
facet normal 0 0 1
  outer loop
    vertex 2.496988535 0.1226691827 4
    vertex 13.19202137 0.8551101685 4
    vertex 13.23615742 0.9427934885 4
  endloop
endfacet
facet normal 0 0 1
  outer loop
    vertex 2.496988535 0.1226691827 4
    vertex 13.23615742 0.9427934885 4
    vertex 13.28454304 1.028205514 4
  endloop
endfacet
facet normal 0 0 1
  outer loop
    vertex 2.496988535 0.1226691827 4
    vertex 13.28454304 1.028205514 4
    vertex 13.33706093 1.11114049 4
  endloop
endfacet
facet normal 0 0 1
  outer loop
    vertex 2.496988535 0.1226691827 4
    vertex 13.33706093 1.11114049 4
    vertex 13.39358521 1.191398621 4
  endloop
endfacet
facet normal 0 0 1
  outer loop
    vertex 2.496988535 0.1226691827 4
    vertex 13.39358521 1.191398621 4
    vertex 13.45397949 1.26878655 4
  endloop
endfacet
facet normal 0 0 1
  outer loop
    vertex 2.496988535 0.1226691827 4
    vertex 13.45397949 1.26878655 4
    vertex 13.51809788 1.343117952 4
  endloop
endfacet
facet normal 0 0 1
  outer loop
    vertex 2.487961769 0.2450428456 4
    vertex 13.51809788 1.343117952 4
    vertex 13.58578682 1.414213538 4
  endloop
endfacet
facet normal 0 0 1
  outer loop
    vertex 2.487961769 0.2450428456 4
    vertex 13.58578682 1.414213538 4
    vertex 13.65688229 1.481902242 4
  endloop
endfacet
facet normal 0 0 1
  outer loop
    vertex 2.487961769 0.2450428456 4
    vertex 13.65688229 1.481902242 4
    vertex 13.73121357 1.546020865 4
  endloop
endfacet
facet normal 0 0 1
  outer loop
    vertex 2.487961769 0.2450428456 4
    vertex 13.73121357 1.546020865 4
    vertex 13.80860138 1.606415033 4
  endloop
endfacet
facet normal 0 0 1
  outer loop
    vertex 2.487961769 0.2450428456 4
    vertex 13.80860138 1.606415033 4
    vertex 13.88885975 1.662939191 4
  endloop
endfacet
facet normal 0 0 1
  outer loop
    vertex 2.487961769 0.2450428456 4
    vertex 13.88885975 1.662939191 4
    vertex 13.97179413 1.715457201 4
  endloop
endfacet
facet normal 0 0 1
  outer loop
    vertex 2.487961769 0.2450428456 4
    vertex 13.97179413 1.715457201 4
    vertex 14.05720615 1.763842583 4
  endloop
endfacet
facet normal 0 0 1
  outer loop
    vertex 2.487961769 0.2450428456 4
    vertex 14.05720615 1.763842583 4
    vertex 14.14488983 1.80797863 4
  endloop
endfacet
facet normal 0 0 1
  outer loop
    vertex 2.487961769 0.2450428456 4
    vertex 14.14488983 1.80797863 4
    vertex 14.23463345 1.847759008 4
  endloop
endfacet
facet normal 0 0 1
  outer loop
    vertex 2.487961769 0.2450428456 4
    vertex 14.23463345 1.847759008 4
    vertex 14.32622051 1.883088112 4
  endloop
endfacet
facet normal 0 0 1
  outer loop
    vertex 2.487961769 0.2450428456 4
    vertex 14.32622051 1.883088112 4
    vertex 14.41943073 1.913880706 4
  endloop
endfacet
facet normal 0 0 1
  outer loop
    vertex 2.487961769 0.2450428456 4
    vertex 14.41943073 1.913880706 4
    vertex 14.51403999 1.940062523 4
  endloop
endfacet
facet normal 0 -0 1
  outer loop
    vertex 2.392350912 0.7257117033 4
    vertex 19.7724247 7.074687004 4
    vertex 2.35386014 0.8422246575 4
  endloop
endfacet
facet normal 0 -0 1
  outer loop
    vertex 2.35386014 0.8422246575 4
    vertex 19.40147018 8.036352158 4
    vertex 2.30969882 0.9567086101 4
  endloop
endfacet
facet normal 0 -0 1
  outer loop
    vertex 1.767766953 1.767766953 4
    vertex 14.10273838 15.55997372 4
    vertex 1.678897381 1.852377772 4
  endloop
endfacet
facet normal -0 0 1
  outer loop
    vertex 1.767766953 1.767766953 4
    vertex 1.852377772 1.678897381 4
    vertex 15.55997372 14.10273838 4
  endloop
endfacet
facet normal 0 -0 1
  outer loop
    vertex 1.932526112 1.585983157 4
    vertex 15.55997372 14.10273838 4
    vertex 1.852377772 1.678897381 4
  endloop
endfacet
facet normal -0 0 1
  outer loop
    vertex 1.585983157 1.932526112 4
    vertex 1.678897381 1.852377772 4
    vertex 13.32225895 16.23321915 4
  endloop
endfacet
facet normal 0 0 -1
  outer loop
    vertex 1.5308085e-16 2.5 0
    vertex 1.285879129e-15 21 0
    vertex 1.030421138 20.97470474 0
  endloop
endfacet
facet normal 0 0 -1
  outer loop
    vertex 0.1226691827 2.496988535 0
    vertex 1.030421138 20.97470474 0
    vertex 2.058359861 20.89888 0
  endloop
endfacet
facet normal 0 0 -1
  outer loop
    vertex 0.2450428456 2.487961769 0
    vertex 2.058359861 20.89888 0
    vertex 3.081340075 20.77270699 0
  endloop
endfacet
facet normal 0 0 -1
  outer loop
    vertex 0.3668261766 2.47294116 0
    vertex 3.081340075 20.77270699 0
    vertex 4.096896648 20.59649086 0
  endloop
endfacet
facet normal 0 0 -1
  outer loop
    vertex 0.6074504256 2.425078154 0
    vertex 4.096896648 20.59649086 0
    vertex 5.102583885 20.37065697 0
  endloop
endfacet
facet normal 0 0 -1
  outer loop
    vertex 0.7257117033 2.392350912 0
    vertex 5.102583885 20.37065697 0
    vertex 6.09597826 20.09574699 0
  endloop
endfacet
facet normal 0 0 -1
  outer loop
    vertex 0.7257117033 2.392350912 0
    vertex 6.09597826 20.09574699 0
    vertex 7.074687004 19.7724247 0
  endloop
endfacet
facet normal 0.02454107188 0.9996988225 0
  outer loop
    vertex 1.285879129e-15 21 0
    vertex 1.030421138 20.97470474 4
    vertex 1.030421138 20.97470474 0
  endloop
endfacet
facet normal 0.07356400583 0.9972904978 0
  outer loop
    vertex 1.030421138 20.97470474 0
    vertex 2.058359861 20.89888 4
    vertex 2.058359861 20.89888 0
  endloop
endfacet
facet normal 0.1224110998 0.9924794822 0
  outer loop
    vertex 2.058359861 20.89888 0
    vertex 3.081340075 20.77270699 4
    vertex 3.081340075 20.77270699 0
  endloop
endfacet
facet normal 0.1709622125 0.9852775862 0
  outer loop
    vertex 3.081340075 20.77270699 0
    vertex 4.096896648 20.59649086 4
    vertex 4.096896648 20.59649086 0
  endloop
endfacet
facet normal 0.2191005676 0.9757022811 0
  outer loop
    vertex 4.096896648 20.59649086 0
    vertex 5.102583885 20.37065697 4
    vertex 5.102583885 20.37065697 0
  endloop
endfacet
facet normal 0.02454107188 0.9996988225 -0
  outer loop
    vertex 1.285879129e-15 21 0
    vertex 1.285879129e-15 21 4
    vertex 1.030421138 20.97470474 4
  endloop
endfacet
facet normal 0.07356400583 0.9972904978 -0
  outer loop
    vertex 1.030421138 20.97470474 0
    vertex 1.030421138 20.97470474 4
    vertex 2.058359861 20.89888 4
  endloop
endfacet
facet normal 0.1224110998 0.9924794822 -0
  outer loop
    vertex 2.058359861 20.89888 0
    vertex 2.058359861 20.89888 4
    vertex 3.081340075 20.77270699 4
  endloop
endfacet
facet normal 0.1709622125 0.9852775862 -0
  outer loop
    vertex 3.081340075 20.77270699 0
    vertex 3.081340075 20.77270699 4
    vertex 4.096896648 20.59649086 4
  endloop
endfacet
facet normal 0.2191005676 0.9757022811 -0
  outer loop
    vertex 4.096896648 20.59649086 0
    vertex 4.096896648 20.59649086 4
    vertex 5.102583885 20.37065697 4
  endloop
endfacet
facet normal 0 0 -1
  outer loop
    vertex 1.178491831 2.204803228 0
    vertex 9.899331093 18.52034569 0
    vertex 10.79615784 18.01230049 0
  endloop
endfacet
facet normal 0 0 -1
  outer loop
    vertex 0.8422246575 2.35386014 0
    vertex 7.074687004 19.7724247 0
    vertex 8.036352158 19.40147018 0
  endloop
endfacet
facet normal 0 0 -1
  outer loop
    vertex 0.9567086101 2.30969882 0
    vertex 8.036352158 19.40147018 0
    vertex 8.978656769 18.98377609 0
  endloop
endfacet
facet normal 0 0 -1
  outer loop
    vertex 1.178491831 2.204803228 0
    vertex 8.978656769 18.98377609 0
    vertex 9.899331093 18.52034569 0
  endloop
endfacet
facet normal 0 0 -1
  outer loop
    vertex 1.585983157 1.932526112 0
    vertex 12.50968552 16.86735725 0
    vertex 13.32225895 16.23321915 0
  endloop
endfacet
facet normal 0 0 -1
  outer loop
    vertex 1.388925552 2.078674078 0
    vertex 11.66697502 17.46086121 0
    vertex 12.50968552 16.86735725 0
  endloop
endfacet
facet normal 0 0 -1
  outer loop
    vertex 1.388925552 2.078674078 0
    vertex 10.79615784 18.01230049 0
    vertex 11.66697502 17.46086121 0
  endloop
endfacet
facet normal 0 0 -1
  outer loop
    vertex 1.585983157 1.932526112 0
    vertex 13.32225895 16.23321915 0
    vertex 14.10273838 15.55997372 0
  endloop
endfacet
facet normal 0 0 -1
  outer loop
    vertex 1.767766953 1.767766953 0
    vertex 14.10273838 15.55997372 0
    vertex 14.84924221 14.84924221 0
  endloop
endfacet
facet normal 0.2667134114 0.9637758848 0
  outer loop
    vertex 5.102583885 20.37065697 0
    vertex 6.09597826 20.09574699 4
    vertex 6.09597826 20.09574699 0
  endloop
endfacet
facet normal 0.3598944702 0.9329930173 0
  outer loop
    vertex 7.074687004 19.7724247 0
    vertex 8.036352158 19.40147018 4
    vertex 8.036352158 19.40147018 0
  endloop
endfacet
facet normal 0.313682265 0.9495280073 0
  outer loop
    vertex 6.09597826 20.09574699 0
    vertex 7.074687004 19.7724247 4
    vertex 7.074687004 19.7724247 0
  endloop
endfacet
facet normal 0.4928975469 0.8700873567 0
  outer loop
    vertex 9.899331093 18.52034569 0
    vertex 10.79615784 18.01230049 4
    vertex 10.79615784 18.01230049 0
  endloop
endfacet
facet normal 0.405240653 0.9142100487 0
  outer loop
    vertex 8.036352158 19.40147018 0
    vertex 8.978656769 18.98377609 4
    vertex 8.978656769 18.98377609 0
  endloop
endfacet
facet normal 0.4496127962 0.893223563 0
  outer loop
    vertex 8.978656769 18.98377609 0
    vertex 9.899331093 18.52034569 4
    vertex 9.899331093 18.52034569 0
  endloop
endfacet
facet normal 0.2667134114 0.9637758848 -0
  outer loop
    vertex 5.102583885 20.37065697 0
    vertex 5.102583885 20.37065697 4
    vertex 6.09597826 20.09574699 4
  endloop
endfacet
facet normal 0.313682265 0.9495280073 -0
  outer loop
    vertex 6.09597826 20.09574699 0
    vertex 6.09597826 20.09574699 4
    vertex 7.074687004 19.7724247 4
  endloop
endfacet
facet normal 0.3598944702 0.9329930173 -0
  outer loop
    vertex 7.074687004 19.7724247 0
    vertex 7.074687004 19.7724247 4
    vertex 8.036352158 19.40147018 4
  endloop
endfacet
facet normal 0.4928975469 0.8700873567 -0
  outer loop
    vertex 9.899331093 18.52034569 0
    vertex 9.899331093 18.52034569 4
    vertex 10.79615784 18.01230049 4
  endloop
endfacet
facet normal 0.405240653 0.9142100487 -0
  outer loop
    vertex 8.036352158 19.40147018 0
    vertex 8.036352158 19.40147018 4
    vertex 8.978656769 18.98377609 4
  endloop
endfacet
facet normal 0.4496127962 0.893223563 -0
  outer loop
    vertex 8.978656769 18.98377609 0
    vertex 8.978656769 18.98377609 4
    vertex 9.899331093 18.52034569 4
  endloop
endfacet
facet normal 0 -0 1
  outer loop
    vertex 1.5308085e-16 2.5 4
    vertex 1.030421138 20.97470474 4
    vertex 1.285879129e-15 21 4
  endloop
endfacet
facet normal 0 -0 1
  outer loop
    vertex 0.2450428456 2.487961769 4
    vertex 2.058359861 20.89888 4
    vertex 1.030421138 20.97470474 4
  endloop
endfacet
facet normal 0 -0 1
  outer loop
    vertex 0.2450428456 2.487961769 4
    vertex 3.081340075 20.77270699 4
    vertex 2.058359861 20.89888 4
  endloop
endfacet
facet normal 0 -0 1
  outer loop
    vertex 0.4877257943 2.451963186 4
    vertex 4.096896648 20.59649086 4
    vertex 3.081340075 20.77270699 4
  endloop
endfacet
facet normal 0 -0 1
  outer loop
    vertex 0.6074504256 2.425078154 4
    vertex 5.102583885 20.37065697 4
    vertex 4.096896648 20.59649086 4
  endloop
endfacet
facet normal 0 -0 1
  outer loop
    vertex 0.7257117033 2.392350912 4
    vertex 6.09597826 20.09574699 4
    vertex 5.102583885 20.37065697 4
  endloop
endfacet
facet normal 0 -0 1
  outer loop
    vertex 0.8422246575 2.35386014 4
    vertex 7.074687004 19.7724247 4
    vertex 6.09597826 20.09574699 4
  endloop
endfacet
facet normal 0 -0 1
  outer loop
    vertex 1.285256863 2.144321442 4
    vertex 10.79615784 18.01230049 4
    vertex 9.899331093 18.52034569 4
  endloop
endfacet
facet normal 0 -0 1
  outer loop
    vertex 0.9567086101 2.30969882 4
    vertex 8.036352158 19.40147018 4
    vertex 7.074687004 19.7724247 4
  endloop
endfacet
facet normal 0 -0 1
  outer loop
    vertex 1.068887711 2.259973288 4
    vertex 8.978656769 18.98377609 4
    vertex 8.036352158 19.40147018 4
  endloop
endfacet
facet normal 0 -0 1
  outer loop
    vertex 1.178491831 2.204803228 4
    vertex 9.899331093 18.52034569 4
    vertex 8.978656769 18.98377609 4
  endloop
endfacet
facet normal 0 -0 1
  outer loop
    vertex 1.585983157 1.932526112 4
    vertex 13.32225895 16.23321915 4
    vertex 12.50968552 16.86735725 4
  endloop
endfacet
facet normal 0 -0 1
  outer loop
    vertex 1.388925552 2.078674078 4
    vertex 11.66697502 17.46086121 4
    vertex 10.79615784 18.01230049 4
  endloop
endfacet
facet normal 0 -0 1
  outer loop
    vertex 1.489248276 2.008018732 4
    vertex 12.50968552 16.86735725 4
    vertex 11.66697502 17.46086121 4
  endloop
endfacet
facet normal 0 -0 1
  outer loop
    vertex 1.678897381 1.852377772 4
    vertex 14.10273838 15.55997372 4
    vertex 13.32225895 16.23321915 4
  endloop
endfacet
facet normal 0 -0 1
  outer loop
    vertex 1.767766953 1.767766953 4
    vertex 14.84924221 14.84924221 4
    vertex 14.10273838 15.55997372 4
  endloop
endfacet
facet normal 0 -0 -1
  outer loop
    vertex 2.487961769 0.2450428456 0
    vertex 14.60981941 1.961570501 0
    vertex 14.51403999 1.940062523 0
  endloop
endfacet
facet normal -0.9996988453 0.02454014578 6.010602368e-17
  outer loop
    vertex 13 2.449293705e-16 -0.1000000015
    vertex 13 0 0
    vertex 13.00240898 0.09813535213 -0.1000000015
  endloop
endfacet
facet normal -0.9972906338 0.07356216219 0
  outer loop
    vertex 13.00240898 0.09813535213 -0.1000000015
    vertex 13.00240898 0.09813535213 0
    vertex 13.0096302 0.1960342824 -0.1000000015
  endloop
endfacet
facet normal -0.9996988453 0.02454014578 0
  outer loop
    vertex 13.00240898 0.09813535213 -0.1000000015
    vertex 13 0 0
    vertex 13.00240898 0.09813535213 0
  endloop
endfacet
facet normal -0.9972906338 0.07356216219 0
  outer loop
    vertex 13.00240898 0.09813535213 0
    vertex 13.0096302 0.1960342824 0
    vertex 13.0096302 0.1960342824 -0.1000000015
  endloop
endfacet
facet normal -0.9924785215 0.1224188886 0
  outer loop
    vertex 13.0096302 0.1960342824 -0.1000000015
    vertex 13.0096302 0.1960342824 0
    vertex 13.02164745 0.2934609354 -0.1000000015
  endloop
endfacet
facet normal -0.9852787665 0.1709554102 0
  outer loop
    vertex 13.02164745 0.2934609354 -0.1000000015
    vertex 13.02164745 0.2934609354 0
    vertex 13.03842926 0.3901806474 -0.1000000015
  endloop
endfacet
facet normal -0.9924785215 0.1224188886 0
  outer loop
    vertex 13.02164745 0.2934609354 -0.1000000015
    vertex 13.0096302 0.1960342824 0
    vertex 13.02164745 0.2934609354 0
  endloop
endfacet
facet normal -0.9757017769 0.2191028129 0
  outer loop
    vertex 13.03842926 0.3901806474 -0.1000000015
    vertex 13.03842926 0.3901806474 0
    vertex 13.05993748 0.4859603643 -0.1000000015
  endloop
endfacet
facet normal -0.9852787665 0.1709554102 0
  outer loop
    vertex 13.02164745 0.2934609354 0
    vertex 13.03842926 0.3901806474 0
    vertex 13.03842926 0.3901806474 -0.1000000015
  endloop
endfacet
facet normal -0.9757017769 0.2191028129 0
  outer loop
    vertex 13.05993748 0.4859603643 -0.1000000015
    vertex 13.03842926 0.3901806474 0
    vertex 13.05993748 0.4859603643 0
  endloop
endfacet
facet normal -0.9637751528 0.2667160566 0
  outer loop
    vertex 13.05993748 0.4859603643 -0.1000000015
    vertex 13.05993748 0.4859603643 0
    vertex 13.08611965 0.5805693269 -0.1000000015
  endloop
endfacet
facet normal -0.9495291523 0.313678799 0
  outer loop
    vertex 13.08611965 0.5805693269 -0.1000000015
    vertex 13.08611965 0.5805693269 0
    vertex 13.11691189 0.673779726 -0.1000000015
  endloop
endfacet
facet normal -0.9637751528 0.2667160566 0
  outer loop
    vertex 13.05993748 0.4859603643 0
    vertex 13.08611965 0.5805693269 0
    vertex 13.08611965 0.5805693269 -0.1000000015
  endloop
endfacet
facet normal -0.9495291523 0.313678799 0
  outer loop
    vertex 13.08611965 0.5805693269 0
    vertex 13.11691189 0.673779726 0
    vertex 13.11691189 0.673779726 -0.1000000015
  endloop
endfacet
facet normal 0 -0 -1
  outer loop
    vertex 2.487961769 0.2450428456 0
    vertex 20.77270699 3.081340075 0
    vertex 14.60981941 1.961570501 0
  endloop
endfacet
facet normal 0 0 -1
  outer loop
    vertex 13 2.449293705e-16 -0.1000000015
    vertex 13.00240898 0.09813535213 -0.1000000015
    vertex 15 0 -0.1000000015
  endloop
endfacet
facet normal 0 0 -1
  outer loop
    vertex 13.00240898 0.09813535213 -0.1000000015
    vertex 13.0096302 0.1960342824 -0.1000000015
    vertex 15 0 -0.1000000015
  endloop
endfacet
facet normal 0 0 -1
  outer loop
    vertex 13.0096302 0.1960342824 -0.1000000015
    vertex 13.02164745 0.2934609354 -0.1000000015
    vertex 15 0 -0.1000000015
  endloop
endfacet
facet normal 0 0 -1
  outer loop
    vertex 13.02164745 0.2934609354 -0.1000000015
    vertex 13.03842926 0.3901806474 -0.1000000015
    vertex 15 0 -0.1000000015
  endloop
endfacet
facet normal 0 0 -1
  outer loop
    vertex 13.03842926 0.3901806474 -0.1000000015
    vertex 13.05993748 0.4859603643 -0.1000000015
    vertex 15 0 -0.1000000015
  endloop
endfacet
facet normal 0 0 -1
  outer loop
    vertex 13.05993748 0.4859603643 -0.1000000015
    vertex 13.08611965 0.5805693269 -0.1000000015
    vertex 15 0 -0.1000000015
  endloop
endfacet
facet normal 0 0 -1
  outer loop
    vertex 13.08611965 0.5805693269 -0.1000000015
    vertex 13.11691189 0.673779726 -0.1000000015
    vertex 15 0 -0.1000000015
  endloop
endfacet
facet normal 0 0 -1
  outer loop
    vertex 13.11691189 0.673779726 -0.1000000015
    vertex 13.15224075 0.7653668523 -0.1000000015
    vertex 15 0 -0.1000000015
  endloop
endfacet
facet normal -0.9329934421 0.3598933688 0
  outer loop
    vertex 13.11691189 0.673779726 -0.1000000015
    vertex 13.11691189 0.673779726 0
    vertex 13.15224075 0.7653668523 -0.1000000015
  endloop
endfacet
facet normal -0.914209225 0.4052425113 0
  outer loop
    vertex 13.15224075 0.7653668523 -0.1000000015
    vertex 13.15224075 0.7653668523 0
    vertex 13.19202137 0.8551101685 -0.1000000015
  endloop
endfacet
facet normal -0.9329934421 0.3598933688 0
  outer loop
    vertex 13.11691189 0.673779726 0
    vertex 13.15224075 0.7653668523 0
    vertex 13.15224075 0.7653668523 -0.1000000015
  endloop
endfacet
facet normal -0.8932244114 0.4496111108 0
  outer loop
    vertex 13.19202137 0.8551101685 -0.1000000015
    vertex 13.19202137 0.8551101685 0
    vertex 13.23615742 0.9427934885 -0.1000000015
  endloop
endfacet
facet normal -0.8700856571 0.4929005471 0
  outer loop
    vertex 13.23615742 0.9427934885 -0.1000000015
    vertex 13.23615742 0.9427934885 0
    vertex 13.28454304 1.028205514 -0.1000000015
  endloop
endfacet
facet normal -0.914209225 0.4052425113 0
  outer loop
    vertex 13.15224075 0.7653668523 0
    vertex 13.19202137 0.8551101685 0
    vertex 13.19202137 0.8551101685 -0.1000000015
  endloop
endfacet
facet normal -0.8932244114 0.4496111108 0
  outer loop
    vertex 13.23615742 0.9427934885 -0.1000000015
    vertex 13.19202137 0.8551101685 0
    vertex 13.23615742 0.9427934885 0
  endloop
endfacet
facet normal -0.8700856571 0.4929005471 0
  outer loop
    vertex 13.23615742 0.9427934885 0
    vertex 13.28454304 1.028205514 0
    vertex 13.28454304 1.028205514 -0.1000000015
  endloop
endfacet
facet normal -0.8448540403 0.5349968696 0
  outer loop
    vertex 13.28454304 1.028205514 -0.1000000015
    vertex 13.28454304 1.028205514 0
    vertex 13.33706093 1.11114049 -0.1000000015
  endloop
endfacet
facet normal -0.817584221 0.5758090323 0
  outer loop
    vertex 13.33706093 1.11114049 -0.1000000015
    vertex 13.33706093 1.11114049 0
    vertex 13.39358521 1.191398621 -0.1000000015
  endloop
endfacet
facet normal -0.8448540403 0.5349968696 0
  outer loop
    vertex 13.28454304 1.028205514 0
    vertex 13.33706093 1.11114049 0
    vertex 13.33706093 1.11114049 -0.1000000015
  endloop
endfacet
facet normal -0.7883456639 0.6152325693 0
  outer loop
    vertex 13.39358521 1.191398621 -0.1000000015
    vertex 13.39358521 1.191398621 0
    vertex 13.45397949 1.26878655 -0.1000000015
  endloop
endfacet
facet normal -0.817584221 0.5758090323 0
  outer loop
    vertex 13.33706093 1.11114049 0
    vertex 13.39358521 1.191398621 0
    vertex 13.39358521 1.191398621 -0.1000000015
  endloop
endfacet
facet normal -0.7883456639 0.6152325693 0
  outer loop
    vertex 13.39358521 1.191398621 0
    vertex 13.45397949 1.26878655 0
    vertex 13.45397949 1.26878655 -0.1000000015
  endloop
endfacet
facet normal -0.7572104773 0.6531709524 0
  outer loop
    vertex 13.45397949 1.26878655 -0.1000000015
    vertex 13.45397949 1.26878655 0
    vertex 13.51809788 1.343117952 -0.1000000015
  endloop
endfacet
facet normal 0 0 -1
  outer loop
    vertex 13.15224075 0.7653668523 -0.1000000015
    vertex 13.19202137 0.8551101685 -0.1000000015
    vertex 15 0 -0.1000000015
  endloop
endfacet
facet normal 0 0 -1
  outer loop
    vertex 13.19202137 0.8551101685 -0.1000000015
    vertex 13.23615742 0.9427934885 -0.1000000015
    vertex 15 0 -0.1000000015
  endloop
endfacet
facet normal 0 0 -1
  outer loop
    vertex 13.23615742 0.9427934885 -0.1000000015
    vertex 13.28454304 1.028205514 -0.1000000015
    vertex 15 0 -0.1000000015
  endloop
endfacet
facet normal 0 0 -1
  outer loop
    vertex 13.28454304 1.028205514 -0.1000000015
    vertex 13.33706093 1.11114049 -0.1000000015
    vertex 15 0 -0.1000000015
  endloop
endfacet
facet normal 0 0 -1
  outer loop
    vertex 13.33706093 1.11114049 -0.1000000015
    vertex 13.39358521 1.191398621 -0.1000000015
    vertex 15 0 -0.1000000015
  endloop
endfacet
facet normal 0 0 -1
  outer loop
    vertex 13.39358521 1.191398621 -0.1000000015
    vertex 13.45397949 1.26878655 -0.1000000015
    vertex 15 0 -0.1000000015
  endloop
endfacet
facet normal 0 0 -1
  outer loop
    vertex 13.45397949 1.26878655 -0.1000000015
    vertex 13.51809788 1.343117952 -0.1000000015
    vertex 15 0 -0.1000000015
  endloop
endfacet
facet normal 0 0 -1
  outer loop
    vertex 13.51809788 1.343117952 -0.1000000015
    vertex 13.58578682 1.414213538 -0.1000000015
    vertex 15 0 -0.1000000015
  endloop
endfacet
facet normal 0 0 -1
  outer loop
    vertex 13.58578682 1.414213538 -0.1000000015
    vertex 13.65688229 1.481902242 -0.1000000015
    vertex 15 0 -0.1000000015
  endloop
endfacet
facet normal 0 0 -1
  outer loop
    vertex 13.65688229 1.481902242 -0.1000000015
    vertex 13.73121357 1.546020865 -0.1000000015
    vertex 15 0 -0.1000000015
  endloop
endfacet
facet normal 0 0 -1
  outer loop
    vertex 13.73121357 1.546020865 -0.1000000015
    vertex 13.80860138 1.606415033 -0.1000000015
    vertex 15 0 -0.1000000015
  endloop
endfacet
facet normal 0 0 -1
  outer loop
    vertex 13.80860138 1.606415033 -0.1000000015
    vertex 13.88885975 1.662939191 -0.1000000015
    vertex 15 0 -0.1000000015
  endloop
endfacet
facet normal 0 0 -1
  outer loop
    vertex 13.88885975 1.662939191 -0.1000000015
    vertex 13.97179413 1.715457201 -0.1000000015
    vertex 15 0 -0.1000000015
  endloop
endfacet
facet normal 0 0 -1
  outer loop
    vertex 13.97179413 1.715457201 -0.1000000015
    vertex 14.05720615 1.763842583 -0.1000000015
    vertex 15 0 -0.1000000015
  endloop
endfacet
facet normal 0 0 -1
  outer loop
    vertex 14.05720615 1.763842583 -0.1000000015
    vertex 14.14488983 1.80797863 -0.1000000015
    vertex 15 0 -0.1000000015
  endloop
endfacet
facet normal -0.7242454689 0.68954224 0
  outer loop
    vertex 13.51809788 1.343117952 -0.1000000015
    vertex 13.51809788 1.343117952 0
    vertex 13.58578682 1.414213538 -0.1000000015
  endloop
endfacet
facet normal -0.6895415725 0.7242461044 0
  outer loop
    vertex 13.58578682 1.414213538 -0.1000000015
    vertex 13.58578682 1.414213538 0
    vertex 13.65688229 1.481902242 -0.1000000015
  endloop
endfacet
facet normal -0.7572104773 0.6531709524 0
  outer loop
    vertex 13.45397949 1.26878655 0
    vertex 13.51809788 1.343117952 0
    vertex 13.51809788 1.343117952 -0.1000000015
  endloop
endfacet
facet normal -0.7242454689 0.68954224 0
  outer loop
    vertex 13.58578682 1.414213538 -0.1000000015
    vertex 13.51809788 1.343117952 0
    vertex 13.58578682 1.414213538 0
  endloop
endfacet
facet normal -0.6895415725 0.7242461044 0
  outer loop
    vertex 13.58578682 1.414213538 0
    vertex 13.65688229 1.481902242 0
    vertex 13.65688229 1.481902242 -0.1000000015
  endloop
endfacet
facet normal -0.6531729456 0.757208758 0
  outer loop
    vertex 13.65688229 1.481902242 -0.1000000015
    vertex 13.65688229 1.481902242 0
    vertex 13.73121357 1.546020865 -0.1000000015
  endloop
endfacet
facet normal -0.6152324035 0.7883457932 0
  outer loop
    vertex 13.73121357 1.546020865 -0.1000000015
    vertex 13.73121357 1.546020865 0
    vertex 13.80860138 1.606415033 -0.1000000015
  endloop
endfacet
facet normal -0.6531729456 0.757208758 0
  outer loop
    vertex 13.73121357 1.546020865 -0.1000000015
    vertex 13.65688229 1.481902242 0
    vertex 13.73121357 1.546020865 0
  endloop
endfacet
facet normal -0.5758070771 0.8175855979 0
  outer loop
    vertex 13.80860138 1.606415033 -0.1000000015
    vertex 13.80860138 1.606415033 0
    vertex 13.88885975 1.662939191 -0.1000000015
  endloop
endfacet
facet normal -0.6152324035 0.7883457932 0
  outer loop
    vertex 13.73121357 1.546020865 0
    vertex 13.80860138 1.606415033 0
    vertex 13.80860138 1.606415033 -0.1000000015
  endloop
endfacet
facet normal -0.5350004809 0.8448517535 0
  outer loop
    vertex 13.88885975 1.662939191 -0.1000000015
    vertex 13.88885975 1.662939191 0
    vertex 13.97179413 1.715457201 -0.1000000015
  endloop
endfacet
facet normal -0.5758070771 0.8175855979 0
  outer loop
    vertex 13.80860138 1.606415033 0
    vertex 13.88885975 1.662939191 0
    vertex 13.88885975 1.662939191 -0.1000000015
  endloop
endfacet
facet normal -0.5350004809 0.8448517535 0
  outer loop
    vertex 13.88885975 1.662939191 0
    vertex 13.97179413 1.715457201 0
    vertex 13.97179413 1.715457201 -0.1000000015
  endloop
endfacet
facet normal -0.4928987084 0.8700866987 0
  outer loop
    vertex 13.97179413 1.715457201 -0.1000000015
    vertex 13.97179413 1.715457201 0
    vertex 14.05720615 1.763842583 -0.1000000015
  endloop
endfacet
facet normal -0.4496096477 0.8932251478 0
  outer loop
    vertex 14.05720615 1.763842583 -0.1000000015
    vertex 14.05720615 1.763842583 0
    vertex 14.14488983 1.80797863 -0.1000000015
  endloop
endfacet
facet normal -0.4928987084 0.8700866987 0
  outer loop
    vertex 14.05720615 1.763842583 -0.1000000015
    vertex 13.97179413 1.715457201 0
    vertex 14.05720615 1.763842583 0
  endloop
endfacet
facet normal -0.4496096477 0.8932251478 0
  outer loop
    vertex 14.05720615 1.763842583 0
    vertex 14.14488983 1.80797863 0
    vertex 14.14488983 1.80797863 -0.1000000015
  endloop
endfacet
facet normal -0.4052393566 0.9142106233 0
  outer loop
    vertex 14.14488983 1.80797863 -0.1000000015
    vertex 14.14488983 1.80797863 0
    vertex 14.23463345 1.847759008 -0.1000000015
  endloop
endfacet
facet normal -0.3598956869 0.932992548 0
  outer loop
    vertex 14.23463345 1.847759008 -0.1000000015
    vertex 14.23463345 1.847759008 0
    vertex 14.32622051 1.883088112 -0.1000000015
  endloop
endfacet
facet normal -0.4052393566 0.9142106233 0
  outer loop
    vertex 14.23463345 1.847759008 -0.1000000015
    vertex 14.14488983 1.80797863 0
    vertex 14.23463345 1.847759008 0
  endloop
endfacet
facet normal -0.3136826262 0.949527888 0
  outer loop
    vertex 14.32622051 1.883088112 -0.1000000015
    vertex 14.32622051 1.883088112 0
    vertex 14.41943073 1.913880706 -0.1000000015
  endloop
endfacet
facet normal -0.3598956869 0.932992548 0
  outer loop
    vertex 14.23463345 1.847759008 0
    vertex 14.32622051 1.883088112 0
    vertex 14.32622051 1.883088112 -0.1000000015
  endloop
endfacet
facet normal -0.3136826262 0.949527888 0
  outer loop
    vertex 14.41943073 1.913880706 -0.1000000015
    vertex 14.32622051 1.883088112 0
    vertex 14.41943073 1.913880706 0
  endloop
endfacet
facet normal 0 0 -1
  outer loop
    vertex 14.14488983 1.80797863 -0.1000000015
    vertex 14.23463345 1.847759008 -0.1000000015
    vertex 15 0 -0.1000000015
  endloop
endfacet
facet normal 0 0 -1
  outer loop
    vertex 14.23463345 1.847759008 -0.1000000015
    vertex 14.32622051 1.883088112 -0.1000000015
    vertex 15 0 -0.1000000015
  endloop
endfacet
facet normal 0 0 -1
  outer loop
    vertex 14.32622051 1.883088112 -0.1000000015
    vertex 14.41943073 1.913880706 -0.1000000015
    vertex 15 0 -0.1000000015
  endloop
endfacet
facet normal 0 0 -1
  outer loop
    vertex 14.41943073 1.913880706 -0.1000000015
    vertex 14.51403999 1.940062523 -0.1000000015
    vertex 15 0 -0.1000000015
  endloop
endfacet
facet normal 0 0 -1
  outer loop
    vertex 15 0 -0.1000000015
    vertex 14.51403999 1.940062523 -0.1000000015
    vertex 14.60981941 1.961570501 -0.1000000015
  endloop
endfacet
facet normal 0 0 -1
  outer loop
    vertex 15 0 -0.1000000015
    vertex 15.39018059 1.961570501 -0.1000000015
    vertex 15.48596001 1.940062523 -0.1000000015
  endloop
endfacet
facet normal 0 0 -1
  outer loop
    vertex 15 0 -0.1000000015
    vertex 15.48596001 1.940062523 -0.1000000015
    vertex 15.58056927 1.913880706 -0.1000000015
  endloop
endfacet
facet normal 0 0 -1
  outer loop
    vertex 15 0 -0.1000000015
    vertex 15.58056927 1.913880706 -0.1000000015
    vertex 15.67377949 1.883088112 -0.1000000015
  endloop
endfacet
facet normal 0 0 -1
  outer loop
    vertex 15 0 -0.1000000015
    vertex 15.67377949 1.883088112 -0.1000000015
    vertex 15.76536655 1.847759008 -0.1000000015
  endloop
endfacet
facet normal 0 0 -1
  outer loop
    vertex 15 0 -0.1000000015
    vertex 15.76536655 1.847759008 -0.1000000015
    vertex 15.85511017 1.80797863 -0.1000000015
  endloop
endfacet
facet normal 0 0 -1
  outer loop
    vertex 15 0 -0.1000000015
    vertex 16.02820587 1.715457201 -0.1000000015
    vertex 16.1111412 1.662939191 -0.1000000015
  endloop
endfacet
facet normal 0 0 -1
  outer loop
    vertex 15 0 -0.1000000015
    vertex 15.85511017 1.80797863 -0.1000000015
    vertex 15.94279385 1.763842583 -0.1000000015
  endloop
endfacet
facet normal 0 0 -1
  outer loop
    vertex 15 0 -0.1000000015
    vertex 15.94279385 1.763842583 -0.1000000015
    vertex 16.02820587 1.715457201 -0.1000000015
  endloop
endfacet
facet normal -0.2667118922 0.9637763052 0
  outer loop
    vertex 14.41943073 1.913880706 -0.1000000015
    vertex 14.41943073 1.913880706 0
    vertex 14.51403999 1.940062523 -0.1000000015
  endloop
endfacet
facet normal -0.2191011497 0.9757021503 0
  outer loop
    vertex 14.51403999 1.940062523 -0.1000000015
    vertex 14.51403999 1.940062523 0
    vertex 14.60981941 1.961570501 -0.1000000015
  endloop
endfacet
facet normal -0.2667118922 0.9637763052 0
  outer loop
    vertex 14.41943073 1.913880706 0
    vertex 14.51403999 1.940062523 0
    vertex 14.51403999 1.940062523 -0.1000000015
  endloop
endfacet
facet normal -0.2191011497 0.9757021503 0
  outer loop
    vertex 14.51403999 1.940062523 0
    vertex 14.60981941 1.961570501 0
    vertex 14.60981941 1.961570501 -0.1000000015
  endloop
endfacet
facet normal -0.1709624324 0.9852775481 0
  outer loop
    vertex 14.60981941 1.961570501 -0.1000000015
    vertex 14.60981941 1.961570501 0
    vertex 14.70653915 1.978353024 -0.1000000015
  endloop
endfacet
facet normal 0 0 -1
  outer loop
    vertex 15 0 -0.1000000015
    vertex 14.60981941 1.961570501 -0.1000000015
    vertex 14.70653915 1.978353024 -0.1000000015
  endloop
endfacet
facet normal 0 0 -1
  outer loop
    vertex 15 0 -0.1000000015
    vertex 14.70653915 1.978353024 -0.1000000015
    vertex 14.80396557 1.990369439 -0.1000000015
  endloop
endfacet
facet normal 0 0 -1
  outer loop
    vertex 15 0 -0.1000000015
    vertex 14.80396557 1.990369439 -0.1000000015
    vertex 14.90186501 1.997590899 -0.1000000015
  endloop
endfacet
facet normal 0 0 -1
  outer loop
    vertex 15 0 -0.1000000015
    vertex 14.90186501 1.997590899 -0.1000000015
    vertex 15 2 -0.1000000015
  endloop
endfacet
facet normal 0 0 -1
  outer loop
    vertex 15 0 -0.1000000015
    vertex 15 2 -0.1000000015
    vertex 15.09813499 1.997590899 -0.1000000015
  endloop
endfacet
facet normal -0.1224108105 0.9924795179 0
  outer loop
    vertex 14.70653915 1.978353024 -0.1000000015
    vertex 14.70653915 1.978353024 0
    vertex 14.80396557 1.990369439 -0.1000000015
  endloop
endfacet
facet normal -0.1709624324 0.9852775481 0
  outer loop
    vertex 14.60981941 1.961570501 0
    vertex 14.70653915 1.978353024 0
    vertex 14.70653915 1.978353024 -0.1000000015
  endloop
endfacet
facet normal 0 0 -1
  outer loop
    vertex 2.451963186 0.4877257943 0
    vertex 20.59649086 4.096896648 0
    vertex 20.77270699 3.081340075 0
  endloop
endfacet
facet normal -0.07356419915 0.9972904836 0
  outer loop
    vertex 14.80396557 1.990369439 -0.1000000015
    vertex 14.80396557 1.990369439 0
    vertex 14.90186501 1.997590899 -0.1000000015
  endloop
endfacet
facet normal -0.1224108105 0.9924795179 0
  outer loop
    vertex 14.70653915 1.978353024 0
    vertex 14.80396557 1.990369439 0
    vertex 14.80396557 1.990369439 -0.1000000015
  endloop
endfacet
facet normal -0.07356419915 0.9972904836 0
  outer loop
    vertex 14.90186501 1.997590899 -0.1000000015
    vertex 14.80396557 1.990369439 0
    vertex 14.90186501 1.997590899 0
  endloop
endfacet
facet normal -0.0245414488 0.9996988133 0
  outer loop
    vertex 14.90186501 1.997590899 -0.1000000015
    vertex 14.90186501 1.997590899 0
    vertex 15 2 -0.1000000015
  endloop
endfacet
facet normal 0.0245414488 0.9996988133 -0
  outer loop
    vertex 15 2 -0.1000000015
    vertex 15 2 0
    vertex 15.09813499 1.997590899 -0.1000000015
  endloop
endfacet
facet normal -0.0245414488 0.9996988133 0
  outer loop
    vertex 14.90186501 1.997590899 0
    vertex 15 2 0
    vertex 15 2 -0.1000000015
  endloop
endfacet
facet normal 0.0245414488 0.9996988133 0
  outer loop
    vertex 15 2 0
    vertex 15.09813499 1.997590899 0
    vertex 15.09813499 1.997590899 -0.1000000015
  endloop
endfacet
facet normal 0 0 -1
  outer loop
    vertex 15 0 -0.1000000015
    vertex 15.09813499 1.997590899 -0.1000000015
    vertex 15.19603443 1.990369439 -0.1000000015
  endloop
endfacet
facet normal 0 0 -1
  outer loop
    vertex 15 0 -0.1000000015
    vertex 15.19603443 1.990369439 -0.1000000015
    vertex 15.29346085 1.978353024 -0.1000000015
  endloop
endfacet
facet normal 0 0 -1
  outer loop
    vertex 15 0 -0.1000000015
    vertex 15.29346085 1.978353024 -0.1000000015
    vertex 15.39018059 1.961570501 -0.1000000015
  endloop
endfacet
facet normal 0.1709624324 0.9852775481 0
  outer loop
    vertex 15.39018059 1.961570501 -0.1000000015
    vertex 15.29346085 1.978353024 0
    vertex 15.39018059 1.961570501 0
  endloop
endfacet
facet normal 0.2191011497 0.9757021503 -0
  outer loop
    vertex 15.39018059 1.961570501 -0.1000000015
    vertex 15.39018059 1.961570501 0
    vertex 15.48596001 1.940062523 -0.1000000015
  endloop
endfacet
facet normal 0.2667118922 0.9637763052 -0
  outer loop
    vertex 15.48596001 1.940062523 -0.1000000015
    vertex 15.48596001 1.940062523 0
    vertex 15.58056927 1.913880706 -0.1000000015
  endloop
endfacet
facet normal 0.2191011497 0.9757021503 0
  outer loop
    vertex 15.39018059 1.961570501 0
    vertex 15.48596001 1.940062523 0
    vertex 15.48596001 1.940062523 -0.1000000015
  endloop
endfacet
facet normal 0.2667118922 0.9637763052 0
  outer loop
    vertex 15.58056927 1.913880706 -0.1000000015
    vertex 15.48596001 1.940062523 0
    vertex 15.58056927 1.913880706 0
  endloop
endfacet
facet normal 0.3136826262 0.949527888 -0
  outer loop
    vertex 15.58056927 1.913880706 -0.1000000015
    vertex 15.58056927 1.913880706 0
    vertex 15.67377949 1.883088112 -0.1000000015
  endloop
endfacet
facet normal 0.3598956869 0.932992548 -0
  outer loop
    vertex 15.67377949 1.883088112 -0.1000000015
    vertex 15.67377949 1.883088112 0
    vertex 15.76536655 1.847759008 -0.1000000015
  endloop
endfacet
facet normal 0.3136826262 0.949527888 0
  outer loop
    vertex 15.58056927 1.913880706 0
    vertex 15.67377949 1.883088112 0
    vertex 15.67377949 1.883088112 -0.1000000015
  endloop
endfacet
facet normal 0.3598956869 0.932992548 0
  outer loop
    vertex 15.67377949 1.883088112 0
    vertex 15.76536655 1.847759008 0
    vertex 15.76536655 1.847759008 -0.1000000015
  endloop
endfacet
facet normal 0.07356419915 0.9972904836 -0
  outer loop
    vertex 15.09813499 1.997590899 -0.1000000015
    vertex 15.09813499 1.997590899 0
    vertex 15.19603443 1.990369439 -0.1000000015
  endloop
endfacet
facet normal 0.1224108105 0.9924795179 -0
  outer loop
    vertex 15.19603443 1.990369439 -0.1000000015
    vertex 15.19603443 1.990369439 0
    vertex 15.29346085 1.978353024 -0.1000000015
  endloop
endfacet
facet normal 0.07356419915 0.9972904836 0
  outer loop
    vertex 15.19603443 1.990369439 -0.1000000015
    vertex 15.09813499 1.997590899 0
    vertex 15.19603443 1.990369439 0
  endloop
endfacet
facet normal 0.1709624324 0.9852775481 -0
  outer loop
    vertex 15.39018059 1.961570501 -0.1000000015
    vertex 15.29346085 1.978353024 -0.1000000015
    vertex 15.29346085 1.978353024 0
  endloop
endfacet
facet normal 0.1224108105 0.9924795179 0
  outer loop
    vertex 15.19603443 1.990369439 0
    vertex 15.29346085 1.978353024 0
    vertex 15.29346085 1.978353024 -0.1000000015
  endloop
endfacet
facet normal 0 0 -1
  outer loop
    vertex 2.392350912 0.7257117033 0
    vertex 20.09574699 6.09597826 0
    vertex 20.37065697 5.102583885 0
  endloop
endfacet
facet normal 0 0 -1
  outer loop
    vertex 2.35386014 0.8422246575 0
    vertex 19.7724247 7.074687004 0
    vertex 20.09574699 6.09597826 0
  endloop
endfacet
facet normal 0 0 -1
  outer loop
    vertex 2.425078154 0.6074504256 0
    vertex 20.37065697 5.102583885 0
    vertex 20.59649086 4.096896648 0
  endloop
endfacet
facet normal 0 0 -1
  outer loop
    vertex 2.144321442 1.285256863 0
    vertex 18.01230049 10.79615784 0
    vertex 18.52034569 9.899331093 0
  endloop
endfacet
facet normal 0 0 -1
  outer loop
    vertex 1.932526112 1.585983157 0
    vertex 16.23321915 13.32225895 0
    vertex 16.86735725 12.50968552 0
  endloop
endfacet
facet normal 0 0 -1
  outer loop
    vertex 1.767766953 1.767766953 0
    vertex 14.84924221 14.84924221 0
    vertex 15.55997372 14.10273838 0
  endloop
endfacet
facet normal 0 0 -1
  outer loop
    vertex 1.852377772 1.678897381 0
    vertex 15.55997372 14.10273838 0
    vertex 16.23321915 13.32225895 0
  endloop
endfacet
facet normal 0 0 -1
  outer loop
    vertex 2.008018732 1.489248276 0
    vertex 16.86735725 12.50968552 0
    vertex 17.46086121 11.66697502 0
  endloop
endfacet
facet normal 0 0 -1
  outer loop
    vertex 2.078674078 1.388925552 0
    vertex 17.46086121 11.66697502 0
    vertex 18.01230049 10.79615784 0
  endloop
endfacet
facet normal 0 0 -1
  outer loop
    vertex 2.259973288 1.068887711 0
    vertex 18.98377609 8.978656769 0
    vertex 19.40147018 8.036352158 0
  endloop
endfacet
facet normal 0 0 -1
  outer loop
    vertex 2.30969882 0.9567086101 0
    vertex 19.40147018 8.036352158 0
    vertex 19.7724247 7.074687004 0
  endloop
endfacet
facet normal 0 0 -1
  outer loop
    vertex 2.204803228 1.178491831 0
    vertex 18.52034569 9.899331093 0
    vertex 18.98377609 8.978656769 0
  endloop
endfacet
facet normal 0 0 -1
  outer loop
    vertex 15 0 -0.1000000015
    vertex 16.9783535 0.2934609354 -0.1000000015
    vertex 16.9903698 0.1960342824 -0.1000000015
  endloop
endfacet
facet normal 0 0 -1
  outer loop
    vertex 15 0 -0.1000000015
    vertex 16.99759102 0.09813535213 -0.1000000015
    vertex 17 0 -0.1000000015
  endloop
endfacet
facet normal 0 0 -1
  outer loop
    vertex 15 0 -0.1000000015
    vertex 16.9903698 0.1960342824 -0.1000000015
    vertex 16.99759102 0.09813535213 -0.1000000015
  endloop
endfacet
facet normal 0 0 -1
  outer loop
    vertex 15 0 -0.1000000015
    vertex 16.96157074 0.3901806474 -0.1000000015
    vertex 16.9783535 0.2934609354 -0.1000000015
  endloop
endfacet
facet normal 0 0 -1
  outer loop
    vertex 15 0 -0.1000000015
    vertex 16.94006157 0.4859603643 -0.1000000015
    vertex 16.96157074 0.3901806474 -0.1000000015
  endloop
endfacet
facet normal 0 0 -1
  outer loop
    vertex 15 0 -0.1000000015
    vertex 16.80797768 0.8551101685 -0.1000000015
    vertex 16.84775925 0.7653668523 -0.1000000015
  endloop
endfacet
facet normal 0 0 -1
  outer loop
    vertex 15 0 -0.1000000015
    vertex 16.76384163 0.9427934885 -0.1000000015
    vertex 16.80797768 0.8551101685 -0.1000000015
  endloop
endfacet
facet normal 0 0 -1
  outer loop
    vertex 15 0 -0.1000000015
    vertex 16.9138813 0.5805693269 -0.1000000015
    vertex 16.94006157 0.4859603643 -0.1000000015
  endloop
endfacet
facet normal 0 0 -1
  outer loop
    vertex 15 0 -0.1000000015
    vertex 16.88308907 0.673779726 -0.1000000015
    vertex 16.9138813 0.5805693269 -0.1000000015
  endloop
endfacet
facet normal 0 0 -1
  outer loop
    vertex 15 0 -0.1000000015
    vertex 16.84775925 0.7653668523 -0.1000000015
    vertex 16.88308907 0.673779726 -0.1000000015
  endloop
endfacet
facet normal 0 0 -1
  outer loop
    vertex 15 0 -0.1000000015
    vertex 16.54602051 1.26878655 -0.1000000015
    vertex 16.60641479 1.191398621 -0.1000000015
  endloop
endfacet
facet normal 0 0 -1
  outer loop
    vertex 15 0 -0.1000000015
    vertex 16.34311867 1.481902242 -0.1000000015
    vertex 16.41421318 1.414213538 -0.1000000015
  endloop
endfacet
facet normal 0 0 -1
  outer loop
    vertex 15 0 -0.1000000015
    vertex 16.41421318 1.414213538 -0.1000000015
    vertex 16.48190308 1.343117952 -0.1000000015
  endloop
endfacet
facet normal 0 0 -1
  outer loop
    vertex 15 0 -0.1000000015
    vertex 16.48190308 1.343117952 -0.1000000015
    vertex 16.54602051 1.26878655 -0.1000000015
  endloop
endfacet
facet normal 0 0 -1
  outer loop
    vertex 15 0 -0.1000000015
    vertex 16.19139862 1.606415033 -0.1000000015
    vertex 16.26878738 1.546020865 -0.1000000015
  endloop
endfacet
facet normal 0 0 -1
  outer loop
    vertex 15 0 -0.1000000015
    vertex 16.1111412 1.662939191 -0.1000000015
    vertex 16.19139862 1.606415033 -0.1000000015
  endloop
endfacet
facet normal 0 0 -1
  outer loop
    vertex 15 0 -0.1000000015
    vertex 16.26878738 1.546020865 -0.1000000015
    vertex 16.34311867 1.481902242 -0.1000000015
  endloop
endfacet
facet normal 0 0 -1
  outer loop
    vertex 15 0 -0.1000000015
    vertex 16.71545792 1.028205514 -0.1000000015
    vertex 16.76384163 0.9427934885 -0.1000000015
  endloop
endfacet
facet normal 0 0 -1
  outer loop
    vertex 15 0 -0.1000000015
    vertex 16.66293907 1.11114049 -0.1000000015
    vertex 16.71545792 1.028205514 -0.1000000015
  endloop
endfacet
facet normal 0 0 -1
  outer loop
    vertex 15 0 -0.1000000015
    vertex 16.60641479 1.191398621 -0.1000000015
    vertex 16.66293907 1.11114049 -0.1000000015
  endloop
endfacet
facet normal 0.9996988453 0.02454014578 -0
  outer loop
    vertex 17 0 -0.1000000015
    vertex 16.99759102 0.09813535213 -0.1000000015
    vertex 16.99759102 0.09813535213 0
  endloop
endfacet
facet normal 0.9972906338 0.07356216219 -0
  outer loop
    vertex 16.99759102 0.09813535213 -0.1000000015
    vertex 16.9903698 0.1960342824 -0.1000000015
    vertex 16.9903698 0.1960342824 0
  endloop
endfacet
facet normal 0.9996988453 0.02454014578 0
  outer loop
    vertex 17 0 -0.1000000015
    vertex 16.99759102 0.09813535213 0
    vertex 17 0 0
  endloop
endfacet
facet normal 0.9972906338 0.07356216219 0
  outer loop
    vertex 16.99759102 0.09813535213 -0.1000000015
    vertex 16.9903698 0.1960342824 0
    vertex 16.99759102 0.09813535213 0
  endloop
endfacet
facet normal 0.9924797018 0.1224093192 -0
  outer loop
    vertex 16.9783535 0.2934609354 -0.1000000015
    vertex 16.9783535 0.2934609354 0
    vertex 16.9903698 0.1960342824 -0.1000000015
  endloop
endfacet
facet normal 0.9852771301 0.1709648413 0
  outer loop
    vertex 16.9783535 0.2934609354 -0.1000000015
    vertex 16.96157074 0.3901806474 0
    vertex 16.9783535 0.2934609354 0
  endloop
endfacet
facet normal 0.9924797018 0.1224093192 0
  outer loop
    vertex 16.9903698 0.1960342824 -0.1000000015
    vertex 16.9783535 0.2934609354 0
    vertex 16.9903698 0.1960342824 0
  endloop
endfacet
facet normal 0.9495291523 0.313678799 -0
  outer loop
    vertex 16.9138813 0.5805693269 -0.1000000015
    vertex 16.88308907 0.673779726 -0.1000000015
    vertex 16.88308907 0.673779726 0
  endloop
endfacet
facet normal 0.9852771301 0.1709648413 -0
  outer loop
    vertex 16.9783535 0.2934609354 -0.1000000015
    vertex 16.96157074 0.3901806474 -0.1000000015
    vertex 16.96157074 0.3901806474 0
  endloop
endfacet
facet normal 0.9756997 0.2191120615 -0
  outer loop
    vertex 16.96157074 0.3901806474 -0.1000000015
    vertex 16.94006157 0.4859603643 -0.1000000015
    vertex 16.94006157 0.4859603643 0
  endloop
endfacet
facet normal 0.9756997 0.2191120615 0
  outer loop
    vertex 16.96157074 0.3901806474 -0.1000000015
    vertex 16.94006157 0.4859603643 0
    vertex 16.96157074 0.3901806474 0
  endloop
endfacet
facet normal 0.9637801472 0.2666980086 -0
  outer loop
    vertex 16.94006157 0.4859603643 -0.1000000015
    vertex 16.9138813 0.5805693269 -0.1000000015
    vertex 16.9138813 0.5805693269 0
  endloop
endfacet
facet normal 0.9637801472 0.2666980086 0
  outer loop
    vertex 16.94006157 0.4859603643 -0.1000000015
    vertex 16.9138813 0.5805693269 0
    vertex 16.94006157 0.4859603643 0
  endloop
endfacet
facet normal 0.9495291523 0.313678799 0
  outer loop
    vertex 16.9138813 0.5805693269 -0.1000000015
    vertex 16.88308907 0.673779726 0
    vertex 16.9138813 0.5805693269 0
  endloop
endfacet
facet normal 0.7883456639 0.6152325693 -0
  outer loop
    vertex 16.54602051 1.26878655 -0.1000000015
    vertex 16.54602051 1.26878655 0
    vertex 16.60641479 1.191398621 -0.1000000015
  endloop
endfacet
facet normal 0.7572152822 0.6531653821 0
  outer loop
    vertex 16.54602051 1.26878655 -0.1000000015
    vertex 16.48190308 1.343117952 0
    vertex 16.54602051 1.26878655 0
  endloop
endfacet
facet normal 0.8700939899 0.4928858374 -0
  outer loop
    vertex 16.71545792 1.028205514 -0.1000000015
    vertex 16.71545792 1.028205514 0
    vertex 16.76384163 0.9427934885 -0.1000000015
  endloop
endfacet
facet normal 0.8448496492 0.535003804 -0
  outer loop
    vertex 16.71545792 1.028205514 -0.1000000015
    vertex 16.66293907 1.11114049 -0.1000000015
    vertex 16.66293907 1.11114049 0
  endloop
endfacet
facet normal 0.817584221 0.5758090323 0
  outer loop
    vertex 16.66293907 1.11114049 -0.1000000015
    vertex 16.60641479 1.191398621 0
    vertex 16.66293907 1.11114049 0
  endloop
endfacet
facet normal 0.8448496492 0.535003804 0
  outer loop
    vertex 16.71545792 1.028205514 -0.1000000015
    vertex 16.66293907 1.11114049 0
    vertex 16.71545792 1.028205514 0
  endloop
endfacet
facet normal 0.817584221 0.5758090323 -0
  outer loop
    vertex 16.66293907 1.11114049 -0.1000000015
    vertex 16.60641479 1.191398621 -0.1000000015
    vertex 16.60641479 1.191398621 0
  endloop
endfacet
facet normal 0.7883456639 0.6152325693 0
  outer loop
    vertex 16.54602051 1.26878655 0
    vertex 16.60641479 1.191398621 0
    vertex 16.60641479 1.191398621 -0.1000000015
  endloop
endfacet
facet normal 0.93299018 0.3599018255 -0
  outer loop
    vertex 16.88308907 0.673779726 -0.1000000015
    vertex 16.84775925 0.7653668523 -0.1000000015
    vertex 16.84775925 0.7653668523 0
  endloop
endfacet
facet normal 0.93299018 0.3599018255 0
  outer loop
    vertex 16.88308907 0.673779726 -0.1000000015
    vertex 16.84775925 0.7653668523 0
    vertex 16.88308907 0.673779726 0
  endloop
endfacet
facet normal 0.9142056258 0.4052506308 0
  outer loop
    vertex 16.84775925 0.7653668523 -0.1000000015
    vertex 16.80797768 0.8551101685 0
    vertex 16.84775925 0.7653668523 0
  endloop
endfacet
facet normal 0.8932244114 0.4496111108 -0
  outer loop
    vertex 16.80797768 0.8551101685 -0.1000000015
    vertex 16.76384163 0.9427934885 -0.1000000015
    vertex 16.76384163 0.9427934885 0
  endloop
endfacet
facet normal 0.9142056258 0.4052506308 -0
  outer loop
    vertex 16.84775925 0.7653668523 -0.1000000015
    vertex 16.80797768 0.8551101685 -0.1000000015
    vertex 16.80797768 0.8551101685 0
  endloop
endfacet
facet normal 0.8932244114 0.4496111108 0
  outer loop
    vertex 16.80797768 0.8551101685 -0.1000000015
    vertex 16.76384163 0.9427934885 0
    vertex 16.80797768 0.8551101685 0
  endloop
endfacet
facet normal 0.8700939899 0.4928858374 0
  outer loop
    vertex 16.71545792 1.028205514 0
    vertex 16.76384163 0.9427934885 0
    vertex 16.76384163 0.9427934885 -0.1000000015
  endloop
endfacet
facet normal 0.4496096477 0.8932251478 -0
  outer loop
    vertex 15.85511017 1.80797863 -0.1000000015
    vertex 15.85511017 1.80797863 0
    vertex 15.94279385 1.763842583 -0.1000000015
  endloop
endfacet
facet normal 0.4496096477 0.8932251478 0
  outer loop
    vertex 15.85511017 1.80797863 0
    vertex 15.94279385 1.763842583 0
    vertex 15.94279385 1.763842583 -0.1000000015
  endloop
endfacet
facet normal 0.4052393566 0.9142106233 -0
  outer loop
    vertex 15.76536655 1.847759008 -0.1000000015
    vertex 15.76536655 1.847759008 0
    vertex 15.85511017 1.80797863 -0.1000000015
  endloop
endfacet
facet normal 0.4052393566 0.9142106233 0
  outer loop
    vertex 15.85511017 1.80797863 -0.1000000015
    vertex 15.76536655 1.847759008 0
    vertex 15.85511017 1.80797863 0
  endloop
endfacet
facet normal 0.4928987084 0.8700866987 -0
  outer loop
    vertex 15.94279385 1.763842583 -0.1000000015
    vertex 15.94279385 1.763842583 0
    vertex 16.02820587 1.715457201 -0.1000000015
  endloop
endfacet
facet normal 0.5349960898 0.8448545342 -0
  outer loop
    vertex 16.02820587 1.715457201 -0.1000000015
    vertex 16.02820587 1.715457201 0
    vertex 16.1111412 1.662939191 -0.1000000015
  endloop
endfacet
facet normal 0.4928987084 0.8700866987 0
  outer loop
    vertex 16.02820587 1.715457201 -0.1000000015
    vertex 15.94279385 1.763842583 0
    vertex 16.02820587 1.715457201 0
  endloop
endfacet
facet normal 0.6152276916 0.7883494704 -0
  outer loop
    vertex 16.19139862 1.606415033 -0.1000000015
    vertex 16.19139862 1.606415033 0
    vertex 16.26878738 1.546020865 -0.1000000015
  endloop
endfacet
facet normal 0.5758116507 0.8175823768 0
  outer loop
    vertex 16.19139862 1.606415033 -0.1000000015
    vertex 16.1111412 1.662939191 0
    vertex 16.19139862 1.606415033 0
  endloop
endfacet
facet normal 0.6895464242 0.7242414852 -0
  outer loop
    vertex 16.34311867 1.481902242 -0.1000000015
    vertex 16.34311867 1.481902242 0
    vertex 16.41421318 1.414213538 -0.1000000015
  endloop
endfacet
facet normal 0.6895464242 0.7242414852 0
  outer loop
    vertex 16.34311867 1.481902242 0
    vertex 16.41421318 1.414213538 0
    vertex 16.41421318 1.414213538 -0.1000000015
  endloop
endfacet
facet normal 0.6531729456 0.757208758 -0
  outer loop
    vertex 16.26878738 1.546020865 -0.1000000015
    vertex 16.26878738 1.546020865 0
    vertex 16.34311867 1.481902242 -0.1000000015
  endloop
endfacet
facet normal 0.6531729456 0.757208758 0
  outer loop
    vertex 16.34311867 1.481902242 -0.1000000015
    vertex 16.26878738 1.546020865 0
    vertex 16.34311867 1.481902242 0
  endloop
endfacet
facet normal 0.6152276916 0.7883494704 0
  outer loop
    vertex 16.19139862 1.606415033 0
    vertex 16.26878738 1.546020865 0
    vertex 16.26878738 1.546020865 -0.1000000015
  endloop
endfacet
facet normal 0.5758116507 0.8175823768 -0
  outer loop
    vertex 16.19139862 1.606415033 -0.1000000015
    vertex 16.1111412 1.662939191 -0.1000000015
    vertex 16.1111412 1.662939191 0
  endloop
endfacet
facet normal 0.5349960898 0.8448545342 0
  outer loop
    vertex 16.02820587 1.715457201 0
    vertex 16.1111412 1.662939191 0
    vertex 16.1111412 1.662939191 -0.1000000015
  endloop
endfacet
facet normal 0.7242406172 0.6895473358 -0
  outer loop
    vertex 16.48190308 1.343117952 -0.1000000015
    vertex 16.41421318 1.414213538 -0.1000000015
    vertex 16.41421318 1.414213538 0
  endloop
endfacet
facet normal 0.7572152822 0.6531653821 -0
  outer loop
    vertex 16.54602051 1.26878655 -0.1000000015
    vertex 16.48190308 1.343117952 -0.1000000015
    vertex 16.48190308 1.343117952 0
  endloop
endfacet
facet normal 0.7242406172 0.6895473358 0
  outer loop
    vertex 16.48190308 1.343117952 -0.1000000015
    vertex 16.41421318 1.414213538 0
    vertex 16.48190308 1.343117952 0
  endloop
endfacet
facet normal 0 -0 -1
  outer loop
    vertex 14.60981941 1.961570501 0
    vertex 20.77270699 3.081340075 0
    vertex 14.70653915 1.978353024 0
  endloop
endfacet
facet normal 0 -0 -1
  outer loop
    vertex 14.70653915 1.978353024 0
    vertex 20.77270699 3.081340075 0
    vertex 14.80396557 1.990369439 0
  endloop
endfacet
facet normal 0 -0 -1
  outer loop
    vertex 14.80396557 1.990369439 0
    vertex 20.77270699 3.081340075 0
    vertex 14.90186501 1.997590899 0
  endloop
endfacet
facet normal 0 -0 -1
  outer loop
    vertex 14.90186501 1.997590899 0
    vertex 20.77270699 3.081340075 0
    vertex 15 2 0
  endloop
endfacet
facet normal 0 -0 -1
  outer loop
    vertex 15 2 0
    vertex 20.77270699 3.081340075 0
    vertex 15.09813499 1.997590899 0
  endloop
endfacet
facet normal 0 -0 -1
  outer loop
    vertex 15.09813499 1.997590899 0
    vertex 20.77270699 3.081340075 0
    vertex 15.19603443 1.990369439 0
  endloop
endfacet
facet normal 0 0 -1
  outer loop
    vertex 17 0 0
    vertex 16.99759102 0.09813535213 0
    vertex 21 0 0
  endloop
endfacet
facet normal 0 0 -1
  outer loop
    vertex 16.99759102 0.09813535213 0
    vertex 16.9903698 0.1960342824 0
    vertex 20.97470474 1.030421138 0
  endloop
endfacet
facet normal 0 0 -1
  outer loop
    vertex 16.96157074 0.3901806474 0
    vertex 16.94006157 0.4859603643 0
    vertex 20.97470474 1.030421138 0
  endloop
endfacet
facet normal 0 -0 -1
  outer loop
    vertex 16.9783535 0.2934609354 0
    vertex 20.97470474 1.030421138 0
    vertex 16.9903698 0.1960342824 0
  endloop
endfacet
facet normal 0 0 -1
  outer loop
    vertex 16.9783535 0.2934609354 0
    vertex 16.96157074 0.3901806474 0
    vertex 20.97470474 1.030421138 0
  endloop
endfacet
facet normal 0 0 -1
  outer loop
    vertex 16.84775925 0.7653668523 0
    vertex 16.80797768 0.8551101685 0
    vertex 20.97470474 1.030421138 0
  endloop
endfacet
facet normal 0 0 -1
  outer loop
    vertex 16.94006157 0.4859603643 0
    vertex 16.9138813 0.5805693269 0
    vertex 20.97470474 1.030421138 0
  endloop
endfacet
facet normal 0 0 -1
  outer loop
    vertex 16.9138813 0.5805693269 0
    vertex 16.88308907 0.673779726 0
    vertex 20.97470474 1.030421138 0
  endloop
endfacet
facet normal 0 0 -1
  outer loop
    vertex 16.88308907 0.673779726 0
    vertex 16.84775925 0.7653668523 0
    vertex 20.97470474 1.030421138 0
  endloop
endfacet
facet normal 0 0 -1
  outer loop
    vertex 16.80797768 0.8551101685 0
    vertex 16.76384163 0.9427934885 0
    vertex 20.89888 2.058359861 0
  endloop
endfacet
facet normal 0 -0 -1
  outer loop
    vertex 15.58056927 1.913880706 0
    vertex 20.77270699 3.081340075 0
    vertex 15.67377949 1.883088112 0
  endloop
endfacet
facet normal 0 -0 -1
  outer loop
    vertex 15.19603443 1.990369439 0
    vertex 20.77270699 3.081340075 0
    vertex 15.29346085 1.978353024 0
  endloop
endfacet
facet normal 0 0 -1
  outer loop
    vertex 15.39018059 1.961570501 0
    vertex 15.29346085 1.978353024 0
    vertex 20.77270699 3.081340075 0
  endloop
endfacet
facet normal 0 -0 -1
  outer loop
    vertex 15.39018059 1.961570501 0
    vertex 20.77270699 3.081340075 0
    vertex 15.48596001 1.940062523 0
  endloop
endfacet
facet normal 0 -0 -1
  outer loop
    vertex 15.48596001 1.940062523 0
    vertex 20.77270699 3.081340075 0
    vertex 15.58056927 1.913880706 0
  endloop
endfacet
facet normal 0 -0 -1
  outer loop
    vertex 15.67377949 1.883088112 0
    vertex 20.77270699 3.081340075 0
    vertex 15.76536655 1.847759008 0
  endloop
endfacet
facet normal 0 -0 -1
  outer loop
    vertex 15.76536655 1.847759008 0
    vertex 20.77270699 3.081340075 0
    vertex 15.85511017 1.80797863 0
  endloop
endfacet
facet normal 0 -0 -1
  outer loop
    vertex 15.85511017 1.80797863 0
    vertex 20.77270699 3.081340075 0
    vertex 15.94279385 1.763842583 0
  endloop
endfacet
facet normal 0 0 -1
  outer loop
    vertex 16.19139862 1.606415033 0
    vertex 16.1111412 1.662939191 0
    vertex 20.77270699 3.081340075 0
  endloop
endfacet
facet normal 0 -0 -1
  outer loop
    vertex 15.94279385 1.763842583 0
    vertex 20.77270699 3.081340075 0
    vertex 16.02820587 1.715457201 0
  endloop
endfacet
facet normal 0 -0 -1
  outer loop
    vertex 16.02820587 1.715457201 0
    vertex 20.77270699 3.081340075 0
    vertex 16.1111412 1.662939191 0
  endloop
endfacet
facet normal 0 0 -1
  outer loop
    vertex 16.48190308 1.343117952 0
    vertex 16.41421318 1.414213538 0
    vertex 20.89888 2.058359861 0
  endloop
endfacet
facet normal 0 0 -1
  outer loop
    vertex 16.54602051 1.26878655 0
    vertex 16.48190308 1.343117952 0
    vertex 20.89888 2.058359861 0
  endloop
endfacet
facet normal 0 -0 -1
  outer loop
    vertex 16.54602051 1.26878655 0
    vertex 20.89888 2.058359861 0
    vertex 16.60641479 1.191398621 0
  endloop
endfacet
facet normal 0 -0 -1
  outer loop
    vertex 16.19139862 1.606415033 0
    vertex 20.89888 2.058359861 0
    vertex 16.26878738 1.546020865 0
  endloop
endfacet
facet normal 0 -0 -1
  outer loop
    vertex 16.26878738 1.546020865 0
    vertex 20.89888 2.058359861 0
    vertex 16.34311867 1.481902242 0
  endloop
endfacet
facet normal 0 -0 -1
  outer loop
    vertex 16.34311867 1.481902242 0
    vertex 20.89888 2.058359861 0
    vertex 16.41421318 1.414213538 0
  endloop
endfacet
facet normal 0 -0 -1
  outer loop
    vertex 16.71545792 1.028205514 0
    vertex 20.89888 2.058359861 0
    vertex 16.76384163 0.9427934885 0
  endloop
endfacet
facet normal 0 0 -1
  outer loop
    vertex 16.66293907 1.11114049 0
    vertex 16.60641479 1.191398621 0
    vertex 20.89888 2.058359861 0
  endloop
endfacet
facet normal 0 0 -1
  outer loop
    vertex 16.71545792 1.028205514 0
    vertex 16.66293907 1.11114049 0
    vertex 20.89888 2.058359861 0
  endloop
endfacet
facet normal 0 0 -1
  outer loop
    vertex 16.99759102 0.09813535213 0
    vertex 20.97470474 1.030421138 0
    vertex 21 0 0
  endloop
endfacet
facet normal 0 0 -1
  outer loop
    vertex 16.80797768 0.8551101685 0
    vertex 20.89888 2.058359861 0
    vertex 20.97470474 1.030421138 0
  endloop
endfacet
facet normal 0 0 -1
  outer loop
    vertex 16.19139862 1.606415033 0
    vertex 20.77270699 3.081340075 0
    vertex 20.89888 2.058359861 0
  endloop
endfacet
facet normal 0.9996988225 0.02454107188 0
  outer loop
    vertex 21 0 0
    vertex 20.97470474 1.030421138 0
    vertex 21 0 4
  endloop
endfacet
facet normal 0.9972904978 0.07356400583 0
  outer loop
    vertex 20.97470474 1.030421138 0
    vertex 20.89888 2.058359861 0
    vertex 20.97470474 1.030421138 4
  endloop
endfacet
facet normal 0.9924794822 0.1224110998 0
  outer loop
    vertex 20.89888 2.058359861 0
    vertex 20.77270699 3.081340075 0
    vertex 20.89888 2.058359861 4
  endloop
endfacet
facet normal 0.9852775862 0.1709622125 0
  outer loop
    vertex 20.77270699 3.081340075 0
    vertex 20.59649086 4.096896648 0
    vertex 20.77270699 3.081340075 4
  endloop
endfacet
facet normal 0.9757022811 0.2191005676 0
  outer loop
    vertex 20.59649086 4.096896648 0
    vertex 20.37065697 5.102583885 0
    vertex 20.59649086 4.096896648 4
  endloop
endfacet
facet normal 0.9996988225 0.02454107188 -0
  outer loop
    vertex 20.97470474 1.030421138 0
    vertex 20.97470474 1.030421138 4
    vertex 21 0 4
  endloop
endfacet
facet normal 0.9972904978 0.07356400583 -0
  outer loop
    vertex 20.89888 2.058359861 0
    vertex 20.89888 2.058359861 4
    vertex 20.97470474 1.030421138 4
  endloop
endfacet
facet normal 0.9924794822 0.1224110998 -0
  outer loop
    vertex 20.77270699 3.081340075 0
    vertex 20.77270699 3.081340075 4
    vertex 20.89888 2.058359861 4
  endloop
endfacet
facet normal 0.9852775862 0.1709622125 -0
  outer loop
    vertex 20.59649086 4.096896648 0
    vertex 20.59649086 4.096896648 4
    vertex 20.77270699 3.081340075 4
  endloop
endfacet
facet normal 0.9757022811 0.2191005676 -0
  outer loop
    vertex 20.37065697 5.102583885 0
    vertex 20.37065697 5.102583885 4
    vertex 20.59649086 4.096896648 4
  endloop
endfacet
facet normal 0.8700873567 0.4928975469 0
  outer loop
    vertex 18.52034569 9.899331093 0
    vertex 18.01230049 10.79615784 0
    vertex 18.52034569 9.899331093 4
  endloop
endfacet
facet normal 0.9329930173 0.3598944702 0
  outer loop
    vertex 19.7724247 7.074687004 0
    vertex 19.40147018 8.036352158 0
    vertex 19.7724247 7.074687004 4
  endloop
endfacet
facet normal 0.9637758848 0.2667134114 0
  outer loop
    vertex 20.37065697 5.102583885 0
    vertex 20.09574699 6.09597826 0
    vertex 20.37065697 5.102583885 4
  endloop
endfacet
facet normal 0.9495280073 0.313682265 0
  outer loop
    vertex 20.09574699 6.09597826 0
    vertex 19.7724247 7.074687004 0
    vertex 20.09574699 6.09597826 4
  endloop
endfacet
facet normal 0.9142100487 0.405240653 0
  outer loop
    vertex 18.98377609 8.978656769 0
    vertex 19.40147018 8.036352158 4
    vertex 19.40147018 8.036352158 0
  endloop
endfacet
facet normal 0.893223563 0.4496127962 0
  outer loop
    vertex 18.98377609 8.978656769 0
    vertex 18.52034569 9.899331093 0
    vertex 18.98377609 8.978656769 4
  endloop
endfacet
facet normal 0.8700873567 0.4928975469 -0
  outer loop
    vertex 18.52034569 9.899331093 4
    vertex 18.01230049 10.79615784 0
    vertex 18.01230049 10.79615784 4
  endloop
endfacet
facet normal 0.9329930173 0.3598944702 -0
  outer loop
    vertex 19.40147018 8.036352158 0
    vertex 19.40147018 8.036352158 4
    vertex 19.7724247 7.074687004 4
  endloop
endfacet
facet normal 0.9637758848 0.2667134114 -0
  outer loop
    vertex 20.09574699 6.09597826 0
    vertex 20.09574699 6.09597826 4
    vertex 20.37065697 5.102583885 4
  endloop
endfacet
facet normal 0.9495280073 0.313682265 -0
  outer loop
    vertex 19.7724247 7.074687004 0
    vertex 19.7724247 7.074687004 4
    vertex 20.09574699 6.09597826 4
  endloop
endfacet
facet normal 0.9142100487 0.405240653 -0
  outer loop
    vertex 18.98377609 8.978656769 0
    vertex 18.98377609 8.978656769 4
    vertex 19.40147018 8.036352158 4
  endloop
endfacet
facet normal 0.893223563 0.4496127962 -0
  outer loop
    vertex 18.52034569 9.899331093 0
    vertex 18.52034569 9.899331093 4
    vertex 18.98377609 8.978656769 4
  endloop
endfacet
facet normal 0 0 1
  outer loop
    vertex 2.487961769 0.2450428456 4
    vertex 14.51403999 1.940062523 4
    vertex 14.60981941 1.961570501 4
  endloop
endfacet
facet normal 0 0 1
  outer loop
    vertex 2.487961769 0.2450428456 4
    vertex 14.60981941 1.961570501 4
    vertex 20.77270699 3.081340075 4
  endloop
endfacet
facet normal 0 -0 1
  outer loop
    vertex 2.47294116 0.3668261766 4
    vertex 20.77270699 3.081340075 4
    vertex 20.59649086 4.096896648 4
  endloop
endfacet
facet normal 0 -0 1
  outer loop
    vertex 2.392350912 0.7257117033 4
    vertex 20.37065697 5.102583885 4
    vertex 20.09574699 6.09597826 4
  endloop
endfacet
facet normal 0 -0 1
  outer loop
    vertex 2.392350912 0.7257117033 4
    vertex 20.09574699 6.09597826 4
    vertex 19.7724247 7.074687004 4
  endloop
endfacet
facet normal 0 -0 1
  outer loop
    vertex 2.425078154 0.6074504256 4
    vertex 20.59649086 4.096896648 4
    vertex 20.37065697 5.102583885 4
  endloop
endfacet
facet normal 0 -0 1
  outer loop
    vertex 2.204803228 1.178491831 4
    vertex 18.52034569 9.899331093 4
    vertex 18.01230049 10.79615784 4
  endloop
endfacet
facet normal 0 -0 1
  outer loop
    vertex 1.932526112 1.585983157 4
    vertex 16.86735725 12.50968552 4
    vertex 16.23321915 13.32225895 4
  endloop
endfacet
facet normal 0 -0 1
  outer loop
    vertex 1.767766953 1.767766953 4
    vertex 15.55997372 14.10273838 4
    vertex 14.84924221 14.84924221 4
  endloop
endfacet
facet normal 0 -0 1
  outer loop
    vertex 1.932526112 1.585983157 4
    vertex 16.23321915 13.32225895 4
    vertex 15.55997372 14.10273838 4
  endloop
endfacet
facet normal 0 -0 1
  outer loop
    vertex 2.078674078 1.388925552 4
    vertex 17.46086121 11.66697502 4
    vertex 16.86735725 12.50968552 4
  endloop
endfacet
facet normal 0 -0 1
  outer loop
    vertex 2.078674078 1.388925552 4
    vertex 18.01230049 10.79615784 4
    vertex 17.46086121 11.66697502 4
  endloop
endfacet
facet normal 0 -0 1
  outer loop
    vertex 2.30969882 0.9567086101 4
    vertex 19.40147018 8.036352158 4
    vertex 18.98377609 8.978656769 4
  endloop
endfacet
facet normal 0 -0 1
  outer loop
    vertex 2.35386014 0.8422246575 4
    vertex 19.7724247 7.074687004 4
    vertex 19.40147018 8.036352158 4
  endloop
endfacet
facet normal 0 -0 1
  outer loop
    vertex 2.204803228 1.178491831 4
    vertex 18.98377609 8.978656769 4
    vertex 18.52034569 9.899331093 4
  endloop
endfacet
facet normal 0 0 1
  outer loop
    vertex 14.60981941 1.961570501 4
    vertex 14.70653915 1.978353024 4
    vertex 20.77270699 3.081340075 4
  endloop
endfacet
facet normal 0 0 1
  outer loop
    vertex 14.70653915 1.978353024 4
    vertex 14.80396557 1.990369439 4
    vertex 20.77270699 3.081340075 4
  endloop
endfacet
facet normal 0 0 1
  outer loop
    vertex 14.80396557 1.990369439 4
    vertex 14.90186501 1.997590899 4
    vertex 20.77270699 3.081340075 4
  endloop
endfacet
facet normal 0 0 1
  outer loop
    vertex 14.90186501 1.997590899 4
    vertex 15 2 4
    vertex 20.77270699 3.081340075 4
  endloop
endfacet
facet normal -0 0 1
  outer loop
    vertex 15 2 4
    vertex 15.09813499 1.997590899 4
    vertex 20.77270699 3.081340075 4
  endloop
endfacet
facet normal -0 0 1
  outer loop
    vertex 15.09813499 1.997590899 4
    vertex 15.19603443 1.990369439 4
    vertex 20.77270699 3.081340075 4
  endloop
endfacet
facet normal 0 -0 1
  outer loop
    vertex 17 0 4
    vertex 20.97470474 1.030421138 4
    vertex 16.99759102 0.09813535213 4
  endloop
endfacet
facet normal 0 -0 1
  outer loop
    vertex 16.99759102 0.09813535213 4
    vertex 20.97470474 1.030421138 4
    vertex 16.9903698 0.1960342824 4
  endloop
endfacet
facet normal 0 -0 1
  outer loop
    vertex 16.96157074 0.3901806474 4
    vertex 20.97470474 1.030421138 4
    vertex 16.94006157 0.4859603643 4
  endloop
endfacet
facet normal -0 0 1
  outer loop
    vertex 16.9783535 0.2934609354 4
    vertex 16.9903698 0.1960342824 4
    vertex 20.97470474 1.030421138 4
  endloop
endfacet
facet normal 0 -0 1
  outer loop
    vertex 16.9783535 0.2934609354 4
    vertex 20.97470474 1.030421138 4
    vertex 16.96157074 0.3901806474 4
  endloop
endfacet
facet normal 0 -0 1
  outer loop
    vertex 16.94006157 0.4859603643 4
    vertex 20.97470474 1.030421138 4
    vertex 16.9138813 0.5805693269 4
  endloop
endfacet
facet normal 0 -0 1
  outer loop
    vertex 16.9138813 0.5805693269 4
    vertex 20.97470474 1.030421138 4
    vertex 16.88308907 0.673779726 4
  endloop
endfacet
facet normal 0 -0 1
  outer loop
    vertex 16.88308907 0.673779726 4
    vertex 20.97470474 1.030421138 4
    vertex 16.84775925 0.7653668523 4
  endloop
endfacet
facet normal 0 -0 1
  outer loop
    vertex 16.84775925 0.7653668523 4
    vertex 20.89888 2.058359861 4
    vertex 16.80797768 0.8551101685 4
  endloop
endfacet
facet normal 0 -0 1
  outer loop
    vertex 16.80797768 0.8551101685 4
    vertex 20.89888 2.058359861 4
    vertex 16.76384163 0.9427934885 4
  endloop
endfacet
facet normal -0 0 1
  outer loop
    vertex 15.58056927 1.913880706 4
    vertex 15.67377949 1.883088112 4
    vertex 20.77270699 3.081340075 4
  endloop
endfacet
facet normal -0 0 1
  outer loop
    vertex 15.19603443 1.990369439 4
    vertex 15.29346085 1.978353024 4
    vertex 20.77270699 3.081340075 4
  endloop
endfacet
facet normal 0 -0 1
  outer loop
    vertex 15.39018059 1.961570501 4
    vertex 20.77270699 3.081340075 4
    vertex 15.29346085 1.978353024 4
  endloop
endfacet
facet normal -0 0 1
  outer loop
    vertex 15.39018059 1.961570501 4
    vertex 15.48596001 1.940062523 4
    vertex 20.77270699 3.081340075 4
  endloop
endfacet
facet normal -0 0 1
  outer loop
    vertex 15.48596001 1.940062523 4
    vertex 15.58056927 1.913880706 4
    vertex 20.77270699 3.081340075 4
  endloop
endfacet
facet normal -0 0 1
  outer loop
    vertex 15.67377949 1.883088112 4
    vertex 15.76536655 1.847759008 4
    vertex 20.77270699 3.081340075 4
  endloop
endfacet
facet normal -0 0 1
  outer loop
    vertex 15.76536655 1.847759008 4
    vertex 15.85511017 1.80797863 4
    vertex 20.77270699 3.081340075 4
  endloop
endfacet
facet normal -0 0 1
  outer loop
    vertex 15.85511017 1.80797863 4
    vertex 15.94279385 1.763842583 4
    vertex 20.77270699 3.081340075 4
  endloop
endfacet
facet normal 0 -0 1
  outer loop
    vertex 16.19139862 1.606415033 4
    vertex 20.77270699 3.081340075 4
    vertex 16.1111412 1.662939191 4
  endloop
endfacet
facet normal -0 0 1
  outer loop
    vertex 15.94279385 1.763842583 4
    vertex 16.02820587 1.715457201 4
    vertex 20.77270699 3.081340075 4
  endloop
endfacet
facet normal -0 0 1
  outer loop
    vertex 16.02820587 1.715457201 4
    vertex 16.1111412 1.662939191 4
    vertex 20.77270699 3.081340075 4
  endloop
endfacet
facet normal 0 -0 1
  outer loop
    vertex 16.48190308 1.343117952 4
    vertex 20.89888 2.058359861 4
    vertex 16.41421318 1.414213538 4
  endloop
endfacet
facet normal 0 -0 1
  outer loop
    vertex 16.54602051 1.26878655 4
    vertex 20.89888 2.058359861 4
    vertex 16.48190308 1.343117952 4
  endloop
endfacet
facet normal -0 0 1
  outer loop
    vertex 16.54602051 1.26878655 4
    vertex 16.60641479 1.191398621 4
    vertex 20.89888 2.058359861 4
  endloop
endfacet
facet normal -0 0 1
  outer loop
    vertex 16.26878738 1.546020865 4
    vertex 16.34311867 1.481902242 4
    vertex 20.89888 2.058359861 4
  endloop
endfacet
facet normal -0 0 1
  outer loop
    vertex 16.34311867 1.481902242 4
    vertex 16.41421318 1.414213538 4
    vertex 20.89888 2.058359861 4
  endloop
endfacet
facet normal -0 0 1
  outer loop
    vertex 16.71545792 1.028205514 4
    vertex 16.76384163 0.9427934885 4
    vertex 20.89888 2.058359861 4
  endloop
endfacet
facet normal 0 -0 1
  outer loop
    vertex 16.66293907 1.11114049 4
    vertex 20.89888 2.058359861 4
    vertex 16.60641479 1.191398621 4
  endloop
endfacet
facet normal 0 -0 1
  outer loop
    vertex 16.71545792 1.028205514 4
    vertex 20.89888 2.058359861 4
    vertex 16.66293907 1.11114049 4
  endloop
endfacet
facet normal -0 0 1
  outer loop
    vertex 16.19139862 1.606415033 4
    vertex 16.26878738 1.546020865 4
    vertex 20.77270699 3.081340075 4
  endloop
endfacet
facet normal 0 -0 1
  outer loop
    vertex 17 0 4
    vertex 21 0 4
    vertex 20.97470474 1.030421138 4
  endloop
endfacet
facet normal 0 -0 1
  outer loop
    vertex 16.84775925 0.7653668523 4
    vertex 20.97470474 1.030421138 4
    vertex 20.89888 2.058359861 4
  endloop
endfacet
facet normal 0 -0 1
  outer loop
    vertex 16.26878738 1.546020865 4
    vertex 20.89888 2.058359861 4
    vertex 20.77270699 3.081340075 4
  endloop
endfacet
facet normal 0.7242467065 0.6895409401 0
  outer loop
    vertex 15.55997372 14.10273838 0
    vertex 14.84924221 14.84924221 0
    vertex 15.55997372 14.10273838 4
  endloop
endfacet
facet normal 0.6895409401 0.7242467065 0
  outer loop
    vertex 14.10273838 15.55997372 0
    vertex 14.84924221 14.84924221 4
    vertex 14.84924221 14.84924221 0
  endloop
endfacet
facet normal 0.6895409401 0.7242467065 -0
  outer loop
    vertex 14.10273838 15.55997372 0
    vertex 14.10273838 15.55997372 4
    vertex 14.84924221 14.84924221 4
  endloop
endfacet
facet normal 0.7242467065 0.6895409401 -0
  outer loop
    vertex 14.84924221 14.84924221 0
    vertex 14.84924221 14.84924221 4
    vertex 15.55997372 14.10273838 4
  endloop
endfacet
facet normal 0.5349978864 0.8448533965 0
  outer loop
    vertex 10.79615784 18.01230049 0
    vertex 11.66697502 17.46086121 4
    vertex 11.66697502 17.46086121 0
  endloop
endfacet
facet normal 0.6152313351 0.788346627 0
  outer loop
    vertex 12.50968552 16.86735725 0
    vertex 13.32225895 16.23321915 4
    vertex 13.32225895 16.23321915 0
  endloop
endfacet
facet normal 0.5758083593 0.8175846949 0
  outer loop
    vertex 11.66697502 17.46086121 0
    vertex 12.50968552 16.86735725 4
    vertex 12.50968552 16.86735725 0
  endloop
endfacet
facet normal 0.6531724217 0.7572092099 0
  outer loop
    vertex 14.10273838 15.55997372 0
    vertex 13.32225895 16.23321915 0
    vertex 14.10273838 15.55997372 4
  endloop
endfacet
facet normal 0.5349978864 0.8448533965 -0
  outer loop
    vertex 10.79615784 18.01230049 0
    vertex 10.79615784 18.01230049 4
    vertex 11.66697502 17.46086121 4
  endloop
endfacet
facet normal 0.6152313351 0.788346627 -0
  outer loop
    vertex 12.50968552 16.86735725 0
    vertex 12.50968552 16.86735725 4
    vertex 13.32225895 16.23321915 4
  endloop
endfacet
facet normal 0.5758083593 0.8175846949 -0
  outer loop
    vertex 11.66697502 17.46086121 0
    vertex 11.66697502 17.46086121 4
    vertex 12.50968552 16.86735725 4
  endloop
endfacet
facet normal 0.6531724217 0.7572092099 -0
  outer loop
    vertex 13.32225895 16.23321915 0
    vertex 13.32225895 16.23321915 4
    vertex 14.10273838 15.55997372 4
  endloop
endfacet
facet normal 0.788346627 0.6152313351 0
  outer loop
    vertex 16.86735725 12.50968552 0
    vertex 16.23321915 13.32225895 0
    vertex 16.86735725 12.50968552 4
  endloop
endfacet
facet normal 0.8448533965 0.5349978864 0
  outer loop
    vertex 17.46086121 11.66697502 0
    vertex 18.01230049 10.79615784 4
    vertex 18.01230049 10.79615784 0
  endloop
endfacet
facet normal 0.8175846949 0.5758083593 0
  outer loop
    vertex 16.86735725 12.50968552 0
    vertex 17.46086121 11.66697502 4
    vertex 17.46086121 11.66697502 0
  endloop
endfacet
facet normal 0.7572092099 0.6531724217 0
  outer loop
    vertex 15.55997372 14.10273838 0
    vertex 16.23321915 13.32225895 4
    vertex 16.23321915 13.32225895 0
  endloop
endfacet
facet normal 0.788346627 0.6152313351 -0
  outer loop
    vertex 16.23321915 13.32225895 0
    vertex 16.23321915 13.32225895 4
    vertex 16.86735725 12.50968552 4
  endloop
endfacet
facet normal 0.8448533965 0.5349978864 -0
  outer loop
    vertex 17.46086121 11.66697502 0
    vertex 17.46086121 11.66697502 4
    vertex 18.01230049 10.79615784 4
  endloop
endfacet
facet normal 0.8175846949 0.5758083593 -0
  outer loop
    vertex 16.86735725 12.50968552 0
    vertex 16.86735725 12.50968552 4
    vertex 17.46086121 11.66697502 4
  endloop
endfacet
facet normal 0.7572092099 0.6531724217 -0
  outer loop
    vertex 15.55997372 14.10273838 0
    vertex 15.55997372 14.10273838 4
    vertex 16.23321915 13.32225895 4
  endloop
endfacet
facet normal -0.9996988453 0.02454014578 0
  outer loop
    vertex 13 2.449293705e-16 4
    vertex 13 2.449293705e-16 14.10000038
    vertex 13.00240898 0.09813535213 4
  endloop
endfacet
facet normal -0.9972906338 0.07356216219 0
  outer loop
    vertex 13.00240898 0.09813535213 4
    vertex 13.00240898 0.09813535213 14.10000038
    vertex 13.0096302 0.1960342824 4
  endloop
endfacet
facet normal -0.9924785215 0.1224188886 0
  outer loop
    vertex 13.0096302 0.1960342824 4
    vertex 13.0096302 0.1960342824 14.10000038
    vertex 13.02164745 0.2934609354 4
  endloop
endfacet
facet normal -0.9852787665 0.1709554102 0
  outer loop
    vertex 13.02164745 0.2934609354 4
    vertex 13.02164745 0.2934609354 14.10000038
    vertex 13.03842926 0.3901806474 4
  endloop
endfacet
facet normal -0.9757017769 0.2191028129 0
  outer loop
    vertex 13.03842926 0.3901806474 4
    vertex 13.03842926 0.3901806474 14.10000038
    vertex 13.05993748 0.4859603643 4
  endloop
endfacet
facet normal -0.9637751528 0.2667160566 0
  outer loop
    vertex 13.05993748 0.4859603643 4
    vertex 13.05993748 0.4859603643 14.10000038
    vertex 13.08611965 0.5805693269 4
  endloop
endfacet
facet normal -0.9495291523 0.313678799 0
  outer loop
    vertex 13.08611965 0.5805693269 4
    vertex 13.08611965 0.5805693269 14.10000038
    vertex 13.11691189 0.673779726 4
  endloop
endfacet
facet normal -0.9329934421 0.3598933688 0
  outer loop
    vertex 13.11691189 0.673779726 4
    vertex 13.11691189 0.673779726 14.10000038
    vertex 13.15224075 0.7653668523 4
  endloop
endfacet
facet normal -0.914209225 0.4052425113 0
  outer loop
    vertex 13.15224075 0.7653668523 4
    vertex 13.15224075 0.7653668523 14.10000038
    vertex 13.19202137 0.8551101685 4
  endloop
endfacet
facet normal -0.8932244114 0.4496111108 0
  outer loop
    vertex 13.19202137 0.8551101685 4
    vertex 13.19202137 0.8551101685 14.10000038
    vertex 13.23615742 0.9427934885 4
  endloop
endfacet
facet normal -0.8700856571 0.4929005471 0
  outer loop
    vertex 13.23615742 0.9427934885 4
    vertex 13.23615742 0.9427934885 14.10000038
    vertex 13.28454304 1.028205514 4
  endloop
endfacet
facet normal -0.8448540403 0.5349968696 0
  outer loop
    vertex 13.28454304 1.028205514 4
    vertex 13.28454304 1.028205514 14.10000038
    vertex 13.33706093 1.11114049 4
  endloop
endfacet
facet normal -0.817584221 0.5758090323 0
  outer loop
    vertex 13.33706093 1.11114049 4
    vertex 13.33706093 1.11114049 14.10000038
    vertex 13.39358521 1.191398621 4
  endloop
endfacet
facet normal -0.7883456639 0.6152325693 0
  outer loop
    vertex 13.39358521 1.191398621 4
    vertex 13.39358521 1.191398621 14.10000038
    vertex 13.45397949 1.26878655 4
  endloop
endfacet
facet normal -0.7572104773 0.6531709524 0
  outer loop
    vertex 13.45397949 1.26878655 4
    vertex 13.45397949 1.26878655 14.10000038
    vertex 13.51809788 1.343117952 4
  endloop
endfacet
facet normal -0.7242454689 0.68954224 0
  outer loop
    vertex 13.51809788 1.343117952 4
    vertex 13.51809788 1.343117952 14.10000038
    vertex 13.58578682 1.414213538 4
  endloop
endfacet
facet normal -0.6895415725 0.7242461044 0
  outer loop
    vertex 13.58578682 1.414213538 4
    vertex 13.58578682 1.414213538 14.10000038
    vertex 13.65688229 1.481902242 4
  endloop
endfacet
facet normal -0.6531729456 0.757208758 0
  outer loop
    vertex 13.65688229 1.481902242 4
    vertex 13.65688229 1.481902242 14.10000038
    vertex 13.73121357 1.546020865 4
  endloop
endfacet
facet normal -0.6152324035 0.7883457932 0
  outer loop
    vertex 13.73121357 1.546020865 4
    vertex 13.73121357 1.546020865 14.10000038
    vertex 13.80860138 1.606415033 4
  endloop
endfacet
facet normal -0.5758070771 0.8175855979 0
  outer loop
    vertex 13.80860138 1.606415033 4
    vertex 13.80860138 1.606415033 14.10000038
    vertex 13.88885975 1.662939191 4
  endloop
endfacet
facet normal -0.5350004809 0.8448517535 0
  outer loop
    vertex 13.88885975 1.662939191 4
    vertex 13.88885975 1.662939191 14.10000038
    vertex 13.97179413 1.715457201 4
  endloop
endfacet
facet normal -0.4928987084 0.8700866987 0
  outer loop
    vertex 13.97179413 1.715457201 4
    vertex 13.97179413 1.715457201 14.10000038
    vertex 14.05720615 1.763842583 4
  endloop
endfacet
facet normal -0.4496096477 0.8932251478 0
  outer loop
    vertex 14.05720615 1.763842583 4
    vertex 14.05720615 1.763842583 14.10000038
    vertex 14.14488983 1.80797863 4
  endloop
endfacet
facet normal -0.4052393566 0.9142106233 0
  outer loop
    vertex 14.14488983 1.80797863 4
    vertex 14.14488983 1.80797863 14.10000038
    vertex 14.23463345 1.847759008 4
  endloop
endfacet
facet normal -0.3598956869 0.932992548 0
  outer loop
    vertex 14.23463345 1.847759008 4
    vertex 14.23463345 1.847759008 14.10000038
    vertex 14.32622051 1.883088112 4
  endloop
endfacet
facet normal -0.3136826262 0.949527888 0
  outer loop
    vertex 14.32622051 1.883088112 4
    vertex 14.32622051 1.883088112 14.10000038
    vertex 14.41943073 1.913880706 4
  endloop
endfacet
facet normal -0.2667118922 0.9637763052 0
  outer loop
    vertex 14.41943073 1.913880706 4
    vertex 14.41943073 1.913880706 14.10000038
    vertex 14.51403999 1.940062523 4
  endloop
endfacet
facet normal -0.2191011497 0.9757021503 0
  outer loop
    vertex 14.51403999 1.940062523 4
    vertex 14.51403999 1.940062523 14.10000038
    vertex 14.60981941 1.961570501 4
  endloop
endfacet
facet normal -0.1709624324 0.9852775481 0
  outer loop
    vertex 14.60981941 1.961570501 4
    vertex 14.60981941 1.961570501 14.10000038
    vertex 14.70653915 1.978353024 4
  endloop
endfacet
facet normal -0.1224108105 0.9924795179 0
  outer loop
    vertex 14.70653915 1.978353024 4
    vertex 14.70653915 1.978353024 14.10000038
    vertex 14.80396557 1.990369439 4
  endloop
endfacet
facet normal -0.07356419915 0.9972904836 0
  outer loop
    vertex 14.80396557 1.990369439 4
    vertex 14.80396557 1.990369439 14.10000038
    vertex 14.90186501 1.997590899 4
  endloop
endfacet
facet normal -0.0245414488 0.9996988133 0
  outer loop
    vertex 14.90186501 1.997590899 4
    vertex 14.90186501 1.997590899 14.10000038
    vertex 15 2 4
  endloop
endfacet
facet normal 0.0245414488 0.9996988133 -0
  outer loop
    vertex 15 2 4
    vertex 15 2 14.10000038
    vertex 15.09813499 1.997590899 4
  endloop
endfacet
facet normal 0.2191011497 0.9757021503 -0
  outer loop
    vertex 15.39018059 1.961570501 4
    vertex 15.39018059 1.961570501 14.10000038
    vertex 15.48596001 1.940062523 4
  endloop
endfacet
facet normal 0.2667118922 0.9637763052 -0
  outer loop
    vertex 15.48596001 1.940062523 4
    vertex 15.48596001 1.940062523 14.10000038
    vertex 15.58056927 1.913880706 4
  endloop
endfacet
facet normal 0.3136826262 0.949527888 -0
  outer loop
    vertex 15.58056927 1.913880706 4
    vertex 15.58056927 1.913880706 14.10000038
    vertex 15.67377949 1.883088112 4
  endloop
endfacet
facet normal 0.3598956869 0.932992548 -0
  outer loop
    vertex 15.67377949 1.883088112 4
    vertex 15.67377949 1.883088112 14.10000038
    vertex 15.76536655 1.847759008 4
  endloop
endfacet
facet normal 0.07356419915 0.9972904836 -0
  outer loop
    vertex 15.09813499 1.997590899 4
    vertex 15.09813499 1.997590899 14.10000038
    vertex 15.19603443 1.990369439 4
  endloop
endfacet
facet normal 0.1224108105 0.9924795179 -0
  outer loop
    vertex 15.19603443 1.990369439 4
    vertex 15.19603443 1.990369439 14.10000038
    vertex 15.29346085 1.978353024 4
  endloop
endfacet
facet normal 0.1709624324 0.9852775481 -0
  outer loop
    vertex 15.39018059 1.961570501 4
    vertex 15.29346085 1.978353024 4
    vertex 15.29346085 1.978353024 14.10000038
  endloop
endfacet
facet normal 0.9996988453 0.02454014578 -0
  outer loop
    vertex 17 0 4
    vertex 16.99759102 0.09813535213 4
    vertex 16.99759102 0.09813535213 14.10000038
  endloop
endfacet
facet normal 0.9972906338 0.07356216219 -0
  outer loop
    vertex 16.99759102 0.09813535213 4
    vertex 16.9903698 0.1960342824 4
    vertex 16.9903698 0.1960342824 14.10000038
  endloop
endfacet
facet normal 0.9924797018 0.1224093192 -0
  outer loop
    vertex 16.9783535 0.2934609354 4
    vertex 16.9783535 0.2934609354 14.10000038
    vertex 16.9903698 0.1960342824 4
  endloop
endfacet
facet normal 0.9495291523 0.313678799 -0
  outer loop
    vertex 16.9138813 0.5805693269 4
    vertex 16.88308907 0.673779726 4
    vertex 16.88308907 0.673779726 14.10000038
  endloop
endfacet
facet normal 0.9852771301 0.1709648413 -0
  outer loop
    vertex 16.9783535 0.2934609354 4
    vertex 16.96157074 0.3901806474 4
    vertex 16.96157074 0.3901806474 14.10000038
  endloop
endfacet
facet normal 0.9756997 0.2191120615 -0
  outer loop
    vertex 16.96157074 0.3901806474 4
    vertex 16.94006157 0.4859603643 4
    vertex 16.94006157 0.4859603643 14.10000038
  endloop
endfacet
facet normal 0.9637801472 0.2666980086 -0
  outer loop
    vertex 16.94006157 0.4859603643 4
    vertex 16.9138813 0.5805693269 4
    vertex 16.9138813 0.5805693269 14.10000038
  endloop
endfacet
facet normal 0.7883456639 0.6152325693 -0
  outer loop
    vertex 16.54602051 1.26878655 4
    vertex 16.54602051 1.26878655 14.10000038
    vertex 16.60641479 1.191398621 4
  endloop
endfacet
facet normal 0.8700939899 0.4928858374 -0
  outer loop
    vertex 16.71545792 1.028205514 4
    vertex 16.71545792 1.028205514 14.10000038
    vertex 16.76384163 0.9427934885 4
  endloop
endfacet
facet normal 0.8448496492 0.535003804 -0
  outer loop
    vertex 16.71545792 1.028205514 4
    vertex 16.66293907 1.11114049 4
    vertex 16.66293907 1.11114049 14.10000038
  endloop
endfacet
facet normal 0.817584221 0.5758090323 -0
  outer loop
    vertex 16.66293907 1.11114049 4
    vertex 16.60641479 1.191398621 4
    vertex 16.60641479 1.191398621 14.10000038
  endloop
endfacet
facet normal 0.93299018 0.3599018255 -0
  outer loop
    vertex 16.88308907 0.673779726 4
    vertex 16.84775925 0.7653668523 4
    vertex 16.84775925 0.7653668523 14.10000038
  endloop
endfacet
facet normal 0.8932244114 0.4496111108 -0
  outer loop
    vertex 16.80797768 0.8551101685 4
    vertex 16.76384163 0.9427934885 4
    vertex 16.76384163 0.9427934885 14.10000038
  endloop
endfacet
facet normal 0.9142056258 0.4052506308 -0
  outer loop
    vertex 16.84775925 0.7653668523 4
    vertex 16.80797768 0.8551101685 4
    vertex 16.80797768 0.8551101685 14.10000038
  endloop
endfacet
facet normal 0.4496096477 0.8932251478 -0
  outer loop
    vertex 15.85511017 1.80797863 4
    vertex 15.85511017 1.80797863 14.10000038
    vertex 15.94279385 1.763842583 4
  endloop
endfacet
facet normal 0.4052393566 0.9142106233 -0
  outer loop
    vertex 15.76536655 1.847759008 4
    vertex 15.76536655 1.847759008 14.10000038
    vertex 15.85511017 1.80797863 4
  endloop
endfacet
facet normal 0.4928987084 0.8700866987 -0
  outer loop
    vertex 15.94279385 1.763842583 4
    vertex 15.94279385 1.763842583 14.10000038
    vertex 16.02820587 1.715457201 4
  endloop
endfacet
facet normal 0.5349960898 0.8448545342 -0
  outer loop
    vertex 16.02820587 1.715457201 4
    vertex 16.02820587 1.715457201 14.10000038
    vertex 16.1111412 1.662939191 4
  endloop
endfacet
facet normal 0.6152276916 0.7883494704 -0
  outer loop
    vertex 16.19139862 1.606415033 4
    vertex 16.19139862 1.606415033 14.10000038
    vertex 16.26878738 1.546020865 4
  endloop
endfacet
facet normal 0.6895464242 0.7242414852 -0
  outer loop
    vertex 16.34311867 1.481902242 4
    vertex 16.34311867 1.481902242 14.10000038
    vertex 16.41421318 1.414213538 4
  endloop
endfacet
facet normal 0.6531729456 0.757208758 -0
  outer loop
    vertex 16.26878738 1.546020865 4
    vertex 16.26878738 1.546020865 14.10000038
    vertex 16.34311867 1.481902242 4
  endloop
endfacet
facet normal 0.5758116507 0.8175823768 -0
  outer loop
    vertex 16.19139862 1.606415033 4
    vertex 16.1111412 1.662939191 4
    vertex 16.1111412 1.662939191 14.10000038
  endloop
endfacet
facet normal 0.7242406172 0.6895473358 -0
  outer loop
    vertex 16.48190308 1.343117952 4
    vertex 16.41421318 1.414213538 4
    vertex 16.41421318 1.414213538 14.10000038
  endloop
endfacet
facet normal 0.7572152822 0.6531653821 -0
  outer loop
    vertex 16.54602051 1.26878655 4
    vertex 16.48190308 1.343117952 4
    vertex 16.48190308 1.343117952 14.10000038
  endloop
endfacet
facet normal -0.9996988453 0.02454014578 0
  outer loop
    vertex 13.00240898 0.09813535213 4
    vertex 13 2.449293705e-16 14.10000038
    vertex 13.00240898 0.09813535213 14.10000038
  endloop
endfacet
facet normal -0.9972906338 0.07356216219 0
  outer loop
    vertex 13.0096302 0.1960342824 4
    vertex 13.00240898 0.09813535213 14.10000038
    vertex 13.0096302 0.1960342824 14.10000038
  endloop
endfacet
facet normal -0.9924785215 0.1224188886 0
  outer loop
    vertex 13.02164745 0.2934609354 4
    vertex 13.0096302 0.1960342824 14.10000038
    vertex 13.02164745 0.2934609354 14.10000038
  endloop
endfacet
facet normal -0.9852787665 0.1709554102 0
  outer loop
    vertex 13.03842926 0.3901806474 4
    vertex 13.02164745 0.2934609354 14.10000038
    vertex 13.03842926 0.3901806474 14.10000038
  endloop
endfacet
facet normal -0.9757017769 0.2191028129 0
  outer loop
    vertex 13.05993748 0.4859603643 4
    vertex 13.03842926 0.3901806474 14.10000038
    vertex 13.05993748 0.4859603643 14.10000038
  endloop
endfacet
facet normal -0.9637751528 0.2667160566 0
  outer loop
    vertex 13.08611965 0.5805693269 4
    vertex 13.05993748 0.4859603643 14.10000038
    vertex 13.08611965 0.5805693269 14.10000038
  endloop
endfacet
facet normal -0.9495291523 0.313678799 0
  outer loop
    vertex 13.11691189 0.673779726 4
    vertex 13.08611965 0.5805693269 14.10000038
    vertex 13.11691189 0.673779726 14.10000038
  endloop
endfacet
facet normal -0.9329934421 0.3598933688 0
  outer loop
    vertex 13.15224075 0.7653668523 4
    vertex 13.11691189 0.673779726 14.10000038
    vertex 13.15224075 0.7653668523 14.10000038
  endloop
endfacet
facet normal -0.914209225 0.4052425113 0
  outer loop
    vertex 13.19202137 0.8551101685 4
    vertex 13.15224075 0.7653668523 14.10000038
    vertex 13.19202137 0.8551101685 14.10000038
  endloop
endfacet
facet normal -0.8932244114 0.4496111108 0
  outer loop
    vertex 13.23615742 0.9427934885 4
    vertex 13.19202137 0.8551101685 14.10000038
    vertex 13.23615742 0.9427934885 14.10000038
  endloop
endfacet
facet normal -0.8700856571 0.4929005471 0
  outer loop
    vertex 13.28454304 1.028205514 4
    vertex 13.23615742 0.9427934885 14.10000038
    vertex 13.28454304 1.028205514 14.10000038
  endloop
endfacet
facet normal -0.8448540403 0.5349968696 0
  outer loop
    vertex 13.33706093 1.11114049 4
    vertex 13.28454304 1.028205514 14.10000038
    vertex 13.33706093 1.11114049 14.10000038
  endloop
endfacet
facet normal -0.817584221 0.5758090323 0
  outer loop
    vertex 13.39358521 1.191398621 4
    vertex 13.33706093 1.11114049 14.10000038
    vertex 13.39358521 1.191398621 14.10000038
  endloop
endfacet
facet normal -0.7883456639 0.6152325693 0
  outer loop
    vertex 13.45397949 1.26878655 4
    vertex 13.39358521 1.191398621 14.10000038
    vertex 13.45397949 1.26878655 14.10000038
  endloop
endfacet
facet normal -0.7572104773 0.6531709524 0
  outer loop
    vertex 13.51809788 1.343117952 4
    vertex 13.45397949 1.26878655 14.10000038
    vertex 13.51809788 1.343117952 14.10000038
  endloop
endfacet
facet normal -0.7242454689 0.68954224 0
  outer loop
    vertex 13.58578682 1.414213538 4
    vertex 13.51809788 1.343117952 14.10000038
    vertex 13.58578682 1.414213538 14.10000038
  endloop
endfacet
facet normal -0.6895415725 0.7242461044 0
  outer loop
    vertex 13.65688229 1.481902242 4
    vertex 13.58578682 1.414213538 14.10000038
    vertex 13.65688229 1.481902242 14.10000038
  endloop
endfacet
facet normal -0.6531729456 0.757208758 0
  outer loop
    vertex 13.73121357 1.546020865 4
    vertex 13.65688229 1.481902242 14.10000038
    vertex 13.73121357 1.546020865 14.10000038
  endloop
endfacet
facet normal -0.6152324035 0.7883457932 0
  outer loop
    vertex 13.80860138 1.606415033 4
    vertex 13.73121357 1.546020865 14.10000038
    vertex 13.80860138 1.606415033 14.10000038
  endloop
endfacet
facet normal -0.5758070771 0.8175855979 0
  outer loop
    vertex 13.88885975 1.662939191 4
    vertex 13.80860138 1.606415033 14.10000038
    vertex 13.88885975 1.662939191 14.10000038
  endloop
endfacet
facet normal -0.5350004809 0.8448517535 0
  outer loop
    vertex 13.97179413 1.715457201 4
    vertex 13.88885975 1.662939191 14.10000038
    vertex 13.97179413 1.715457201 14.10000038
  endloop
endfacet
facet normal -0.4928987084 0.8700866987 0
  outer loop
    vertex 14.05720615 1.763842583 4
    vertex 13.97179413 1.715457201 14.10000038
    vertex 14.05720615 1.763842583 14.10000038
  endloop
endfacet
facet normal -0.4496096477 0.8932251478 0
  outer loop
    vertex 14.14488983 1.80797863 4
    vertex 14.05720615 1.763842583 14.10000038
    vertex 14.14488983 1.80797863 14.10000038
  endloop
endfacet
facet normal -0.4052393566 0.9142106233 0
  outer loop
    vertex 14.23463345 1.847759008 4
    vertex 14.14488983 1.80797863 14.10000038
    vertex 14.23463345 1.847759008 14.10000038
  endloop
endfacet
facet normal -0.3598956869 0.932992548 0
  outer loop
    vertex 14.32622051 1.883088112 4
    vertex 14.23463345 1.847759008 14.10000038
    vertex 14.32622051 1.883088112 14.10000038
  endloop
endfacet
facet normal -0.3136826262 0.949527888 0
  outer loop
    vertex 14.41943073 1.913880706 4
    vertex 14.32622051 1.883088112 14.10000038
    vertex 14.41943073 1.913880706 14.10000038
  endloop
endfacet
facet normal -0.2667118922 0.9637763052 0
  outer loop
    vertex 14.51403999 1.940062523 4
    vertex 14.41943073 1.913880706 14.10000038
    vertex 14.51403999 1.940062523 14.10000038
  endloop
endfacet
facet normal -0.2191011497 0.9757021503 0
  outer loop
    vertex 14.60981941 1.961570501 4
    vertex 14.51403999 1.940062523 14.10000038
    vertex 14.60981941 1.961570501 14.10000038
  endloop
endfacet
facet normal -0.1709624324 0.9852775481 0
  outer loop
    vertex 14.70653915 1.978353024 4
    vertex 14.60981941 1.961570501 14.10000038
    vertex 14.70653915 1.978353024 14.10000038
  endloop
endfacet
facet normal -0.1224108105 0.9924795179 0
  outer loop
    vertex 14.80396557 1.990369439 4
    vertex 14.70653915 1.978353024 14.10000038
    vertex 14.80396557 1.990369439 14.10000038
  endloop
endfacet
facet normal -0.07356419915 0.9972904836 0
  outer loop
    vertex 14.90186501 1.997590899 4
    vertex 14.80396557 1.990369439 14.10000038
    vertex 14.90186501 1.997590899 14.10000038
  endloop
endfacet
facet normal -0.0245414488 0.9996988133 0
  outer loop
    vertex 15 2 4
    vertex 14.90186501 1.997590899 14.10000038
    vertex 15 2 14.10000038
  endloop
endfacet
facet normal 0.0245414488 0.9996988133 0
  outer loop
    vertex 15.09813499 1.997590899 4
    vertex 15 2 14.10000038
    vertex 15.09813499 1.997590899 14.10000038
  endloop
endfacet
facet normal 0.1709624324 0.9852775481 0
  outer loop
    vertex 15.39018059 1.961570501 4
    vertex 15.29346085 1.978353024 14.10000038
    vertex 15.39018059 1.961570501 14.10000038
  endloop
endfacet
facet normal 0.2191011497 0.9757021503 0
  outer loop
    vertex 15.48596001 1.940062523 4
    vertex 15.39018059 1.961570501 14.10000038
    vertex 15.48596001 1.940062523 14.10000038
  endloop
endfacet
facet normal 0.2667118922 0.9637763052 0
  outer loop
    vertex 15.58056927 1.913880706 4
    vertex 15.48596001 1.940062523 14.10000038
    vertex 15.58056927 1.913880706 14.10000038
  endloop
endfacet
facet normal 0.3136826262 0.949527888 0
  outer loop
    vertex 15.67377949 1.883088112 4
    vertex 15.58056927 1.913880706 14.10000038
    vertex 15.67377949 1.883088112 14.10000038
  endloop
endfacet
facet normal 0.3598956869 0.932992548 0
  outer loop
    vertex 15.76536655 1.847759008 4
    vertex 15.67377949 1.883088112 14.10000038
    vertex 15.76536655 1.847759008 14.10000038
  endloop
endfacet
facet normal 0.07356419915 0.9972904836 0
  outer loop
    vertex 15.19603443 1.990369439 4
    vertex 15.09813499 1.997590899 14.10000038
    vertex 15.19603443 1.990369439 14.10000038
  endloop
endfacet
facet normal 0.1224108105 0.9924795179 0
  outer loop
    vertex 15.29346085 1.978353024 4
    vertex 15.19603443 1.990369439 14.10000038
    vertex 15.29346085 1.978353024 14.10000038
  endloop
endfacet
facet normal -0 -0 1
  outer loop
    vertex 13 2.449293705e-16 14.10000038
    vertex 15 0 14.10000038
    vertex 13.00240898 0.09813535213 14.10000038
  endloop
endfacet
facet normal -0 -0 1
  outer loop
    vertex 13.00240898 0.09813535213 14.10000038
    vertex 15 0 14.10000038
    vertex 13.0096302 0.1960342824 14.10000038
  endloop
endfacet
facet normal -0 -0 1
  outer loop
    vertex 13.0096302 0.1960342824 14.10000038
    vertex 15 0 14.10000038
    vertex 13.02164745 0.2934609354 14.10000038
  endloop
endfacet
facet normal -0 -0 1
  outer loop
    vertex 13.02164745 0.2934609354 14.10000038
    vertex 15 0 14.10000038
    vertex 13.03842926 0.3901806474 14.10000038
  endloop
endfacet
facet normal -0 -0 1
  outer loop
    vertex 13.03842926 0.3901806474 14.10000038
    vertex 15 0 14.10000038
    vertex 13.05993748 0.4859603643 14.10000038
  endloop
endfacet
facet normal -0 -0 1
  outer loop
    vertex 13.05993748 0.4859603643 14.10000038
    vertex 15 0 14.10000038
    vertex 13.08611965 0.5805693269 14.10000038
  endloop
endfacet
facet normal -0 -0 1
  outer loop
    vertex 13.08611965 0.5805693269 14.10000038
    vertex 15 0 14.10000038
    vertex 13.11691189 0.673779726 14.10000038
  endloop
endfacet
facet normal -0 -0 1
  outer loop
    vertex 13.11691189 0.673779726 14.10000038
    vertex 15 0 14.10000038
    vertex 13.15224075 0.7653668523 14.10000038
  endloop
endfacet
facet normal -0 -0 1
  outer loop
    vertex 13.15224075 0.7653668523 14.10000038
    vertex 15 0 14.10000038
    vertex 13.19202137 0.8551101685 14.10000038
  endloop
endfacet
facet normal -0 -0 1
  outer loop
    vertex 13.19202137 0.8551101685 14.10000038
    vertex 15 0 14.10000038
    vertex 13.23615742 0.9427934885 14.10000038
  endloop
endfacet
facet normal -0 -0 1
  outer loop
    vertex 13.23615742 0.9427934885 14.10000038
    vertex 15 0 14.10000038
    vertex 13.28454304 1.028205514 14.10000038
  endloop
endfacet
facet normal -0 -0 1
  outer loop
    vertex 13.28454304 1.028205514 14.10000038
    vertex 15 0 14.10000038
    vertex 13.33706093 1.11114049 14.10000038
  endloop
endfacet
facet normal -0 -0 1
  outer loop
    vertex 13.33706093 1.11114049 14.10000038
    vertex 15 0 14.10000038
    vertex 13.39358521 1.191398621 14.10000038
  endloop
endfacet
facet normal -0 -0 1
  outer loop
    vertex 13.39358521 1.191398621 14.10000038
    vertex 15 0 14.10000038
    vertex 13.45397949 1.26878655 14.10000038
  endloop
endfacet
facet normal -0 -0 1
  outer loop
    vertex 13.45397949 1.26878655 14.10000038
    vertex 15 0 14.10000038
    vertex 13.51809788 1.343117952 14.10000038
  endloop
endfacet
facet normal -0 -0 1
  outer loop
    vertex 13.51809788 1.343117952 14.10000038
    vertex 15 0 14.10000038
    vertex 13.58578682 1.414213538 14.10000038
  endloop
endfacet
facet normal -0 -0 1
  outer loop
    vertex 13.58578682 1.414213538 14.10000038
    vertex 15 0 14.10000038
    vertex 13.65688229 1.481902242 14.10000038
  endloop
endfacet
facet normal -0 -0 1
  outer loop
    vertex 13.65688229 1.481902242 14.10000038
    vertex 15 0 14.10000038
    vertex 13.73121357 1.546020865 14.10000038
  endloop
endfacet
facet normal -0 -0 1
  outer loop
    vertex 13.73121357 1.546020865 14.10000038
    vertex 15 0 14.10000038
    vertex 13.80860138 1.606415033 14.10000038
  endloop
endfacet
facet normal -0 -0 1
  outer loop
    vertex 13.80860138 1.606415033 14.10000038
    vertex 15 0 14.10000038
    vertex 13.88885975 1.662939191 14.10000038
  endloop
endfacet
facet normal -0 -0 1
  outer loop
    vertex 13.88885975 1.662939191 14.10000038
    vertex 15 0 14.10000038
    vertex 13.97179413 1.715457201 14.10000038
  endloop
endfacet
facet normal -0 -0 1
  outer loop
    vertex 13.97179413 1.715457201 14.10000038
    vertex 15 0 14.10000038
    vertex 14.05720615 1.763842583 14.10000038
  endloop
endfacet
facet normal -0 -0 1
  outer loop
    vertex 14.05720615 1.763842583 14.10000038
    vertex 15 0 14.10000038
    vertex 14.14488983 1.80797863 14.10000038
  endloop
endfacet
facet normal -0 -0 1
  outer loop
    vertex 14.14488983 1.80797863 14.10000038
    vertex 15 0 14.10000038
    vertex 14.23463345 1.847759008 14.10000038
  endloop
endfacet
facet normal -0 -0 1
  outer loop
    vertex 14.23463345 1.847759008 14.10000038
    vertex 15 0 14.10000038
    vertex 14.32622051 1.883088112 14.10000038
  endloop
endfacet
facet normal -0 -0 1
  outer loop
    vertex 14.32622051 1.883088112 14.10000038
    vertex 15 0 14.10000038
    vertex 14.41943073 1.913880706 14.10000038
  endloop
endfacet
facet normal -0 -0 1
  outer loop
    vertex 14.41943073 1.913880706 14.10000038
    vertex 15 0 14.10000038
    vertex 14.51403999 1.940062523 14.10000038
  endloop
endfacet
facet normal 0 0 1
  outer loop
    vertex 15 0 14.10000038
    vertex 14.60981941 1.961570501 14.10000038
    vertex 14.51403999 1.940062523 14.10000038
  endloop
endfacet
facet normal 0 -0 1
  outer loop
    vertex 15 0 14.10000038
    vertex 15.48596001 1.940062523 14.10000038
    vertex 15.39018059 1.961570501 14.10000038
  endloop
endfacet
facet normal 0 -0 1
  outer loop
    vertex 15 0 14.10000038
    vertex 15.58056927 1.913880706 14.10000038
    vertex 15.48596001 1.940062523 14.10000038
  endloop
endfacet
facet normal 0 -0 1
  outer loop
    vertex 15 0 14.10000038
    vertex 15.67377949 1.883088112 14.10000038
    vertex 15.58056927 1.913880706 14.10000038
  endloop
endfacet
facet normal 0 -0 1
  outer loop
    vertex 15 0 14.10000038
    vertex 15.76536655 1.847759008 14.10000038
    vertex 15.67377949 1.883088112 14.10000038
  endloop
endfacet
facet normal 0 -0 1
  outer loop
    vertex 15 0 14.10000038
    vertex 15.85511017 1.80797863 14.10000038
    vertex 15.76536655 1.847759008 14.10000038
  endloop
endfacet
facet normal 0 -0 1
  outer loop
    vertex 15 0 14.10000038
    vertex 16.1111412 1.662939191 14.10000038
    vertex 16.02820587 1.715457201 14.10000038
  endloop
endfacet
facet normal 0 -0 1
  outer loop
    vertex 15 0 14.10000038
    vertex 15.94279385 1.763842583 14.10000038
    vertex 15.85511017 1.80797863 14.10000038
  endloop
endfacet
facet normal 0 -0 1
  outer loop
    vertex 15 0 14.10000038
    vertex 16.02820587 1.715457201 14.10000038
    vertex 15.94279385 1.763842583 14.10000038
  endloop
endfacet
facet normal 0 0 1
  outer loop
    vertex 15 0 14.10000038
    vertex 14.70653915 1.978353024 14.10000038
    vertex 14.60981941 1.961570501 14.10000038
  endloop
endfacet
facet normal 0 0 1
  outer loop
    vertex 15 0 14.10000038
    vertex 14.80396557 1.990369439 14.10000038
    vertex 14.70653915 1.978353024 14.10000038
  endloop
endfacet
facet normal 0 0 1
  outer loop
    vertex 15 0 14.10000038
    vertex 14.90186501 1.997590899 14.10000038
    vertex 14.80396557 1.990369439 14.10000038
  endloop
endfacet
facet normal 0 -0 1
  outer loop
    vertex 15 0 14.10000038
    vertex 15 2 14.10000038
    vertex 14.90186501 1.997590899 14.10000038
  endloop
endfacet
facet normal 0 -0 1
  outer loop
    vertex 15 0 14.10000038
    vertex 15.09813499 1.997590899 14.10000038
    vertex 15 2 14.10000038
  endloop
endfacet
facet normal 0 -0 1
  outer loop
    vertex 15 0 14.10000038
    vertex 15.19603443 1.990369439 14.10000038
    vertex 15.09813499 1.997590899 14.10000038
  endloop
endfacet
facet normal 0 -0 1
  outer loop
    vertex 15 0 14.10000038
    vertex 15.29346085 1.978353024 14.10000038
    vertex 15.19603443 1.990369439 14.10000038
  endloop
endfacet
facet normal 0 -0 1
  outer loop
    vertex 15 0 14.10000038
    vertex 15.39018059 1.961570501 14.10000038
    vertex 15.29346085 1.978353024 14.10000038
  endloop
endfacet
facet normal 0.9996988453 0.02454014578 0
  outer loop
    vertex 17 0 4
    vertex 16.99759102 0.09813535213 14.10000038
    vertex 17 0 14.10000038
  endloop
endfacet
facet normal 0.9972906338 0.07356216219 0
  outer loop
    vertex 16.99759102 0.09813535213 4
    vertex 16.9903698 0.1960342824 14.10000038
    vertex 16.99759102 0.09813535213 14.10000038
  endloop
endfacet
facet normal 0.9852771301 0.1709648413 0
  outer loop
    vertex 16.9783535 0.2934609354 4
    vertex 16.96157074 0.3901806474 14.10000038
    vertex 16.9783535 0.2934609354 14.10000038
  endloop
endfacet
facet normal 0.9924797018 0.1224093192 0
  outer loop
    vertex 16.9903698 0.1960342824 4
    vertex 16.9783535 0.2934609354 14.10000038
    vertex 16.9903698 0.1960342824 14.10000038
  endloop
endfacet
facet normal 0.9756997 0.2191120615 0
  outer loop
    vertex 16.96157074 0.3901806474 4
    vertex 16.94006157 0.4859603643 14.10000038
    vertex 16.96157074 0.3901806474 14.10000038
  endloop
endfacet
facet normal 0.9637801472 0.2666980086 0
  outer loop
    vertex 16.94006157 0.4859603643 4
    vertex 16.9138813 0.5805693269 14.10000038
    vertex 16.94006157 0.4859603643 14.10000038
  endloop
endfacet
facet normal 0.9495291523 0.313678799 0
  outer loop
    vertex 16.9138813 0.5805693269 4
    vertex 16.88308907 0.673779726 14.10000038
    vertex 16.9138813 0.5805693269 14.10000038
  endloop
endfacet
facet normal 0.7572152822 0.6531653821 0
  outer loop
    vertex 16.54602051 1.26878655 4
    vertex 16.48190308 1.343117952 14.10000038
    vertex 16.54602051 1.26878655 14.10000038
  endloop
endfacet
facet normal 0.817584221 0.5758090323 0
  outer loop
    vertex 16.66293907 1.11114049 4
    vertex 16.60641479 1.191398621 14.10000038
    vertex 16.66293907 1.11114049 14.10000038
  endloop
endfacet
facet normal 0.8448496492 0.535003804 0
  outer loop
    vertex 16.71545792 1.028205514 4
    vertex 16.66293907 1.11114049 14.10000038
    vertex 16.71545792 1.028205514 14.10000038
  endloop
endfacet
facet normal 0.7883456639 0.6152325693 0
  outer loop
    vertex 16.60641479 1.191398621 4
    vertex 16.54602051 1.26878655 14.10000038
    vertex 16.60641479 1.191398621 14.10000038
  endloop
endfacet
facet normal 0.93299018 0.3599018255 0
  outer loop
    vertex 16.88308907 0.673779726 4
    vertex 16.84775925 0.7653668523 14.10000038
    vertex 16.88308907 0.673779726 14.10000038
  endloop
endfacet
facet normal 0.9142056258 0.4052506308 0
  outer loop
    vertex 16.84775925 0.7653668523 4
    vertex 16.80797768 0.8551101685 14.10000038
    vertex 16.84775925 0.7653668523 14.10000038
  endloop
endfacet
facet normal 0.8932244114 0.4496111108 0
  outer loop
    vertex 16.80797768 0.8551101685 4
    vertex 16.76384163 0.9427934885 14.10000038
    vertex 16.80797768 0.8551101685 14.10000038
  endloop
endfacet
facet normal 0.8700939899 0.4928858374 0
  outer loop
    vertex 16.76384163 0.9427934885 4
    vertex 16.71545792 1.028205514 14.10000038
    vertex 16.76384163 0.9427934885 14.10000038
  endloop
endfacet
facet normal 0.4496096477 0.8932251478 0
  outer loop
    vertex 15.94279385 1.763842583 4
    vertex 15.85511017 1.80797863 14.10000038
    vertex 15.94279385 1.763842583 14.10000038
  endloop
endfacet
facet normal 0.4052393566 0.9142106233 0
  outer loop
    vertex 15.85511017 1.80797863 4
    vertex 15.76536655 1.847759008 14.10000038
    vertex 15.85511017 1.80797863 14.10000038
  endloop
endfacet
facet normal 0.4928987084 0.8700866987 0
  outer loop
    vertex 16.02820587 1.715457201 4
    vertex 15.94279385 1.763842583 14.10000038
    vertex 16.02820587 1.715457201 14.10000038
  endloop
endfacet
facet normal 0.5758116507 0.8175823768 0
  outer loop
    vertex 16.19139862 1.606415033 4
    vertex 16.1111412 1.662939191 14.10000038
    vertex 16.19139862 1.606415033 14.10000038
  endloop
endfacet
facet normal 0.6895464242 0.7242414852 0
  outer loop
    vertex 16.41421318 1.414213538 4
    vertex 16.34311867 1.481902242 14.10000038
    vertex 16.41421318 1.414213538 14.10000038
  endloop
endfacet
facet normal 0.6531729456 0.757208758 0
  outer loop
    vertex 16.34311867 1.481902242 4
    vertex 16.26878738 1.546020865 14.10000038
    vertex 16.34311867 1.481902242 14.10000038
  endloop
endfacet
facet normal 0.6152276916 0.7883494704 0
  outer loop
    vertex 16.26878738 1.546020865 4
    vertex 16.19139862 1.606415033 14.10000038
    vertex 16.26878738 1.546020865 14.10000038
  endloop
endfacet
facet normal 0.5349960898 0.8448545342 0
  outer loop
    vertex 16.1111412 1.662939191 4
    vertex 16.02820587 1.715457201 14.10000038
    vertex 16.1111412 1.662939191 14.10000038
  endloop
endfacet
facet normal 0.7242406172 0.6895473358 0
  outer loop
    vertex 16.48190308 1.343117952 4
    vertex 16.41421318 1.414213538 14.10000038
    vertex 16.48190308 1.343117952 14.10000038
  endloop
endfacet
facet normal 0 -0 1
  outer loop
    vertex 15 0 14.10000038
    vertex 16.9903698 0.1960342824 14.10000038
    vertex 16.9783535 0.2934609354 14.10000038
  endloop
endfacet
facet normal 0 -0 1
  outer loop
    vertex 15 0 14.10000038
    vertex 17 0 14.10000038
    vertex 16.99759102 0.09813535213 14.10000038
  endloop
endfacet
facet normal 0 -0 1
  outer loop
    vertex 15 0 14.10000038
    vertex 16.99759102 0.09813535213 14.10000038
    vertex 16.9903698 0.1960342824 14.10000038
  endloop
endfacet
facet normal 0 -0 1
  outer loop
    vertex 15 0 14.10000038
    vertex 16.9783535 0.2934609354 14.10000038
    vertex 16.96157074 0.3901806474 14.10000038
  endloop
endfacet
facet normal 0 -0 1
  outer loop
    vertex 15 0 14.10000038
    vertex 16.96157074 0.3901806474 14.10000038
    vertex 16.94006157 0.4859603643 14.10000038
  endloop
endfacet
facet normal 0 -0 1
  outer loop
    vertex 15 0 14.10000038
    vertex 16.84775925 0.7653668523 14.10000038
    vertex 16.80797768 0.8551101685 14.10000038
  endloop
endfacet
facet normal 0 -0 1
  outer loop
    vertex 15 0 14.10000038
    vertex 16.80797768 0.8551101685 14.10000038
    vertex 16.76384163 0.9427934885 14.10000038
  endloop
endfacet
facet normal 0 -0 1
  outer loop
    vertex 15 0 14.10000038
    vertex 16.94006157 0.4859603643 14.10000038
    vertex 16.9138813 0.5805693269 14.10000038
  endloop
endfacet
facet normal 0 -0 1
  outer loop
    vertex 15 0 14.10000038
    vertex 16.9138813 0.5805693269 14.10000038
    vertex 16.88308907 0.673779726 14.10000038
  endloop
endfacet
facet normal 0 -0 1
  outer loop
    vertex 15 0 14.10000038
    vertex 16.88308907 0.673779726 14.10000038
    vertex 16.84775925 0.7653668523 14.10000038
  endloop
endfacet
facet normal 0 -0 1
  outer loop
    vertex 15 0 14.10000038
    vertex 16.60641479 1.191398621 14.10000038
    vertex 16.54602051 1.26878655 14.10000038
  endloop
endfacet
facet normal 0 -0 1
  outer loop
    vertex 15 0 14.10000038
    vertex 16.41421318 1.414213538 14.10000038
    vertex 16.34311867 1.481902242 14.10000038
  endloop
endfacet
facet normal 0 -0 1
  outer loop
    vertex 15 0 14.10000038
    vertex 16.48190308 1.343117952 14.10000038
    vertex 16.41421318 1.414213538 14.10000038
  endloop
endfacet
facet normal 0 -0 1
  outer loop
    vertex 15 0 14.10000038
    vertex 16.54602051 1.26878655 14.10000038
    vertex 16.48190308 1.343117952 14.10000038
  endloop
endfacet
facet normal 0 -0 1
  outer loop
    vertex 15 0 14.10000038
    vertex 16.26878738 1.546020865 14.10000038
    vertex 16.19139862 1.606415033 14.10000038
  endloop
endfacet
facet normal 0 -0 1
  outer loop
    vertex 15 0 14.10000038
    vertex 16.19139862 1.606415033 14.10000038
    vertex 16.1111412 1.662939191 14.10000038
  endloop
endfacet
facet normal 0 -0 1
  outer loop
    vertex 15 0 14.10000038
    vertex 16.34311867 1.481902242 14.10000038
    vertex 16.26878738 1.546020865 14.10000038
  endloop
endfacet
facet normal 0 -0 1
  outer loop
    vertex 15 0 14.10000038
    vertex 16.76384163 0.9427934885 14.10000038
    vertex 16.71545792 1.028205514 14.10000038
  endloop
endfacet
facet normal 0 -0 1
  outer loop
    vertex 15 0 14.10000038
    vertex 16.71545792 1.028205514 14.10000038
    vertex 16.66293907 1.11114049 14.10000038
  endloop
endfacet
facet normal 0 -0 1
  outer loop
    vertex 15 0 14.10000038
    vertex 16.66293907 1.11114049 14.10000038
    vertex 16.60641479 1.191398621 14.10000038
  endloop
endfacet
facet normal -0.8700856571 -0.4929005471 0
  outer loop
    vertex -9.215456963 -14.01858616 -0.1000000015
    vertex -9.215456963 -14.01858616 0
    vertex -9.263842583 -13.93317413 -0.1000000015
  endloop
endfacet
facet normal -0.8448550831 -0.534995223 0
  outer loop
    vertex -9.215456963 -14.01858616 -0.1000000015
    vertex -9.162939072 -14.10152149 0
    vertex -9.215456963 -14.01858616 0
  endloop
endfacet
facet normal -0.8700856571 -0.4929005471 0
  outer loop
    vertex -9.263842583 -13.93317413 -0.1000000015
    vertex -9.215456963 -14.01858616 0
    vertex -9.263842583 -13.93317413 0
  endloop
endfacet
facet normal -0.8932231839 -0.4496135493 0
  outer loop
    vertex -9.263842583 -13.93317413 -0.1000000015
    vertex -9.263842583 -13.93317413 0
    vertex -9.30797863 -13.84549141 -0.1000000015
  endloop
endfacet
facet normal -0.9142097235 -0.4052413865 0
  outer loop
    vertex -9.347759247 -13.7557478 -0.1000000015
    vertex -9.30797863 -13.84549141 -0.1000000015
    vertex -9.30797863 -13.84549141 0
  endloop
endfacet
facet normal -0.8932231839 -0.4496135493 0
  outer loop
    vertex -9.30797863 -13.84549141 -0.1000000015
    vertex -9.263842583 -13.93317413 0
    vertex -9.30797863 -13.84549141 0
  endloop
endfacet
facet normal -0.9142097235 -0.4052413865 0
  outer loop
    vertex -9.347759247 -13.7557478 -0.1000000015
    vertex -9.30797863 -13.84549141 0
    vertex -9.347759247 -13.7557478 0
  endloop
endfacet
facet normal -0.9329933635 -0.3598935727 0
  outer loop
    vertex -9.347759247 -13.7557478 -0.1000000015
    vertex -9.347759247 -13.7557478 0
    vertex -9.383088112 -13.66416073 -0.1000000015
  endloop
endfacet
facet normal -0.9495289731 -0.3136793415 0
  outer loop
    vertex -9.383088112 -13.66416073 -0.1000000015
    vertex -9.383088112 -13.66416073 0
    vertex -9.413880348 -13.57095051 -0.1000000015
  endloop
endfacet
facet normal -0.9329933635 -0.3598935727 0
  outer loop
    vertex -9.383088112 -13.66416073 -0.1000000015
    vertex -9.347759247 -13.7557478 0
    vertex -9.383088112 -13.66416073 0
  endloop
endfacet
facet normal -0.9637753688 -0.2667152762 0
  outer loop
    vertex -9.413880348 -13.57095051 -0.1000000015
    vertex -9.413880348 -13.57095051 0
    vertex -9.440062523 -13.47634125 -0.1000000015
  endloop
endfacet
facet normal -0.9495289731 -0.3136793415 0
  outer loop
    vertex -9.413880348 -13.57095051 -0.1000000015
    vertex -9.383088112 -13.66416073 0
    vertex -9.413880348 -13.57095051 0
  endloop
endfacet
facet normal -0.9637753688 -0.2667152762 0
  outer loop
    vertex -9.440062523 -13.47634125 -0.1000000015
    vertex -9.413880348 -13.57095051 0
    vertex -9.440062523 -13.47634125 0
  endloop
endfacet
facet normal -0.9757016311 -0.2191034619 0
  outer loop
    vertex -9.440062523 -13.47634125 -0.1000000015
    vertex -9.440062523 -13.47634125 0
    vertex -9.46157074 -13.38056183 -0.1000000015
  endloop
endfacet
facet normal -0.9852787754 -0.1709553591 0
  outer loop
    vertex -9.46157074 -13.38056183 -0.1000000015
    vertex -9.46157074 -13.38056183 0
    vertex -9.478352547 -13.28384209 -0.1000000015
  endloop
endfacet
facet normal -0.9757016311 -0.2191034619 0
  outer loop
    vertex -9.46157074 -13.38056183 -0.1000000015
    vertex -9.440062523 -13.47634125 0
    vertex -9.46157074 -13.38056183 0
  endloop
endfacet
facet normal -0.9852787754 -0.1709553591 0
  outer loop
    vertex -9.478352547 -13.28384209 -0.1000000015
    vertex -9.46157074 -13.38056183 0
    vertex -9.478352547 -13.28384209 0
  endloop
endfacet
facet normal -0.9924784851 -0.1224191837 0
  outer loop
    vertex -9.478352547 -13.28384209 -0.1000000015
    vertex -9.478352547 -13.28384209 0
    vertex -9.490369797 -13.18641567 -0.1000000015
  endloop
endfacet
facet normal -0.9972906617 -0.07356178355 0
  outer loop
    vertex -9.490369797 -13.18641567 -0.1000000015
    vertex -9.490369797 -13.18641567 0
    vertex -9.497591019 -13.08851624 -0.1000000015
  endloop
endfacet
facet normal -0.9924784851 -0.1224191837 0
  outer loop
    vertex -9.490369797 -13.18641567 -0.1000000015
    vertex -9.478352547 -13.28384209 0
    vertex -9.490369797 -13.18641567 0
  endloop
endfacet
facet normal -0.6895428465 -0.7242448915 0
  outer loop
    vertex -8.914213181 -14.40459442 -0.1000000015
    vertex -8.843117714 -14.47228336 -0.1000000015
    vertex -8.843117714 -14.47228336 0
  endloop
endfacet
facet normal -0.653171553 -0.7572099592 0
  outer loop
    vertex -8.76878643 -14.53640175 -0.1000000015
    vertex -8.76878643 -14.53640175 0
    vertex -8.843117714 -14.47228336 -0.1000000015
  endloop
endfacet
facet normal -0.6152331582 -0.7883452042 0
  outer loop
    vertex -8.76878643 -14.53640175 -0.1000000015
    vertex -8.691398621 -14.59679604 -0.1000000015
    vertex -8.691398621 -14.59679604 0
  endloop
endfacet
facet normal -0.653171553 -0.7572099592 0
  outer loop
    vertex -8.843117714 -14.47228336 -0.1000000015
    vertex -8.76878643 -14.53640175 0
    vertex -8.843117714 -14.47228336 0
  endloop
endfacet
facet normal -0.6152331582 -0.7883452042 0
  outer loop
    vertex -8.76878643 -14.53640175 -0.1000000015
    vertex -8.691398621 -14.59679604 0
    vertex -8.76878643 -14.53640175 0
  endloop
endfacet
facet normal -0.5758078889 -0.8175850262 0
  outer loop
    vertex -8.691398621 -14.59679604 -0.1000000015
    vertex -8.611140251 -14.65332031 -0.1000000015
    vertex -8.611140251 -14.65332031 0
  endloop
endfacet
facet normal -0.5349996141 -0.8448523024 0
  outer loop
    vertex -8.611140251 -14.65332031 -0.1000000015
    vertex -8.528205872 -14.7058382 -0.1000000015
    vertex -8.528205872 -14.7058382 0
  endloop
endfacet
facet normal -0.5758078889 -0.8175850262 0
  outer loop
    vertex -8.691398621 -14.59679604 -0.1000000015
    vertex -8.611140251 -14.65332031 0
    vertex -8.691398621 -14.59679604 0
  endloop
endfacet
facet normal -0.5349996141 -0.8448523024 0
  outer loop
    vertex -8.611140251 -14.65332031 -0.1000000015
    vertex -8.528205872 -14.7058382 0
    vertex -8.611140251 -14.65332031 0
  endloop
endfacet
facet normal -0.4496096477 -0.8932251478 0
  outer loop
    vertex -8.442793846 -14.75422382 -0.1000000015
    vertex -8.355110168 -14.79835987 -0.1000000015
    vertex -8.355110168 -14.79835987 0
  endloop
endfacet
facet normal -0.4496096477 -0.8932251478 0
  outer loop
    vertex -8.442793846 -14.75422382 -0.1000000015
    vertex -8.355110168 -14.79835987 0
    vertex -8.442793846 -14.75422382 0
  endloop
endfacet
facet normal -0.4052413865 -0.9142097235 0
  outer loop
    vertex -8.355110168 -14.79835987 -0.1000000015
    vertex -8.265366554 -14.83814049 -0.1000000015
    vertex -8.265366554 -14.83814049 0
  endloop
endfacet
facet normal -0.3598935727 -0.9329933635 0
  outer loop
    vertex -8.265366554 -14.83814049 -0.1000000015
    vertex -8.173779488 -14.87346935 -0.1000000015
    vertex -8.173779488 -14.87346935 0
  endloop
endfacet
facet normal -0.4052413865 -0.9142097235 0
  outer loop
    vertex -8.355110168 -14.79835987 -0.1000000015
    vertex -8.265366554 -14.83814049 0
    vertex -8.355110168 -14.79835987 0
  endloop
endfacet
facet normal -0.3598935727 -0.9329933635 0
  outer loop
    vertex -8.265366554 -14.83814049 -0.1000000015
    vertex -8.173779488 -14.87346935 0
    vertex -8.265366554 -14.83814049 0
  endloop
endfacet
facet normal -0.4929005471 -0.8700856571 0
  outer loop
    vertex -8.528205872 -14.7058382 -0.1000000015
    vertex -8.442793846 -14.75422382 -0.1000000015
    vertex -8.442793846 -14.75422382 0
  endloop
endfacet
facet normal -0.4929005471 -0.8700856571 0
  outer loop
    vertex -8.528205872 -14.7058382 -0.1000000015
    vertex -8.442793846 -14.75422382 0
    vertex -8.528205872 -14.7058382 0
  endloop
endfacet
facet normal -0.3136793415 -0.9495289731 0
  outer loop
    vertex -8.173779488 -14.87346935 -0.1000000015
    vertex -8.080569267 -14.90426159 -0.1000000015
    vertex -8.080569267 -14.90426159 0
  endloop
endfacet
facet normal -0.3136793415 -0.9495289731 0
  outer loop
    vertex -8.173779488 -14.87346935 -0.1000000015
    vertex -8.080569267 -14.90426159 0
    vertex -8.173779488 -14.87346935 0
  endloop
endfacet
facet normal -0.2667165248 -0.9637750232 0
  outer loop
    vertex -8.080569267 -14.90426159 -0.1000000015
    vertex -7.985960484 -14.93044376 0
    vertex -8.080569267 -14.90426159 0
  endloop
endfacet
facet normal -0.2191024235 -0.9757018643 0
  outer loop
    vertex -7.985960484 -14.93044376 -0.1000000015
    vertex -7.890180588 -14.95195198 -0.1000000015
    vertex -7.890180588 -14.95195198 0
  endloop
endfacet
facet normal -0.2191024235 -0.9757018643 0
  outer loop
    vertex -7.985960484 -14.93044376 -0.1000000015
    vertex -7.890180588 -14.95195198 0
    vertex -7.985960484 -14.93044376 0
  endloop
endfacet
facet normal -0.2667165248 -0.9637750232 0
  outer loop
    vertex -8.080569267 -14.90426159 -0.1000000015
    vertex -7.985960484 -14.93044376 -0.1000000015
    vertex -7.985960484 -14.93044376 0
  endloop
endfacet
facet normal -0.7572099592 -0.653171553 0
  outer loop
    vertex -9.046020508 -14.25916767 -0.1000000015
    vertex -8.981902122 -14.33349895 0
    vertex -9.046020508 -14.25916767 0
  endloop
endfacet
facet normal -0.8175850262 -0.5758078889 0
  outer loop
    vertex -9.162939072 -14.10152149 -0.1000000015
    vertex -9.106414795 -14.18177986 -0.1000000015
    vertex -9.106414795 -14.18177986 0
  endloop
endfacet
facet normal -0.7883452042 -0.6152331582 0
  outer loop
    vertex -9.046020508 -14.25916767 -0.1000000015
    vertex -9.046020508 -14.25916767 0
    vertex -9.106414795 -14.18177986 -0.1000000015
  endloop
endfacet
facet normal -0.8175850262 -0.5758078889 0
  outer loop
    vertex -9.162939072 -14.10152149 -0.1000000015
    vertex -9.106414795 -14.18177986 0
    vertex -9.162939072 -14.10152149 0
  endloop
endfacet
facet normal -0.7883452042 -0.6152331582 0
  outer loop
    vertex -9.106414795 -14.18177986 -0.1000000015
    vertex -9.046020508 -14.25916767 0
    vertex -9.106414795 -14.18177986 0
  endloop
endfacet
facet normal -0.7572099592 -0.653171553 0
  outer loop
    vertex -9.046020508 -14.25916767 -0.1000000015
    vertex -8.981902122 -14.33349895 -0.1000000015
    vertex -8.981902122 -14.33349895 0
  endloop
endfacet
facet normal -0.7242448915 -0.6895428465 0
  outer loop
    vertex -8.914213181 -14.40459442 -0.1000000015
    vertex -8.914213181 -14.40459442 0
    vertex -8.981902122 -14.33349895 -0.1000000015
  endloop
endfacet
facet normal -0.7242448915 -0.6895428465 0
  outer loop
    vertex -8.981902122 -14.33349895 -0.1000000015
    vertex -8.914213181 -14.40459442 0
    vertex -8.981902122 -14.33349895 0
  endloop
endfacet
facet normal -0.6895428465 -0.7242448915 0
  outer loop
    vertex -8.914213181 -14.40459442 -0.1000000015
    vertex -8.843117714 -14.47228336 0
    vertex -8.914213181 -14.40459442 0
  endloop
endfacet
facet normal -0.8448550831 -0.534995223 0
  outer loop
    vertex -9.215456963 -14.01858616 -0.1000000015
    vertex -9.162939072 -14.10152149 -0.1000000015
    vertex -9.162939072 -14.10152149 0
  endloop
endfacet
facet normal 0 0 -1
  outer loop
    vertex -9.046020508 -14.25916767 -0.1000000015
    vertex -9.106414795 -14.18177986 -0.1000000015
    vertex -7.5 -12.99038124 -0.1000000015
  endloop
endfacet
facet normal 0 0 -1
  outer loop
    vertex -9.347759247 -13.7557478 -0.1000000015
    vertex -9.383088112 -13.66416073 -0.1000000015
    vertex -7.5 -12.99038124 -0.1000000015
  endloop
endfacet
facet normal 0 -0 -1
  outer loop
    vertex -9.347759247 -13.7557478 -0.1000000015
    vertex -7.5 -12.99038124 -0.1000000015
    vertex -9.30797863 -13.84549141 -0.1000000015
  endloop
endfacet
facet normal 0 -0 -1
  outer loop
    vertex -9.215456963 -14.01858616 -0.1000000015
    vertex -7.5 -12.99038124 -0.1000000015
    vertex -9.162939072 -14.10152149 -0.1000000015
  endloop
endfacet
facet normal 0 0 -1
  outer loop
    vertex -9.215456963 -14.01858616 -0.1000000015
    vertex -9.263842583 -13.93317413 -0.1000000015
    vertex -7.5 -12.99038124 -0.1000000015
  endloop
endfacet
facet normal 0 -0 -1
  outer loop
    vertex -9.162939072 -14.10152149 -0.1000000015
    vertex -7.5 -12.99038124 -0.1000000015
    vertex -9.106414795 -14.18177986 -0.1000000015
  endloop
endfacet
facet normal 0 0 -1
  outer loop
    vertex -9.263842583 -13.93317413 -0.1000000015
    vertex -9.30797863 -13.84549141 -0.1000000015
    vertex -7.5 -12.99038124 -0.1000000015
  endloop
endfacet
facet normal 0 0 -1
  outer loop
    vertex -9.413880348 -13.57095051 -0.1000000015
    vertex -9.440062523 -13.47634125 -0.1000000015
    vertex -7.5 -12.99038124 -0.1000000015
  endloop
endfacet
facet normal 0 0 -1
  outer loop
    vertex -9.383088112 -13.66416073 -0.1000000015
    vertex -9.413880348 -13.57095051 -0.1000000015
    vertex -7.5 -12.99038124 -0.1000000015
  endloop
endfacet
facet normal 0 0 -1
  outer loop
    vertex -9.440062523 -13.47634125 -0.1000000015
    vertex -9.46157074 -13.38056183 -0.1000000015
    vertex -7.5 -12.99038124 -0.1000000015
  endloop
endfacet
facet normal 0 0 -1
  outer loop
    vertex -9.46157074 -13.38056183 -0.1000000015
    vertex -9.478352547 -13.28384209 -0.1000000015
    vertex -7.5 -12.99038124 -0.1000000015
  endloop
endfacet
facet normal 0 0 -1
  outer loop
    vertex -9.478352547 -13.28384209 -0.1000000015
    vertex -9.490369797 -13.18641567 -0.1000000015
    vertex -7.5 -12.99038124 -0.1000000015
  endloop
endfacet
facet normal 0 -0 -1
  outer loop
    vertex -8.611140251 -14.65332031 -0.1000000015
    vertex -7.5 -12.99038124 -0.1000000015
    vertex -8.528205872 -14.7058382 -0.1000000015
  endloop
endfacet
facet normal 0 -0 -1
  outer loop
    vertex -8.914213181 -14.40459442 -0.1000000015
    vertex -7.5 -12.99038124 -0.1000000015
    vertex -8.843117714 -14.47228336 -0.1000000015
  endloop
endfacet
facet normal 0 0 -1
  outer loop
    vertex -8.76878643 -14.53640175 -0.1000000015
    vertex -8.843117714 -14.47228336 -0.1000000015
    vertex -7.5 -12.99038124 -0.1000000015
  endloop
endfacet
facet normal 0 0 -1
  outer loop
    vertex -8.914213181 -14.40459442 -0.1000000015
    vertex -8.981902122 -14.33349895 -0.1000000015
    vertex -7.5 -12.99038124 -0.1000000015
  endloop
endfacet
facet normal 0 -0 -1
  outer loop
    vertex -9.046020508 -14.25916767 -0.1000000015
    vertex -7.5 -12.99038124 -0.1000000015
    vertex -8.981902122 -14.33349895 -0.1000000015
  endloop
endfacet
facet normal 0 -0 -1
  outer loop
    vertex -8.76878643 -14.53640175 -0.1000000015
    vertex -7.5 -12.99038124 -0.1000000015
    vertex -8.691398621 -14.59679604 -0.1000000015
  endloop
endfacet
facet normal 0 -0 -1
  outer loop
    vertex -8.691398621 -14.59679604 -0.1000000015
    vertex -7.5 -12.99038124 -0.1000000015
    vertex -8.611140251 -14.65332031 -0.1000000015
  endloop
endfacet
facet normal 0 -0 -1
  outer loop
    vertex -8.528205872 -14.7058382 -0.1000000015
    vertex -7.5 -12.99038124 -0.1000000015
    vertex -8.442793846 -14.75422382 -0.1000000015
  endloop
endfacet
facet normal 0 -0 -1
  outer loop
    vertex -8.355110168 -14.79835987 -0.1000000015
    vertex -7.5 -12.99038124 -0.1000000015
    vertex -8.265366554 -14.83814049 -0.1000000015
  endloop
endfacet
facet normal 0 -0 -1
  outer loop
    vertex -8.442793846 -14.75422382 -0.1000000015
    vertex -7.5 -12.99038124 -0.1000000015
    vertex -8.355110168 -14.79835987 -0.1000000015
  endloop
endfacet
facet normal 0 -0 -1
  outer loop
    vertex -8.265366554 -14.83814049 -0.1000000015
    vertex -7.5 -12.99038124 -0.1000000015
    vertex -8.173779488 -14.87346935 -0.1000000015
  endloop
endfacet
facet normal 0 -0 -1
  outer loop
    vertex -8.173779488 -14.87346935 -0.1000000015
    vertex -7.5 -12.99038124 -0.1000000015
    vertex -8.080569267 -14.90426159 -0.1000000015
  endloop
endfacet
facet normal -0.9996988431 -0.02454023515 0
  outer loop
    vertex -9.497591019 -13.08851624 -0.1000000015
    vertex -9.497591019 -13.08851624 0
    vertex -9.5 -12.99038124 -0.1000000015
  endloop
endfacet
facet normal -0.9972906617 -0.07356178355 0
  outer loop
    vertex -9.497591019 -13.08851624 -0.1000000015
    vertex -9.490369797 -13.18641567 0
    vertex -9.497591019 -13.08851624 0
  endloop
endfacet
facet normal -0.9996988431 -0.02454023515 0
  outer loop
    vertex -9.5 -12.99038124 -0.1000000015
    vertex -9.497591019 -13.08851624 0
    vertex -9.5 -12.99038124 0
  endloop
endfacet
facet normal -0.9996988489 0.02453999682 0
  outer loop
    vertex -9.5 -12.99038124 -0.1000000015
    vertex -9.5 -12.99038124 0
    vertex -9.497591019 -12.89224529 -0.1000000015
  endloop
endfacet
facet normal -0.9972906092 0.07356249628 0
  outer loop
    vertex -9.497591019 -12.89224529 -0.1000000015
    vertex -9.497591019 -12.89224529 0
    vertex -9.490369797 -12.79434681 -0.1000000015
  endloop
endfacet
facet normal -0.9996988489 0.02453999682 0
  outer loop
    vertex -9.497591019 -12.89224529 -0.1000000015
    vertex -9.5 -12.99038124 0
    vertex -9.497591019 -12.89224529 0
  endloop
endfacet
facet normal -0.9972906092 0.07356249628 0
  outer loop
    vertex -9.490369797 -12.79434681 -0.1000000015
    vertex -9.497591019 -12.89224529 0
    vertex -9.490369797 -12.79434681 0
  endloop
endfacet
facet normal -0.9924784851 0.1224191837 0
  outer loop
    vertex -9.490369797 -12.79434681 -0.1000000015
    vertex -9.490369797 -12.79434681 0
    vertex -9.478352547 -12.69692039 -0.1000000015
  endloop
endfacet
facet normal -0.9852787754 0.1709553591 0
  outer loop
    vertex -9.478352547 -12.69692039 -0.1000000015
    vertex -9.478352547 -12.69692039 0
    vertex -9.46157074 -12.60020065 -0.1000000015
  endloop
endfacet
facet normal -0.9924784851 0.1224191837 0
  outer loop
    vertex -9.478352547 -12.69692039 -0.1000000015
    vertex -9.490369797 -12.79434681 0
    vertex -9.478352547 -12.69692039 0
  endloop
endfacet
facet normal -0.9757020975 0.2191013851 0
  outer loop
    vertex -9.46157074 -12.60020065 -0.1000000015
    vertex -9.46157074 -12.60020065 0
    vertex -9.440062523 -12.50442028 -0.1000000015
  endloop
endfacet
facet normal -0.9637746777 0.2667177735 0
  outer loop
    vertex -9.440062523 -12.50442028 -0.1000000015
    vertex -9.440062523 -12.50442028 0
    vertex -9.413880348 -12.40981197 -0.1000000015
  endloop
endfacet
facet normal -0.9852787754 0.1709553591 0
  outer loop
    vertex -9.46157074 -12.60020065 -0.1000000015
    vertex -9.478352547 -12.69692039 0
    vertex -9.46157074 -12.60020065 0
  endloop
endfacet
facet normal -0.9757020975 0.2191013851 0
  outer loop
    vertex -9.440062523 -12.50442028 -0.1000000015
    vertex -9.46157074 -12.60020065 0
    vertex -9.440062523 -12.50442028 0
  endloop
endfacet
facet normal -0.9495289731 0.3136793415 0
  outer loop
    vertex -9.413880348 -12.40981197 -0.1000000015
    vertex -9.413880348 -12.40981197 0
    vertex -9.383088112 -12.31660175 -0.1000000015
  endloop
endfacet
facet normal -0.9637746777 0.2667177735 0
  outer loop
    vertex -9.413880348 -12.40981197 -0.1000000015
    vertex -9.440062523 -12.50442028 0
    vertex -9.413880348 -12.40981197 0
  endloop
endfacet
facet normal -0.9495289731 0.3136793415 0
  outer loop
    vertex -9.383088112 -12.31660175 -0.1000000015
    vertex -9.413880348 -12.40981197 0
    vertex -9.383088112 -12.31660175 0
  endloop
endfacet
facet normal -0.9329946218 0.3598903107 0
  outer loop
    vertex -9.383088112 -12.31660175 -0.1000000015
    vertex -9.383088112 -12.31660175 0
    vertex -9.347759247 -12.22501373 -0.1000000015
  endloop
endfacet
facet normal -0.9329946218 0.3598903107 0
  outer loop
    vertex -9.347759247 -12.22501373 -0.1000000015
    vertex -9.383088112 -12.31660175 0
    vertex -9.347759247 -12.22501373 0
  endloop
endfacet
facet normal -0.9142081281 0.4052449857 0
  outer loop
    vertex -9.347759247 -12.22501373 -0.1000000015
    vertex -9.347759247 -12.22501373 0
    vertex -9.30797863 -12.13527107 -0.1000000015
  endloop
endfacet
facet normal -0.9142081281 0.4052449857 0
  outer loop
    vertex -9.30797863 -12.13527107 -0.1000000015
    vertex -9.347759247 -12.22501373 0
    vertex -9.30797863 -12.13527107 0
  endloop
endfacet
facet normal -0.8932251478 0.4496096477 0
  outer loop
    vertex -9.30797863 -12.13527107 -0.1000000015
    vertex -9.30797863 -12.13527107 0
    vertex -9.263842583 -12.04758739 -0.1000000015
  endloop
endfacet
facet normal -0.8700856571 0.4929005471 0
  outer loop
    vertex -9.263842583 -12.04758739 -0.1000000015
    vertex -9.263842583 -12.04758739 0
    vertex -9.215456963 -11.96217537 -0.1000000015
  endloop
endfacet
facet normal -0.8932251478 0.4496096477 0
  outer loop
    vertex -9.263842583 -12.04758739 -0.1000000015
    vertex -9.30797863 -12.13527107 0
    vertex -9.263842583 -12.04758739 0
  endloop
endfacet
facet normal -0.8700856571 0.4929005471 0
  outer loop
    vertex -9.215456963 -11.96217537 -0.1000000015
    vertex -9.263842583 -12.04758739 0
    vertex -9.215456963 -11.96217537 0
  endloop
endfacet
facet normal -0.8448523024 0.5349996141 0
  outer loop
    vertex -9.215456963 -11.96217537 -0.1000000015
    vertex -9.215456963 -11.96217537 0
    vertex -9.162939072 -11.87924099 -0.1000000015
  endloop
endfacet
facet normal 0 0 -1
  outer loop
    vertex -9.490369797 -13.18641567 -0.1000000015
    vertex -9.497591019 -13.08851624 -0.1000000015
    vertex -7.5 -12.99038124 -0.1000000015
  endloop
endfacet
facet normal 0 0 -1
  outer loop
    vertex -9.497591019 -13.08851624 -0.1000000015
    vertex -9.5 -12.99038124 -0.1000000015
    vertex -7.5 -12.99038124 -0.1000000015
  endloop
endfacet
facet normal 0 0 -1
  outer loop
    vertex -9.5 -12.99038124 -0.1000000015
    vertex -9.497591019 -12.89224529 -0.1000000015
    vertex -7.5 -12.99038124 -0.1000000015
  endloop
endfacet
facet normal 0 0 -1
  outer loop
    vertex -9.497591019 -12.89224529 -0.1000000015
    vertex -9.490369797 -12.79434681 -0.1000000015
    vertex -7.5 -12.99038124 -0.1000000015
  endloop
endfacet
facet normal 0 0 -1
  outer loop
    vertex -9.490369797 -12.79434681 -0.1000000015
    vertex -9.478352547 -12.69692039 -0.1000000015
    vertex -7.5 -12.99038124 -0.1000000015
  endloop
endfacet
facet normal 0 0 -1
  outer loop
    vertex -9.478352547 -12.69692039 -0.1000000015
    vertex -9.46157074 -12.60020065 -0.1000000015
    vertex -7.5 -12.99038124 -0.1000000015
  endloop
endfacet
facet normal 0 0 -1
  outer loop
    vertex -9.46157074 -12.60020065 -0.1000000015
    vertex -9.440062523 -12.50442028 -0.1000000015
    vertex -7.5 -12.99038124 -0.1000000015
  endloop
endfacet
facet normal 0 0 -1
  outer loop
    vertex -9.440062523 -12.50442028 -0.1000000015
    vertex -9.413880348 -12.40981197 -0.1000000015
    vertex -7.5 -12.99038124 -0.1000000015
  endloop
endfacet
facet normal 0 0 -1
  outer loop
    vertex -9.413880348 -12.40981197 -0.1000000015
    vertex -9.383088112 -12.31660175 -0.1000000015
    vertex -7.5 -12.99038124 -0.1000000015
  endloop
endfacet
facet normal 0 0 -1
  outer loop
    vertex -9.383088112 -12.31660175 -0.1000000015
    vertex -9.347759247 -12.22501373 -0.1000000015
    vertex -7.5 -12.99038124 -0.1000000015
  endloop
endfacet
facet normal -0.8175850262 0.5758078889 0
  outer loop
    vertex -9.162939072 -11.87924099 -0.1000000015
    vertex -9.162939072 -11.87924099 0
    vertex -9.106414795 -11.79898262 -0.1000000015
  endloop
endfacet
facet normal -0.8448523024 0.5349996141 0
  outer loop
    vertex -9.162939072 -11.87924099 -0.1000000015
    vertex -9.215456963 -11.96217537 0
    vertex -9.162939072 -11.87924099 0
  endloop
endfacet
facet normal -0.8175850262 0.5758078889 0
  outer loop
    vertex -9.106414795 -11.79898262 -0.1000000015
    vertex -9.162939072 -11.87924099 0
    vertex -9.106414795 -11.79898262 0
  endloop
endfacet
facet normal 0 0 -1
  outer loop
    vertex -9.347759247 -12.22501373 -0.1000000015
    vertex -9.30797863 -12.13527107 -0.1000000015
    vertex -7.5 -12.99038124 -0.1000000015
  endloop
endfacet
facet normal 0 0 -1
  outer loop
    vertex -9.30797863 -12.13527107 -0.1000000015
    vertex -9.263842583 -12.04758739 -0.1000000015
    vertex -7.5 -12.99038124 -0.1000000015
  endloop
endfacet
facet normal 0 0 -1
  outer loop
    vertex -9.263842583 -12.04758739 -0.1000000015
    vertex -9.215456963 -11.96217537 -0.1000000015
    vertex -7.5 -12.99038124 -0.1000000015
  endloop
endfacet
facet normal 0 0 -1
  outer loop
    vertex -9.215456963 -11.96217537 -0.1000000015
    vertex -9.162939072 -11.87924099 -0.1000000015
    vertex -7.5 -12.99038124 -0.1000000015
  endloop
endfacet
facet normal 0 0 -1
  outer loop
    vertex -9.162939072 -11.87924099 -0.1000000015
    vertex -9.106414795 -11.79898262 -0.1000000015
    vertex -7.5 -12.99038124 -0.1000000015
  endloop
endfacet
facet normal 0 0 -1
  outer loop
    vertex -9.106414795 -11.79898262 -0.1000000015
    vertex -9.046020508 -11.72159481 -0.1000000015
    vertex -7.5 -12.99038124 -0.1000000015
  endloop
endfacet
facet normal 0 0 -1
  outer loop
    vertex -9.046020508 -11.72159481 -0.1000000015
    vertex -8.981902122 -11.64726353 -0.1000000015
    vertex -7.5 -12.99038124 -0.1000000015
  endloop
endfacet
facet normal 0 0 -1
  outer loop
    vertex -8.981902122 -11.64726353 -0.1000000015
    vertex -8.914213181 -11.57616711 -0.1000000015
    vertex -7.5 -12.99038124 -0.1000000015
  endloop
endfacet
facet normal 0 0 -1
  outer loop
    vertex -8.914213181 -11.57616711 -0.1000000015
    vertex -8.843117714 -11.50847912 -0.1000000015
    vertex -7.5 -12.99038124 -0.1000000015
  endloop
endfacet
facet normal 0 0 -1
  outer loop
    vertex -8.843117714 -11.50847912 -0.1000000015
    vertex -8.76878643 -11.44435978 -0.1000000015
    vertex -7.5 -12.99038124 -0.1000000015
  endloop
endfacet
facet normal 0 0 -1
  outer loop
    vertex -8.76878643 -11.44435978 -0.1000000015
    vertex -8.691398621 -11.38396645 -0.1000000015
    vertex -7.5 -12.99038124 -0.1000000015
  endloop
endfacet
facet normal 0 0 -1
  outer loop
    vertex -8.691398621 -11.38396645 -0.1000000015
    vertex -8.611140251 -11.32744217 -0.1000000015
    vertex -7.5 -12.99038124 -0.1000000015
  endloop
endfacet
facet normal 0 0 -1
  outer loop
    vertex -8.611140251 -11.32744217 -0.1000000015
    vertex -8.528205872 -11.27492428 -0.1000000015
    vertex -7.5 -12.99038124 -0.1000000015
  endloop
endfacet
facet normal 0 0 -1
  outer loop
    vertex -8.528205872 -11.27492428 -0.1000000015
    vertex -8.442793846 -11.22653866 -0.1000000015
    vertex -7.5 -12.99038124 -0.1000000015
  endloop
endfacet
facet normal -0.7883452042 0.6152331582 0
  outer loop
    vertex -9.106414795 -11.79898262 -0.1000000015
    vertex -9.106414795 -11.79898262 0
    vertex -9.046020508 -11.72159481 -0.1000000015
  endloop
endfacet
facet normal -0.7572099592 0.653171553 0
  outer loop
    vertex -9.046020508 -11.72159481 -0.1000000015
    vertex -9.046020508 -11.72159481 0
    vertex -8.981902122 -11.64726353 -0.1000000015
  endloop
endfacet
facet normal -0.7883452042 0.6152331582 0
  outer loop
    vertex -9.046020508 -11.72159481 -0.1000000015
    vertex -9.106414795 -11.79898262 0
    vertex -9.046020508 -11.72159481 0
  endloop
endfacet
facet normal -0.7572099592 0.653171553 0
  outer loop
    vertex -8.981902122 -11.64726353 -0.1000000015
    vertex -9.046020508 -11.72159481 0
    vertex -8.981902122 -11.64726353 0
  endloop
endfacet
facet normal -0.7242495106 0.6895379949 0
  outer loop
    vertex -8.981902122 -11.64726353 -0.1000000015
    vertex -8.981902122 -11.64726353 0
    vertex -8.914213181 -11.57616711 -0.1000000015
  endloop
endfacet
facet normal -0.6895377506 0.7242497432 0
  outer loop
    vertex -8.914213181 -11.57616711 -0.1000000015
    vertex -8.914213181 -11.57616711 0
    vertex -8.843117714 -11.50847912 -0.1000000015
  endloop
endfacet
facet normal -0.7242495106 0.6895379949 0
  outer loop
    vertex -8.914213181 -11.57616711 -0.1000000015
    vertex -8.981902122 -11.64726353 0
    vertex -8.914213181 -11.57616711 0
  endloop
endfacet
facet normal -0.6895377506 0.7242497432 0
  outer loop
    vertex -8.843117714 -11.50847912 -0.1000000015
    vertex -8.914213181 -11.57616711 0
    vertex -8.843117714 -11.50847912 0
  endloop
endfacet
facet normal -0.6531771233 0.7572051543 0
  outer loop
    vertex -8.843117714 -11.50847912 -0.1000000015
    vertex -8.843117714 -11.50847912 0
    vertex -8.76878643 -11.44435978 -0.1000000015
  endloop
endfacet
facet normal -0.6152271204 0.7883499162 0
  outer loop
    vertex -8.76878643 -11.44435978 -0.1000000015
    vertex -8.76878643 -11.44435978 0
    vertex -8.691398621 -11.38396645 -0.1000000015
  endloop
endfacet
facet normal -0.6531771233 0.7572051543 0
  outer loop
    vertex -8.76878643 -11.44435978 -0.1000000015
    vertex -8.843117714 -11.50847912 0
    vertex -8.76878643 -11.44435978 0
  endloop
endfacet
facet normal -0.6152271204 0.7883499162 0
  outer loop
    vertex -8.691398621 -11.38396645 -0.1000000015
    vertex -8.76878643 -11.44435978 0
    vertex -8.691398621 -11.38396645 0
  endloop
endfacet
facet normal -0.5758078889 0.8175850262 0
  outer loop
    vertex -8.691398621 -11.38396645 -0.1000000015
    vertex -8.691398621 -11.38396645 0
    vertex -8.611140251 -11.32744217 -0.1000000015
  endloop
endfacet
facet normal -0.5758078889 0.8175850262 0
  outer loop
    vertex -8.611140251 -11.32744217 -0.1000000015
    vertex -8.691398621 -11.38396645 0
    vertex -8.611140251 -11.32744217 0
  endloop
endfacet
facet normal -0.5349996141 0.8448523024 0
  outer loop
    vertex -8.611140251 -11.32744217 -0.1000000015
    vertex -8.611140251 -11.32744217 0
    vertex -8.528205872 -11.27492428 -0.1000000015
  endloop
endfacet
facet normal -0.5349996141 0.8448523024 0
  outer loop
    vertex -8.528205872 -11.27492428 -0.1000000015
    vertex -8.611140251 -11.32744217 0
    vertex -8.528205872 -11.27492428 0
  endloop
endfacet
facet normal -0.4929005471 0.8700856571 0
  outer loop
    vertex -8.528205872 -11.27492428 -0.1000000015
    vertex -8.528205872 -11.27492428 0
    vertex -8.442793846 -11.22653866 -0.1000000015
  endloop
endfacet
facet normal -0.4496096477 0.8932251478 0
  outer loop
    vertex -8.442793846 -11.22653866 -0.1000000015
    vertex -8.442793846 -11.22653866 0
    vertex -8.355110168 -11.18240261 -0.1000000015
  endloop
endfacet
facet normal -0.4929005471 0.8700856571 0
  outer loop
    vertex -8.442793846 -11.22653866 -0.1000000015
    vertex -8.528205872 -11.27492428 0
    vertex -8.442793846 -11.22653866 0
  endloop
endfacet
facet normal -0.4496096477 0.8932251478 0
  outer loop
    vertex -8.355110168 -11.18240261 -0.1000000015
    vertex -8.442793846 -11.22653866 0
    vertex -8.355110168 -11.18240261 0
  endloop
endfacet
facet normal -0.4052413865 0.9142097235 0
  outer loop
    vertex -8.355110168 -11.18240261 -0.1000000015
    vertex -8.355110168 -11.18240261 0
    vertex -8.265366554 -11.14262199 -0.1000000015
  endloop
endfacet
facet normal 0 0 -1
  outer loop
    vertex -8.442793846 -11.22653866 -0.1000000015
    vertex -8.355110168 -11.18240261 -0.1000000015
    vertex -7.5 -12.99038124 -0.1000000015
  endloop
endfacet
facet normal 0 0 -1
  outer loop
    vertex -8.355110168 -11.18240261 -0.1000000015
    vertex -8.265366554 -11.14262199 -0.1000000015
    vertex -7.5 -12.99038124 -0.1000000015
  endloop
endfacet
facet normal 0 0 -1
  outer loop
    vertex -8.265366554 -11.14262199 -0.1000000015
    vertex -8.173779488 -11.10729313 -0.1000000015
    vertex -7.5 -12.99038124 -0.1000000015
  endloop
endfacet
facet normal 0 0 -1
  outer loop
    vertex -8.173779488 -11.10729313 -0.1000000015
    vertex -8.080569267 -11.07649994 -0.1000000015
    vertex -7.5 -12.99038124 -0.1000000015
  endloop
endfacet
facet normal -0.3598935727 0.9329933635 0
  outer loop
    vertex -8.265366554 -11.14262199 -0.1000000015
    vertex -8.265366554 -11.14262199 0
    vertex -8.173779488 -11.10729313 -0.1000000015
  endloop
endfacet
facet normal -0.4052413865 0.9142097235 0
  outer loop
    vertex -8.265366554 -11.14262199 -0.1000000015
    vertex -8.355110168 -11.18240261 0
    vertex -8.265366554 -11.14262199 0
  endloop
endfacet
facet normal -0.3598935727 0.9329933635 0
  outer loop
    vertex -8.173779488 -11.10729313 -0.1000000015
    vertex -8.265366554 -11.14262199 0
    vertex -8.173779488 -11.10729313 0
  endloop
endfacet
facet normal -0.3136881006 0.9495260794 0
  outer loop
    vertex -8.173779488 -11.10729313 -0.1000000015
    vertex -8.173779488 -11.10729313 0
    vertex -8.080569267 -11.07649994 -0.1000000015
  endloop
endfacet
facet normal -0.2667075009 0.9637775205 0
  outer loop
    vertex -8.080569267 -11.07649994 -0.1000000015
    vertex -8.080569267 -11.07649994 0
    vertex -7.985960484 -11.05031872 -0.1000000015
  endloop
endfacet
facet normal -0.3136881006 0.9495260794 0
  outer loop
    vertex -8.080569267 -11.07649994 -0.1000000015
    vertex -8.173779488 -11.10729313 0
    vertex -8.080569267 -11.07649994 0
  endloop
endfacet
facet normal -0.2191024235 0.9757018643 0
  outer loop
    vertex -7.985960484 -11.05031872 -0.1000000015
    vertex -7.985960484 -11.05031872 0
    vertex -7.890180588 -11.0288105 -0.1000000015
  endloop
endfacet
facet normal -0.2667075009 0.9637775205 0
  outer loop
    vertex -7.985960484 -11.05031872 -0.1000000015
    vertex -8.080569267 -11.07649994 0
    vertex -7.985960484 -11.05031872 0
  endloop
endfacet
facet normal -0.2191024235 0.9757018643 0
  outer loop
    vertex -7.890180588 -11.0288105 -0.1000000015
    vertex -7.985960484 -11.05031872 0
    vertex -7.890180588 -11.0288105 0
  endloop
endfacet
facet normal -0.1709553591 -0.9852787754 0
  outer loop
    vertex -7.890180588 -14.95195198 -0.1000000015
    vertex -7.793460846 -14.96873379 -0.1000000015
    vertex -7.793460846 -14.96873379 0
  endloop
endfacet
facet normal -0.1224096143 -0.9924796655 0
  outer loop
    vertex -7.793460846 -14.96873379 -0.1000000015
    vertex -7.696034431 -14.98075008 -0.1000000015
    vertex -7.696034431 -14.98075008 0
  endloop
endfacet
facet normal -0.1709553591 -0.9852787754 0
  outer loop
    vertex -7.890180588 -14.95195198 -0.1000000015
    vertex -7.793460846 -14.96873379 0
    vertex -7.890180588 -14.95195198 0
  endloop
endfacet
facet normal -0.1224096143 -0.9924796655 0
  outer loop
    vertex -7.793460846 -14.96873379 -0.1000000015
    vertex -7.696034431 -14.98075008 0
    vertex -7.793460846 -14.96873379 0
  endloop
endfacet
facet normal -0.07357180235 -0.9972899227 0
  outer loop
    vertex -7.696034431 -14.98075008 -0.1000000015
    vertex -7.598135471 -14.98797226 -0.1000000015
    vertex -7.598135471 -14.98797226 0
  endloop
endfacet
facet normal -0.07357180235 -0.9972899227 0
  outer loop
    vertex -7.696034431 -14.98075008 -0.1000000015
    vertex -7.598135471 -14.98797226 0
    vertex -7.696034431 -14.98075008 0
  endloop
endfacet
facet normal -0.02454011598 -0.999698846 0
  outer loop
    vertex -7.598135471 -14.98797226 -0.1000000015
    vertex -7.5 -14.99038124 0
    vertex -7.598135471 -14.98797226 0
  endloop
endfacet
facet normal -0.02454011598 -0.999698846 0
  outer loop
    vertex -7.598135471 -14.98797226 -0.1000000015
    vertex -7.5 -14.99038124 -0.1000000015
    vertex -7.5 -14.99038124 0
  endloop
endfacet
facet normal 0.02454011598 -0.999698846 0
  outer loop
    vertex -7.5 -14.99038124 -0.1000000015
    vertex -7.401864529 -14.98797226 -0.1000000015
    vertex -7.401864529 -14.98797226 0
  endloop
endfacet
facet normal 0.02454011598 -0.999698846 0
  outer loop
    vertex -7.5 -14.99038124 -0.1000000015
    vertex -7.401864529 -14.98797226 0
    vertex -7.5 -14.99038124 0
  endloop
endfacet
facet normal 0.07357180235 -0.9972899227 0
  outer loop
    vertex -7.401864529 -14.98797226 -0.1000000015
    vertex -7.303965569 -14.98075008 -0.1000000015
    vertex -7.303965569 -14.98075008 0
  endloop
endfacet
facet normal 0.1224096143 -0.9924796655 0
  outer loop
    vertex -7.303965569 -14.98075008 -0.1000000015
    vertex -7.206539154 -14.96873379 -0.1000000015
    vertex -7.206539154 -14.96873379 0
  endloop
endfacet
facet normal 0.07357180235 -0.9972899227 0
  outer loop
    vertex -7.401864529 -14.98797226 -0.1000000015
    vertex -7.303965569 -14.98075008 0
    vertex -7.401864529 -14.98797226 0
  endloop
endfacet
facet normal 0.1224096143 -0.9924796655 0
  outer loop
    vertex -7.303965569 -14.98075008 -0.1000000015
    vertex -7.206539154 -14.96873379 0
    vertex -7.303965569 -14.98075008 0
  endloop
endfacet
facet normal 0.1709553591 -0.9852787754 0
  outer loop
    vertex -7.206539154 -14.96873379 -0.1000000015
    vertex -7.109819412 -14.95195198 -0.1000000015
    vertex -7.109819412 -14.95195198 0
  endloop
endfacet
facet normal 0.1709553591 -0.9852787754 0
  outer loop
    vertex -7.206539154 -14.96873379 -0.1000000015
    vertex -7.109819412 -14.95195198 0
    vertex -7.206539154 -14.96873379 0
  endloop
endfacet
facet normal 0.2191024235 -0.9757018643 0
  outer loop
    vertex -7.109819412 -14.95195198 -0.1000000015
    vertex -7.014039516 -14.93044376 0
    vertex -7.109819412 -14.95195198 0
  endloop
endfacet
facet normal 0.2191024235 -0.9757018643 0
  outer loop
    vertex -7.109819412 -14.95195198 -0.1000000015
    vertex -7.014039516 -14.93044376 -0.1000000015
    vertex -7.014039516 -14.93044376 0
  endloop
endfacet
facet normal 0.2667165248 -0.9637750232 0
  outer loop
    vertex -7.014039516 -14.93044376 -0.1000000015
    vertex -6.919430733 -14.90426159 -0.1000000015
    vertex -6.919430733 -14.90426159 0
  endloop
endfacet
facet normal 0.2667165248 -0.9637750232 0
  outer loop
    vertex -7.014039516 -14.93044376 -0.1000000015
    vertex -6.919430733 -14.90426159 0
    vertex -7.014039516 -14.93044376 0
  endloop
endfacet
facet normal 0.3136793415 -0.9495289731 0
  outer loop
    vertex -6.919430733 -14.90426159 -0.1000000015
    vertex -6.826220512 -14.87346935 -0.1000000015
    vertex -6.826220512 -14.87346935 0
  endloop
endfacet
facet normal 0.3598919417 -0.9329939926 0
  outer loop
    vertex -6.826220512 -14.87346935 -0.1000000015
    vertex -6.734632969 -14.83814049 -0.1000000015
    vertex -6.734632969 -14.83814049 0
  endloop
endfacet
facet normal 0.3136793415 -0.9495289731 0
  outer loop
    vertex -6.919430733 -14.90426159 -0.1000000015
    vertex -6.826220512 -14.87346935 0
    vertex -6.919430733 -14.90426159 0
  endloop
endfacet
facet normal 0.3598919417 -0.9329939926 0
  outer loop
    vertex -6.826220512 -14.87346935 -0.1000000015
    vertex -6.734632969 -14.83814049 0
    vertex -6.826220512 -14.87346935 0
  endloop
endfacet
facet normal 0.4052431861 -0.9142089258 0
  outer loop
    vertex -6.734632969 -14.83814049 -0.1000000015
    vertex -6.644889832 -14.79835987 -0.1000000015
    vertex -6.644889832 -14.79835987 0
  endloop
endfacet
facet normal 0.4496115985 -0.8932241659 0
  outer loop
    vertex -6.644889832 -14.79835987 -0.1000000015
    vertex -6.557206631 -14.75422382 -0.1000000015
    vertex -6.557206631 -14.75422382 0
  endloop
endfacet
facet normal 0.4052431861 -0.9142089258 0
  outer loop
    vertex -6.734632969 -14.83814049 -0.1000000015
    vertex -6.644889832 -14.79835987 0
    vertex -6.734632969 -14.83814049 0
  endloop
endfacet
facet normal 0.4496115985 -0.8932241659 0
  outer loop
    vertex -6.644889832 -14.79835987 -0.1000000015
    vertex -6.557206631 -14.75422382 0
    vertex -6.644889832 -14.79835987 0
  endloop
endfacet
facet normal 0 -0 -1
  outer loop
    vertex -8.080569267 -14.90426159 -0.1000000015
    vertex -7.5 -12.99038124 -0.1000000015
    vertex -7.985960484 -14.93044376 -0.1000000015
  endloop
endfacet
facet normal 0 -0 -1
  outer loop
    vertex -7.985960484 -14.93044376 -0.1000000015
    vertex -7.5 -12.99038124 -0.1000000015
    vertex -7.890180588 -14.95195198 -0.1000000015
  endloop
endfacet
facet normal 0 -0 -1
  outer loop
    vertex -7.890180588 -14.95195198 -0.1000000015
    vertex -7.5 -12.99038124 -0.1000000015
    vertex -7.793460846 -14.96873379 -0.1000000015
  endloop
endfacet
facet normal 0 -0 -1
  outer loop
    vertex -7.793460846 -14.96873379 -0.1000000015
    vertex -7.5 -12.99038124 -0.1000000015
    vertex -7.696034431 -14.98075008 -0.1000000015
  endloop
endfacet
facet normal 0 -0 -1
  outer loop
    vertex -7.696034431 -14.98075008 -0.1000000015
    vertex -7.5 -12.99038124 -0.1000000015
    vertex -7.598135471 -14.98797226 -0.1000000015
  endloop
endfacet
facet normal 0 0 -1
  outer loop
    vertex -7.598135471 -14.98797226 -0.1000000015
    vertex -7.5 -12.99038124 -0.1000000015
    vertex -7.5 -14.99038124 -0.1000000015
  endloop
endfacet
facet normal 0 0 -1
  outer loop
    vertex -7.5 -14.99038124 -0.1000000015
    vertex -7.5 -12.99038124 -0.1000000015
    vertex -7.401864529 -14.98797226 -0.1000000015
  endloop
endfacet
facet normal 0 0 -1
  outer loop
    vertex -7.401864529 -14.98797226 -0.1000000015
    vertex -7.5 -12.99038124 -0.1000000015
    vertex -7.303965569 -14.98075008 -0.1000000015
  endloop
endfacet
facet normal 0 0 -1
  outer loop
    vertex -7.303965569 -14.98075008 -0.1000000015
    vertex -7.5 -12.99038124 -0.1000000015
    vertex -7.206539154 -14.96873379 -0.1000000015
  endloop
endfacet
facet normal 0 0 -1
  outer loop
    vertex -7.206539154 -14.96873379 -0.1000000015
    vertex -7.5 -12.99038124 -0.1000000015
    vertex -7.109819412 -14.95195198 -0.1000000015
  endloop
endfacet
facet normal 0 0 -1
  outer loop
    vertex -7.109819412 -14.95195198 -0.1000000015
    vertex -7.5 -12.99038124 -0.1000000015
    vertex -7.014039516 -14.93044376 -0.1000000015
  endloop
endfacet
facet normal 0 0 -1
  outer loop
    vertex -7.014039516 -14.93044376 -0.1000000015
    vertex -7.5 -12.99038124 -0.1000000015
    vertex -6.919430733 -14.90426159 -0.1000000015
  endloop
endfacet
facet normal 0 0 -1
  outer loop
    vertex -6.919430733 -14.90426159 -0.1000000015
    vertex -7.5 -12.99038124 -0.1000000015
    vertex -6.826220512 -14.87346935 -0.1000000015
  endloop
endfacet
facet normal 0 0 -1
  outer loop
    vertex -6.826220512 -14.87346935 -0.1000000015
    vertex -7.5 -12.99038124 -0.1000000015
    vertex -6.734632969 -14.83814049 -0.1000000015
  endloop
endfacet
facet normal 0 0 -1
  outer loop
    vertex -6.734632969 -14.83814049 -0.1000000015
    vertex -7.5 -12.99038124 -0.1000000015
    vertex -6.644889832 -14.79835987 -0.1000000015
  endloop
endfacet
facet normal 0 0 -1
  outer loop
    vertex -6.644889832 -14.79835987 -0.1000000015
    vertex -7.5 -12.99038124 -0.1000000015
    vertex -6.557206631 -14.75422382 -0.1000000015
  endloop
endfacet
facet normal 0 0 -1
  outer loop
    vertex -6.557206631 -14.75422382 -0.1000000015
    vertex -7.5 -12.99038124 -0.1000000015
    vertex -6.471794605 -14.7058382 -0.1000000015
  endloop
endfacet
facet normal 0 0 -1
  outer loop
    vertex -6.471794605 -14.7058382 -0.1000000015
    vertex -7.5 -12.99038124 -0.1000000015
    vertex -6.388859749 -14.65332031 -0.1000000015
  endloop
endfacet
facet normal 0 0 -1
  outer loop
    vertex -6.388859749 -14.65332031 -0.1000000015
    vertex -7.5 -12.99038124 -0.1000000015
    vertex -6.308601379 -14.59679604 -0.1000000015
  endloop
endfacet
facet normal 0 0 -1
  outer loop
    vertex -6.308601379 -14.59679604 -0.1000000015
    vertex -7.5 -12.99038124 -0.1000000015
    vertex -6.23121357 -14.53640175 -0.1000000015
  endloop
endfacet
facet normal 0 0 -1
  outer loop
    vertex -6.23121357 -14.53640175 -0.1000000015
    vertex -7.5 -12.99038124 -0.1000000015
    vertex -6.156882286 -14.47228336 -0.1000000015
  endloop
endfacet
facet normal 0 0 -1
  outer loop
    vertex -6.156882286 -14.47228336 -0.1000000015
    vertex -7.5 -12.99038124 -0.1000000015
    vertex -6.085786343 -14.40459442 -0.1000000015
  endloop
endfacet
facet normal 0.4929005471 -0.8700856571 0
  outer loop
    vertex -6.557206631 -14.75422382 -0.1000000015
    vertex -6.471794605 -14.7058382 -0.1000000015
    vertex -6.471794605 -14.7058382 0
  endloop
endfacet
facet normal 0.5349974185 -0.8448536928 0
  outer loop
    vertex -6.471794605 -14.7058382 -0.1000000015
    vertex -6.388859749 -14.65332031 -0.1000000015
    vertex -6.388859749 -14.65332031 0
  endloop
endfacet
facet normal 0.4929005471 -0.8700856571 0
  outer loop
    vertex -6.557206631 -14.75422382 -0.1000000015
    vertex -6.471794605 -14.7058382 0
    vertex -6.557206631 -14.75422382 0
  endloop
endfacet
facet normal 0.5349974185 -0.8448536928 0
  outer loop
    vertex -6.471794605 -14.7058382 -0.1000000015
    vertex -6.388859749 -14.65332031 0
    vertex -6.471794605 -14.7058382 0
  endloop
endfacet
facet normal 0.5758078889 -0.8175850262 0
  outer loop
    vertex -6.388859749 -14.65332031 -0.1000000015
    vertex -6.308601379 -14.59679604 -0.1000000015
    vertex -6.308601379 -14.59679604 0
  endloop
endfacet
facet normal 0.5758078889 -0.8175850262 0
  outer loop
    vertex -6.388859749 -14.65332031 -0.1000000015
    vertex -6.308601379 -14.59679604 0
    vertex -6.388859749 -14.65332031 0
  endloop
endfacet
facet normal 0.6152331582 -0.7883452042 0
  outer loop
    vertex -6.308601379 -14.59679604 -0.1000000015
    vertex -6.23121357 -14.53640175 -0.1000000015
    vertex -6.23121357 -14.53640175 0
  endloop
endfacet
facet normal 0.6152331582 -0.7883452042 0
  outer loop
    vertex -6.308601379 -14.59679604 -0.1000000015
    vertex -6.23121357 -14.53640175 0
    vertex -6.308601379 -14.59679604 0
  endloop
endfacet
facet normal 0.653171553 -0.7572099592 0
  outer loop
    vertex -6.23121357 -14.53640175 -0.1000000015
    vertex -6.156882286 -14.47228336 -0.1000000015
    vertex -6.156882286 -14.47228336 0
  endloop
endfacet
facet normal 0.653171553 -0.7572099592 0
  outer loop
    vertex -6.23121357 -14.53640175 -0.1000000015
    vertex -6.156882286 -14.47228336 0
    vertex -6.23121357 -14.53640175 0
  endloop
endfacet
facet normal 0.6895404207 -0.7242472011 0
  outer loop
    vertex -6.156882286 -14.47228336 -0.1000000015
    vertex -6.085786343 -14.40459442 0
    vertex -6.156882286 -14.47228336 0
  endloop
endfacet
facet normal 0 0 -1
  outer loop
    vertex -6.085786343 -14.40459442 -0.1000000015
    vertex -7.5 -12.99038124 -0.1000000015
    vertex -6.018097878 -14.33349895 -0.1000000015
  endloop
endfacet
facet normal 0 0 -1
  outer loop
    vertex -6.018097878 -14.33349895 -0.1000000015
    vertex -7.5 -12.99038124 -0.1000000015
    vertex -5.953979015 -14.25916767 -0.1000000015
  endloop
endfacet
facet normal 0 0 -1
  outer loop
    vertex -5.953979015 -14.25916767 -0.1000000015
    vertex -7.5 -12.99038124 -0.1000000015
    vertex -5.893584728 -14.18177986 -0.1000000015
  endloop
endfacet
facet normal 0.6895404207 -0.7242472011 0
  outer loop
    vertex -6.156882286 -14.47228336 -0.1000000015
    vertex -6.085786343 -14.40459442 -0.1000000015
    vertex -6.085786343 -14.40459442 0
  endloop
endfacet
facet normal 0.7242473173 -0.6895402986 0
  outer loop
    vertex -6.085786343 -14.40459442 -0.1000000015
    vertex -6.018097878 -14.33349895 -0.1000000015
    vertex -6.018097878 -14.33349895 0
  endloop
endfacet
facet normal 0.7572075567 -0.6531743382 0
  outer loop
    vertex -6.018097878 -14.33349895 -0.1000000015
    vertex -5.953979015 -14.25916767 -0.1000000015
    vertex -5.953979015 -14.25916767 0
  endloop
endfacet
facet normal 0.7242473173 -0.6895402986 0
  outer loop
    vertex -6.085786343 -14.40459442 -0.1000000015
    vertex -6.018097878 -14.33349895 0
    vertex -6.085786343 -14.40459442 0
  endloop
endfacet
facet normal 0.7572075567 -0.6531743382 0
  outer loop
    vertex -6.018097878 -14.33349895 -0.1000000015
    vertex -5.953979015 -14.25916767 0
    vertex -6.018097878 -14.33349895 0
  endloop
endfacet
facet normal 0.7883452042 -0.6152331582 0
  outer loop
    vertex -5.953979015 -14.25916767 -0.1000000015
    vertex -5.893584728 -14.18177986 -0.1000000015
    vertex -5.893584728 -14.18177986 0
  endloop
endfacet
facet normal 0.7883452042 -0.6152331582 0
  outer loop
    vertex -5.953979015 -14.25916767 -0.1000000015
    vertex -5.893584728 -14.18177986 0
    vertex -5.953979015 -14.25916767 0
  endloop
endfacet
facet normal 0 0 -1
  outer loop
    vertex -5.893584728 -14.18177986 -0.1000000015
    vertex -7.5 -12.99038124 -0.1000000015
    vertex -5.837060928 -14.10152149 -0.1000000015
  endloop
endfacet
facet normal 0 0 -1
  outer loop
    vertex -5.837060928 -14.10152149 -0.1000000015
    vertex -7.5 -12.99038124 -0.1000000015
    vertex -5.784542561 -14.01858616 -0.1000000015
  endloop
endfacet
facet normal 0 0 -1
  outer loop
    vertex -5.784542561 -14.01858616 -0.1000000015
    vertex -7.5 -12.99038124 -0.1000000015
    vertex -5.736157417 -13.93317413 -0.1000000015
  endloop
endfacet
facet normal 0 0 -1
  outer loop
    vertex -5.736157417 -13.93317413 -0.1000000015
    vertex -7.5 -12.99038124 -0.1000000015
    vertex -5.69202137 -13.84549141 -0.1000000015
  endloop
endfacet
facet normal 0 0 -1
  outer loop
    vertex -5.69202137 -13.84549141 -0.1000000015
    vertex -7.5 -12.99038124 -0.1000000015
    vertex -5.652240753 -13.7557478 -0.1000000015
  endloop
endfacet
facet normal 0 0 -1
  outer loop
    vertex -5.652240753 -13.7557478 -0.1000000015
    vertex -7.5 -12.99038124 -0.1000000015
    vertex -5.616911888 -13.66416073 -0.1000000015
  endloop
endfacet
facet normal 0 0 -1
  outer loop
    vertex -5.616911888 -13.66416073 -0.1000000015
    vertex -7.5 -12.99038124 -0.1000000015
    vertex -5.586119175 -13.57095051 -0.1000000015
  endloop
endfacet
facet normal 0 0 -1
  outer loop
    vertex -5.586119175 -13.57095051 -0.1000000015
    vertex -7.5 -12.99038124 -0.1000000015
    vertex -5.559937477 -13.47634125 -0.1000000015
  endloop
endfacet
facet normal 0 0 -1
  outer loop
    vertex -5.559937477 -13.47634125 -0.1000000015
    vertex -7.5 -12.99038124 -0.1000000015
    vertex -5.53842926 -13.38056183 -0.1000000015
  endloop
endfacet
facet normal 0 0 -1
  outer loop
    vertex -5.53842926 -13.38056183 -0.1000000015
    vertex -7.5 -12.99038124 -0.1000000015
    vertex -5.521646976 -13.28384209 -0.1000000015
  endloop
endfacet
facet normal 0 0 -1
  outer loop
    vertex -5.521646976 -13.28384209 -0.1000000015
    vertex -7.5 -12.99038124 -0.1000000015
    vertex -5.50963068 -13.18641567 -0.1000000015
  endloop
endfacet
facet normal 0.817587313 -0.5758046419 0
  outer loop
    vertex -5.893584728 -14.18177986 -0.1000000015
    vertex -5.837060928 -14.10152149 -0.1000000015
    vertex -5.837060928 -14.10152149 0
  endloop
endfacet
facet normal 0.817587313 -0.5758046419 0
  outer loop
    vertex -5.893584728 -14.18177986 -0.1000000015
    vertex -5.837060928 -14.10152149 0
    vertex -5.893584728 -14.18177986 0
  endloop
endfacet
facet normal 0.8448528875 -0.5349986901 0
  outer loop
    vertex -5.837060928 -14.10152149 -0.1000000015
    vertex -5.784542561 -14.01858616 -0.1000000015
    vertex -5.784542561 -14.01858616 0
  endloop
endfacet
facet normal 0.8700877403 -0.4928968697 0
  outer loop
    vertex -5.784542561 -14.01858616 -0.1000000015
    vertex -5.736157417 -13.93317413 -0.1000000015
    vertex -5.736157417 -13.93317413 0
  endloop
endfacet
facet normal 0.8448528875 -0.5349986901 0
  outer loop
    vertex -5.837060928 -14.10152149 -0.1000000015
    vertex -5.784542561 -14.01858616 0
    vertex -5.837060928 -14.10152149 0
  endloop
endfacet
facet normal 0.8700877403 -0.4928968697 0
  outer loop
    vertex -5.784542561 -14.01858616 -0.1000000015
    vertex -5.736157417 -13.93317413 0
    vertex -5.784542561 -14.01858616 0
  endloop
endfacet
facet normal 0.8932231839 -0.4496135493 0
  outer loop
    vertex -5.736157417 -13.93317413 -0.1000000015
    vertex -5.69202137 -13.84549141 -0.1000000015
    vertex -5.69202137 -13.84549141 0
  endloop
endfacet
facet normal 0.9142097235 -0.4052413865 0
  outer loop
    vertex -5.69202137 -13.84549141 -0.1000000015
    vertex -5.652240753 -13.7557478 -0.1000000015
    vertex -5.652240753 -13.7557478 0
  endloop
endfacet
facet normal 0.8932231839 -0.4496135493 0
  outer loop
    vertex -5.736157417 -13.93317413 -0.1000000015
    vertex -5.69202137 -13.84549141 0
    vertex -5.736157417 -13.93317413 0
  endloop
endfacet
facet normal 0.9142097235 -0.4052413865 0
  outer loop
    vertex -5.69202137 -13.84549141 -0.1000000015
    vertex -5.652240753 -13.7557478 0
    vertex -5.69202137 -13.84549141 0
  endloop
endfacet
facet normal 0.9329933635 -0.3598935727 0
  outer loop
    vertex -5.652240753 -13.7557478 -0.1000000015
    vertex -5.616911888 -13.66416073 -0.1000000015
    vertex -5.616911888 -13.66416073 0
  endloop
endfacet
facet normal 0.9329933635 -0.3598935727 0
  outer loop
    vertex -5.652240753 -13.7557478 -0.1000000015
    vertex -5.616911888 -13.66416073 0
    vertex -5.652240753 -13.7557478 0
  endloop
endfacet
facet normal 0.9495275263 -0.3136837211 0
  outer loop
    vertex -5.616911888 -13.66416073 -0.1000000015
    vertex -5.586119175 -13.57095051 0
    vertex -5.616911888 -13.66416073 0
  endloop
endfacet
facet normal 0.9495275263 -0.3136837211 0
  outer loop
    vertex -5.616911888 -13.66416073 -0.1000000015
    vertex -5.586119175 -13.57095051 -0.1000000015
    vertex -5.586119175 -13.57095051 0
  endloop
endfacet
facet normal 0.9637766174 -0.2667107642 0
  outer loop
    vertex -5.586119175 -13.57095051 -0.1000000015
    vertex -5.559937477 -13.47634125 -0.1000000015
    vertex -5.559937477 -13.47634125 0
  endloop
endfacet
facet normal 0.9637766174 -0.2667107642 0
  outer loop
    vertex -5.586119175 -13.57095051 -0.1000000015
    vertex -5.559937477 -13.47634125 0
    vertex -5.586119175 -13.57095051 0
  endloop
endfacet
facet normal 0.9757016311 -0.2191034619 0
  outer loop
    vertex -5.559937477 -13.47634125 -0.1000000015
    vertex -5.53842926 -13.38056183 -0.1000000015
    vertex -5.53842926 -13.38056183 0
  endloop
endfacet
facet normal 0.9852779572 -0.1709600747 0
  outer loop
    vertex -5.53842926 -13.38056183 -0.1000000015
    vertex -5.521646976 -13.28384209 -0.1000000015
    vertex -5.521646976 -13.28384209 0
  endloop
endfacet
facet normal 0.9757016311 -0.2191034619 0
  outer loop
    vertex -5.559937477 -13.47634125 -0.1000000015
    vertex -5.53842926 -13.38056183 0
    vertex -5.559937477 -13.47634125 0
  endloop
endfacet
facet normal 0.9852779572 -0.1709600747 0
  outer loop
    vertex -5.53842926 -13.38056183 -0.1000000015
    vertex -5.521646976 -13.28384209 0
    vertex -5.53842926 -13.38056183 0
  endloop
endfacet
facet normal 0.9924796655 -0.1224096143 0
  outer loop
    vertex -5.521646976 -13.28384209 -0.1000000015
    vertex -5.50963068 -13.18641567 -0.1000000015
    vertex -5.50963068 -13.18641567 0
  endloop
endfacet
facet normal 0.9924796655 -0.1224096143 0
  outer loop
    vertex -5.521646976 -13.28384209 -0.1000000015
    vertex -5.50963068 -13.18641567 0
    vertex -5.521646976 -13.28384209 0
  endloop
endfacet
facet normal 0.9972903054 -0.07356661475 0
  outer loop
    vertex -5.50963068 -13.18641567 -0.1000000015
    vertex -5.502408981 -13.08851624 0
    vertex -5.50963068 -13.18641567 0
  endloop
endfacet
facet normal 0 0 -1
  outer loop
    vertex -7.5 -12.99038124 -0.1000000015
    vertex -6.557206631 -11.22653866 -0.1000000015
    vertex -6.471794605 -11.27492428 -0.1000000015
  endloop
endfacet
facet normal 0 0 -1
  outer loop
    vertex -7.5 -12.99038124 -0.1000000015
    vertex -6.388859749 -11.32744217 -0.1000000015
    vertex -6.308601379 -11.38396645 -0.1000000015
  endloop
endfacet
facet normal 0 0 -1
  outer loop
    vertex -7.5 -12.99038124 -0.1000000015
    vertex -6.471794605 -11.27492428 -0.1000000015
    vertex -6.388859749 -11.32744217 -0.1000000015
  endloop
endfacet
facet normal 0 0 -1
  outer loop
    vertex -7.5 -12.99038124 -0.1000000015
    vertex -6.23121357 -11.44435978 -0.1000000015
    vertex -6.156882286 -11.50847912 -0.1000000015
  endloop
endfacet
facet normal 0 0 -1
  outer loop
    vertex -7.5 -12.99038124 -0.1000000015
    vertex -6.156882286 -11.50847912 -0.1000000015
    vertex -6.085786343 -11.57616711 -0.1000000015
  endloop
endfacet
facet normal 0 0 -1
  outer loop
    vertex -7.5 -12.99038124 -0.1000000015
    vertex -6.308601379 -11.38396645 -0.1000000015
    vertex -6.23121357 -11.44435978 -0.1000000015
  endloop
endfacet
facet normal 0 0 -1
  outer loop
    vertex -8.080569267 -11.07649994 -0.1000000015
    vertex -7.985960484 -11.05031872 -0.1000000015
    vertex -7.5 -12.99038124 -0.1000000015
  endloop
endfacet
facet normal 0 0 -1
  outer loop
    vertex -7.985960484 -11.05031872 -0.1000000015
    vertex -7.890180588 -11.0288105 -0.1000000015
    vertex -7.5 -12.99038124 -0.1000000015
  endloop
endfacet
facet normal 0 0 -1
  outer loop
    vertex -7.890180588 -11.0288105 -0.1000000015
    vertex -7.793460846 -11.01202774 -0.1000000015
    vertex -7.5 -12.99038124 -0.1000000015
  endloop
endfacet
facet normal 0 0 -1
  outer loop
    vertex -7.793460846 -11.01202774 -0.1000000015
    vertex -7.696034431 -11.00001144 -0.1000000015
    vertex -7.5 -12.99038124 -0.1000000015
  endloop
endfacet
facet normal 0 0 -1
  outer loop
    vertex -7.696034431 -11.00001144 -0.1000000015
    vertex -7.598135471 -10.99279022 -0.1000000015
    vertex -7.5 -12.99038124 -0.1000000015
  endloop
endfacet
facet normal 0 0 -1
  outer loop
    vertex -7.598135471 -10.99279022 -0.1000000015
    vertex -7.5 -10.99038124 -0.1000000015
    vertex -7.5 -12.99038124 -0.1000000015
  endloop
endfacet
facet normal 0 0 -1
  outer loop
    vertex -7.5 -12.99038124 -0.1000000015
    vertex -7.5 -10.99038124 -0.1000000015
    vertex -7.401864529 -10.99279022 -0.1000000015
  endloop
endfacet
facet normal 0 0 -1
  outer loop
    vertex -7.5 -12.99038124 -0.1000000015
    vertex -7.401864529 -10.99279022 -0.1000000015
    vertex -7.303965569 -11.00001144 -0.1000000015
  endloop
endfacet
facet normal 0 0 -1
  outer loop
    vertex -7.5 -12.99038124 -0.1000000015
    vertex -7.303965569 -11.00001144 -0.1000000015
    vertex -7.206539154 -11.01202774 -0.1000000015
  endloop
endfacet
facet normal 0 0 -1
  outer loop
    vertex -7.5 -12.99038124 -0.1000000015
    vertex -7.206539154 -11.01202774 -0.1000000015
    vertex -7.109819412 -11.0288105 -0.1000000015
  endloop
endfacet
facet normal -0.1709647902 0.9852771389 0
  outer loop
    vertex -7.890180588 -11.0288105 -0.1000000015
    vertex -7.890180588 -11.0288105 0
    vertex -7.793460846 -11.01202774 -0.1000000015
  endloop
endfacet
facet normal -0.1224096143 0.9924796655 0
  outer loop
    vertex -7.793460846 -11.01202774 -0.1000000015
    vertex -7.793460846 -11.01202774 0
    vertex -7.696034431 -11.00001144 -0.1000000015
  endloop
endfacet
facet normal -0.1709647902 0.9852771389 0
  outer loop
    vertex -7.793460846 -11.01202774 -0.1000000015
    vertex -7.890180588 -11.0288105 0
    vertex -7.793460846 -11.01202774 0
  endloop
endfacet
facet normal -0.1224096143 0.9924796655 0
  outer loop
    vertex -7.696034431 -11.00001144 -0.1000000015
    vertex -7.793460846 -11.01202774 0
    vertex -7.696034431 -11.00001144 0
  endloop
endfacet
facet normal -0.07356213991 0.9972906355 0
  outer loop
    vertex -7.696034431 -11.00001144 -0.1000000015
    vertex -7.696034431 -11.00001144 0
    vertex -7.598135471 -10.99279022 -0.1000000015
  endloop
endfacet
facet normal -0.07356213991 0.9972906355 0
  outer loop
    vertex -7.598135471 -10.99279022 -0.1000000015
    vertex -7.696034431 -11.00001144 0
    vertex -7.598135471 -10.99279022 0
  endloop
endfacet
facet normal -0.02454011598 0.999698846 0
  outer loop
    vertex -7.598135471 -10.99279022 -0.1000000015
    vertex -7.598135471 -10.99279022 0
    vertex -7.5 -10.99038124 -0.1000000015
  endloop
endfacet
facet normal 0.02454011598 0.999698846 -0
  outer loop
    vertex -7.5 -10.99038124 -0.1000000015
    vertex -7.5 -10.99038124 0
    vertex -7.401864529 -10.99279022 -0.1000000015
  endloop
endfacet
facet normal -0.02454011598 0.999698846 0
  outer loop
    vertex -7.5 -10.99038124 -0.1000000015
    vertex -7.598135471 -10.99279022 0
    vertex -7.5 -10.99038124 0
  endloop
endfacet
facet normal 0.02454011598 0.999698846 0
  outer loop
    vertex -7.401864529 -10.99279022 -0.1000000015
    vertex -7.5 -10.99038124 0
    vertex -7.401864529 -10.99279022 0
  endloop
endfacet
facet normal 0.07356213991 0.9972906355 -0
  outer loop
    vertex -7.401864529 -10.99279022 -0.1000000015
    vertex -7.401864529 -10.99279022 0
    vertex -7.303965569 -11.00001144 -0.1000000015
  endloop
endfacet
facet normal 0.1224096143 0.9924796655 -0
  outer loop
    vertex -7.303965569 -11.00001144 -0.1000000015
    vertex -7.303965569 -11.00001144 0
    vertex -7.206539154 -11.01202774 -0.1000000015
  endloop
endfacet
facet normal 0.07356213991 0.9972906355 0
  outer loop
    vertex -7.303965569 -11.00001144 -0.1000000015
    vertex -7.401864529 -10.99279022 0
    vertex -7.303965569 -11.00001144 0
  endloop
endfacet
facet normal 0.1224096143 0.9924796655 0
  outer loop
    vertex -7.206539154 -11.01202774 -0.1000000015
    vertex -7.303965569 -11.00001144 0
    vertex -7.206539154 -11.01202774 0
  endloop
endfacet
facet normal 0 0 -1
  outer loop
    vertex -7.5 -12.99038124 -0.1000000015
    vertex -7.109819412 -11.0288105 -0.1000000015
    vertex -7.014039516 -11.05031872 -0.1000000015
  endloop
endfacet
facet normal 0 0 -1
  outer loop
    vertex -7.5 -12.99038124 -0.1000000015
    vertex -7.014039516 -11.05031872 -0.1000000015
    vertex -6.919430733 -11.07649994 -0.1000000015
  endloop
endfacet
facet normal 0 0 -1
  outer loop
    vertex -7.5 -12.99038124 -0.1000000015
    vertex -6.919430733 -11.07649994 -0.1000000015
    vertex -6.826220512 -11.10729313 -0.1000000015
  endloop
endfacet
facet normal 0 0 -1
  outer loop
    vertex -7.5 -12.99038124 -0.1000000015
    vertex -6.826220512 -11.10729313 -0.1000000015
    vertex -6.734632969 -11.14262199 -0.1000000015
  endloop
endfacet
facet normal 0 0 -1
  outer loop
    vertex -7.5 -12.99038124 -0.1000000015
    vertex -6.734632969 -11.14262199 -0.1000000015
    vertex -6.644889832 -11.18240261 -0.1000000015
  endloop
endfacet
facet normal 0 0 -1
  outer loop
    vertex -7.5 -12.99038124 -0.1000000015
    vertex -6.644889832 -11.18240261 -0.1000000015
    vertex -6.557206631 -11.22653866 -0.1000000015
  endloop
endfacet
facet normal 0.4496115985 0.8932241659 -0
  outer loop
    vertex -6.644889832 -11.18240261 -0.1000000015
    vertex -6.644889832 -11.18240261 0
    vertex -6.557206631 -11.22653866 -0.1000000015
  endloop
endfacet
facet normal 0.4052431861 0.9142089258 0
  outer loop
    vertex -6.644889832 -11.18240261 -0.1000000015
    vertex -6.734632969 -11.14262199 0
    vertex -6.644889832 -11.18240261 0
  endloop
endfacet
facet normal 0.4496115985 0.8932241659 0
  outer loop
    vertex -6.557206631 -11.22653866 -0.1000000015
    vertex -6.644889832 -11.18240261 0
    vertex -6.557206631 -11.22653866 0
  endloop
endfacet
facet normal 0.1709647902 0.9852771389 -0
  outer loop
    vertex -7.206539154 -11.01202774 -0.1000000015
    vertex -7.206539154 -11.01202774 0
    vertex -7.109819412 -11.0288105 -0.1000000015
  endloop
endfacet
facet normal 0.2191024235 0.9757018643 -0
  outer loop
    vertex -7.109819412 -11.0288105 -0.1000000015
    vertex -7.109819412 -11.0288105 0
    vertex -7.014039516 -11.05031872 -0.1000000015
  endloop
endfacet
facet normal 0.1709647902 0.9852771389 0
  outer loop
    vertex -7.109819412 -11.0288105 -0.1000000015
    vertex -7.206539154 -11.01202774 0
    vertex -7.109819412 -11.0288105 0
  endloop
endfacet
facet normal 0.2667075009 0.9637775205 -0
  outer loop
    vertex -7.014039516 -11.05031872 -0.1000000015
    vertex -7.014039516 -11.05031872 0
    vertex -6.919430733 -11.07649994 -0.1000000015
  endloop
endfacet
facet normal 0.2191024235 0.9757018643 0
  outer loop
    vertex -7.014039516 -11.05031872 -0.1000000015
    vertex -7.109819412 -11.0288105 0
    vertex -7.014039516 -11.05031872 0
  endloop
endfacet
facet normal 0.2667075009 0.9637775205 0
  outer loop
    vertex -6.919430733 -11.07649994 -0.1000000015
    vertex -7.014039516 -11.05031872 0
    vertex -6.919430733 -11.07649994 0
  endloop
endfacet
facet normal 0.3136881006 0.9495260794 -0
  outer loop
    vertex -6.919430733 -11.07649994 -0.1000000015
    vertex -6.919430733 -11.07649994 0
    vertex -6.826220512 -11.10729313 -0.1000000015
  endloop
endfacet
facet normal 0.3598919417 0.9329939926 -0
  outer loop
    vertex -6.826220512 -11.10729313 -0.1000000015
    vertex -6.826220512 -11.10729313 0
    vertex -6.734632969 -11.14262199 -0.1000000015
  endloop
endfacet
facet normal 0.3136881006 0.9495260794 0
  outer loop
    vertex -6.826220512 -11.10729313 -0.1000000015
    vertex -6.919430733 -11.07649994 0
    vertex -6.826220512 -11.10729313 0
  endloop
endfacet
facet normal 0.3598919417 0.9329939926 0
  outer loop
    vertex -6.734632969 -11.14262199 -0.1000000015
    vertex -6.826220512 -11.10729313 0
    vertex -6.734632969 -11.14262199 0
  endloop
endfacet
facet normal 0.4052431861 0.9142089258 -0
  outer loop
    vertex -6.734632969 -11.14262199 -0.1000000015
    vertex -6.734632969 -11.14262199 0
    vertex -6.644889832 -11.18240261 -0.1000000015
  endloop
endfacet
facet normal 0 0 -1
  outer loop
    vertex -7.5 -12.99038124 -0.1000000015
    vertex -5.652240753 -12.22501373 -0.1000000015
    vertex -5.616911888 -12.31660175 -0.1000000015
  endloop
endfacet
facet normal 0 0 -1
  outer loop
    vertex -5.50963068 -13.18641567 -0.1000000015
    vertex -7.5 -12.99038124 -0.1000000015
    vertex -5.502408981 -13.08851624 -0.1000000015
  endloop
endfacet
facet normal 0 0 -1
  outer loop
    vertex -5.502408981 -13.08851624 -0.1000000015
    vertex -7.5 -12.99038124 -0.1000000015
    vertex -5.5 -12.99038124 -0.1000000015
  endloop
endfacet
facet normal 0 0 -1
  outer loop
    vertex -7.5 -12.99038124 -0.1000000015
    vertex -5.502408981 -12.89224529 -0.1000000015
    vertex -5.5 -12.99038124 -0.1000000015
  endloop
endfacet
facet normal 0 0 -1
  outer loop
    vertex -7.5 -12.99038124 -0.1000000015
    vertex -5.50963068 -12.79434681 -0.1000000015
    vertex -5.502408981 -12.89224529 -0.1000000015
  endloop
endfacet
facet normal 0 0 -1
  outer loop
    vertex -7.5 -12.99038124 -0.1000000015
    vertex -5.521646976 -12.69692039 -0.1000000015
    vertex -5.50963068 -12.79434681 -0.1000000015
  endloop
endfacet
facet normal 0 0 -1
  outer loop
    vertex -7.5 -12.99038124 -0.1000000015
    vertex -5.53842926 -12.60020065 -0.1000000015
    vertex -5.521646976 -12.69692039 -0.1000000015
  endloop
endfacet
facet normal 0 0 -1
  outer loop
    vertex -7.5 -12.99038124 -0.1000000015
    vertex -5.559937477 -12.50442028 -0.1000000015
    vertex -5.53842926 -12.60020065 -0.1000000015
  endloop
endfacet
facet normal 0 0 -1
  outer loop
    vertex -7.5 -12.99038124 -0.1000000015
    vertex -5.586119175 -12.40981197 -0.1000000015
    vertex -5.559937477 -12.50442028 -0.1000000015
  endloop
endfacet
facet normal 0 0 -1
  outer loop
    vertex -7.5 -12.99038124 -0.1000000015
    vertex -5.616911888 -12.31660175 -0.1000000015
    vertex -5.586119175 -12.40981197 -0.1000000015
  endloop
endfacet
facet normal 0 0 -1
  outer loop
    vertex -7.5 -12.99038124 -0.1000000015
    vertex -5.893584728 -11.79898262 -0.1000000015
    vertex -5.837060928 -11.87924099 -0.1000000015
  endloop
endfacet
facet normal 0 0 -1
  outer loop
    vertex -7.5 -12.99038124 -0.1000000015
    vertex -5.953979015 -11.72159481 -0.1000000015
    vertex -5.893584728 -11.79898262 -0.1000000015
  endloop
endfacet
facet normal 0 0 -1
  outer loop
    vertex -7.5 -12.99038124 -0.1000000015
    vertex -5.784542561 -11.96217537 -0.1000000015
    vertex -5.736157417 -12.04758739 -0.1000000015
  endloop
endfacet
facet normal 0 0 -1
  outer loop
    vertex -7.5 -12.99038124 -0.1000000015
    vertex -5.69202137 -12.13527107 -0.1000000015
    vertex -5.652240753 -12.22501373 -0.1000000015
  endloop
endfacet
facet normal 0 0 -1
  outer loop
    vertex -7.5 -12.99038124 -0.1000000015
    vertex -5.736157417 -12.04758739 -0.1000000015
    vertex -5.69202137 -12.13527107 -0.1000000015
  endloop
endfacet
facet normal 0 0 -1
  outer loop
    vertex -7.5 -12.99038124 -0.1000000015
    vertex -5.837060928 -11.87924099 -0.1000000015
    vertex -5.784542561 -11.96217537 -0.1000000015
  endloop
endfacet
facet normal 0 0 -1
  outer loop
    vertex -7.5 -12.99038124 -0.1000000015
    vertex -6.085786343 -11.57616711 -0.1000000015
    vertex -6.018097878 -11.64726353 -0.1000000015
  endloop
endfacet
facet normal 0 0 -1
  outer loop
    vertex -7.5 -12.99038124 -0.1000000015
    vertex -6.018097878 -11.64726353 -0.1000000015
    vertex -5.953979015 -11.72159481 -0.1000000015
  endloop
endfacet
facet normal 0.9972903054 -0.07356661475 0
  outer loop
    vertex -5.50963068 -13.18641567 -0.1000000015
    vertex -5.502408981 -13.08851624 -0.1000000015
    vertex -5.502408981 -13.08851624 0
  endloop
endfacet
facet normal 0.9996988431 -0.02454023515 0
  outer loop
    vertex -5.502408981 -13.08851624 -0.1000000015
    vertex -5.5 -12.99038124 -0.1000000015
    vertex -5.5 -12.99038124 0
  endloop
endfacet
facet normal 0.9996988431 -0.02454023515 0
  outer loop
    vertex -5.502408981 -13.08851624 -0.1000000015
    vertex -5.5 -12.99038124 0
    vertex -5.502408981 -13.08851624 0
  endloop
endfacet
facet normal 0.9996988489 0.02453999682 -0
  outer loop
    vertex -5.5 -12.99038124 -0.1000000015
    vertex -5.502408981 -12.89224529 -0.1000000015
    vertex -5.502408981 -12.89224529 0
  endloop
endfacet
facet normal 0.9972902528 0.07356732752 -0
  outer loop
    vertex -5.502408981 -12.89224529 -0.1000000015
    vertex -5.50963068 -12.79434681 -0.1000000015
    vertex -5.50963068 -12.79434681 0
  endloop
endfacet
facet normal 0.9996988489 0.02453999682 0
  outer loop
    vertex -5.5 -12.99038124 -0.1000000015
    vertex -5.502408981 -12.89224529 0
    vertex -5.5 -12.99038124 0
  endloop
endfacet
facet normal 0.9972902528 0.07356732752 0
  outer loop
    vertex -5.502408981 -12.89224529 -0.1000000015
    vertex -5.50963068 -12.79434681 0
    vertex -5.502408981 -12.89224529 0
  endloop
endfacet
facet normal 0.9924796655 0.1224096143 -0
  outer loop
    vertex -5.50963068 -12.79434681 -0.1000000015
    vertex -5.521646976 -12.69692039 -0.1000000015
    vertex -5.521646976 -12.69692039 0
  endloop
endfacet
facet normal 0.9924796655 0.1224096143 0
  outer loop
    vertex -5.50963068 -12.79434681 -0.1000000015
    vertex -5.521646976 -12.69692039 0
    vertex -5.50963068 -12.79434681 0
  endloop
endfacet
facet normal 0.9852779572 0.1709600747 0
  outer loop
    vertex -5.521646976 -12.69692039 -0.1000000015
    vertex -5.53842926 -12.60020065 0
    vertex -5.521646976 -12.69692039 0
  endloop
endfacet
facet normal 0.9852779572 0.1709600747 -0
  outer loop
    vertex -5.521646976 -12.69692039 -0.1000000015
    vertex -5.53842926 -12.60020065 -0.1000000015
    vertex -5.53842926 -12.60020065 0
  endloop
endfacet
facet normal 0.9757020975 0.2191013851 -0
  outer loop
    vertex -5.53842926 -12.60020065 -0.1000000015
    vertex -5.559937477 -12.50442028 -0.1000000015
    vertex -5.559937477 -12.50442028 0
  endloop
endfacet
facet normal 0.9757020975 0.2191013851 0
  outer loop
    vertex -5.53842926 -12.60020065 -0.1000000015
    vertex -5.559937477 -12.50442028 0
    vertex -5.53842926 -12.60020065 0
  endloop
endfacet
facet normal 0.9637759263 0.2667132615 0
  outer loop
    vertex -5.559937477 -12.50442028 -0.1000000015
    vertex -5.586119175 -12.40981197 0
    vertex -5.559937477 -12.50442028 0
  endloop
endfacet
facet normal 0.9495275263 0.3136837211 -0
  outer loop
    vertex -5.586119175 -12.40981197 -0.1000000015
    vertex -5.616911888 -12.31660175 -0.1000000015
    vertex -5.616911888 -12.31660175 0
  endloop
endfacet
facet normal 0.9495275263 0.3136837211 0
  outer loop
    vertex -5.586119175 -12.40981197 -0.1000000015
    vertex -5.616911888 -12.31660175 0
    vertex -5.586119175 -12.40981197 0
  endloop
endfacet
facet normal 0.9142081281 0.4052449857 -0
  outer loop
    vertex -5.69202137 -12.13527107 -0.1000000015
    vertex -5.69202137 -12.13527107 0
    vertex -5.652240753 -12.22501373 -0.1000000015
  endloop
endfacet
facet normal 0.9329946218 0.3598903107 -0
  outer loop
    vertex -5.616911888 -12.31660175 -0.1000000015
    vertex -5.652240753 -12.22501373 -0.1000000015
    vertex -5.652240753 -12.22501373 0
  endloop
endfacet
facet normal 0.9142081281 0.4052449857 0
  outer loop
    vertex -5.652240753 -12.22501373 -0.1000000015
    vertex -5.69202137 -12.13527107 0
    vertex -5.652240753 -12.22501373 0
  endloop
endfacet
facet normal 0.9329946218 0.3598903107 0
  outer loop
    vertex -5.616911888 -12.31660175 -0.1000000015
    vertex -5.652240753 -12.22501373 0
    vertex -5.616911888 -12.31660175 0
  endloop
endfacet
facet normal 0.8700877403 0.4928968697 -0
  outer loop
    vertex -5.736157417 -12.04758739 -0.1000000015
    vertex -5.784542561 -11.96217537 -0.1000000015
    vertex -5.784542561 -11.96217537 0
  endloop
endfacet
facet normal 0.8700877403 0.4928968697 0
  outer loop
    vertex -5.736157417 -12.04758739 -0.1000000015
    vertex -5.784542561 -11.96217537 0
    vertex -5.736157417 -12.04758739 0
  endloop
endfacet
facet normal 0.817587313 0.5758046419 -0
  outer loop
    vertex -5.893584728 -11.79898262 -0.1000000015
    vertex -5.893584728 -11.79898262 0
    vertex -5.837060928 -11.87924099 -0.1000000015
  endloop
endfacet
facet normal 0.8448501068 0.5350030813 -0
  outer loop
    vertex -5.837060928 -11.87924099 -0.1000000015
    vertex -5.837060928 -11.87924099 0
    vertex -5.784542561 -11.96217537 -0.1000000015
  endloop
endfacet
facet normal 0.817587313 0.5758046419 0
  outer loop
    vertex -5.837060928 -11.87924099 -0.1000000015
    vertex -5.893584728 -11.79898262 0
    vertex -5.837060928 -11.87924099 0
  endloop
endfacet
facet normal 0.8448501068 0.5350030813 0
  outer loop
    vertex -5.784542561 -11.96217537 -0.1000000015
    vertex -5.837060928 -11.87924099 0
    vertex -5.784542561 -11.96217537 0
  endloop
endfacet
facet normal 0.8932251478 0.4496096477 -0
  outer loop
    vertex -5.69202137 -12.13527107 -0.1000000015
    vertex -5.736157417 -12.04758739 -0.1000000015
    vertex -5.736157417 -12.04758739 0
  endloop
endfacet
facet normal 0.8932251478 0.4496096477 0
  outer loop
    vertex -5.69202137 -12.13527107 -0.1000000015
    vertex -5.736157417 -12.04758739 0
    vertex -5.69202137 -12.13527107 0
  endloop
endfacet
facet normal 0.9637759263 0.2667132615 -0
  outer loop
    vertex -5.559937477 -12.50442028 -0.1000000015
    vertex -5.586119175 -12.40981197 -0.1000000015
    vertex -5.586119175 -12.40981197 0
  endloop
endfacet
facet normal 0.4929005471 0.8700856571 -0
  outer loop
    vertex -6.557206631 -11.22653866 -0.1000000015
    vertex -6.557206631 -11.22653866 0
    vertex -6.471794605 -11.27492428 -0.1000000015
  endloop
endfacet
facet normal 0.5349974185 0.8448536928 -0
  outer loop
    vertex -6.471794605 -11.27492428 -0.1000000015
    vertex -6.471794605 -11.27492428 0
    vertex -6.388859749 -11.32744217 -0.1000000015
  endloop
endfacet
facet normal 0.4929005471 0.8700856571 0
  outer loop
    vertex -6.471794605 -11.27492428 -0.1000000015
    vertex -6.557206631 -11.22653866 0
    vertex -6.471794605 -11.27492428 0
  endloop
endfacet
facet normal 0.5349974185 0.8448536928 0
  outer loop
    vertex -6.388859749 -11.32744217 -0.1000000015
    vertex -6.471794605 -11.27492428 0
    vertex -6.388859749 -11.32744217 0
  endloop
endfacet
facet normal 0.5758078889 0.8175850262 -0
  outer loop
    vertex -6.388859749 -11.32744217 -0.1000000015
    vertex -6.388859749 -11.32744217 0
    vertex -6.308601379 -11.38396645 -0.1000000015
  endloop
endfacet
facet normal 0.6152271204 0.7883499162 -0
  outer loop
    vertex -6.308601379 -11.38396645 -0.1000000015
    vertex -6.308601379 -11.38396645 0
    vertex -6.23121357 -11.44435978 -0.1000000015
  endloop
endfacet
facet normal 0.5758078889 0.8175850262 0
  outer loop
    vertex -6.308601379 -11.38396645 -0.1000000015
    vertex -6.388859749 -11.32744217 0
    vertex -6.308601379 -11.38396645 0
  endloop
endfacet
facet normal 0.6152271204 0.7883499162 0
  outer loop
    vertex -6.23121357 -11.44435978 -0.1000000015
    vertex -6.308601379 -11.38396645 0
    vertex -6.23121357 -11.44435978 0
  endloop
endfacet
facet normal 0.6895353248 0.7242520527 -0
  outer loop
    vertex -6.156882286 -11.50847912 -0.1000000015
    vertex -6.156882286 -11.50847912 0
    vertex -6.085786343 -11.57616711 -0.1000000015
  endloop
endfacet
facet normal 0.6531771233 0.7572051543 0
  outer loop
    vertex -6.156882286 -11.50847912 -0.1000000015
    vertex -6.23121357 -11.44435978 0
    vertex -6.156882286 -11.50847912 0
  endloop
endfacet
facet normal 0.6895353248 0.7242520527 0
  outer loop
    vertex -6.085786343 -11.57616711 -0.1000000015
    vertex -6.156882286 -11.50847912 0
    vertex -6.085786343 -11.57616711 0
  endloop
endfacet
facet normal 0.7572075567 0.6531743382 -0
  outer loop
    vertex -6.018097878 -11.64726353 -0.1000000015
    vertex -6.018097878 -11.64726353 0
    vertex -5.953979015 -11.72159481 -0.1000000015
  endloop
endfacet
facet normal 0.7883452042 0.6152331582 -0
  outer loop
    vertex -5.893584728 -11.79898262 -0.1000000015
    vertex -5.953979015 -11.72159481 -0.1000000015
    vertex -5.953979015 -11.72159481 0
  endloop
endfacet
facet normal 0.7883452042 0.6152331582 0
  outer loop
    vertex -5.893584728 -11.79898262 -0.1000000015
    vertex -5.953979015 -11.72159481 0
    vertex -5.893584728 -11.79898262 0
  endloop
endfacet
facet normal 0.7572075567 0.6531743382 0
  outer loop
    vertex -5.953979015 -11.72159481 -0.1000000015
    vertex -6.018097878 -11.64726353 0
    vertex -5.953979015 -11.72159481 0
  endloop
endfacet
facet normal 0.7242519364 0.6895354469 -0
  outer loop
    vertex -6.018097878 -11.64726353 -0.1000000015
    vertex -6.085786343 -11.57616711 -0.1000000015
    vertex -6.085786343 -11.57616711 0
  endloop
endfacet
facet normal 0.7242519364 0.6895354469 0
  outer loop
    vertex -6.018097878 -11.64726353 -0.1000000015
    vertex -6.085786343 -11.57616711 0
    vertex -6.018097878 -11.64726353 0
  endloop
endfacet
facet normal 0.6531771233 0.7572051543 -0
  outer loop
    vertex -6.156882286 -11.50847912 -0.1000000015
    vertex -6.23121357 -11.44435978 -0.1000000015
    vertex -6.23121357 -11.44435978 0
  endloop
endfacet
facet normal -0.8700856571 -0.4929005471 0
  outer loop
    vertex -9.215456963 -14.01858616 14.10000038
    vertex -9.263842583 -13.93317413 4
    vertex -9.215456963 -14.01858616 4
  endloop
endfacet
facet normal -0.8932231839 -0.4496135493 0
  outer loop
    vertex -9.263842583 -13.93317413 14.10000038
    vertex -9.30797863 -13.84549141 4
    vertex -9.263842583 -13.93317413 4
  endloop
endfacet
facet normal -0.9142097235 -0.4052413865 0
  outer loop
    vertex -9.30797863 -13.84549141 14.10000038
    vertex -9.347759247 -13.7557478 4
    vertex -9.30797863 -13.84549141 4
  endloop
endfacet
facet normal -0.9329933635 -0.3598935727 0
  outer loop
    vertex -9.347759247 -13.7557478 14.10000038
    vertex -9.383088112 -13.66416073 4
    vertex -9.347759247 -13.7557478 4
  endloop
endfacet
facet normal -0.9495289731 -0.3136793415 0
  outer loop
    vertex -9.383088112 -13.66416073 14.10000038
    vertex -9.413880348 -13.57095051 4
    vertex -9.383088112 -13.66416073 4
  endloop
endfacet
facet normal -0.9637753688 -0.2667152762 0
  outer loop
    vertex -9.413880348 -13.57095051 14.10000038
    vertex -9.440062523 -13.47634125 4
    vertex -9.413880348 -13.57095051 4
  endloop
endfacet
facet normal -0.9757016311 -0.2191034619 0
  outer loop
    vertex -9.440062523 -13.47634125 14.10000038
    vertex -9.46157074 -13.38056183 4
    vertex -9.440062523 -13.47634125 4
  endloop
endfacet
facet normal -0.9852787754 -0.1709553591 0
  outer loop
    vertex -9.46157074 -13.38056183 14.10000038
    vertex -9.478352547 -13.28384209 4
    vertex -9.46157074 -13.38056183 4
  endloop
endfacet
facet normal -0.9924784851 -0.1224191837 0
  outer loop
    vertex -9.478352547 -13.28384209 14.10000038
    vertex -9.490369797 -13.18641567 4
    vertex -9.478352547 -13.28384209 4
  endloop
endfacet
facet normal -0.9972906617 -0.07356178355 0
  outer loop
    vertex -9.490369797 -13.18641567 14.10000038
    vertex -9.497591019 -13.08851624 4
    vertex -9.490369797 -13.18641567 4
  endloop
endfacet
facet normal -0.6895428465 -0.7242448915 0
  outer loop
    vertex -8.843117714 -14.47228336 14.10000038
    vertex -8.914213181 -14.40459442 4
    vertex -8.843117714 -14.47228336 4
  endloop
endfacet
facet normal -0.653171553 -0.7572099592 0
  outer loop
    vertex -8.76878643 -14.53640175 14.10000038
    vertex -8.843117714 -14.47228336 4
    vertex -8.76878643 -14.53640175 4
  endloop
endfacet
facet normal -0.6152331582 -0.7883452042 0
  outer loop
    vertex -8.691398621 -14.59679604 14.10000038
    vertex -8.76878643 -14.53640175 4
    vertex -8.691398621 -14.59679604 4
  endloop
endfacet
facet normal -0.5758078889 -0.8175850262 0
  outer loop
    vertex -8.611140251 -14.65332031 14.10000038
    vertex -8.691398621 -14.59679604 4
    vertex -8.611140251 -14.65332031 4
  endloop
endfacet
facet normal -0.5349996141 -0.8448523024 0
  outer loop
    vertex -8.528205872 -14.7058382 14.10000038
    vertex -8.611140251 -14.65332031 4
    vertex -8.528205872 -14.7058382 4
  endloop
endfacet
facet normal -0.4496096477 -0.8932251478 0
  outer loop
    vertex -8.355110168 -14.79835987 14.10000038
    vertex -8.442793846 -14.75422382 4
    vertex -8.355110168 -14.79835987 4
  endloop
endfacet
facet normal -0.4052413865 -0.9142097235 0
  outer loop
    vertex -8.265366554 -14.83814049 14.10000038
    vertex -8.355110168 -14.79835987 4
    vertex -8.265366554 -14.83814049 4
  endloop
endfacet
facet normal -0.3598935727 -0.9329933635 0
  outer loop
    vertex -8.173779488 -14.87346935 14.10000038
    vertex -8.265366554 -14.83814049 4
    vertex -8.173779488 -14.87346935 4
  endloop
endfacet
facet normal -0.4929005471 -0.8700856571 0
  outer loop
    vertex -8.442793846 -14.75422382 14.10000038
    vertex -8.528205872 -14.7058382 4
    vertex -8.442793846 -14.75422382 4
  endloop
endfacet
facet normal -0.3136793415 -0.9495289731 0
  outer loop
    vertex -8.080569267 -14.90426159 14.10000038
    vertex -8.173779488 -14.87346935 4
    vertex -8.080569267 -14.90426159 4
  endloop
endfacet
facet normal -0.2191024235 -0.9757018643 0
  outer loop
    vertex -7.890180588 -14.95195198 14.10000038
    vertex -7.985960484 -14.93044376 4
    vertex -7.890180588 -14.95195198 4
  endloop
endfacet
facet normal -0.2667165248 -0.9637750232 0
  outer loop
    vertex -7.985960484 -14.93044376 14.10000038
    vertex -8.080569267 -14.90426159 4
    vertex -7.985960484 -14.93044376 4
  endloop
endfacet
facet normal -0.8175850262 -0.5758078889 0
  outer loop
    vertex -9.106414795 -14.18177986 14.10000038
    vertex -9.162939072 -14.10152149 4
    vertex -9.106414795 -14.18177986 4
  endloop
endfacet
facet normal -0.7883452042 -0.6152331582 0
  outer loop
    vertex -9.046020508 -14.25916767 14.10000038
    vertex -9.106414795 -14.18177986 4
    vertex -9.046020508 -14.25916767 4
  endloop
endfacet
facet normal -0.7572099592 -0.653171553 0
  outer loop
    vertex -8.981902122 -14.33349895 14.10000038
    vertex -9.046020508 -14.25916767 4
    vertex -8.981902122 -14.33349895 4
  endloop
endfacet
facet normal -0.7242448915 -0.6895428465 0
  outer loop
    vertex -8.914213181 -14.40459442 14.10000038
    vertex -8.981902122 -14.33349895 4
    vertex -8.914213181 -14.40459442 4
  endloop
endfacet
facet normal -0.8448550831 -0.534995223 0
  outer loop
    vertex -9.162939072 -14.10152149 14.10000038
    vertex -9.215456963 -14.01858616 4
    vertex -9.162939072 -14.10152149 4
  endloop
endfacet
facet normal -0.9996988431 -0.02454023515 0
  outer loop
    vertex -9.497591019 -13.08851624 14.10000038
    vertex -9.5 -12.99038124 4
    vertex -9.497591019 -13.08851624 4
  endloop
endfacet
facet normal -0.9996988489 0.02453999682 0
  outer loop
    vertex -9.5 -12.99038124 14.10000038
    vertex -9.497591019 -12.89224529 4
    vertex -9.5 -12.99038124 4
  endloop
endfacet
facet normal -0.9972906092 0.07356249628 0
  outer loop
    vertex -9.497591019 -12.89224529 14.10000038
    vertex -9.490369797 -12.79434681 4
    vertex -9.497591019 -12.89224529 4
  endloop
endfacet
facet normal -0.9924784851 0.1224191837 0
  outer loop
    vertex -9.490369797 -12.79434681 14.10000038
    vertex -9.478352547 -12.69692039 4
    vertex -9.490369797 -12.79434681 4
  endloop
endfacet
facet normal -0.9852787754 0.1709553591 0
  outer loop
    vertex -9.478352547 -12.69692039 14.10000038
    vertex -9.46157074 -12.60020065 4
    vertex -9.478352547 -12.69692039 4
  endloop
endfacet
facet normal -0.9757020975 0.2191013851 0
  outer loop
    vertex -9.46157074 -12.60020065 14.10000038
    vertex -9.440062523 -12.50442028 4
    vertex -9.46157074 -12.60020065 4
  endloop
endfacet
facet normal -0.9637746777 0.2667177735 0
  outer loop
    vertex -9.440062523 -12.50442028 14.10000038
    vertex -9.413880348 -12.40981197 4
    vertex -9.440062523 -12.50442028 4
  endloop
endfacet
facet normal -0.9495289731 0.3136793415 0
  outer loop
    vertex -9.413880348 -12.40981197 14.10000038
    vertex -9.383088112 -12.31660175 4
    vertex -9.413880348 -12.40981197 4
  endloop
endfacet
facet normal -0.9329946218 0.3598903107 0
  outer loop
    vertex -9.383088112 -12.31660175 14.10000038
    vertex -9.347759247 -12.22501373 4
    vertex -9.383088112 -12.31660175 4
  endloop
endfacet
facet normal -0.9142081281 0.4052449857 0
  outer loop
    vertex -9.347759247 -12.22501373 14.10000038
    vertex -9.30797863 -12.13527107 4
    vertex -9.347759247 -12.22501373 4
  endloop
endfacet
facet normal -0.8932251478 0.4496096477 0
  outer loop
    vertex -9.30797863 -12.13527107 14.10000038
    vertex -9.263842583 -12.04758739 4
    vertex -9.30797863 -12.13527107 4
  endloop
endfacet
facet normal -0.8700856571 0.4929005471 0
  outer loop
    vertex -9.263842583 -12.04758739 14.10000038
    vertex -9.215456963 -11.96217537 4
    vertex -9.263842583 -12.04758739 4
  endloop
endfacet
facet normal -0.8448523024 0.5349996141 0
  outer loop
    vertex -9.215456963 -11.96217537 14.10000038
    vertex -9.162939072 -11.87924099 4
    vertex -9.215456963 -11.96217537 4
  endloop
endfacet
facet normal -0.8175850262 0.5758078889 0
  outer loop
    vertex -9.162939072 -11.87924099 14.10000038
    vertex -9.106414795 -11.79898262 4
    vertex -9.162939072 -11.87924099 4
  endloop
endfacet
facet normal -0.7883452042 0.6152331582 0
  outer loop
    vertex -9.106414795 -11.79898262 14.10000038
    vertex -9.046020508 -11.72159481 4
    vertex -9.106414795 -11.79898262 4
  endloop
endfacet
facet normal -0.7572099592 0.653171553 0
  outer loop
    vertex -9.046020508 -11.72159481 14.10000038
    vertex -8.981902122 -11.64726353 4
    vertex -9.046020508 -11.72159481 4
  endloop
endfacet
facet normal -0.7242495106 0.6895379949 0
  outer loop
    vertex -8.981902122 -11.64726353 14.10000038
    vertex -8.914213181 -11.57616711 4
    vertex -8.981902122 -11.64726353 4
  endloop
endfacet
facet normal -0.6895377506 0.7242497432 0
  outer loop
    vertex -8.914213181 -11.57616711 14.10000038
    vertex -8.843117714 -11.50847912 4
    vertex -8.914213181 -11.57616711 4
  endloop
endfacet
facet normal -0.6531771233 0.7572051543 0
  outer loop
    vertex -8.843117714 -11.50847912 14.10000038
    vertex -8.76878643 -11.44435978 4
    vertex -8.843117714 -11.50847912 4
  endloop
endfacet
facet normal -0.6152271204 0.7883499162 0
  outer loop
    vertex -8.76878643 -11.44435978 14.10000038
    vertex -8.691398621 -11.38396645 4
    vertex -8.76878643 -11.44435978 4
  endloop
endfacet
facet normal -0.5758078889 0.8175850262 0
  outer loop
    vertex -8.691398621 -11.38396645 14.10000038
    vertex -8.611140251 -11.32744217 4
    vertex -8.691398621 -11.38396645 4
  endloop
endfacet
facet normal -0.5349996141 0.8448523024 0
  outer loop
    vertex -8.611140251 -11.32744217 14.10000038
    vertex -8.528205872 -11.27492428 4
    vertex -8.611140251 -11.32744217 4
  endloop
endfacet
facet normal -0.4929005471 0.8700856571 0
  outer loop
    vertex -8.528205872 -11.27492428 14.10000038
    vertex -8.442793846 -11.22653866 4
    vertex -8.528205872 -11.27492428 4
  endloop
endfacet
facet normal -0.4496096477 0.8932251478 0
  outer loop
    vertex -8.442793846 -11.22653866 14.10000038
    vertex -8.355110168 -11.18240261 4
    vertex -8.442793846 -11.22653866 4
  endloop
endfacet
facet normal -0.4052413865 0.9142097235 0
  outer loop
    vertex -8.355110168 -11.18240261 14.10000038
    vertex -8.265366554 -11.14262199 4
    vertex -8.355110168 -11.18240261 4
  endloop
endfacet
facet normal -0.3598935727 0.9329933635 0
  outer loop
    vertex -8.265366554 -11.14262199 14.10000038
    vertex -8.173779488 -11.10729313 4
    vertex -8.265366554 -11.14262199 4
  endloop
endfacet
facet normal -0.3136881006 0.9495260794 0
  outer loop
    vertex -8.173779488 -11.10729313 14.10000038
    vertex -8.080569267 -11.07649994 4
    vertex -8.173779488 -11.10729313 4
  endloop
endfacet
facet normal -0.2667075009 0.9637775205 0
  outer loop
    vertex -8.080569267 -11.07649994 14.10000038
    vertex -7.985960484 -11.05031872 4
    vertex -8.080569267 -11.07649994 4
  endloop
endfacet
facet normal -0.2191024235 0.9757018643 0
  outer loop
    vertex -7.985960484 -11.05031872 14.10000038
    vertex -7.890180588 -11.0288105 4
    vertex -7.985960484 -11.05031872 4
  endloop
endfacet
facet normal -0.1709553591 -0.9852787754 0
  outer loop
    vertex -7.793460846 -14.96873379 14.10000038
    vertex -7.890180588 -14.95195198 4
    vertex -7.793460846 -14.96873379 4
  endloop
endfacet
facet normal -0.1224096143 -0.9924796655 0
  outer loop
    vertex -7.696034431 -14.98075008 14.10000038
    vertex -7.793460846 -14.96873379 4
    vertex -7.696034431 -14.98075008 4
  endloop
endfacet
facet normal -0.07357180235 -0.9972899227 0
  outer loop
    vertex -7.598135471 -14.98797226 14.10000038
    vertex -7.696034431 -14.98075008 4
    vertex -7.598135471 -14.98797226 4
  endloop
endfacet
facet normal -0.02454011598 -0.999698846 0
  outer loop
    vertex -7.5 -14.99038124 14.10000038
    vertex -7.598135471 -14.98797226 4
    vertex -7.5 -14.99038124 4
  endloop
endfacet
facet normal 0.02454011598 -0.999698846 0
  outer loop
    vertex -7.401864529 -14.98797226 14.10000038
    vertex -7.5 -14.99038124 4
    vertex -7.401864529 -14.98797226 4
  endloop
endfacet
facet normal 0.07357180235 -0.9972899227 0
  outer loop
    vertex -7.303965569 -14.98075008 14.10000038
    vertex -7.401864529 -14.98797226 4
    vertex -7.303965569 -14.98075008 4
  endloop
endfacet
facet normal 0.1224096143 -0.9924796655 0
  outer loop
    vertex -7.206539154 -14.96873379 14.10000038
    vertex -7.303965569 -14.98075008 4
    vertex -7.206539154 -14.96873379 4
  endloop
endfacet
facet normal 0.1709553591 -0.9852787754 0
  outer loop
    vertex -7.109819412 -14.95195198 14.10000038
    vertex -7.206539154 -14.96873379 4
    vertex -7.109819412 -14.95195198 4
  endloop
endfacet
facet normal 0.2191024235 -0.9757018643 0
  outer loop
    vertex -7.014039516 -14.93044376 14.10000038
    vertex -7.109819412 -14.95195198 4
    vertex -7.014039516 -14.93044376 4
  endloop
endfacet
facet normal 0.2667165248 -0.9637750232 0
  outer loop
    vertex -6.919430733 -14.90426159 14.10000038
    vertex -7.014039516 -14.93044376 4
    vertex -6.919430733 -14.90426159 4
  endloop
endfacet
facet normal 0.3136793415 -0.9495289731 0
  outer loop
    vertex -6.826220512 -14.87346935 14.10000038
    vertex -6.919430733 -14.90426159 4
    vertex -6.826220512 -14.87346935 4
  endloop
endfacet
facet normal 0.3598919417 -0.9329939926 0
  outer loop
    vertex -6.734632969 -14.83814049 14.10000038
    vertex -6.826220512 -14.87346935 4
    vertex -6.734632969 -14.83814049 4
  endloop
endfacet
facet normal 0.4052431861 -0.9142089258 0
  outer loop
    vertex -6.644889832 -14.79835987 14.10000038
    vertex -6.734632969 -14.83814049 4
    vertex -6.644889832 -14.79835987 4
  endloop
endfacet
facet normal 0.4496115985 -0.8932241659 0
  outer loop
    vertex -6.557206631 -14.75422382 14.10000038
    vertex -6.644889832 -14.79835987 4
    vertex -6.557206631 -14.75422382 4
  endloop
endfacet
facet normal 0.4929005471 -0.8700856571 0
  outer loop
    vertex -6.471794605 -14.7058382 14.10000038
    vertex -6.557206631 -14.75422382 4
    vertex -6.471794605 -14.7058382 4
  endloop
endfacet
facet normal 0.5349974185 -0.8448536928 0
  outer loop
    vertex -6.388859749 -14.65332031 14.10000038
    vertex -6.471794605 -14.7058382 4
    vertex -6.388859749 -14.65332031 4
  endloop
endfacet
facet normal 0.5758078889 -0.8175850262 0
  outer loop
    vertex -6.308601379 -14.59679604 14.10000038
    vertex -6.388859749 -14.65332031 4
    vertex -6.308601379 -14.59679604 4
  endloop
endfacet
facet normal 0.6152331582 -0.7883452042 0
  outer loop
    vertex -6.23121357 -14.53640175 14.10000038
    vertex -6.308601379 -14.59679604 4
    vertex -6.23121357 -14.53640175 4
  endloop
endfacet
facet normal 0.653171553 -0.7572099592 0
  outer loop
    vertex -6.156882286 -14.47228336 14.10000038
    vertex -6.23121357 -14.53640175 4
    vertex -6.156882286 -14.47228336 4
  endloop
endfacet
facet normal 0.6895404207 -0.7242472011 0
  outer loop
    vertex -6.085786343 -14.40459442 14.10000038
    vertex -6.156882286 -14.47228336 4
    vertex -6.085786343 -14.40459442 4
  endloop
endfacet
facet normal 0.7242473173 -0.6895402986 0
  outer loop
    vertex -6.018097878 -14.33349895 14.10000038
    vertex -6.085786343 -14.40459442 4
    vertex -6.018097878 -14.33349895 4
  endloop
endfacet
facet normal 0.7572075567 -0.6531743382 0
  outer loop
    vertex -5.953979015 -14.25916767 14.10000038
    vertex -6.018097878 -14.33349895 4
    vertex -5.953979015 -14.25916767 4
  endloop
endfacet
facet normal 0.7883452042 -0.6152331582 0
  outer loop
    vertex -5.893584728 -14.18177986 14.10000038
    vertex -5.953979015 -14.25916767 4
    vertex -5.893584728 -14.18177986 4
  endloop
endfacet
facet normal 0.817587313 -0.5758046419 0
  outer loop
    vertex -5.837060928 -14.10152149 14.10000038
    vertex -5.893584728 -14.18177986 4
    vertex -5.837060928 -14.10152149 4
  endloop
endfacet
facet normal 0.8448528875 -0.5349986901 0
  outer loop
    vertex -5.784542561 -14.01858616 14.10000038
    vertex -5.837060928 -14.10152149 4
    vertex -5.784542561 -14.01858616 4
  endloop
endfacet
facet normal 0.8700877403 -0.4928968697 0
  outer loop
    vertex -5.736157417 -13.93317413 14.10000038
    vertex -5.784542561 -14.01858616 4
    vertex -5.736157417 -13.93317413 4
  endloop
endfacet
facet normal 0.8932231839 -0.4496135493 0
  outer loop
    vertex -5.69202137 -13.84549141 14.10000038
    vertex -5.736157417 -13.93317413 4
    vertex -5.69202137 -13.84549141 4
  endloop
endfacet
facet normal 0.9142097235 -0.4052413865 0
  outer loop
    vertex -5.652240753 -13.7557478 14.10000038
    vertex -5.69202137 -13.84549141 4
    vertex -5.652240753 -13.7557478 4
  endloop
endfacet
facet normal 0.9329933635 -0.3598935727 0
  outer loop
    vertex -5.616911888 -13.66416073 14.10000038
    vertex -5.652240753 -13.7557478 4
    vertex -5.616911888 -13.66416073 4
  endloop
endfacet
facet normal 0.9495275263 -0.3136837211 0
  outer loop
    vertex -5.586119175 -13.57095051 14.10000038
    vertex -5.616911888 -13.66416073 4
    vertex -5.586119175 -13.57095051 4
  endloop
endfacet
facet normal 0.9637766174 -0.2667107642 0
  outer loop
    vertex -5.559937477 -13.47634125 14.10000038
    vertex -5.586119175 -13.57095051 4
    vertex -5.559937477 -13.47634125 4
  endloop
endfacet
facet normal 0.9757016311 -0.2191034619 0
  outer loop
    vertex -5.53842926 -13.38056183 14.10000038
    vertex -5.559937477 -13.47634125 4
    vertex -5.53842926 -13.38056183 4
  endloop
endfacet
facet normal 0.9852779572 -0.1709600747 0
  outer loop
    vertex -5.521646976 -13.28384209 14.10000038
    vertex -5.53842926 -13.38056183 4
    vertex -5.521646976 -13.28384209 4
  endloop
endfacet
facet normal 0.9924796655 -0.1224096143 0
  outer loop
    vertex -5.50963068 -13.18641567 14.10000038
    vertex -5.521646976 -13.28384209 4
    vertex -5.50963068 -13.18641567 4
  endloop
endfacet
facet normal -0.1709647902 0.9852771389 0
  outer loop
    vertex -7.890180588 -11.0288105 14.10000038
    vertex -7.793460846 -11.01202774 4
    vertex -7.890180588 -11.0288105 4
  endloop
endfacet
facet normal -0.1224096143 0.9924796655 0
  outer loop
    vertex -7.793460846 -11.01202774 14.10000038
    vertex -7.696034431 -11.00001144 4
    vertex -7.793460846 -11.01202774 4
  endloop
endfacet
facet normal -0.07356213991 0.9972906355 0
  outer loop
    vertex -7.696034431 -11.00001144 14.10000038
    vertex -7.598135471 -10.99279022 4
    vertex -7.696034431 -11.00001144 4
  endloop
endfacet
facet normal -0.02454011598 0.999698846 0
  outer loop
    vertex -7.598135471 -10.99279022 14.10000038
    vertex -7.5 -10.99038124 4
    vertex -7.598135471 -10.99279022 4
  endloop
endfacet
facet normal 0.02454011598 0.999698846 0
  outer loop
    vertex -7.5 -10.99038124 14.10000038
    vertex -7.401864529 -10.99279022 4
    vertex -7.5 -10.99038124 4
  endloop
endfacet
facet normal 0.07356213991 0.9972906355 0
  outer loop
    vertex -7.401864529 -10.99279022 14.10000038
    vertex -7.303965569 -11.00001144 4
    vertex -7.401864529 -10.99279022 4
  endloop
endfacet
facet normal 0.1224096143 0.9924796655 0
  outer loop
    vertex -7.303965569 -11.00001144 14.10000038
    vertex -7.206539154 -11.01202774 4
    vertex -7.303965569 -11.00001144 4
  endloop
endfacet
facet normal 0.4496115985 0.8932241659 0
  outer loop
    vertex -6.644889832 -11.18240261 14.10000038
    vertex -6.557206631 -11.22653866 4
    vertex -6.644889832 -11.18240261 4
  endloop
endfacet
facet normal 0.1709647902 0.9852771389 0
  outer loop
    vertex -7.206539154 -11.01202774 14.10000038
    vertex -7.109819412 -11.0288105 4
    vertex -7.206539154 -11.01202774 4
  endloop
endfacet
facet normal 0.2191024235 0.9757018643 0
  outer loop
    vertex -7.109819412 -11.0288105 14.10000038
    vertex -7.014039516 -11.05031872 4
    vertex -7.109819412 -11.0288105 4
  endloop
endfacet
facet normal 0.2667075009 0.9637775205 0
  outer loop
    vertex -7.014039516 -11.05031872 14.10000038
    vertex -6.919430733 -11.07649994 4
    vertex -7.014039516 -11.05031872 4
  endloop
endfacet
facet normal 0.3136881006 0.9495260794 0
  outer loop
    vertex -6.919430733 -11.07649994 14.10000038
    vertex -6.826220512 -11.10729313 4
    vertex -6.919430733 -11.07649994 4
  endloop
endfacet
facet normal 0.3598919417 0.9329939926 0
  outer loop
    vertex -6.826220512 -11.10729313 14.10000038
    vertex -6.734632969 -11.14262199 4
    vertex -6.826220512 -11.10729313 4
  endloop
endfacet
facet normal 0.4052431861 0.9142089258 0
  outer loop
    vertex -6.734632969 -11.14262199 14.10000038
    vertex -6.644889832 -11.18240261 4
    vertex -6.734632969 -11.14262199 4
  endloop
endfacet
facet normal 0.9972903054 -0.07356661475 0
  outer loop
    vertex -5.502408981 -13.08851624 14.10000038
    vertex -5.50963068 -13.18641567 4
    vertex -5.502408981 -13.08851624 4
  endloop
endfacet
facet normal 0.9996988431 -0.02454023515 0
  outer loop
    vertex -5.5 -12.99038124 14.10000038
    vertex -5.502408981 -13.08851624 4
    vertex -5.5 -12.99038124 4
  endloop
endfacet
facet normal 0.9996988489 0.02453999682 0
  outer loop
    vertex -5.502408981 -12.89224529 14.10000038
    vertex -5.5 -12.99038124 4
    vertex -5.502408981 -12.89224529 4
  endloop
endfacet
facet normal 0.9972902528 0.07356732752 0
  outer loop
    vertex -5.50963068 -12.79434681 14.10000038
    vertex -5.502408981 -12.89224529 4
    vertex -5.50963068 -12.79434681 4
  endloop
endfacet
facet normal 0.9924796655 0.1224096143 0
  outer loop
    vertex -5.521646976 -12.69692039 14.10000038
    vertex -5.50963068 -12.79434681 4
    vertex -5.521646976 -12.69692039 4
  endloop
endfacet
facet normal 0.9852779572 0.1709600747 0
  outer loop
    vertex -5.53842926 -12.60020065 14.10000038
    vertex -5.521646976 -12.69692039 4
    vertex -5.53842926 -12.60020065 4
  endloop
endfacet
facet normal 0.9757020975 0.2191013851 0
  outer loop
    vertex -5.559937477 -12.50442028 14.10000038
    vertex -5.53842926 -12.60020065 4
    vertex -5.559937477 -12.50442028 4
  endloop
endfacet
facet normal 0.9495275263 0.3136837211 0
  outer loop
    vertex -5.616911888 -12.31660175 14.10000038
    vertex -5.586119175 -12.40981197 4
    vertex -5.616911888 -12.31660175 4
  endloop
endfacet
facet normal 0.9142081281 0.4052449857 0
  outer loop
    vertex -5.69202137 -12.13527107 14.10000038
    vertex -5.652240753 -12.22501373 4
    vertex -5.69202137 -12.13527107 4
  endloop
endfacet
facet normal 0.9329946218 0.3598903107 0
  outer loop
    vertex -5.652240753 -12.22501373 14.10000038
    vertex -5.616911888 -12.31660175 4
    vertex -5.652240753 -12.22501373 4
  endloop
endfacet
facet normal 0.8700877403 0.4928968697 0
  outer loop
    vertex -5.784542561 -11.96217537 14.10000038
    vertex -5.736157417 -12.04758739 4
    vertex -5.784542561 -11.96217537 4
  endloop
endfacet
facet normal 0.817587313 0.5758046419 0
  outer loop
    vertex -5.893584728 -11.79898262 14.10000038
    vertex -5.837060928 -11.87924099 4
    vertex -5.893584728 -11.79898262 4
  endloop
endfacet
facet normal 0.8448501068 0.5350030813 0
  outer loop
    vertex -5.837060928 -11.87924099 14.10000038
    vertex -5.784542561 -11.96217537 4
    vertex -5.837060928 -11.87924099 4
  endloop
endfacet
facet normal 0.8932251478 0.4496096477 0
  outer loop
    vertex -5.736157417 -12.04758739 14.10000038
    vertex -5.69202137 -12.13527107 4
    vertex -5.736157417 -12.04758739 4
  endloop
endfacet
facet normal 0.9637759263 0.2667132615 0
  outer loop
    vertex -5.586119175 -12.40981197 14.10000038
    vertex -5.559937477 -12.50442028 4
    vertex -5.586119175 -12.40981197 4
  endloop
endfacet
facet normal 0.4929005471 0.8700856571 0
  outer loop
    vertex -6.557206631 -11.22653866 14.10000038
    vertex -6.471794605 -11.27492428 4
    vertex -6.557206631 -11.22653866 4
  endloop
endfacet
facet normal 0.5349974185 0.8448536928 0
  outer loop
    vertex -6.471794605 -11.27492428 14.10000038
    vertex -6.388859749 -11.32744217 4
    vertex -6.471794605 -11.27492428 4
  endloop
endfacet
facet normal 0.5758078889 0.8175850262 0
  outer loop
    vertex -6.388859749 -11.32744217 14.10000038
    vertex -6.308601379 -11.38396645 4
    vertex -6.388859749 -11.32744217 4
  endloop
endfacet
facet normal 0.6152271204 0.7883499162 0
  outer loop
    vertex -6.308601379 -11.38396645 14.10000038
    vertex -6.23121357 -11.44435978 4
    vertex -6.308601379 -11.38396645 4
  endloop
endfacet
facet normal 0.6895353248 0.7242520527 0
  outer loop
    vertex -6.156882286 -11.50847912 14.10000038
    vertex -6.085786343 -11.57616711 4
    vertex -6.156882286 -11.50847912 4
  endloop
endfacet
facet normal 0.7572075567 0.6531743382 0
  outer loop
    vertex -6.018097878 -11.64726353 14.10000038
    vertex -5.953979015 -11.72159481 4
    vertex -6.018097878 -11.64726353 4
  endloop
endfacet
facet normal 0.7883452042 0.6152331582 0
  outer loop
    vertex -5.953979015 -11.72159481 14.10000038
    vertex -5.893584728 -11.79898262 4
    vertex -5.953979015 -11.72159481 4
  endloop
endfacet
facet normal 0.7242519364 0.6895354469 0
  outer loop
    vertex -6.085786343 -11.57616711 14.10000038
    vertex -6.018097878 -11.64726353 4
    vertex -6.085786343 -11.57616711 4
  endloop
endfacet
facet normal 0.6531771233 0.7572051543 0
  outer loop
    vertex -6.23121357 -11.44435978 14.10000038
    vertex -6.156882286 -11.50847912 4
    vertex -6.23121357 -11.44435978 4
  endloop
endfacet
facet normal -0.8448550831 -0.534995223 -0
  outer loop
    vertex -9.215456963 -14.01858616 14.10000038
    vertex -9.215456963 -14.01858616 4
    vertex -9.162939072 -14.10152149 14.10000038
  endloop
endfacet
facet normal -0.8700856571 -0.4929005471 -0
  outer loop
    vertex -9.215456963 -14.01858616 14.10000038
    vertex -9.263842583 -13.93317413 14.10000038
    vertex -9.263842583 -13.93317413 4
  endloop
endfacet
facet normal -0.8932231839 -0.4496135493 -0
  outer loop
    vertex -9.263842583 -13.93317413 14.10000038
    vertex -9.30797863 -13.84549141 14.10000038
    vertex -9.30797863 -13.84549141 4
  endloop
endfacet
facet normal -0.9142097235 -0.4052413865 -0
  outer loop
    vertex -9.347759247 -13.7557478 14.10000038
    vertex -9.347759247 -13.7557478 4
    vertex -9.30797863 -13.84549141 14.10000038
  endloop
endfacet
facet normal -0.9329933635 -0.3598935727 -0
  outer loop
    vertex -9.347759247 -13.7557478 14.10000038
    vertex -9.383088112 -13.66416073 14.10000038
    vertex -9.383088112 -13.66416073 4
  endloop
endfacet
facet normal -0.9495289731 -0.3136793415 -0
  outer loop
    vertex -9.383088112 -13.66416073 14.10000038
    vertex -9.413880348 -13.57095051 14.10000038
    vertex -9.413880348 -13.57095051 4
  endloop
endfacet
facet normal -0.9637753688 -0.2667152762 -0
  outer loop
    vertex -9.413880348 -13.57095051 14.10000038
    vertex -9.440062523 -13.47634125 14.10000038
    vertex -9.440062523 -13.47634125 4
  endloop
endfacet
facet normal -0.9757016311 -0.2191034619 -0
  outer loop
    vertex -9.440062523 -13.47634125 14.10000038
    vertex -9.46157074 -13.38056183 14.10000038
    vertex -9.46157074 -13.38056183 4
  endloop
endfacet
facet normal -0.9852787754 -0.1709553591 -0
  outer loop
    vertex -9.46157074 -13.38056183 14.10000038
    vertex -9.478352547 -13.28384209 14.10000038
    vertex -9.478352547 -13.28384209 4
  endloop
endfacet
facet normal -0.9924784851 -0.1224191837 -0
  outer loop
    vertex -9.478352547 -13.28384209 14.10000038
    vertex -9.490369797 -13.18641567 14.10000038
    vertex -9.490369797 -13.18641567 4
  endloop
endfacet
facet normal -0.653171553 -0.7572099592 -0
  outer loop
    vertex -8.76878643 -14.53640175 14.10000038
    vertex -8.843117714 -14.47228336 14.10000038
    vertex -8.843117714 -14.47228336 4
  endloop
endfacet
facet normal -0.6152331582 -0.7883452042 -0
  outer loop
    vertex -8.76878643 -14.53640175 14.10000038
    vertex -8.76878643 -14.53640175 4
    vertex -8.691398621 -14.59679604 14.10000038
  endloop
endfacet
facet normal -0.5758078889 -0.8175850262 -0
  outer loop
    vertex -8.691398621 -14.59679604 14.10000038
    vertex -8.691398621 -14.59679604 4
    vertex -8.611140251 -14.65332031 14.10000038
  endloop
endfacet
facet normal -0.5349996141 -0.8448523024 -0
  outer loop
    vertex -8.611140251 -14.65332031 14.10000038
    vertex -8.611140251 -14.65332031 4
    vertex -8.528205872 -14.7058382 14.10000038
  endloop
endfacet
facet normal -0.4496096477 -0.8932251478 -0
  outer loop
    vertex -8.442793846 -14.75422382 14.10000038
    vertex -8.442793846 -14.75422382 4
    vertex -8.355110168 -14.79835987 14.10000038
  endloop
endfacet
facet normal -0.4052413865 -0.9142097235 -0
  outer loop
    vertex -8.355110168 -14.79835987 14.10000038
    vertex -8.355110168 -14.79835987 4
    vertex -8.265366554 -14.83814049 14.10000038
  endloop
endfacet
facet normal -0.3598935727 -0.9329933635 -0
  outer loop
    vertex -8.265366554 -14.83814049 14.10000038
    vertex -8.265366554 -14.83814049 4
    vertex -8.173779488 -14.87346935 14.10000038
  endloop
endfacet
facet normal -0.4929005471 -0.8700856571 -0
  outer loop
    vertex -8.528205872 -14.7058382 14.10000038
    vertex -8.528205872 -14.7058382 4
    vertex -8.442793846 -14.75422382 14.10000038
  endloop
endfacet
facet normal -0.3136793415 -0.9495289731 -0
  outer loop
    vertex -8.173779488 -14.87346935 14.10000038
    vertex -8.173779488 -14.87346935 4
    vertex -8.080569267 -14.90426159 14.10000038
  endloop
endfacet
facet normal -0.2667165248 -0.9637750232 -0
  outer loop
    vertex -8.080569267 -14.90426159 14.10000038
    vertex -8.080569267 -14.90426159 4
    vertex -7.985960484 -14.93044376 14.10000038
  endloop
endfacet
facet normal -0.2191024235 -0.9757018643 -0
  outer loop
    vertex -7.985960484 -14.93044376 14.10000038
    vertex -7.985960484 -14.93044376 4
    vertex -7.890180588 -14.95195198 14.10000038
  endloop
endfacet
facet normal -0.7572099592 -0.653171553 -0
  outer loop
    vertex -9.046020508 -14.25916767 14.10000038
    vertex -9.046020508 -14.25916767 4
    vertex -8.981902122 -14.33349895 14.10000038
  endloop
endfacet
facet normal -0.8175850262 -0.5758078889 -0
  outer loop
    vertex -9.162939072 -14.10152149 14.10000038
    vertex -9.162939072 -14.10152149 4
    vertex -9.106414795 -14.18177986 14.10000038
  endloop
endfacet
facet normal -0.7883452042 -0.6152331582 -0
  outer loop
    vertex -9.046020508 -14.25916767 14.10000038
    vertex -9.106414795 -14.18177986 14.10000038
    vertex -9.106414795 -14.18177986 4
  endloop
endfacet
facet normal -0.7242448915 -0.6895428465 -0
  outer loop
    vertex -8.914213181 -14.40459442 14.10000038
    vertex -8.981902122 -14.33349895 14.10000038
    vertex -8.981902122 -14.33349895 4
  endloop
endfacet
facet normal -0.6895428465 -0.7242448915 -0
  outer loop
    vertex -8.914213181 -14.40459442 14.10000038
    vertex -8.914213181 -14.40459442 4
    vertex -8.843117714 -14.47228336 14.10000038
  endloop
endfacet
facet normal -0.9972906617 -0.07356178355 -0
  outer loop
    vertex -9.490369797 -13.18641567 14.10000038
    vertex -9.497591019 -13.08851624 14.10000038
    vertex -9.497591019 -13.08851624 4
  endloop
endfacet
facet normal -0.9996988431 -0.02454023515 -0
  outer loop
    vertex -9.497591019 -13.08851624 14.10000038
    vertex -9.5 -12.99038124 14.10000038
    vertex -9.5 -12.99038124 4
  endloop
endfacet
facet normal -0.9996988489 0.02453999682 0
  outer loop
    vertex -9.5 -12.99038124 14.10000038
    vertex -9.497591019 -12.89224529 14.10000038
    vertex -9.497591019 -12.89224529 4
  endloop
endfacet
facet normal -0.9972906092 0.07356249628 0
  outer loop
    vertex -9.497591019 -12.89224529 14.10000038
    vertex -9.490369797 -12.79434681 14.10000038
    vertex -9.490369797 -12.79434681 4
  endloop
endfacet
facet normal -0.9924784851 0.1224191837 0
  outer loop
    vertex -9.490369797 -12.79434681 14.10000038
    vertex -9.478352547 -12.69692039 14.10000038
    vertex -9.478352547 -12.69692039 4
  endloop
endfacet
facet normal -0.9852787754 0.1709553591 0
  outer loop
    vertex -9.478352547 -12.69692039 14.10000038
    vertex -9.46157074 -12.60020065 14.10000038
    vertex -9.46157074 -12.60020065 4
  endloop
endfacet
facet normal -0.9757020975 0.2191013851 0
  outer loop
    vertex -9.46157074 -12.60020065 14.10000038
    vertex -9.440062523 -12.50442028 14.10000038
    vertex -9.440062523 -12.50442028 4
  endloop
endfacet
facet normal -0.9637746777 0.2667177735 0
  outer loop
    vertex -9.440062523 -12.50442028 14.10000038
    vertex -9.413880348 -12.40981197 14.10000038
    vertex -9.413880348 -12.40981197 4
  endloop
endfacet
facet normal -0.9495289731 0.3136793415 0
  outer loop
    vertex -9.413880348 -12.40981197 14.10000038
    vertex -9.383088112 -12.31660175 14.10000038
    vertex -9.383088112 -12.31660175 4
  endloop
endfacet
facet normal -0.9329946218 0.3598903107 0
  outer loop
    vertex -9.383088112 -12.31660175 14.10000038
    vertex -9.347759247 -12.22501373 14.10000038
    vertex -9.347759247 -12.22501373 4
  endloop
endfacet
facet normal -0.9142081281 0.4052449857 0
  outer loop
    vertex -9.347759247 -12.22501373 14.10000038
    vertex -9.30797863 -12.13527107 14.10000038
    vertex -9.30797863 -12.13527107 4
  endloop
endfacet
facet normal -0.8932251478 0.4496096477 0
  outer loop
    vertex -9.30797863 -12.13527107 14.10000038
    vertex -9.263842583 -12.04758739 14.10000038
    vertex -9.263842583 -12.04758739 4
  endloop
endfacet
facet normal -0.8700856571 0.4929005471 0
  outer loop
    vertex -9.263842583 -12.04758739 14.10000038
    vertex -9.215456963 -11.96217537 14.10000038
    vertex -9.215456963 -11.96217537 4
  endloop
endfacet
facet normal -0.8448523024 0.5349996141 0
  outer loop
    vertex -9.215456963 -11.96217537 14.10000038
    vertex -9.162939072 -11.87924099 14.10000038
    vertex -9.162939072 -11.87924099 4
  endloop
endfacet
facet normal -0.8175850262 0.5758078889 0
  outer loop
    vertex -9.162939072 -11.87924099 14.10000038
    vertex -9.106414795 -11.79898262 14.10000038
    vertex -9.106414795 -11.79898262 4
  endloop
endfacet
facet normal -0.7883452042 0.6152331582 0
  outer loop
    vertex -9.106414795 -11.79898262 14.10000038
    vertex -9.046020508 -11.72159481 14.10000038
    vertex -9.046020508 -11.72159481 4
  endloop
endfacet
facet normal -0.7572099592 0.653171553 0
  outer loop
    vertex -9.046020508 -11.72159481 14.10000038
    vertex -8.981902122 -11.64726353 14.10000038
    vertex -8.981902122 -11.64726353 4
  endloop
endfacet
facet normal -0.7242495106 0.6895379949 0
  outer loop
    vertex -8.981902122 -11.64726353 14.10000038
    vertex -8.914213181 -11.57616711 14.10000038
    vertex -8.914213181 -11.57616711 4
  endloop
endfacet
facet normal -0.6895377506 0.7242497432 0
  outer loop
    vertex -8.914213181 -11.57616711 14.10000038
    vertex -8.843117714 -11.50847912 14.10000038
    vertex -8.843117714 -11.50847912 4
  endloop
endfacet
facet normal -0.6531771233 0.7572051543 0
  outer loop
    vertex -8.843117714 -11.50847912 14.10000038
    vertex -8.76878643 -11.44435978 14.10000038
    vertex -8.76878643 -11.44435978 4
  endloop
endfacet
facet normal -0.6152271204 0.7883499162 0
  outer loop
    vertex -8.76878643 -11.44435978 14.10000038
    vertex -8.691398621 -11.38396645 14.10000038
    vertex -8.691398621 -11.38396645 4
  endloop
endfacet
facet normal -0.5758078889 0.8175850262 0
  outer loop
    vertex -8.691398621 -11.38396645 14.10000038
    vertex -8.611140251 -11.32744217 14.10000038
    vertex -8.611140251 -11.32744217 4
  endloop
endfacet
facet normal -0.5349996141 0.8448523024 0
  outer loop
    vertex -8.611140251 -11.32744217 14.10000038
    vertex -8.528205872 -11.27492428 14.10000038
    vertex -8.528205872 -11.27492428 4
  endloop
endfacet
facet normal -0.4929005471 0.8700856571 0
  outer loop
    vertex -8.528205872 -11.27492428 14.10000038
    vertex -8.442793846 -11.22653866 14.10000038
    vertex -8.442793846 -11.22653866 4
  endloop
endfacet
facet normal -0.4496096477 0.8932251478 0
  outer loop
    vertex -8.442793846 -11.22653866 14.10000038
    vertex -8.355110168 -11.18240261 14.10000038
    vertex -8.355110168 -11.18240261 4
  endloop
endfacet
facet normal -0.4052413865 0.9142097235 0
  outer loop
    vertex -8.355110168 -11.18240261 14.10000038
    vertex -8.265366554 -11.14262199 14.10000038
    vertex -8.265366554 -11.14262199 4
  endloop
endfacet
facet normal -0.3598935727 0.9329933635 0
  outer loop
    vertex -8.265366554 -11.14262199 14.10000038
    vertex -8.173779488 -11.10729313 14.10000038
    vertex -8.173779488 -11.10729313 4
  endloop
endfacet
facet normal -0.3136881006 0.9495260794 0
  outer loop
    vertex -8.173779488 -11.10729313 14.10000038
    vertex -8.080569267 -11.07649994 14.10000038
    vertex -8.080569267 -11.07649994 4
  endloop
endfacet
facet normal -0.2667075009 0.9637775205 0
  outer loop
    vertex -8.080569267 -11.07649994 14.10000038
    vertex -7.985960484 -11.05031872 14.10000038
    vertex -7.985960484 -11.05031872 4
  endloop
endfacet
facet normal -0.2191024235 0.9757018643 0
  outer loop
    vertex -7.985960484 -11.05031872 14.10000038
    vertex -7.890180588 -11.0288105 14.10000038
    vertex -7.890180588 -11.0288105 4
  endloop
endfacet
facet normal -0.1709553591 -0.9852787754 -0
  outer loop
    vertex -7.890180588 -14.95195198 14.10000038
    vertex -7.890180588 -14.95195198 4
    vertex -7.793460846 -14.96873379 14.10000038
  endloop
endfacet
facet normal -0.1224096143 -0.9924796655 -0
  outer loop
    vertex -7.793460846 -14.96873379 14.10000038
    vertex -7.793460846 -14.96873379 4
    vertex -7.696034431 -14.98075008 14.10000038
  endloop
endfacet
facet normal -0.07357180235 -0.9972899227 -0
  outer loop
    vertex -7.696034431 -14.98075008 14.10000038
    vertex -7.696034431 -14.98075008 4
    vertex -7.598135471 -14.98797226 14.10000038
  endloop
endfacet
facet normal -0.02454011598 -0.999698846 -0
  outer loop
    vertex -7.598135471 -14.98797226 14.10000038
    vertex -7.598135471 -14.98797226 4
    vertex -7.5 -14.99038124 14.10000038
  endloop
endfacet
facet normal 0.02454011598 -0.999698846 0
  outer loop
    vertex -7.5 -14.99038124 14.10000038
    vertex -7.5 -14.99038124 4
    vertex -7.401864529 -14.98797226 14.10000038
  endloop
endfacet
facet normal 0.07357180235 -0.9972899227 0
  outer loop
    vertex -7.401864529 -14.98797226 14.10000038
    vertex -7.401864529 -14.98797226 4
    vertex -7.303965569 -14.98075008 14.10000038
  endloop
endfacet
facet normal 0.1224096143 -0.9924796655 0
  outer loop
    vertex -7.303965569 -14.98075008 14.10000038
    vertex -7.303965569 -14.98075008 4
    vertex -7.206539154 -14.96873379 14.10000038
  endloop
endfacet
facet normal 0.1709553591 -0.9852787754 0
  outer loop
    vertex -7.206539154 -14.96873379 14.10000038
    vertex -7.206539154 -14.96873379 4
    vertex -7.109819412 -14.95195198 14.10000038
  endloop
endfacet
facet normal 0.2191024235 -0.9757018643 0
  outer loop
    vertex -7.109819412 -14.95195198 14.10000038
    vertex -7.109819412 -14.95195198 4
    vertex -7.014039516 -14.93044376 14.10000038
  endloop
endfacet
facet normal 0.2667165248 -0.9637750232 0
  outer loop
    vertex -7.014039516 -14.93044376 14.10000038
    vertex -7.014039516 -14.93044376 4
    vertex -6.919430733 -14.90426159 14.10000038
  endloop
endfacet
facet normal 0.3136793415 -0.9495289731 0
  outer loop
    vertex -6.919430733 -14.90426159 14.10000038
    vertex -6.919430733 -14.90426159 4
    vertex -6.826220512 -14.87346935 14.10000038
  endloop
endfacet
facet normal 0.3598919417 -0.9329939926 0
  outer loop
    vertex -6.826220512 -14.87346935 14.10000038
    vertex -6.826220512 -14.87346935 4
    vertex -6.734632969 -14.83814049 14.10000038
  endloop
endfacet
facet normal 0.4052431861 -0.9142089258 0
  outer loop
    vertex -6.734632969 -14.83814049 14.10000038
    vertex -6.734632969 -14.83814049 4
    vertex -6.644889832 -14.79835987 14.10000038
  endloop
endfacet
facet normal 0.4496115985 -0.8932241659 0
  outer loop
    vertex -6.644889832 -14.79835987 14.10000038
    vertex -6.644889832 -14.79835987 4
    vertex -6.557206631 -14.75422382 14.10000038
  endloop
endfacet
facet normal 0.4929005471 -0.8700856571 0
  outer loop
    vertex -6.557206631 -14.75422382 14.10000038
    vertex -6.557206631 -14.75422382 4
    vertex -6.471794605 -14.7058382 14.10000038
  endloop
endfacet
facet normal 0.5349974185 -0.8448536928 0
  outer loop
    vertex -6.471794605 -14.7058382 14.10000038
    vertex -6.471794605 -14.7058382 4
    vertex -6.388859749 -14.65332031 14.10000038
  endloop
endfacet
facet normal 0.5758078889 -0.8175850262 0
  outer loop
    vertex -6.388859749 -14.65332031 14.10000038
    vertex -6.388859749 -14.65332031 4
    vertex -6.308601379 -14.59679604 14.10000038
  endloop
endfacet
facet normal 0.6152331582 -0.7883452042 0
  outer loop
    vertex -6.308601379 -14.59679604 14.10000038
    vertex -6.308601379 -14.59679604 4
    vertex -6.23121357 -14.53640175 14.10000038
  endloop
endfacet
facet normal 0.653171553 -0.7572099592 0
  outer loop
    vertex -6.23121357 -14.53640175 14.10000038
    vertex -6.23121357 -14.53640175 4
    vertex -6.156882286 -14.47228336 14.10000038
  endloop
endfacet
facet normal 0.6895404207 -0.7242472011 0
  outer loop
    vertex -6.156882286 -14.47228336 14.10000038
    vertex -6.156882286 -14.47228336 4
    vertex -6.085786343 -14.40459442 14.10000038
  endloop
endfacet
facet normal 0.7242473173 -0.6895402986 0
  outer loop
    vertex -6.085786343 -14.40459442 14.10000038
    vertex -6.085786343 -14.40459442 4
    vertex -6.018097878 -14.33349895 14.10000038
  endloop
endfacet
facet normal 0.7572075567 -0.6531743382 0
  outer loop
    vertex -6.018097878 -14.33349895 14.10000038
    vertex -6.018097878 -14.33349895 4
    vertex -5.953979015 -14.25916767 14.10000038
  endloop
endfacet
facet normal 0.7883452042 -0.6152331582 0
  outer loop
    vertex -5.953979015 -14.25916767 14.10000038
    vertex -5.953979015 -14.25916767 4
    vertex -5.893584728 -14.18177986 14.10000038
  endloop
endfacet
facet normal 0.817587313 -0.5758046419 0
  outer loop
    vertex -5.893584728 -14.18177986 14.10000038
    vertex -5.893584728 -14.18177986 4
    vertex -5.837060928 -14.10152149 14.10000038
  endloop
endfacet
facet normal 0.8448528875 -0.5349986901 0
  outer loop
    vertex -5.837060928 -14.10152149 14.10000038
    vertex -5.837060928 -14.10152149 4
    vertex -5.784542561 -14.01858616 14.10000038
  endloop
endfacet
facet normal 0.8700877403 -0.4928968697 0
  outer loop
    vertex -5.784542561 -14.01858616 14.10000038
    vertex -5.784542561 -14.01858616 4
    vertex -5.736157417 -13.93317413 14.10000038
  endloop
endfacet
facet normal 0.8932231839 -0.4496135493 0
  outer loop
    vertex -5.736157417 -13.93317413 14.10000038
    vertex -5.736157417 -13.93317413 4
    vertex -5.69202137 -13.84549141 14.10000038
  endloop
endfacet
facet normal 0.9142097235 -0.4052413865 0
  outer loop
    vertex -5.69202137 -13.84549141 14.10000038
    vertex -5.69202137 -13.84549141 4
    vertex -5.652240753 -13.7557478 14.10000038
  endloop
endfacet
facet normal 0.9329933635 -0.3598935727 0
  outer loop
    vertex -5.652240753 -13.7557478 14.10000038
    vertex -5.652240753 -13.7557478 4
    vertex -5.616911888 -13.66416073 14.10000038
  endloop
endfacet
facet normal 0.9495275263 -0.3136837211 0
  outer loop
    vertex -5.616911888 -13.66416073 14.10000038
    vertex -5.616911888 -13.66416073 4
    vertex -5.586119175 -13.57095051 14.10000038
  endloop
endfacet
facet normal 0.9637766174 -0.2667107642 0
  outer loop
    vertex -5.586119175 -13.57095051 14.10000038
    vertex -5.586119175 -13.57095051 4
    vertex -5.559937477 -13.47634125 14.10000038
  endloop
endfacet
facet normal 0.9757016311 -0.2191034619 0
  outer loop
    vertex -5.559937477 -13.47634125 14.10000038
    vertex -5.559937477 -13.47634125 4
    vertex -5.53842926 -13.38056183 14.10000038
  endloop
endfacet
facet normal 0.9852779572 -0.1709600747 0
  outer loop
    vertex -5.53842926 -13.38056183 14.10000038
    vertex -5.53842926 -13.38056183 4
    vertex -5.521646976 -13.28384209 14.10000038
  endloop
endfacet
facet normal 0.9924796655 -0.1224096143 0
  outer loop
    vertex -5.521646976 -13.28384209 14.10000038
    vertex -5.521646976 -13.28384209 4
    vertex -5.50963068 -13.18641567 14.10000038
  endloop
endfacet
facet normal 0.9972903054 -0.07356661475 0
  outer loop
    vertex -5.50963068 -13.18641567 14.10000038
    vertex -5.50963068 -13.18641567 4
    vertex -5.502408981 -13.08851624 14.10000038
  endloop
endfacet
facet normal -0.1709647902 0.9852771389 0
  outer loop
    vertex -7.890180588 -11.0288105 14.10000038
    vertex -7.793460846 -11.01202774 14.10000038
    vertex -7.793460846 -11.01202774 4
  endloop
endfacet
facet normal -0.1224096143 0.9924796655 0
  outer loop
    vertex -7.793460846 -11.01202774 14.10000038
    vertex -7.696034431 -11.00001144 14.10000038
    vertex -7.696034431 -11.00001144 4
  endloop
endfacet
facet normal -0.07356213991 0.9972906355 0
  outer loop
    vertex -7.696034431 -11.00001144 14.10000038
    vertex -7.598135471 -10.99279022 14.10000038
    vertex -7.598135471 -10.99279022 4
  endloop
endfacet
facet normal -0.02454011598 0.999698846 0
  outer loop
    vertex -7.598135471 -10.99279022 14.10000038
    vertex -7.5 -10.99038124 14.10000038
    vertex -7.5 -10.99038124 4
  endloop
endfacet
facet normal 0.02454011598 0.999698846 0
  outer loop
    vertex -7.5 -10.99038124 14.10000038
    vertex -7.401864529 -10.99279022 14.10000038
    vertex -7.401864529 -10.99279022 4
  endloop
endfacet
facet normal 0.07356213991 0.9972906355 0
  outer loop
    vertex -7.401864529 -10.99279022 14.10000038
    vertex -7.303965569 -11.00001144 14.10000038
    vertex -7.303965569 -11.00001144 4
  endloop
endfacet
facet normal 0.1224096143 0.9924796655 0
  outer loop
    vertex -7.303965569 -11.00001144 14.10000038
    vertex -7.206539154 -11.01202774 14.10000038
    vertex -7.206539154 -11.01202774 4
  endloop
endfacet
facet normal 0.4052431861 0.9142089258 0
  outer loop
    vertex -6.734632969 -11.14262199 14.10000038
    vertex -6.644889832 -11.18240261 14.10000038
    vertex -6.644889832 -11.18240261 4
  endloop
endfacet
facet normal 0.4496115985 0.8932241659 0
  outer loop
    vertex -6.644889832 -11.18240261 14.10000038
    vertex -6.557206631 -11.22653866 14.10000038
    vertex -6.557206631 -11.22653866 4
  endloop
endfacet
facet normal 0.1709647902 0.9852771389 0
  outer loop
    vertex -7.206539154 -11.01202774 14.10000038
    vertex -7.109819412 -11.0288105 14.10000038
    vertex -7.109819412 -11.0288105 4
  endloop
endfacet
facet normal 0.2191024235 0.9757018643 0
  outer loop
    vertex -7.109819412 -11.0288105 14.10000038
    vertex -7.014039516 -11.05031872 14.10000038
    vertex -7.014039516 -11.05031872 4
  endloop
endfacet
facet normal 0.2667075009 0.9637775205 0
  outer loop
    vertex -7.014039516 -11.05031872 14.10000038
    vertex -6.919430733 -11.07649994 14.10000038
    vertex -6.919430733 -11.07649994 4
  endloop
endfacet
facet normal 0.3136881006 0.9495260794 0
  outer loop
    vertex -6.919430733 -11.07649994 14.10000038
    vertex -6.826220512 -11.10729313 14.10000038
    vertex -6.826220512 -11.10729313 4
  endloop
endfacet
facet normal 0.3598919417 0.9329939926 0
  outer loop
    vertex -6.826220512 -11.10729313 14.10000038
    vertex -6.734632969 -11.14262199 14.10000038
    vertex -6.734632969 -11.14262199 4
  endloop
endfacet
facet normal 0.9996988431 -0.02454023515 0
  outer loop
    vertex -5.502408981 -13.08851624 14.10000038
    vertex -5.502408981 -13.08851624 4
    vertex -5.5 -12.99038124 14.10000038
  endloop
endfacet
facet normal 0.9996988489 0.02453999682 0
  outer loop
    vertex -5.5 -12.99038124 14.10000038
    vertex -5.5 -12.99038124 4
    vertex -5.502408981 -12.89224529 14.10000038
  endloop
endfacet
facet normal 0.9972902528 0.07356732752 0
  outer loop
    vertex -5.502408981 -12.89224529 14.10000038
    vertex -5.502408981 -12.89224529 4
    vertex -5.50963068 -12.79434681 14.10000038
  endloop
endfacet
facet normal 0.9924796655 0.1224096143 0
  outer loop
    vertex -5.50963068 -12.79434681 14.10000038
    vertex -5.50963068 -12.79434681 4
    vertex -5.521646976 -12.69692039 14.10000038
  endloop
endfacet
facet normal 0.9852779572 0.1709600747 0
  outer loop
    vertex -5.521646976 -12.69692039 14.10000038
    vertex -5.521646976 -12.69692039 4
    vertex -5.53842926 -12.60020065 14.10000038
  endloop
endfacet
facet normal 0.9757020975 0.2191013851 0
  outer loop
    vertex -5.53842926 -12.60020065 14.10000038
    vertex -5.53842926 -12.60020065 4
    vertex -5.559937477 -12.50442028 14.10000038
  endloop
endfacet
facet normal 0.9637759263 0.2667132615 0
  outer loop
    vertex -5.559937477 -12.50442028 14.10000038
    vertex -5.559937477 -12.50442028 4
    vertex -5.586119175 -12.40981197 14.10000038
  endloop
endfacet
facet normal 0.9495275263 0.3136837211 0
  outer loop
    vertex -5.586119175 -12.40981197 14.10000038
    vertex -5.586119175 -12.40981197 4
    vertex -5.616911888 -12.31660175 14.10000038
  endloop
endfacet
facet normal 0.9142081281 0.4052449857 0
  outer loop
    vertex -5.69202137 -12.13527107 14.10000038
    vertex -5.652240753 -12.22501373 14.10000038
    vertex -5.652240753 -12.22501373 4
  endloop
endfacet
facet normal 0.9329946218 0.3598903107 0
  outer loop
    vertex -5.616911888 -12.31660175 14.10000038
    vertex -5.616911888 -12.31660175 4
    vertex -5.652240753 -12.22501373 14.10000038
  endloop
endfacet
facet normal 0.8700877403 0.4928968697 0
  outer loop
    vertex -5.736157417 -12.04758739 14.10000038
    vertex -5.736157417 -12.04758739 4
    vertex -5.784542561 -11.96217537 14.10000038
  endloop
endfacet
facet normal 0.817587313 0.5758046419 0
  outer loop
    vertex -5.893584728 -11.79898262 14.10000038
    vertex -5.837060928 -11.87924099 14.10000038
    vertex -5.837060928 -11.87924099 4
  endloop
endfacet
facet normal 0.8448501068 0.5350030813 0
  outer loop
    vertex -5.837060928 -11.87924099 14.10000038
    vertex -5.784542561 -11.96217537 14.10000038
    vertex -5.784542561 -11.96217537 4
  endloop
endfacet
facet normal 0.8932251478 0.4496096477 0
  outer loop
    vertex -5.69202137 -12.13527107 14.10000038
    vertex -5.69202137 -12.13527107 4
    vertex -5.736157417 -12.04758739 14.10000038
  endloop
endfacet
facet normal 0.4929005471 0.8700856571 0
  outer loop
    vertex -6.557206631 -11.22653866 14.10000038
    vertex -6.471794605 -11.27492428 14.10000038
    vertex -6.471794605 -11.27492428 4
  endloop
endfacet
facet normal 0.5349974185 0.8448536928 0
  outer loop
    vertex -6.471794605 -11.27492428 14.10000038
    vertex -6.388859749 -11.32744217 14.10000038
    vertex -6.388859749 -11.32744217 4
  endloop
endfacet
facet normal 0.5758078889 0.8175850262 0
  outer loop
    vertex -6.388859749 -11.32744217 14.10000038
    vertex -6.308601379 -11.38396645 14.10000038
    vertex -6.308601379 -11.38396645 4
  endloop
endfacet
facet normal 0.6152271204 0.7883499162 0
  outer loop
    vertex -6.308601379 -11.38396645 14.10000038
    vertex -6.23121357 -11.44435978 14.10000038
    vertex -6.23121357 -11.44435978 4
  endloop
endfacet
facet normal 0.6531771233 0.7572051543 0
  outer loop
    vertex -6.156882286 -11.50847912 14.10000038
    vertex -6.156882286 -11.50847912 4
    vertex -6.23121357 -11.44435978 14.10000038
  endloop
endfacet
facet normal 0.6895353248 0.7242520527 0
  outer loop
    vertex -6.156882286 -11.50847912 14.10000038
    vertex -6.085786343 -11.57616711 14.10000038
    vertex -6.085786343 -11.57616711 4
  endloop
endfacet
facet normal 0.7883452042 0.6152331582 0
  outer loop
    vertex -5.893584728 -11.79898262 14.10000038
    vertex -5.893584728 -11.79898262 4
    vertex -5.953979015 -11.72159481 14.10000038
  endloop
endfacet
facet normal 0.7572075567 0.6531743382 0
  outer loop
    vertex -6.018097878 -11.64726353 14.10000038
    vertex -5.953979015 -11.72159481 14.10000038
    vertex -5.953979015 -11.72159481 4
  endloop
endfacet
facet normal 0.7242519364 0.6895354469 0
  outer loop
    vertex -6.018097878 -11.64726353 14.10000038
    vertex -6.018097878 -11.64726353 4
    vertex -6.085786343 -11.57616711 14.10000038
  endloop
endfacet
facet normal 0 -0 1
  outer loop
    vertex -9.046020508 -14.25916767 14.10000038
    vertex -7.5 -12.99038124 14.10000038
    vertex -9.106414795 -14.18177986 14.10000038
  endloop
endfacet
facet normal 0 -0 1
  outer loop
    vertex -9.347759247 -13.7557478 14.10000038
    vertex -7.5 -12.99038124 14.10000038
    vertex -9.383088112 -13.66416073 14.10000038
  endloop
endfacet
facet normal -0 0 1
  outer loop
    vertex -9.347759247 -13.7557478 14.10000038
    vertex -9.30797863 -13.84549141 14.10000038
    vertex -7.5 -12.99038124 14.10000038
  endloop
endfacet
facet normal -0 0 1
  outer loop
    vertex -9.215456963 -14.01858616 14.10000038
    vertex -9.162939072 -14.10152149 14.10000038
    vertex -7.5 -12.99038124 14.10000038
  endloop
endfacet
facet normal 0 -0 1
  outer loop
    vertex -9.215456963 -14.01858616 14.10000038
    vertex -7.5 -12.99038124 14.10000038
    vertex -9.263842583 -13.93317413 14.10000038
  endloop
endfacet
facet normal -0 0 1
  outer loop
    vertex -9.162939072 -14.10152149 14.10000038
    vertex -9.106414795 -14.18177986 14.10000038
    vertex -7.5 -12.99038124 14.10000038
  endloop
endfacet
facet normal 0 -0 1
  outer loop
    vertex -9.263842583 -13.93317413 14.10000038
    vertex -7.5 -12.99038124 14.10000038
    vertex -9.30797863 -13.84549141 14.10000038
  endloop
endfacet
facet normal 0 -0 1
  outer loop
    vertex -9.413880348 -13.57095051 14.10000038
    vertex -7.5 -12.99038124 14.10000038
    vertex -9.440062523 -13.47634125 14.10000038
  endloop
endfacet
facet normal 0 -0 1
  outer loop
    vertex -9.383088112 -13.66416073 14.10000038
    vertex -7.5 -12.99038124 14.10000038
    vertex -9.413880348 -13.57095051 14.10000038
  endloop
endfacet
facet normal 0 -0 1
  outer loop
    vertex -9.440062523 -13.47634125 14.10000038
    vertex -7.5 -12.99038124 14.10000038
    vertex -9.46157074 -13.38056183 14.10000038
  endloop
endfacet
facet normal 0 -0 1
  outer loop
    vertex -9.46157074 -13.38056183 14.10000038
    vertex -7.5 -12.99038124 14.10000038
    vertex -9.478352547 -13.28384209 14.10000038
  endloop
endfacet
facet normal 0 -0 1
  outer loop
    vertex -9.478352547 -13.28384209 14.10000038
    vertex -7.5 -12.99038124 14.10000038
    vertex -9.490369797 -13.18641567 14.10000038
  endloop
endfacet
facet normal -0 0 1
  outer loop
    vertex -8.611140251 -14.65332031 14.10000038
    vertex -8.528205872 -14.7058382 14.10000038
    vertex -7.5 -12.99038124 14.10000038
  endloop
endfacet
facet normal -0 0 1
  outer loop
    vertex -8.914213181 -14.40459442 14.10000038
    vertex -8.843117714 -14.47228336 14.10000038
    vertex -7.5 -12.99038124 14.10000038
  endloop
endfacet
facet normal 0 -0 1
  outer loop
    vertex -8.76878643 -14.53640175 14.10000038
    vertex -7.5 -12.99038124 14.10000038
    vertex -8.843117714 -14.47228336 14.10000038
  endloop
endfacet
facet normal 0 -0 1
  outer loop
    vertex -8.914213181 -14.40459442 14.10000038
    vertex -7.5 -12.99038124 14.10000038
    vertex -8.981902122 -14.33349895 14.10000038
  endloop
endfacet
facet normal -0 0 1
  outer loop
    vertex -9.046020508 -14.25916767 14.10000038
    vertex -8.981902122 -14.33349895 14.10000038
    vertex -7.5 -12.99038124 14.10000038
  endloop
endfacet
facet normal -0 0 1
  outer loop
    vertex -8.76878643 -14.53640175 14.10000038
    vertex -8.691398621 -14.59679604 14.10000038
    vertex -7.5 -12.99038124 14.10000038
  endloop
endfacet
facet normal -0 0 1
  outer loop
    vertex -8.691398621 -14.59679604 14.10000038
    vertex -8.611140251 -14.65332031 14.10000038
    vertex -7.5 -12.99038124 14.10000038
  endloop
endfacet
facet normal -0 0 1
  outer loop
    vertex -8.528205872 -14.7058382 14.10000038
    vertex -8.442793846 -14.75422382 14.10000038
    vertex -7.5 -12.99038124 14.10000038
  endloop
endfacet
facet normal -0 0 1
  outer loop
    vertex -8.355110168 -14.79835987 14.10000038
    vertex -8.265366554 -14.83814049 14.10000038
    vertex -7.5 -12.99038124 14.10000038
  endloop
endfacet
facet normal -0 0 1
  outer loop
    vertex -8.442793846 -14.75422382 14.10000038
    vertex -8.355110168 -14.79835987 14.10000038
    vertex -7.5 -12.99038124 14.10000038
  endloop
endfacet
facet normal -0 0 1
  outer loop
    vertex -8.265366554 -14.83814049 14.10000038
    vertex -8.173779488 -14.87346935 14.10000038
    vertex -7.5 -12.99038124 14.10000038
  endloop
endfacet
facet normal -0 0 1
  outer loop
    vertex -8.173779488 -14.87346935 14.10000038
    vertex -8.080569267 -14.90426159 14.10000038
    vertex -7.5 -12.99038124 14.10000038
  endloop
endfacet
facet normal 0 -0 1
  outer loop
    vertex -9.490369797 -13.18641567 14.10000038
    vertex -7.5 -12.99038124 14.10000038
    vertex -9.497591019 -13.08851624 14.10000038
  endloop
endfacet
facet normal 0 -0 1
  outer loop
    vertex -9.497591019 -13.08851624 14.10000038
    vertex -7.5 -12.99038124 14.10000038
    vertex -9.5 -12.99038124 14.10000038
  endloop
endfacet
facet normal 0 -0 1
  outer loop
    vertex -9.5 -12.99038124 14.10000038
    vertex -7.5 -12.99038124 14.10000038
    vertex -9.497591019 -12.89224529 14.10000038
  endloop
endfacet
facet normal -0 -0 1
  outer loop
    vertex -9.497591019 -12.89224529 14.10000038
    vertex -7.5 -12.99038124 14.10000038
    vertex -9.490369797 -12.79434681 14.10000038
  endloop
endfacet
facet normal -0 -0 1
  outer loop
    vertex -9.490369797 -12.79434681 14.10000038
    vertex -7.5 -12.99038124 14.10000038
    vertex -9.478352547 -12.69692039 14.10000038
  endloop
endfacet
facet normal -0 -0 1
  outer loop
    vertex -9.478352547 -12.69692039 14.10000038
    vertex -7.5 -12.99038124 14.10000038
    vertex -9.46157074 -12.60020065 14.10000038
  endloop
endfacet
facet normal -0 -0 1
  outer loop
    vertex -9.46157074 -12.60020065 14.10000038
    vertex -7.5 -12.99038124 14.10000038
    vertex -9.440062523 -12.50442028 14.10000038
  endloop
endfacet
facet normal -0 -0 1
  outer loop
    vertex -9.440062523 -12.50442028 14.10000038
    vertex -7.5 -12.99038124 14.10000038
    vertex -9.413880348 -12.40981197 14.10000038
  endloop
endfacet
facet normal -0 -0 1
  outer loop
    vertex -9.413880348 -12.40981197 14.10000038
    vertex -7.5 -12.99038124 14.10000038
    vertex -9.383088112 -12.31660175 14.10000038
  endloop
endfacet
facet normal -0 -0 1
  outer loop
    vertex -9.383088112 -12.31660175 14.10000038
    vertex -7.5 -12.99038124 14.10000038
    vertex -9.347759247 -12.22501373 14.10000038
  endloop
endfacet
facet normal -0 -0 1
  outer loop
    vertex -9.347759247 -12.22501373 14.10000038
    vertex -7.5 -12.99038124 14.10000038
    vertex -9.30797863 -12.13527107 14.10000038
  endloop
endfacet
facet normal -0 -0 1
  outer loop
    vertex -9.30797863 -12.13527107 14.10000038
    vertex -7.5 -12.99038124 14.10000038
    vertex -9.263842583 -12.04758739 14.10000038
  endloop
endfacet
facet normal -0 -0 1
  outer loop
    vertex -9.263842583 -12.04758739 14.10000038
    vertex -7.5 -12.99038124 14.10000038
    vertex -9.215456963 -11.96217537 14.10000038
  endloop
endfacet
facet normal -0 -0 1
  outer loop
    vertex -9.215456963 -11.96217537 14.10000038
    vertex -7.5 -12.99038124 14.10000038
    vertex -9.162939072 -11.87924099 14.10000038
  endloop
endfacet
facet normal -0 -0 1
  outer loop
    vertex -9.162939072 -11.87924099 14.10000038
    vertex -7.5 -12.99038124 14.10000038
    vertex -9.106414795 -11.79898262 14.10000038
  endloop
endfacet
facet normal -0 -0 1
  outer loop
    vertex -9.106414795 -11.79898262 14.10000038
    vertex -7.5 -12.99038124 14.10000038
    vertex -9.046020508 -11.72159481 14.10000038
  endloop
endfacet
facet normal -0 -0 1
  outer loop
    vertex -9.046020508 -11.72159481 14.10000038
    vertex -7.5 -12.99038124 14.10000038
    vertex -8.981902122 -11.64726353 14.10000038
  endloop
endfacet
facet normal -0 -0 1
  outer loop
    vertex -8.981902122 -11.64726353 14.10000038
    vertex -7.5 -12.99038124 14.10000038
    vertex -8.914213181 -11.57616711 14.10000038
  endloop
endfacet
facet normal -0 -0 1
  outer loop
    vertex -8.914213181 -11.57616711 14.10000038
    vertex -7.5 -12.99038124 14.10000038
    vertex -8.843117714 -11.50847912 14.10000038
  endloop
endfacet
facet normal -0 -0 1
  outer loop
    vertex -8.843117714 -11.50847912 14.10000038
    vertex -7.5 -12.99038124 14.10000038
    vertex -8.76878643 -11.44435978 14.10000038
  endloop
endfacet
facet normal -0 -0 1
  outer loop
    vertex -8.76878643 -11.44435978 14.10000038
    vertex -7.5 -12.99038124 14.10000038
    vertex -8.691398621 -11.38396645 14.10000038
  endloop
endfacet
facet normal -0 -0 1
  outer loop
    vertex -8.691398621 -11.38396645 14.10000038
    vertex -7.5 -12.99038124 14.10000038
    vertex -8.611140251 -11.32744217 14.10000038
  endloop
endfacet
facet normal -0 -0 1
  outer loop
    vertex -8.611140251 -11.32744217 14.10000038
    vertex -7.5 -12.99038124 14.10000038
    vertex -8.528205872 -11.27492428 14.10000038
  endloop
endfacet
facet normal -0 -0 1
  outer loop
    vertex -8.528205872 -11.27492428 14.10000038
    vertex -7.5 -12.99038124 14.10000038
    vertex -8.442793846 -11.22653866 14.10000038
  endloop
endfacet
facet normal -0 -0 1
  outer loop
    vertex -8.442793846 -11.22653866 14.10000038
    vertex -7.5 -12.99038124 14.10000038
    vertex -8.355110168 -11.18240261 14.10000038
  endloop
endfacet
facet normal -0 -0 1
  outer loop
    vertex -8.355110168 -11.18240261 14.10000038
    vertex -7.5 -12.99038124 14.10000038
    vertex -8.265366554 -11.14262199 14.10000038
  endloop
endfacet
facet normal -0 -0 1
  outer loop
    vertex -8.265366554 -11.14262199 14.10000038
    vertex -7.5 -12.99038124 14.10000038
    vertex -8.173779488 -11.10729313 14.10000038
  endloop
endfacet
facet normal -0 -0 1
  outer loop
    vertex -8.173779488 -11.10729313 14.10000038
    vertex -7.5 -12.99038124 14.10000038
    vertex -8.080569267 -11.07649994 14.10000038
  endloop
endfacet
facet normal -0 0 1
  outer loop
    vertex -8.080569267 -14.90426159 14.10000038
    vertex -7.985960484 -14.93044376 14.10000038
    vertex -7.5 -12.99038124 14.10000038
  endloop
endfacet
facet normal -0 0 1
  outer loop
    vertex -7.985960484 -14.93044376 14.10000038
    vertex -7.890180588 -14.95195198 14.10000038
    vertex -7.5 -12.99038124 14.10000038
  endloop
endfacet
facet normal -0 0 1
  outer loop
    vertex -7.890180588 -14.95195198 14.10000038
    vertex -7.793460846 -14.96873379 14.10000038
    vertex -7.5 -12.99038124 14.10000038
  endloop
endfacet
facet normal -0 0 1
  outer loop
    vertex -7.793460846 -14.96873379 14.10000038
    vertex -7.696034431 -14.98075008 14.10000038
    vertex -7.5 -12.99038124 14.10000038
  endloop
endfacet
facet normal -0 0 1
  outer loop
    vertex -7.696034431 -14.98075008 14.10000038
    vertex -7.598135471 -14.98797226 14.10000038
    vertex -7.5 -12.99038124 14.10000038
  endloop
endfacet
facet normal -0 0 1
  outer loop
    vertex -7.598135471 -14.98797226 14.10000038
    vertex -7.5 -14.99038124 14.10000038
    vertex -7.5 -12.99038124 14.10000038
  endloop
endfacet
facet normal 0 -0 1
  outer loop
    vertex -7.5 -14.99038124 14.10000038
    vertex -7.401864529 -14.98797226 14.10000038
    vertex -7.5 -12.99038124 14.10000038
  endloop
endfacet
facet normal 0 -0 1
  outer loop
    vertex -7.401864529 -14.98797226 14.10000038
    vertex -7.303965569 -14.98075008 14.10000038
    vertex -7.5 -12.99038124 14.10000038
  endloop
endfacet
facet normal 0 -0 1
  outer loop
    vertex -7.303965569 -14.98075008 14.10000038
    vertex -7.206539154 -14.96873379 14.10000038
    vertex -7.5 -12.99038124 14.10000038
  endloop
endfacet
facet normal 0 -0 1
  outer loop
    vertex -7.206539154 -14.96873379 14.10000038
    vertex -7.109819412 -14.95195198 14.10000038
    vertex -7.5 -12.99038124 14.10000038
  endloop
endfacet
facet normal 0 -0 1
  outer loop
    vertex -7.109819412 -14.95195198 14.10000038
    vertex -7.014039516 -14.93044376 14.10000038
    vertex -7.5 -12.99038124 14.10000038
  endloop
endfacet
facet normal 0 -0 1
  outer loop
    vertex -7.014039516 -14.93044376 14.10000038
    vertex -6.919430733 -14.90426159 14.10000038
    vertex -7.5 -12.99038124 14.10000038
  endloop
endfacet
facet normal 0 -0 1
  outer loop
    vertex -6.919430733 -14.90426159 14.10000038
    vertex -6.826220512 -14.87346935 14.10000038
    vertex -7.5 -12.99038124 14.10000038
  endloop
endfacet
facet normal 0 -0 1
  outer loop
    vertex -6.826220512 -14.87346935 14.10000038
    vertex -6.734632969 -14.83814049 14.10000038
    vertex -7.5 -12.99038124 14.10000038
  endloop
endfacet
facet normal 0 -0 1
  outer loop
    vertex -6.734632969 -14.83814049 14.10000038
    vertex -6.644889832 -14.79835987 14.10000038
    vertex -7.5 -12.99038124 14.10000038
  endloop
endfacet
facet normal 0 -0 1
  outer loop
    vertex -6.644889832 -14.79835987 14.10000038
    vertex -6.557206631 -14.75422382 14.10000038
    vertex -7.5 -12.99038124 14.10000038
  endloop
endfacet
facet normal 0 -0 1
  outer loop
    vertex -6.557206631 -14.75422382 14.10000038
    vertex -6.471794605 -14.7058382 14.10000038
    vertex -7.5 -12.99038124 14.10000038
  endloop
endfacet
facet normal 0 -0 1
  outer loop
    vertex -6.471794605 -14.7058382 14.10000038
    vertex -6.388859749 -14.65332031 14.10000038
    vertex -7.5 -12.99038124 14.10000038
  endloop
endfacet
facet normal 0 -0 1
  outer loop
    vertex -6.388859749 -14.65332031 14.10000038
    vertex -6.308601379 -14.59679604 14.10000038
    vertex -7.5 -12.99038124 14.10000038
  endloop
endfacet
facet normal 0 -0 1
  outer loop
    vertex -6.308601379 -14.59679604 14.10000038
    vertex -6.23121357 -14.53640175 14.10000038
    vertex -7.5 -12.99038124 14.10000038
  endloop
endfacet
facet normal 0 -0 1
  outer loop
    vertex -6.23121357 -14.53640175 14.10000038
    vertex -6.156882286 -14.47228336 14.10000038
    vertex -7.5 -12.99038124 14.10000038
  endloop
endfacet
facet normal 0 -0 1
  outer loop
    vertex -6.156882286 -14.47228336 14.10000038
    vertex -6.085786343 -14.40459442 14.10000038
    vertex -7.5 -12.99038124 14.10000038
  endloop
endfacet
facet normal 0 -0 1
  outer loop
    vertex -6.085786343 -14.40459442 14.10000038
    vertex -6.018097878 -14.33349895 14.10000038
    vertex -7.5 -12.99038124 14.10000038
  endloop
endfacet
facet normal 0 -0 1
  outer loop
    vertex -6.018097878 -14.33349895 14.10000038
    vertex -5.953979015 -14.25916767 14.10000038
    vertex -7.5 -12.99038124 14.10000038
  endloop
endfacet
facet normal 0 -0 1
  outer loop
    vertex -5.953979015 -14.25916767 14.10000038
    vertex -5.893584728 -14.18177986 14.10000038
    vertex -7.5 -12.99038124 14.10000038
  endloop
endfacet
facet normal 0 -0 1
  outer loop
    vertex -5.893584728 -14.18177986 14.10000038
    vertex -5.837060928 -14.10152149 14.10000038
    vertex -7.5 -12.99038124 14.10000038
  endloop
endfacet
facet normal 0 -0 1
  outer loop
    vertex -5.837060928 -14.10152149 14.10000038
    vertex -5.784542561 -14.01858616 14.10000038
    vertex -7.5 -12.99038124 14.10000038
  endloop
endfacet
facet normal 0 -0 1
  outer loop
    vertex -5.784542561 -14.01858616 14.10000038
    vertex -5.736157417 -13.93317413 14.10000038
    vertex -7.5 -12.99038124 14.10000038
  endloop
endfacet
facet normal 0 -0 1
  outer loop
    vertex -5.736157417 -13.93317413 14.10000038
    vertex -5.69202137 -13.84549141 14.10000038
    vertex -7.5 -12.99038124 14.10000038
  endloop
endfacet
facet normal 0 -0 1
  outer loop
    vertex -5.69202137 -13.84549141 14.10000038
    vertex -5.652240753 -13.7557478 14.10000038
    vertex -7.5 -12.99038124 14.10000038
  endloop
endfacet
facet normal 0 -0 1
  outer loop
    vertex -5.652240753 -13.7557478 14.10000038
    vertex -5.616911888 -13.66416073 14.10000038
    vertex -7.5 -12.99038124 14.10000038
  endloop
endfacet
facet normal 0 -0 1
  outer loop
    vertex -5.616911888 -13.66416073 14.10000038
    vertex -5.586119175 -13.57095051 14.10000038
    vertex -7.5 -12.99038124 14.10000038
  endloop
endfacet
facet normal 0 -0 1
  outer loop
    vertex -5.586119175 -13.57095051 14.10000038
    vertex -5.559937477 -13.47634125 14.10000038
    vertex -7.5 -12.99038124 14.10000038
  endloop
endfacet
facet normal 0 -0 1
  outer loop
    vertex -5.559937477 -13.47634125 14.10000038
    vertex -5.53842926 -13.38056183 14.10000038
    vertex -7.5 -12.99038124 14.10000038
  endloop
endfacet
facet normal 0 -0 1
  outer loop
    vertex -5.53842926 -13.38056183 14.10000038
    vertex -5.521646976 -13.28384209 14.10000038
    vertex -7.5 -12.99038124 14.10000038
  endloop
endfacet
facet normal 0 -0 1
  outer loop
    vertex -5.521646976 -13.28384209 14.10000038
    vertex -5.50963068 -13.18641567 14.10000038
    vertex -7.5 -12.99038124 14.10000038
  endloop
endfacet
facet normal 0 -0 1
  outer loop
    vertex -7.5 -12.99038124 14.10000038
    vertex -6.471794605 -11.27492428 14.10000038
    vertex -6.557206631 -11.22653866 14.10000038
  endloop
endfacet
facet normal 0 -0 1
  outer loop
    vertex -7.5 -12.99038124 14.10000038
    vertex -6.308601379 -11.38396645 14.10000038
    vertex -6.388859749 -11.32744217 14.10000038
  endloop
endfacet
facet normal 0 -0 1
  outer loop
    vertex -7.5 -12.99038124 14.10000038
    vertex -6.388859749 -11.32744217 14.10000038
    vertex -6.471794605 -11.27492428 14.10000038
  endloop
endfacet
facet normal 0 -0 1
  outer loop
    vertex -7.5 -12.99038124 14.10000038
    vertex -6.156882286 -11.50847912 14.10000038
    vertex -6.23121357 -11.44435978 14.10000038
  endloop
endfacet
facet normal 0 -0 1
  outer loop
    vertex -7.5 -12.99038124 14.10000038
    vertex -6.085786343 -11.57616711 14.10000038
    vertex -6.156882286 -11.50847912 14.10000038
  endloop
endfacet
facet normal 0 -0 1
  outer loop
    vertex -7.5 -12.99038124 14.10000038
    vertex -6.23121357 -11.44435978 14.10000038
    vertex -6.308601379 -11.38396645 14.10000038
  endloop
endfacet
facet normal -0 -0 1
  outer loop
    vertex -8.080569267 -11.07649994 14.10000038
    vertex -7.5 -12.99038124 14.10000038
    vertex -7.985960484 -11.05031872 14.10000038
  endloop
endfacet
facet normal -0 -0 1
  outer loop
    vertex -7.985960484 -11.05031872 14.10000038
    vertex -7.5 -12.99038124 14.10000038
    vertex -7.890180588 -11.0288105 14.10000038
  endloop
endfacet
facet normal -0 -0 1
  outer loop
    vertex -7.890180588 -11.0288105 14.10000038
    vertex -7.5 -12.99038124 14.10000038
    vertex -7.793460846 -11.01202774 14.10000038
  endloop
endfacet
facet normal -0 -0 1
  outer loop
    vertex -7.793460846 -11.01202774 14.10000038
    vertex -7.5 -12.99038124 14.10000038
    vertex -7.696034431 -11.00001144 14.10000038
  endloop
endfacet
facet normal -0 -0 1
  outer loop
    vertex -7.696034431 -11.00001144 14.10000038
    vertex -7.5 -12.99038124 14.10000038
    vertex -7.598135471 -10.99279022 14.10000038
  endloop
endfacet
facet normal -0 0 1
  outer loop
    vertex -7.598135471 -10.99279022 14.10000038
    vertex -7.5 -12.99038124 14.10000038
    vertex -7.5 -10.99038124 14.10000038
  endloop
endfacet
facet normal 0 -0 1
  outer loop
    vertex -7.5 -12.99038124 14.10000038
    vertex -7.401864529 -10.99279022 14.10000038
    vertex -7.5 -10.99038124 14.10000038
  endloop
endfacet
facet normal 0 -0 1
  outer loop
    vertex -7.5 -12.99038124 14.10000038
    vertex -7.303965569 -11.00001144 14.10000038
    vertex -7.401864529 -10.99279022 14.10000038
  endloop
endfacet
facet normal 0 -0 1
  outer loop
    vertex -7.5 -12.99038124 14.10000038
    vertex -7.206539154 -11.01202774 14.10000038
    vertex -7.303965569 -11.00001144 14.10000038
  endloop
endfacet
facet normal 0 -0 1
  outer loop
    vertex -7.5 -12.99038124 14.10000038
    vertex -7.109819412 -11.0288105 14.10000038
    vertex -7.206539154 -11.01202774 14.10000038
  endloop
endfacet
facet normal 0 -0 1
  outer loop
    vertex -7.5 -12.99038124 14.10000038
    vertex -7.014039516 -11.05031872 14.10000038
    vertex -7.109819412 -11.0288105 14.10000038
  endloop
endfacet
facet normal 0 -0 1
  outer loop
    vertex -7.5 -12.99038124 14.10000038
    vertex -6.919430733 -11.07649994 14.10000038
    vertex -7.014039516 -11.05031872 14.10000038
  endloop
endfacet
facet normal 0 -0 1
  outer loop
    vertex -7.5 -12.99038124 14.10000038
    vertex -6.826220512 -11.10729313 14.10000038
    vertex -6.919430733 -11.07649994 14.10000038
  endloop
endfacet
facet normal 0 -0 1
  outer loop
    vertex -7.5 -12.99038124 14.10000038
    vertex -6.734632969 -11.14262199 14.10000038
    vertex -6.826220512 -11.10729313 14.10000038
  endloop
endfacet
facet normal 0 -0 1
  outer loop
    vertex -7.5 -12.99038124 14.10000038
    vertex -6.644889832 -11.18240261 14.10000038
    vertex -6.734632969 -11.14262199 14.10000038
  endloop
endfacet
facet normal 0 -0 1
  outer loop
    vertex -7.5 -12.99038124 14.10000038
    vertex -6.557206631 -11.22653866 14.10000038
    vertex -6.644889832 -11.18240261 14.10000038
  endloop
endfacet
facet normal 0 -0 1
  outer loop
    vertex -7.5 -12.99038124 14.10000038
    vertex -5.616911888 -12.31660175 14.10000038
    vertex -5.652240753 -12.22501373 14.10000038
  endloop
endfacet
facet normal 0 -0 1
  outer loop
    vertex -5.50963068 -13.18641567 14.10000038
    vertex -5.502408981 -13.08851624 14.10000038
    vertex -7.5 -12.99038124 14.10000038
  endloop
endfacet
facet normal 0 -0 1
  outer loop
    vertex -5.502408981 -13.08851624 14.10000038
    vertex -5.5 -12.99038124 14.10000038
    vertex -7.5 -12.99038124 14.10000038
  endloop
endfacet
facet normal 0 -0 1
  outer loop
    vertex -7.5 -12.99038124 14.10000038
    vertex -5.5 -12.99038124 14.10000038
    vertex -5.502408981 -12.89224529 14.10000038
  endloop
endfacet
facet normal 0 -0 1
  outer loop
    vertex -7.5 -12.99038124 14.10000038
    vertex -5.502408981 -12.89224529 14.10000038
    vertex -5.50963068 -12.79434681 14.10000038
  endloop
endfacet
facet normal 0 -0 1
  outer loop
    vertex -7.5 -12.99038124 14.10000038
    vertex -5.50963068 -12.79434681 14.10000038
    vertex -5.521646976 -12.69692039 14.10000038
  endloop
endfacet
facet normal 0 -0 1
  outer loop
    vertex -7.5 -12.99038124 14.10000038
    vertex -5.521646976 -12.69692039 14.10000038
    vertex -5.53842926 -12.60020065 14.10000038
  endloop
endfacet
facet normal 0 -0 1
  outer loop
    vertex -7.5 -12.99038124 14.10000038
    vertex -5.53842926 -12.60020065 14.10000038
    vertex -5.559937477 -12.50442028 14.10000038
  endloop
endfacet
facet normal 0 -0 1
  outer loop
    vertex -7.5 -12.99038124 14.10000038
    vertex -5.559937477 -12.50442028 14.10000038
    vertex -5.586119175 -12.40981197 14.10000038
  endloop
endfacet
facet normal 0 -0 1
  outer loop
    vertex -7.5 -12.99038124 14.10000038
    vertex -5.586119175 -12.40981197 14.10000038
    vertex -5.616911888 -12.31660175 14.10000038
  endloop
endfacet
facet normal 0 -0 1
  outer loop
    vertex -7.5 -12.99038124 14.10000038
    vertex -5.837060928 -11.87924099 14.10000038
    vertex -5.893584728 -11.79898262 14.10000038
  endloop
endfacet
facet normal 0 -0 1
  outer loop
    vertex -7.5 -12.99038124 14.10000038
    vertex -5.893584728 -11.79898262 14.10000038
    vertex -5.953979015 -11.72159481 14.10000038
  endloop
endfacet
facet normal 0 -0 1
  outer loop
    vertex -7.5 -12.99038124 14.10000038
    vertex -5.736157417 -12.04758739 14.10000038
    vertex -5.784542561 -11.96217537 14.10000038
  endloop
endfacet
facet normal 0 -0 1
  outer loop
    vertex -7.5 -12.99038124 14.10000038
    vertex -5.652240753 -12.22501373 14.10000038
    vertex -5.69202137 -12.13527107 14.10000038
  endloop
endfacet
facet normal 0 -0 1
  outer loop
    vertex -7.5 -12.99038124 14.10000038
    vertex -5.69202137 -12.13527107 14.10000038
    vertex -5.736157417 -12.04758739 14.10000038
  endloop
endfacet
facet normal 0 -0 1
  outer loop
    vertex -7.5 -12.99038124 14.10000038
    vertex -5.784542561 -11.96217537 14.10000038
    vertex -5.837060928 -11.87924099 14.10000038
  endloop
endfacet
facet normal 0 -0 1
  outer loop
    vertex -7.5 -12.99038124 14.10000038
    vertex -6.018097878 -11.64726353 14.10000038
    vertex -6.085786343 -11.57616711 14.10000038
  endloop
endfacet
facet normal 0 -0 1
  outer loop
    vertex -7.5 -12.99038124 14.10000038
    vertex -5.953979015 -11.72159481 14.10000038
    vertex -6.018097878 -11.64726353 14.10000038
  endloop
endfacet
endsolid seavolt
