solid seavolt
facet normal -0.7933535215 -0.6087611928 -0
  outer loop
    vertex -8.043466568 -6.749269962 0
    vertex -8.601096153 -6.02255249 10
    vertex -8.601096153 -6.02255249 0
  endloop
endfacet
facet normal -0.6087614136 -0.7933533521 0
  outer loop
    vertex -8.043466568 -6.749269962 0
    vertex -4.437491894 -9.516231537 0
    vertex -4.437491894 -9.516231537 10
  endloop
endfacet
facet normal 0 0 -1
  outer loop
    vertex -8.043466568 -6.749269962 0
    vertex -8.601096153 -6.02255249 0
    vertex -6.02255249 8.601096153 0
  endloop
endfacet
facet normal 0 0 -1
  outer loop
    vertex -8.043466568 -6.749269962 0
    vertex -6.02255249 8.601096153 0
    vertex -4.437491894 -9.516231537 0
  endloop
endfacet
facet normal -0.9238794786 -0.3826835625 0
  outer loop
    vertex -8.601096153 -6.02255249 0
    vertex -8.601096153 -6.02255249 10
    vertex -10.34048176 -1.823305845 0
  endloop
endfacet
facet normal -0.9914449699 -0.1305253677 -0
  outer loop
    vertex -10.34048176 -1.823305845 0
    vertex -10.46004391 -0.915135324 10
    vertex -10.46004391 -0.915135324 0
  endloop
endfacet
facet normal 0 0 -1
  outer loop
    vertex -3.591211557 -9.866772652 0
    vertex -2.686235905 -2.963804483 0
    vertex -2.537573099 -3.092041731 0
  endloop
endfacet
facet normal 0 0 -1
  outer loop
    vertex -3.591211557 -9.866772652 0
    vertex -2.537573099 -3.092041731 0
    vertex -2.382797241 -3.212830067 0
  endloop
endfacet
facet normal 0 0 -1
  outer loop
    vertex -3.591211557 -9.866772652 0
    vertex -2.382797241 -3.212830067 0
    vertex -2.222280979 -3.325878382 0
  endloop
endfacet
facet normal 0 0 -1
  outer loop
    vertex -3.591211557 -9.866772652 0
    vertex -2.222280979 -3.325878382 0
    vertex -2.056411028 -3.430914402 0
  endloop
endfacet
facet normal 0 0 -1
  outer loop
    vertex -3.591211557 -9.866772652 0
    vertex -1.530733705 -3.695518017 0
    vertex 0.915135324 -10.46004391 0
  endloop
endfacet
facet normal 0 0 -1
  outer loop
    vertex -3.591211557 -9.866772652 0
    vertex -2.056411028 -3.430914402 0
    vertex -1.885586977 -3.527685165 0
  endloop
endfacet
facet normal 0 0 -1
  outer loop
    vertex -3.591211557 -9.866772652 0
    vertex -1.885586977 -3.527685165 0
    vertex -1.710220337 -3.61595726 0
  endloop
endfacet
facet normal 0 0 -1
  outer loop
    vertex -3.591211557 -9.866772652 0
    vertex -1.710220337 -3.61595726 0
    vertex -1.530733705 -3.695518017 0
  endloop
endfacet
facet normal 0 0 -1
  outer loop
    vertex 0.915135324 -10.46004391 0
    vertex -1.530733705 -3.695518017 0
    vertex -1.347559452 -3.766176224 0
  endloop
endfacet
facet normal 0 0 -1
  outer loop
    vertex 0.915135324 -10.46004391 0
    vertex -1.347559452 -3.766176224 0
    vertex -1.161138654 -3.827761412 0
  endloop
endfacet
facet normal 0 0 -1
  outer loop
    vertex 0.915135324 -10.46004391 0
    vertex -1.161138654 -3.827761412 0
    vertex -0.9719207287 -3.880125046 0
  endloop
endfacet
facet normal 0 0 -1
  outer loop
    vertex 0.915135324 -10.46004391 0
    vertex -0.9719207287 -3.880125046 0
    vertex -0.7803612947 -3.923141003 0
  endloop
endfacet
facet normal -0.3826837323 -0.9238794083 0
  outer loop
    vertex -4.437491894 -9.516231537 0
    vertex -3.591211557 -9.866772652 0
    vertex -3.591211557 -9.866772652 10
  endloop
endfacet
facet normal -0.1305260697 -0.9914448775 0
  outer loop
    vertex -3.591211557 -9.866772652 0
    vertex 0.915135324 -10.46004391 0
    vertex -3.591211557 -9.866772652 10
  endloop
endfacet
facet normal 0 0 -1
  outer loop
    vertex -4.437491894 -9.516231537 0
    vertex -6.02255249 8.601096153 0
    vertex -3.591211557 -9.866772652 0
  endloop
endfacet
facet normal 0 0 -1
  outer loop
    vertex -3.591211557 -9.866772652 0
    vertex -3.212830067 -2.382797241 0
    vertex -3.092041731 -2.537573099 0
  endloop
endfacet
facet normal 0 0 -1
  outer loop
    vertex -3.591211557 -9.866772652 0
    vertex -3.527685165 -1.885586977 0
    vertex -3.430914402 -2.056411028 0
  endloop
endfacet
facet normal 0 0 -1
  outer loop
    vertex -3.591211557 -9.866772652 0
    vertex -3.430914402 -2.056411028 0
    vertex -3.325878382 -2.222280979 0
  endloop
endfacet
facet normal 0 0 -1
  outer loop
    vertex -3.591211557 -9.866772652 0
    vertex -3.325878382 -2.222280979 0
    vertex -3.212830067 -2.382797241 0
  endloop
endfacet
facet normal 0 0 -1
  outer loop
    vertex -3.591211557 -9.866772652 0
    vertex -3.695518017 -1.530733705 0
    vertex -3.61595726 -1.710220337 0
  endloop
endfacet
facet normal 0 0 -1
  outer loop
    vertex -3.591211557 -9.866772652 0
    vertex -3.880125046 -0.9719207287 0
    vertex -3.827761412 -1.161138654 0
  endloop
endfacet
facet normal 0 0 -1
  outer loop
    vertex -3.591211557 -9.866772652 0
    vertex -3.766176224 -1.347559452 0
    vertex -3.695518017 -1.530733705 0
  endloop
endfacet
facet normal 0 0 -1
  outer loop
    vertex -3.591211557 -9.866772652 0
    vertex -3.827761412 -1.161138654 0
    vertex -3.766176224 -1.347559452 0
  endloop
endfacet
facet normal 0 0 -1
  outer loop
    vertex -3.591211557 -9.866772652 0
    vertex -3.61595726 -1.710220337 0
    vertex -3.527685165 -1.885586977 0
  endloop
endfacet
facet normal 0 0 -1
  outer loop
    vertex -3.591211557 -9.866772652 0
    vertex -2.963804483 -2.686235905 0
    vertex -2.828427076 -2.828427076 0
  endloop
endfacet
facet normal 0 0 -1
  outer loop
    vertex -3.591211557 -9.866772652 0
    vertex -3.092041731 -2.537573099 0
    vertex -2.963804483 -2.686235905 0
  endloop
endfacet
facet normal 0 0 -1
  outer loop
    vertex -3.591211557 -9.866772652 0
    vertex -2.828427076 -2.828427076 0
    vertex -2.686235905 -2.963804483 0
  endloop
endfacet
facet normal 0 0 -1
  outer loop
    vertex -3.591211557 -9.866772652 0
    vertex -3.923141003 -0.7803612947 0
    vertex -3.880125046 -0.9719207287 0
  endloop
endfacet
facet normal 0 0 -1
  outer loop
    vertex -3.591211557 -9.866772652 0
    vertex -3.980738878 -0.3920685649 0
    vertex -3.956706047 -0.5869218707 0
  endloop
endfacet
facet normal 0 0 -1
  outer loop
    vertex -3.591211557 -9.866772652 0
    vertex -3.956706047 -0.5869218707 0
    vertex -3.923141003 -0.7803612947 0
  endloop
endfacet
facet normal 0 0 -1
  outer loop
    vertex -3.591211557 -9.866772652 0
    vertex -3.995181799 -0.1962707043 0
    vertex -3.980738878 -0.3920685649 0
  endloop
endfacet
facet normal 0 0 -1
  outer loop
    vertex -3.591211557 -9.866772652 0
    vertex -6.02255249 8.601096153 0
    vertex -3.995181799 -0.1962707043 0
  endloop
endfacet
facet normal -0.7933535215 -0.6087611928 0
  outer loop
    vertex -8.043466568 -6.749269962 0
    vertex -8.043466568 -6.749269962 10
    vertex -8.601096153 -6.02255249 10
  endloop
endfacet
facet normal -0.6087614136 -0.7933533521 0
  outer loop
    vertex -8.043466568 -6.749269962 0
    vertex -4.437491894 -9.516231537 10
    vertex -8.043466568 -6.749269962 10
  endloop
endfacet
facet normal 0 0 1
  outer loop
    vertex -8.043466568 -6.749269962 10
    vertex -4.437491894 -9.516231537 10
    vertex -3.591211557 -9.866772652 10
  endloop
endfacet
facet normal -0 -0 1
  outer loop
    vertex -8.043466568 -6.749269962 10
    vertex -3.591211557 -9.866772652 10
    vertex -8.601096153 -6.02255249 10
  endloop
endfacet
facet normal -0 -0 1
  outer loop
    vertex -8.601096153 -6.02255249 10
    vertex -3.591211557 -9.866772652 10
    vertex -10.34048176 -1.823305845 10
  endloop
endfacet
facet normal -0.9238794786 -0.3826835625 0
  outer loop
    vertex -10.34048176 -1.823305845 0
    vertex -8.601096153 -6.02255249 10
    vertex -10.34048176 -1.823305845 10
  endloop
endfacet
facet normal -0.9914449699 -0.1305253677 0
  outer loop
    vertex -10.34048176 -1.823305845 0
    vertex -10.34048176 -1.823305845 10
    vertex -10.46004391 -0.915135324 10
  endloop
endfacet
facet normal -0 -0 1
  outer loop
    vertex -10.34048176 -1.823305845 10
    vertex -3.591211557 -9.866772652 10
    vertex -10.46004391 -0.915135324 10
  endloop
endfacet
facet normal -0 -0 1
  outer loop
    vertex -10.46004391 -0.915135324 10
    vertex -3.591211557 -9.866772652 10
    vertex -9.866772652 3.591211557 10
  endloop
endfacet
facet normal 0 0 1
  outer loop
    vertex -3.591211557 -9.866772652 10
    vertex -9.516231537 4.437491894 10
    vertex -9.866772652 3.591211557 10
  endloop
endfacet
facet normal -0.3826837323 -0.9238794083 0
  outer loop
    vertex -4.437491894 -9.516231537 0
    vertex -3.591211557 -9.866772652 10
    vertex -4.437491894 -9.516231537 10
  endloop
endfacet
facet normal -0.1305260697 -0.9914448775 0
  outer loop
    vertex -3.591211557 -9.866772652 10
    vertex 0.915135324 -10.46004391 0
    vertex 0.915135324 -10.46004391 10
  endloop
endfacet
facet normal 0 -0 1
  outer loop
    vertex -3.591211557 -9.866772652 10
    vertex -2.537573099 -3.092041731 10
    vertex -2.686235905 -2.963804483 10
  endloop
endfacet
facet normal 0 -0 1
  outer loop
    vertex -3.591211557 -9.866772652 10
    vertex -2.382797241 -3.212830067 10
    vertex -2.537573099 -3.092041731 10
  endloop
endfacet
facet normal 0 -0 1
  outer loop
    vertex -3.591211557 -9.866772652 10
    vertex -2.222280979 -3.325878382 10
    vertex -2.382797241 -3.212830067 10
  endloop
endfacet
facet normal 0 -0 1
  outer loop
    vertex -3.591211557 -9.866772652 10
    vertex -2.056411028 -3.430914402 10
    vertex -2.222280979 -3.325878382 10
  endloop
endfacet
facet normal -0 0 1
  outer loop
    vertex -3.591211557 -9.866772652 10
    vertex 0.915135324 -10.46004391 10
    vertex 1.823305845 -10.34048176 10
  endloop
endfacet
facet normal 0 -0 1
  outer loop
    vertex -3.591211557 -9.866772652 10
    vertex -1.885586977 -3.527685165 10
    vertex -2.056411028 -3.430914402 10
  endloop
endfacet
facet normal 0 -0 1
  outer loop
    vertex -3.591211557 -9.866772652 10
    vertex -1.710220337 -3.61595726 10
    vertex -1.885586977 -3.527685165 10
  endloop
endfacet
facet normal 0 -0 1
  outer loop
    vertex -3.591211557 -9.866772652 10
    vertex -1.530733705 -3.695518017 10
    vertex -1.710220337 -3.61595726 10
  endloop
endfacet
facet normal 0 -0 1
  outer loop
    vertex -3.591211557 -9.866772652 10
    vertex -1.347559452 -3.766176224 10
    vertex -1.530733705 -3.695518017 10
  endloop
endfacet
facet normal 0 -0 1
  outer loop
    vertex -3.591211557 -9.866772652 10
    vertex -1.161138654 -3.827761412 10
    vertex -1.347559452 -3.766176224 10
  endloop
endfacet
facet normal 0 -0 1
  outer loop
    vertex -3.591211557 -9.866772652 10
    vertex -0.7803612947 -3.923141003 10
    vertex -0.9719207287 -3.880125046 10
  endloop
endfacet
facet normal 0 -0 1
  outer loop
    vertex -3.591211557 -9.866772652 10
    vertex -0.5869218707 -3.956706047 10
    vertex -0.7803612947 -3.923141003 10
  endloop
endfacet
facet normal 0 -0 1
  outer loop
    vertex -3.591211557 -9.866772652 10
    vertex -0.3920685649 -3.980738878 10
    vertex -0.5869218707 -3.956706047 10
  endloop
endfacet
facet normal 0 -0 1
  outer loop
    vertex -3.591211557 -9.866772652 10
    vertex -0.1962707043 -3.995181799 10
    vertex -0.3920685649 -3.980738878 10
  endloop
endfacet
facet normal 0 -0 1
  outer loop
    vertex -3.591211557 -9.866772652 10
    vertex -0.9719207287 -3.880125046 10
    vertex -1.161138654 -3.827761412 10
  endloop
endfacet
facet normal 0 -0 1
  outer loop
    vertex -3.591211557 -9.866772652 10
    vertex -7.347880586e-16 -4 10
    vertex -0.1962707043 -3.995181799 10
  endloop
endfacet
facet normal 0 -0 1
  outer loop
    vertex -3.591211557 -9.866772652 10
    vertex 0.1962707043 -3.995181799 10
    vertex -7.347880586e-16 -4 10
  endloop
endfacet
facet normal 0 -0 1
  outer loop
    vertex -3.591211557 -9.866772652 10
    vertex 0.3920685649 -3.980738878 10
    vertex 0.1962707043 -3.995181799 10
  endloop
endfacet
facet normal 0 -0 1
  outer loop
    vertex -3.591211557 -9.866772652 10
    vertex 0.5869218707 -3.956706047 10
    vertex 0.3920685649 -3.980738878 10
  endloop
endfacet
facet normal 0 -0 1
  outer loop
    vertex -3.591211557 -9.866772652 10
    vertex 0.7803612947 -3.923141003 10
    vertex 0.5869218707 -3.956706047 10
  endloop
endfacet
facet normal 0 -0 1
  outer loop
    vertex -3.591211557 -9.866772652 10
    vertex 0.9719207287 -3.880125046 10
    vertex 0.7803612947 -3.923141003 10
  endloop
endfacet
facet normal 0 -0 1
  outer loop
    vertex -3.591211557 -9.866772652 10
    vertex 1.161138654 -3.827761412 10
    vertex 0.9719207287 -3.880125046 10
  endloop
endfacet
facet normal 0 -0 1
  outer loop
    vertex -3.591211557 -9.866772652 10
    vertex 1.347559452 -3.766176224 10
    vertex 1.161138654 -3.827761412 10
  endloop
endfacet
facet normal 0 -0 1
  outer loop
    vertex -3.591211557 -9.866772652 10
    vertex 1.530733705 -3.695518017 10
    vertex 1.347559452 -3.766176224 10
  endloop
endfacet
facet normal 0 -0 1
  outer loop
    vertex -3.591211557 -9.866772652 10
    vertex 1.710220337 -3.61595726 10
    vertex 1.530733705 -3.695518017 10
  endloop
endfacet
facet normal 0 -0 1
  outer loop
    vertex -3.591211557 -9.866772652 10
    vertex -3.092041731 -2.537573099 10
    vertex -3.212830067 -2.382797241 10
  endloop
endfacet
facet normal 0 -0 1
  outer loop
    vertex -3.591211557 -9.866772652 10
    vertex -3.430914402 -2.056411028 10
    vertex -3.527685165 -1.885586977 10
  endloop
endfacet
facet normal 0 -0 1
  outer loop
    vertex -3.591211557 -9.866772652 10
    vertex -3.325878382 -2.222280979 10
    vertex -3.430914402 -2.056411028 10
  endloop
endfacet
facet normal 0 -0 1
  outer loop
    vertex -3.591211557 -9.866772652 10
    vertex -3.212830067 -2.382797241 10
    vertex -3.325878382 -2.222280979 10
  endloop
endfacet
facet normal 0 0 1
  outer loop
    vertex -3.591211557 -9.866772652 10
    vertex -3.61595726 -1.710220337 10
    vertex -3.695518017 -1.530733705 10
  endloop
endfacet
facet normal 0 0 1
  outer loop
    vertex -3.591211557 -9.866772652 10
    vertex -3.827761412 -1.161138654 10
    vertex -3.880125046 -0.9719207287 10
  endloop
endfacet
facet normal 0 0 1
  outer loop
    vertex -3.591211557 -9.866772652 10
    vertex -3.695518017 -1.530733705 10
    vertex -3.766176224 -1.347559452 10
  endloop
endfacet
facet normal 0 0 1
  outer loop
    vertex -3.591211557 -9.866772652 10
    vertex -3.766176224 -1.347559452 10
    vertex -3.827761412 -1.161138654 10
  endloop
endfacet
facet normal 0 -0 1
  outer loop
    vertex -3.591211557 -9.866772652 10
    vertex -3.527685165 -1.885586977 10
    vertex -3.61595726 -1.710220337 10
  endloop
endfacet
facet normal 0 -0 1
  outer loop
    vertex -3.591211557 -9.866772652 10
    vertex -2.828427076 -2.828427076 10
    vertex -2.963804483 -2.686235905 10
  endloop
endfacet
facet normal 0 -0 1
  outer loop
    vertex -3.591211557 -9.866772652 10
    vertex -2.963804483 -2.686235905 10
    vertex -3.092041731 -2.537573099 10
  endloop
endfacet
facet normal 0 -0 1
  outer loop
    vertex -3.591211557 -9.866772652 10
    vertex -2.686235905 -2.963804483 10
    vertex -2.828427076 -2.828427076 10
  endloop
endfacet
facet normal 0 0 1
  outer loop
    vertex -3.591211557 -9.866772652 10
    vertex -3.880125046 -0.9719207287 10
    vertex -3.923141003 -0.7803612947 10
  endloop
endfacet
facet normal 0 0 1
  outer loop
    vertex -3.591211557 -9.866772652 10
    vertex -3.956706047 -0.5869218707 10
    vertex -3.980738878 -0.3920685649 10
  endloop
endfacet
facet normal 0 0 1
  outer loop
    vertex -3.591211557 -9.866772652 10
    vertex -3.923141003 -0.7803612947 10
    vertex -3.956706047 -0.5869218707 10
  endloop
endfacet
facet normal 0 0 1
  outer loop
    vertex -3.591211557 -9.866772652 10
    vertex -3.980738878 -0.3920685649 10
    vertex -3.995181799 -0.1962707043 10
  endloop
endfacet
facet normal 0 0 1
  outer loop
    vertex -3.591211557 -9.866772652 10
    vertex -3.995181799 -0.1962707043 10
    vertex -6.02255249 8.601096153 10
  endloop
endfacet
facet normal 0 0 -1
  outer loop
    vertex -8.601096153 -6.02255249 0
    vertex -10.34048176 -1.823305845 0
    vertex -6.02255249 8.601096153 0
  endloop
endfacet
facet normal 0 0 -1
  outer loop
    vertex -10.34048176 -1.823305845 0
    vertex -10.46004391 -0.915135324 0
    vertex -6.02255249 8.601096153 0
  endloop
endfacet
facet normal 0 0 -1
  outer loop
    vertex -10.46004391 -0.915135324 0
    vertex -9.866772652 3.591211557 0
    vertex -6.02255249 8.601096153 0
  endloop
endfacet
facet normal -0.9914448775 0.1305260697 0
  outer loop
    vertex -10.46004391 -0.915135324 0
    vertex -10.46004391 -0.915135324 10
    vertex -9.866772652 3.591211557 0
  endloop
endfacet
facet normal -0.9238794083 0.3826837323 0
  outer loop
    vertex -9.866772652 3.591211557 0
    vertex -9.516231537 4.437491894 10
    vertex -9.516231537 4.437491894 0
  endloop
endfacet
facet normal 0 0 -1
  outer loop
    vertex -9.866772652 3.591211557 0
    vertex -9.516231537 4.437491894 0
    vertex -6.02255249 8.601096153 0
  endloop
endfacet
facet normal 0 0 -1
  outer loop
    vertex -9.516231537 4.437491894 0
    vertex -6.749269962 8.043466568 0
    vertex -6.02255249 8.601096153 0
  endloop
endfacet
facet normal -0.7933533521 0.6087614136 0
  outer loop
    vertex -9.516231537 4.437491894 0
    vertex -6.749269962 8.043466568 10
    vertex -6.749269962 8.043466568 0
  endloop
endfacet
facet normal -0.6087611928 0.7933535215 0
  outer loop
    vertex -6.749269962 8.043466568 0
    vertex -6.749269962 8.043466568 10
    vertex -6.02255249 8.601096153 0
  endloop
endfacet
facet normal 0 0 -1
  outer loop
    vertex -6.02255249 8.601096153 0
    vertex -4 4.89858741e-16 0
    vertex -3.995181799 -0.1962707043 0
  endloop
endfacet
facet normal 0 -0 -1
  outer loop
    vertex -6.02255249 8.601096153 0
    vertex -3.995181799 0.1962707043 0
    vertex -4 4.89858741e-16 0
  endloop
endfacet
facet normal 0 -0 -1
  outer loop
    vertex -6.02255249 8.601096153 0
    vertex -3.980738878 0.3920685649 0
    vertex -3.995181799 0.1962707043 0
  endloop
endfacet
facet normal 0 -0 -1
  outer loop
    vertex -6.02255249 8.601096153 0
    vertex -3.956706047 0.5869218707 0
    vertex -3.980738878 0.3920685649 0
  endloop
endfacet
facet normal 0 -0 -1
  outer loop
    vertex -6.02255249 8.601096153 0
    vertex -3.923141003 0.7803612947 0
    vertex -3.956706047 0.5869218707 0
  endloop
endfacet
facet normal 0 -0 -1
  outer loop
    vertex -6.02255249 8.601096153 0
    vertex -3.880125046 0.9719207287 0
    vertex -3.923141003 0.7803612947 0
  endloop
endfacet
facet normal 0 -0 -1
  outer loop
    vertex -6.02255249 8.601096153 0
    vertex -3.827761412 1.161138654 0
    vertex -3.880125046 0.9719207287 0
  endloop
endfacet
facet normal 0 -0 -1
  outer loop
    vertex -6.02255249 8.601096153 0
    vertex -3.766176224 1.347559452 0
    vertex -3.827761412 1.161138654 0
  endloop
endfacet
facet normal 0 -0 -1
  outer loop
    vertex -6.02255249 8.601096153 0
    vertex -3.695518017 1.530733705 0
    vertex -3.766176224 1.347559452 0
  endloop
endfacet
facet normal 0 -0 -1
  outer loop
    vertex -6.02255249 8.601096153 0
    vertex -3.61595726 1.710220337 0
    vertex -3.695518017 1.530733705 0
  endloop
endfacet
facet normal 0 -0 -1
  outer loop
    vertex -6.02255249 8.601096153 0
    vertex -3.527685165 1.885586977 0
    vertex -3.61595726 1.710220337 0
  endloop
endfacet
facet normal 0 -0 -1
  outer loop
    vertex -6.02255249 8.601096153 0
    vertex -3.430914402 2.056411028 0
    vertex -3.527685165 1.885586977 0
  endloop
endfacet
facet normal 0 -0 -1
  outer loop
    vertex -6.02255249 8.601096153 0
    vertex -3.325878382 2.222280979 0
    vertex -3.430914402 2.056411028 0
  endloop
endfacet
facet normal 0 -0 -1
  outer loop
    vertex -6.02255249 8.601096153 0
    vertex -3.212830067 2.382797241 0
    vertex -3.325878382 2.222280979 0
  endloop
endfacet
facet normal 0 -0 -1
  outer loop
    vertex -6.02255249 8.601096153 0
    vertex -3.092041731 2.537573099 0
    vertex -3.212830067 2.382797241 0
  endloop
endfacet
facet normal 0 -0 -1
  outer loop
    vertex -6.02255249 8.601096153 0
    vertex -2.963804483 2.686235905 0
    vertex -3.092041731 2.537573099 0
  endloop
endfacet
facet normal 0 -0 -1
  outer loop
    vertex -6.02255249 8.601096153 0
    vertex -2.828427076 2.828427076 0
    vertex -2.963804483 2.686235905 0
  endloop
endfacet
facet normal 0 -0 -1
  outer loop
    vertex -6.02255249 8.601096153 0
    vertex -2.686235905 2.963804483 0
    vertex -2.828427076 2.828427076 0
  endloop
endfacet
facet normal 0 -0 -1
  outer loop
    vertex -6.02255249 8.601096153 0
    vertex -2.537573099 3.092041731 0
    vertex -2.686235905 2.963804483 0
  endloop
endfacet
facet normal 0 -0 -1
  outer loop
    vertex -6.02255249 8.601096153 0
    vertex -2.382797241 3.212830067 0
    vertex -2.537573099 3.092041731 0
  endloop
endfacet
facet normal 0 -0 -1
  outer loop
    vertex -6.02255249 8.601096153 0
    vertex -2.222280979 3.325878382 0
    vertex -2.382797241 3.212830067 0
  endloop
endfacet
facet normal 0 -0 -1
  outer loop
    vertex -6.02255249 8.601096153 0
    vertex -2.056411028 3.430914402 0
    vertex -2.222280979 3.325878382 0
  endloop
endfacet
facet normal 0 -0 -1
  outer loop
    vertex -6.02255249 8.601096153 0
    vertex -1.885586977 3.527685165 0
    vertex -2.056411028 3.430914402 0
  endloop
endfacet
facet normal -0 -0 -1
  outer loop
    vertex -6.02255249 8.601096153 0
    vertex 2.056411028 3.430914402 0
    vertex 1.885586977 3.527685165 0
  endloop
endfacet
facet normal -0 -0 -1
  outer loop
    vertex -6.02255249 8.601096153 0
    vertex 2.222280979 3.325878382 0
    vertex 2.056411028 3.430914402 0
  endloop
endfacet
facet normal 0 -0 -1
  outer loop
    vertex -6.02255249 8.601096153 0
    vertex -1.710220337 3.61595726 0
    vertex -1.885586977 3.527685165 0
  endloop
endfacet
facet normal 0 -0 -1
  outer loop
    vertex -6.02255249 8.601096153 0
    vertex -1.530733705 3.695518017 0
    vertex -1.710220337 3.61595726 0
  endloop
endfacet
facet normal 0 -0 -1
  outer loop
    vertex -6.02255249 8.601096153 0
    vertex -1.347559452 3.766176224 0
    vertex -1.530733705 3.695518017 0
  endloop
endfacet
facet normal 0 -0 -1
  outer loop
    vertex -6.02255249 8.601096153 0
    vertex -1.161138654 3.827761412 0
    vertex -1.347559452 3.766176224 0
  endloop
endfacet
facet normal 0 -0 -1
  outer loop
    vertex -6.02255249 8.601096153 0
    vertex -0.9719207287 3.880125046 0
    vertex -1.161138654 3.827761412 0
  endloop
endfacet
facet normal 0 0 -1
  outer loop
    vertex -6.02255249 8.601096153 0
    vertex -1.823305845 10.34048176 0
    vertex -0.915135324 10.46004391 0
  endloop
endfacet
facet normal 0 -0 -1
  outer loop
    vertex -6.02255249 8.601096153 0
    vertex -0.7803612947 3.923141003 0
    vertex -0.9719207287 3.880125046 0
  endloop
endfacet
facet normal 0 -0 -1
  outer loop
    vertex -6.02255249 8.601096153 0
    vertex -0.5869218707 3.956706047 0
    vertex -0.7803612947 3.923141003 0
  endloop
endfacet
facet normal 0 -0 -1
  outer loop
    vertex -6.02255249 8.601096153 0
    vertex -0.3920685649 3.980738878 0
    vertex -0.5869218707 3.956706047 0
  endloop
endfacet
facet normal 0 -0 -1
  outer loop
    vertex -6.02255249 8.601096153 0
    vertex -0.1962707043 3.995181799 0
    vertex -0.3920685649 3.980738878 0
  endloop
endfacet
facet normal 0 -0 -1
  outer loop
    vertex -6.02255249 8.601096153 0
    vertex 2.449293705e-16 4 0
    vertex -0.1962707043 3.995181799 0
  endloop
endfacet
facet normal -0 -0 -1
  outer loop
    vertex -6.02255249 8.601096153 0
    vertex 0.1962707043 3.995181799 0
    vertex 2.449293705e-16 4 0
  endloop
endfacet
facet normal -0 -0 -1
  outer loop
    vertex -6.02255249 8.601096153 0
    vertex 0.3920685649 3.980738878 0
    vertex 0.1962707043 3.995181799 0
  endloop
endfacet
facet normal -0 -0 -1
  outer loop
    vertex -6.02255249 8.601096153 0
    vertex 0.5869218707 3.956706047 0
    vertex 0.3920685649 3.980738878 0
  endloop
endfacet
facet normal -0 -0 -1
  outer loop
    vertex -6.02255249 8.601096153 0
    vertex 0.7803612947 3.923141003 0
    vertex 0.5869218707 3.956706047 0
  endloop
endfacet
facet normal -0 -0 -1
  outer loop
    vertex -6.02255249 8.601096153 0
    vertex 0.9719207287 3.880125046 0
    vertex 0.7803612947 3.923141003 0
  endloop
endfacet
facet normal -0 -0 -1
  outer loop
    vertex -6.02255249 8.601096153 0
    vertex 1.161138654 3.827761412 0
    vertex 0.9719207287 3.880125046 0
  endloop
endfacet
facet normal -0 -0 -1
  outer loop
    vertex -6.02255249 8.601096153 0
    vertex 1.347559452 3.766176224 0
    vertex 1.161138654 3.827761412 0
  endloop
endfacet
facet normal -0 -0 -1
  outer loop
    vertex -6.02255249 8.601096153 0
    vertex 1.530733705 3.695518017 0
    vertex 1.347559452 3.766176224 0
  endloop
endfacet
facet normal -0 -0 -1
  outer loop
    vertex -6.02255249 8.601096153 0
    vertex 1.710220337 3.61595726 0
    vertex 1.530733705 3.695518017 0
  endloop
endfacet
facet normal -0 -0 -1
  outer loop
    vertex -6.02255249 8.601096153 0
    vertex 1.885586977 3.527685165 0
    vertex 1.710220337 3.61595726 0
  endloop
endfacet
facet normal 0 0 -1
  outer loop
    vertex -6.02255249 8.601096153 0
    vertex -0.915135324 10.46004391 0
    vertex 3.591211557 9.866772652 0
  endloop
endfacet
facet normal -0.3826835625 0.9238794786 0
  outer loop
    vertex -6.02255249 8.601096153 0
    vertex -1.823305845 10.34048176 10
    vertex -1.823305845 10.34048176 0
  endloop
endfacet
facet normal -0.1305253677 0.9914449699 0
  outer loop
    vertex -1.823305845 10.34048176 0
    vertex -1.823305845 10.34048176 10
    vertex -0.915135324 10.46004391 0
  endloop
endfacet
facet normal -0.9914448775 0.1305260697 0
  outer loop
    vertex -10.46004391 -0.915135324 10
    vertex -9.866772652 3.591211557 10
    vertex -9.866772652 3.591211557 0
  endloop
endfacet
facet normal -0.9238794083 0.3826837323 0
  outer loop
    vertex -9.866772652 3.591211557 0
    vertex -9.866772652 3.591211557 10
    vertex -9.516231537 4.437491894 10
  endloop
endfacet
facet normal 0 0 1
  outer loop
    vertex -3.591211557 -9.866772652 10
    vertex -6.749269962 8.043466568 10
    vertex -9.516231537 4.437491894 10
  endloop
endfacet
facet normal 0 0 1
  outer loop
    vertex -3.591211557 -9.866772652 10
    vertex -6.02255249 8.601096153 10
    vertex -6.749269962 8.043466568 10
  endloop
endfacet
facet normal -0.7933533521 0.6087614136 0
  outer loop
    vertex -9.516231537 4.437491894 0
    vertex -9.516231537 4.437491894 10
    vertex -6.749269962 8.043466568 10
  endloop
endfacet
facet normal -0.6087611928 0.7933535215 0
  outer loop
    vertex -6.02255249 8.601096153 0
    vertex -6.749269962 8.043466568 10
    vertex -6.02255249 8.601096153 10
  endloop
endfacet
facet normal -0 -0 1
  outer loop
    vertex -6.02255249 8.601096153 10
    vertex -3.995181799 -0.1962707043 10
    vertex -4 4.89858741e-16 10
  endloop
endfacet
facet normal -0 0 1
  outer loop
    vertex -6.02255249 8.601096153 10
    vertex -4 4.89858741e-16 10
    vertex -3.995181799 0.1962707043 10
  endloop
endfacet
facet normal -0 0 1
  outer loop
    vertex -6.02255249 8.601096153 10
    vertex -3.995181799 0.1962707043 10
    vertex -3.980738878 0.3920685649 10
  endloop
endfacet
facet normal -0 0 1
  outer loop
    vertex -6.02255249 8.601096153 10
    vertex -3.980738878 0.3920685649 10
    vertex -3.956706047 0.5869218707 10
  endloop
endfacet
facet normal -0 0 1
  outer loop
    vertex -6.02255249 8.601096153 10
    vertex -3.956706047 0.5869218707 10
    vertex -3.923141003 0.7803612947 10
  endloop
endfacet
facet normal -0 0 1
  outer loop
    vertex -6.02255249 8.601096153 10
    vertex -3.923141003 0.7803612947 10
    vertex -3.880125046 0.9719207287 10
  endloop
endfacet
facet normal -0 0 1
  outer loop
    vertex -6.02255249 8.601096153 10
    vertex -3.880125046 0.9719207287 10
    vertex -3.827761412 1.161138654 10
  endloop
endfacet
facet normal -0 0 1
  outer loop
    vertex -6.02255249 8.601096153 10
    vertex -3.827761412 1.161138654 10
    vertex -3.766176224 1.347559452 10
  endloop
endfacet
facet normal -0 0 1
  outer loop
    vertex -6.02255249 8.601096153 10
    vertex -3.766176224 1.347559452 10
    vertex -3.695518017 1.530733705 10
  endloop
endfacet
facet normal -0 0 1
  outer loop
    vertex -6.02255249 8.601096153 10
    vertex -3.695518017 1.530733705 10
    vertex -3.61595726 1.710220337 10
  endloop
endfacet
facet normal -0 0 1
  outer loop
    vertex -6.02255249 8.601096153 10
    vertex -3.61595726 1.710220337 10
    vertex -3.527685165 1.885586977 10
  endloop
endfacet
facet normal -0 0 1
  outer loop
    vertex -6.02255249 8.601096153 10
    vertex -3.527685165 1.885586977 10
    vertex -3.430914402 2.056411028 10
  endloop
endfacet
facet normal -0 0 1
  outer loop
    vertex -6.02255249 8.601096153 10
    vertex -3.430914402 2.056411028 10
    vertex -3.325878382 2.222280979 10
  endloop
endfacet
facet normal -0 0 1
  outer loop
    vertex -6.02255249 8.601096153 10
    vertex -3.325878382 2.222280979 10
    vertex -3.212830067 2.382797241 10
  endloop
endfacet
facet normal -0 0 1
  outer loop
    vertex -6.02255249 8.601096153 10
    vertex -3.212830067 2.382797241 10
    vertex -3.092041731 2.537573099 10
  endloop
endfacet
facet normal -0 0 1
  outer loop
    vertex -6.02255249 8.601096153 10
    vertex -3.092041731 2.537573099 10
    vertex -2.963804483 2.686235905 10
  endloop
endfacet
facet normal -0 0 1
  outer loop
    vertex -6.02255249 8.601096153 10
    vertex -2.963804483 2.686235905 10
    vertex -2.828427076 2.828427076 10
  endloop
endfacet
facet normal -0 0 1
  outer loop
    vertex -6.02255249 8.601096153 10
    vertex -2.828427076 2.828427076 10
    vertex -2.686235905 2.963804483 10
  endloop
endfacet
facet normal -0 0 1
  outer loop
    vertex -6.02255249 8.601096153 10
    vertex -2.686235905 2.963804483 10
    vertex -2.537573099 3.092041731 10
  endloop
endfacet
facet normal -0 0 1
  outer loop
    vertex -6.02255249 8.601096153 10
    vertex -2.537573099 3.092041731 10
    vertex -2.382797241 3.212830067 10
  endloop
endfacet
facet normal -0.3826835625 0.9238794786 0
  outer loop
    vertex -6.02255249 8.601096153 0
    vertex -6.02255249 8.601096153 10
    vertex -1.823305845 10.34048176 10
  endloop
endfacet
facet normal -0.1305253677 0.9914449699 0
  outer loop
    vertex -0.915135324 10.46004391 0
    vertex -1.823305845 10.34048176 10
    vertex -0.915135324 10.46004391 10
  endloop
endfacet
facet normal -0 0 1
  outer loop
    vertex -6.02255249 8.601096153 10
    vertex -2.382797241 3.212830067 10
    vertex -1.823305845 10.34048176 10
  endloop
endfacet
facet normal -0 0 1
  outer loop
    vertex -1.823305845 10.34048176 10
    vertex -2.382797241 3.212830067 10
    vertex -2.222280979 3.325878382 10
  endloop
endfacet
facet normal -0 0 1
  outer loop
    vertex -1.823305845 10.34048176 10
    vertex -2.222280979 3.325878382 10
    vertex -2.056411028 3.430914402 10
  endloop
endfacet
facet normal -0 0 1
  outer loop
    vertex -1.823305845 10.34048176 10
    vertex -2.056411028 3.430914402 10
    vertex -1.885586977 3.527685165 10
  endloop
endfacet
facet normal -0 0 1
  outer loop
    vertex -1.823305845 10.34048176 10
    vertex -1.885586977 3.527685165 10
    vertex -1.710220337 3.61595726 10
  endloop
endfacet
facet normal -0 0 1
  outer loop
    vertex -0.915135324 10.46004391 10
    vertex -1.710220337 3.61595726 10
    vertex -1.530733705 3.695518017 10
  endloop
endfacet
facet normal -0 0 1
  outer loop
    vertex -0.915135324 10.46004391 10
    vertex -1.530733705 3.695518017 10
    vertex -1.347559452 3.766176224 10
  endloop
endfacet
facet normal -0 0 1
  outer loop
    vertex -0.915135324 10.46004391 10
    vertex -1.347559452 3.766176224 10
    vertex -1.161138654 3.827761412 10
  endloop
endfacet
facet normal -0 0 1
  outer loop
    vertex -0.915135324 10.46004391 10
    vertex -1.161138654 3.827761412 10
    vertex -0.9719207287 3.880125046 10
  endloop
endfacet
facet normal -0 0 1
  outer loop
    vertex -0.915135324 10.46004391 10
    vertex -0.9719207287 3.880125046 10
    vertex -0.7803612947 3.923141003 10
  endloop
endfacet
facet normal -0 0 1
  outer loop
    vertex -0.915135324 10.46004391 10
    vertex -0.7803612947 3.923141003 10
    vertex -0.5869218707 3.956706047 10
  endloop
endfacet
facet normal -0 0 1
  outer loop
    vertex -0.915135324 10.46004391 10
    vertex -0.5869218707 3.956706047 10
    vertex -0.3920685649 3.980738878 10
  endloop
endfacet
facet normal -0 0 1
  outer loop
    vertex -0.915135324 10.46004391 10
    vertex -0.3920685649 3.980738878 10
    vertex -0.1962707043 3.995181799 10
  endloop
endfacet
facet normal -0 0 1
  outer loop
    vertex -0.915135324 10.46004391 10
    vertex -0.1962707043 3.995181799 10
    vertex 2.449293705e-16 4 10
  endloop
endfacet
facet normal 0 0 1
  outer loop
    vertex -0.915135324 10.46004391 10
    vertex 2.449293705e-16 4 10
    vertex 0.1962707043 3.995181799 10
  endloop
endfacet
facet normal 0 0 1
  outer loop
    vertex -0.915135324 10.46004391 10
    vertex 0.1962707043 3.995181799 10
    vertex 0.3920685649 3.980738878 10
  endloop
endfacet
facet normal -0 0 1
  outer loop
    vertex -1.823305845 10.34048176 10
    vertex -1.710220337 3.61595726 10
    vertex -0.915135324 10.46004391 10
  endloop
endfacet
facet normal 0 0 -1
  outer loop
    vertex 0.915135324 -10.46004391 0
    vertex -0.7803612947 -3.923141003 0
    vertex 1.823305845 -10.34048176 0
  endloop
endfacet
facet normal 0 0 -1
  outer loop
    vertex 1.823305845 -10.34048176 0
    vertex -0.7803612947 -3.923141003 0
    vertex -0.5869218707 -3.956706047 0
  endloop
endfacet
facet normal 0 0 -1
  outer loop
    vertex 1.823305845 -10.34048176 0
    vertex -0.5869218707 -3.956706047 0
    vertex -0.3920685649 -3.980738878 0
  endloop
endfacet
facet normal 0 0 -1
  outer loop
    vertex 1.823305845 -10.34048176 0
    vertex -0.3920685649 -3.980738878 0
    vertex -0.1962707043 -3.995181799 0
  endloop
endfacet
facet normal 0 0 -1
  outer loop
    vertex 1.823305845 -10.34048176 0
    vertex -0.1962707043 -3.995181799 0
    vertex -7.347880586e-16 -4 0
  endloop
endfacet
facet normal 0 0 -1
  outer loop
    vertex 1.823305845 -10.34048176 0
    vertex -7.347880586e-16 -4 0
    vertex 0.1962707043 -3.995181799 0
  endloop
endfacet
facet normal 0 0 -1
  outer loop
    vertex 1.823305845 -10.34048176 0
    vertex 0.1962707043 -3.995181799 0
    vertex 0.3920685649 -3.980738878 0
  endloop
endfacet
facet normal 0 0 -1
  outer loop
    vertex 1.823305845 -10.34048176 0
    vertex 0.3920685649 -3.980738878 0
    vertex 0.5869218707 -3.956706047 0
  endloop
endfacet
facet normal 0 0 -1
  outer loop
    vertex 1.823305845 -10.34048176 0
    vertex 0.5869218707 -3.956706047 0
    vertex 0.7803612947 -3.923141003 0
  endloop
endfacet
facet normal 0 0 -1
  outer loop
    vertex 1.823305845 -10.34048176 0
    vertex 0.7803612947 -3.923141003 0
    vertex 0.9719207287 -3.880125046 0
  endloop
endfacet
facet normal 0 0 -1
  outer loop
    vertex 1.823305845 -10.34048176 0
    vertex 0.9719207287 -3.880125046 0
    vertex 1.161138654 -3.827761412 0
  endloop
endfacet
facet normal 0 0 -1
  outer loop
    vertex 1.823305845 -10.34048176 0
    vertex 1.161138654 -3.827761412 0
    vertex 1.347559452 -3.766176224 0
  endloop
endfacet
facet normal 0 0 -1
  outer loop
    vertex 1.823305845 -10.34048176 0
    vertex 1.347559452 -3.766176224 0
    vertex 1.530733705 -3.695518017 0
  endloop
endfacet
facet normal 0 0 -1
  outer loop
    vertex 1.823305845 -10.34048176 0
    vertex 1.530733705 -3.695518017 0
    vertex 1.710220337 -3.61595726 0
  endloop
endfacet
facet normal 0 0 -1
  outer loop
    vertex 1.823305845 -10.34048176 0
    vertex 1.710220337 -3.61595726 0
    vertex 1.885586977 -3.527685165 0
  endloop
endfacet
facet normal 0 0 -1
  outer loop
    vertex 1.823305845 -10.34048176 0
    vertex 1.885586977 -3.527685165 0
    vertex 6.02255249 -8.601096153 0
  endloop
endfacet
facet normal 0 0 -1
  outer loop
    vertex 6.02255249 -8.601096153 0
    vertex 2.382797241 -3.212830067 0
    vertex 6.749269962 -8.043466568 0
  endloop
endfacet
facet normal 0.1305253677 -0.9914449699 0
  outer loop
    vertex 0.915135324 -10.46004391 0
    vertex 1.823305845 -10.34048176 0
    vertex 1.823305845 -10.34048176 10
  endloop
endfacet
facet normal 0.3826835625 -0.9238794786 0
  outer loop
    vertex 1.823305845 -10.34048176 0
    vertex 6.02255249 -8.601096153 0
    vertex 1.823305845 -10.34048176 10
  endloop
endfacet
facet normal 0 0 -1
  outer loop
    vertex 6.02255249 -8.601096153 0
    vertex 1.885586977 -3.527685165 0
    vertex 2.056411028 -3.430914402 0
  endloop
endfacet
facet normal 0 0 -1
  outer loop
    vertex 6.02255249 -8.601096153 0
    vertex 2.056411028 -3.430914402 0
    vertex 2.222280979 -3.325878382 0
  endloop
endfacet
facet normal 0 0 -1
  outer loop
    vertex 6.02255249 -8.601096153 0
    vertex 2.222280979 -3.325878382 0
    vertex 2.382797241 -3.212830067 0
  endloop
endfacet
facet normal 0 0 -1
  outer loop
    vertex 6.749269962 -8.043466568 0
    vertex 2.382797241 -3.212830067 0
    vertex 2.537573099 -3.092041731 0
  endloop
endfacet
facet normal 0 0 -1
  outer loop
    vertex 6.749269962 -8.043466568 0
    vertex 2.537573099 -3.092041731 0
    vertex 2.686235905 -2.963804483 0
  endloop
endfacet
facet normal 0 0 -1
  outer loop
    vertex 6.749269962 -8.043466568 0
    vertex 2.686235905 -2.963804483 0
    vertex 2.828427076 -2.828427076 0
  endloop
endfacet
facet normal 0 0 -1
  outer loop
    vertex 9.516231537 -4.437491894 0
    vertex 2.828427076 -2.828427076 0
    vertex 2.963804483 -2.686235905 0
  endloop
endfacet
facet normal 0 0 -1
  outer loop
    vertex 9.516231537 -4.437491894 0
    vertex 2.963804483 -2.686235905 0
    vertex 3.092041731 -2.537573099 0
  endloop
endfacet
facet normal 0.6087611928 -0.7933535215 0
  outer loop
    vertex 6.02255249 -8.601096153 0
    vertex 6.749269962 -8.043466568 0
    vertex 6.749269962 -8.043466568 10
  endloop
endfacet
facet normal 0.7933533521 -0.6087614136 0
  outer loop
    vertex 6.749269962 -8.043466568 0
    vertex 9.516231537 -4.437491894 0
    vertex 6.749269962 -8.043466568 10
  endloop
endfacet
facet normal 0 0 -1
  outer loop
    vertex 6.749269962 -8.043466568 0
    vertex 2.828427076 -2.828427076 0
    vertex 9.516231537 -4.437491894 0
  endloop
endfacet
facet normal 0 0 -1
  outer loop
    vertex 9.516231537 -4.437491894 0
    vertex 3.092041731 -2.537573099 0
    vertex 3.212830067 -2.382797241 0
  endloop
endfacet
facet normal 0 0 -1
  outer loop
    vertex 9.516231537 -4.437491894 0
    vertex 3.212830067 -2.382797241 0
    vertex 3.325878382 -2.222280979 0
  endloop
endfacet
facet normal 0 0 -1
  outer loop
    vertex 9.516231537 -4.437491894 0
    vertex 3.325878382 -2.222280979 0
    vertex 3.430914402 -2.056411028 0
  endloop
endfacet
facet normal 0 0 -1
  outer loop
    vertex 9.516231537 -4.437491894 0
    vertex 3.430914402 -2.056411028 0
    vertex 3.527685165 -1.885586977 0
  endloop
endfacet
facet normal 0 0 -1
  outer loop
    vertex 9.516231537 -4.437491894 0
    vertex 3.527685165 -1.885586977 0
    vertex 3.61595726 -1.710220337 0
  endloop
endfacet
facet normal 0 0 -1
  outer loop
    vertex 9.516231537 -4.437491894 0
    vertex 3.61595726 -1.710220337 0
    vertex 3.695518017 -1.530733705 0
  endloop
endfacet
facet normal 0 0 -1
  outer loop
    vertex 9.516231537 -4.437491894 0
    vertex 3.695518017 -1.530733705 0
    vertex 3.766176224 -1.347559452 0
  endloop
endfacet
facet normal 0 0 -1
  outer loop
    vertex 9.516231537 -4.437491894 0
    vertex 3.766176224 -1.347559452 0
    vertex 3.827761412 -1.161138654 0
  endloop
endfacet
facet normal 0 0 -1
  outer loop
    vertex 9.516231537 -4.437491894 0
    vertex 3.827761412 -1.161138654 0
    vertex 3.880125046 -0.9719207287 0
  endloop
endfacet
facet normal 0 0 -1
  outer loop
    vertex 9.516231537 -4.437491894 0
    vertex 3.880125046 -0.9719207287 0
    vertex 3.923141003 -0.7803612947 0
  endloop
endfacet
facet normal 0 0 -1
  outer loop
    vertex 9.516231537 -4.437491894 0
    vertex 3.923141003 -0.7803612947 0
    vertex 3.956706047 -0.5869218707 0
  endloop
endfacet
facet normal 0 0 -1
  outer loop
    vertex 9.516231537 -4.437491894 0
    vertex 3.956706047 -0.5869218707 0
    vertex 3.980738878 -0.3920685649 0
  endloop
endfacet
facet normal 0 0 -1
  outer loop
    vertex 9.516231537 -4.437491894 0
    vertex 3.980738878 -0.3920685649 0
    vertex 3.995181799 -0.1962707043 0
  endloop
endfacet
facet normal 0 0 -1
  outer loop
    vertex 9.516231537 -4.437491894 0
    vertex 3.995181799 -0.1962707043 0
    vertex 4 0 0
  endloop
endfacet
facet normal 0 0 -1
  outer loop
    vertex 9.516231537 -4.437491894 0
    vertex 4 0 0
    vertex 3.995181799 0.1962707043 0
  endloop
endfacet
facet normal 0 0 -1
  outer loop
    vertex 9.866772652 -3.591211557 0
    vertex 3.880125046 0.9719207287 0
    vertex 3.827761412 1.161138654 0
  endloop
endfacet
facet normal 0 0 -1
  outer loop
    vertex 9.866772652 -3.591211557 0
    vertex 3.995181799 0.1962707043 0
    vertex 3.980738878 0.3920685649 0
  endloop
endfacet
facet normal 0 0 -1
  outer loop
    vertex 9.866772652 -3.591211557 0
    vertex 3.980738878 0.3920685649 0
    vertex 3.956706047 0.5869218707 0
  endloop
endfacet
facet normal 0 0 -1
  outer loop
    vertex 9.866772652 -3.591211557 0
    vertex 3.956706047 0.5869218707 0
    vertex 3.923141003 0.7803612947 0
  endloop
endfacet
facet normal 0 0 -1
  outer loop
    vertex 9.866772652 -3.591211557 0
    vertex 3.923141003 0.7803612947 0
    vertex 3.880125046 0.9719207287 0
  endloop
endfacet
facet normal 0 0 -1
  outer loop
    vertex 9.516231537 -4.437491894 0
    vertex 3.995181799 0.1962707043 0
    vertex 9.866772652 -3.591211557 0
  endloop
endfacet
facet normal 0 0 -1
  outer loop
    vertex 9.866772652 -3.591211557 0
    vertex 3.827761412 1.161138654 0
    vertex 10.46004391 0.915135324 0
  endloop
endfacet
facet normal 0.9238794083 -0.3826837323 0
  outer loop
    vertex 9.516231537 -4.437491894 0
    vertex 9.866772652 -3.591211557 0
    vertex 9.866772652 -3.591211557 10
  endloop
endfacet
facet normal 0.9914448775 -0.1305260697 0
  outer loop
    vertex 9.866772652 -3.591211557 0
    vertex 10.46004391 0.915135324 0
    vertex 9.866772652 -3.591211557 10
  endloop
endfacet
facet normal 0.1305253677 -0.9914449699 0
  outer loop
    vertex 0.915135324 -10.46004391 0
    vertex 1.823305845 -10.34048176 10
    vertex 0.915135324 -10.46004391 10
  endloop
endfacet
facet normal 0.3826835625 -0.9238794786 0
  outer loop
    vertex 6.02255249 -8.601096153 0
    vertex 6.02255249 -8.601096153 10
    vertex 1.823305845 -10.34048176 10
  endloop
endfacet
facet normal -0 0 1
  outer loop
    vertex -3.591211557 -9.866772652 10
    vertex 1.823305845 -10.34048176 10
    vertex 6.02255249 -8.601096153 10
  endloop
endfacet
facet normal 0 -0 1
  outer loop
    vertex -3.591211557 -9.866772652 10
    vertex 1.885586977 -3.527685165 10
    vertex 1.710220337 -3.61595726 10
  endloop
endfacet
facet normal 0 -0 1
  outer loop
    vertex -3.591211557 -9.866772652 10
    vertex 2.056411028 -3.430914402 10
    vertex 1.885586977 -3.527685165 10
  endloop
endfacet
facet normal 0 -0 1
  outer loop
    vertex -3.591211557 -9.866772652 10
    vertex 2.222280979 -3.325878382 10
    vertex 2.056411028 -3.430914402 10
  endloop
endfacet
facet normal 0 -0 1
  outer loop
    vertex -3.591211557 -9.866772652 10
    vertex 2.382797241 -3.212830067 10
    vertex 2.222280979 -3.325878382 10
  endloop
endfacet
facet normal 0 -0 1
  outer loop
    vertex -3.591211557 -9.866772652 10
    vertex 2.537573099 -3.092041731 10
    vertex 2.382797241 -3.212830067 10
  endloop
endfacet
facet normal 0 -0 1
  outer loop
    vertex -3.591211557 -9.866772652 10
    vertex 2.686235905 -2.963804483 10
    vertex 2.537573099 -3.092041731 10
  endloop
endfacet
facet normal 0 0 1
  outer loop
    vertex -3.591211557 -9.866772652 10
    vertex 6.02255249 -8.601096153 10
    vertex 6.749269962 -8.043466568 10
  endloop
endfacet
facet normal 0 0 1
  outer loop
    vertex -3.591211557 -9.866772652 10
    vertex 6.749269962 -8.043466568 10
    vertex 9.516231537 -4.437491894 10
  endloop
endfacet
facet normal 0 -0 1
  outer loop
    vertex -3.591211557 -9.866772652 10
    vertex 2.828427076 -2.828427076 10
    vertex 2.686235905 -2.963804483 10
  endloop
endfacet
facet normal 0 -0 1
  outer loop
    vertex -3.591211557 -9.866772652 10
    vertex 2.963804483 -2.686235905 10
    vertex 2.828427076 -2.828427076 10
  endloop
endfacet
facet normal 0 -0 1
  outer loop
    vertex -3.591211557 -9.866772652 10
    vertex 10.34048176 1.823305845 10
    vertex 2.963804483 -2.686235905 10
  endloop
endfacet
facet normal 0.6087611928 -0.7933535215 0
  outer loop
    vertex 6.02255249 -8.601096153 0
    vertex 6.749269962 -8.043466568 10
    vertex 6.02255249 -8.601096153 10
  endloop
endfacet
facet normal 0.7933533521 -0.6087614136 0
  outer loop
    vertex 9.516231537 -4.437491894 0
    vertex 9.516231537 -4.437491894 10
    vertex 6.749269962 -8.043466568 10
  endloop
endfacet
facet normal 0 0 1
  outer loop
    vertex -3.591211557 -9.866772652 10
    vertex 9.516231537 -4.437491894 10
    vertex 9.866772652 -3.591211557 10
  endloop
endfacet
facet normal 0.9238794083 -0.3826837323 0
  outer loop
    vertex 9.516231537 -4.437491894 0
    vertex 9.866772652 -3.591211557 10
    vertex 9.516231537 -4.437491894 10
  endloop
endfacet
facet normal 0.9914448775 -0.1305260697 0
  outer loop
    vertex 9.866772652 -3.591211557 10
    vertex 10.46004391 0.915135324 0
    vertex 10.46004391 0.915135324 10
  endloop
endfacet
facet normal 0 0 1
  outer loop
    vertex -3.591211557 -9.866772652 10
    vertex 9.866772652 -3.591211557 10
    vertex 10.46004391 0.915135324 10
  endloop
endfacet
facet normal 0 -0 1
  outer loop
    vertex -3.591211557 -9.866772652 10
    vertex 10.46004391 0.915135324 10
    vertex 10.34048176 1.823305845 10
  endloop
endfacet
facet normal 0 0 1
  outer loop
    vertex 10.34048176 1.823305845 10
    vertex 3.092041731 -2.537573099 10
    vertex 2.963804483 -2.686235905 10
  endloop
endfacet
facet normal 0 0 1
  outer loop
    vertex 10.34048176 1.823305845 10
    vertex 3.212830067 -2.382797241 10
    vertex 3.092041731 -2.537573099 10
  endloop
endfacet
facet normal 0 0 1
  outer loop
    vertex 10.34048176 1.823305845 10
    vertex 3.325878382 -2.222280979 10
    vertex 3.212830067 -2.382797241 10
  endloop
endfacet
facet normal 0 0 1
  outer loop
    vertex 10.34048176 1.823305845 10
    vertex 3.430914402 -2.056411028 10
    vertex 3.325878382 -2.222280979 10
  endloop
endfacet
facet normal 0 0 1
  outer loop
    vertex 10.34048176 1.823305845 10
    vertex 3.527685165 -1.885586977 10
    vertex 3.430914402 -2.056411028 10
  endloop
endfacet
facet normal 0 0 1
  outer loop
    vertex 10.34048176 1.823305845 10
    vertex 3.61595726 -1.710220337 10
    vertex 3.527685165 -1.885586977 10
  endloop
endfacet
facet normal 0 0 1
  outer loop
    vertex 10.34048176 1.823305845 10
    vertex 3.695518017 -1.530733705 10
    vertex 3.61595726 -1.710220337 10
  endloop
endfacet
facet normal 0 0 1
  outer loop
    vertex 10.34048176 1.823305845 10
    vertex 3.766176224 -1.347559452 10
    vertex 3.695518017 -1.530733705 10
  endloop
endfacet
facet normal 0 0 1
  outer loop
    vertex 10.34048176 1.823305845 10
    vertex 3.827761412 -1.161138654 10
    vertex 3.766176224 -1.347559452 10
  endloop
endfacet
facet normal 0 0 1
  outer loop
    vertex 10.34048176 1.823305845 10
    vertex 3.880125046 -0.9719207287 10
    vertex 3.827761412 -1.161138654 10
  endloop
endfacet
facet normal -0 -0 -1
  outer loop
    vertex -6.02255249 8.601096153 0
    vertex 10.46004391 0.915135324 0
    vertex 2.222280979 3.325878382 0
  endloop
endfacet
facet normal 0 0 -1
  outer loop
    vertex 10.46004391 0.915135324 0
    vertex 2.382797241 3.212830067 0
    vertex 2.222280979 3.325878382 0
  endloop
endfacet
facet normal 0 0 -1
  outer loop
    vertex 10.46004391 0.915135324 0
    vertex 2.537573099 3.092041731 0
    vertex 2.382797241 3.212830067 0
  endloop
endfacet
facet normal 0 0 -1
  outer loop
    vertex 10.46004391 0.915135324 0
    vertex 2.686235905 2.963804483 0
    vertex 2.537573099 3.092041731 0
  endloop
endfacet
facet normal 0 0 -1
  outer loop
    vertex -6.02255249 8.601096153 0
    vertex 10.34048176 1.823305845 0
    vertex 10.46004391 0.915135324 0
  endloop
endfacet
facet normal 0 0 -1
  outer loop
    vertex -6.02255249 8.601096153 0
    vertex 3.591211557 9.866772652 0
    vertex 4.437491894 9.516231537 0
  endloop
endfacet
facet normal 0 0 -1
  outer loop
    vertex -6.02255249 8.601096153 0
    vertex 4.437491894 9.516231537 0
    vertex 8.043466568 6.749269962 0
  endloop
endfacet
facet normal 0 0 -1
  outer loop
    vertex -6.02255249 8.601096153 0
    vertex 8.043466568 6.749269962 0
    vertex 8.601096153 6.02255249 0
  endloop
endfacet
facet normal 0 0 -1
  outer loop
    vertex -6.02255249 8.601096153 0
    vertex 8.601096153 6.02255249 0
    vertex 10.34048176 1.823305845 0
  endloop
endfacet
facet normal 0.1305260697 0.9914448775 -0
  outer loop
    vertex -0.915135324 10.46004391 0
    vertex -0.915135324 10.46004391 10
    vertex 3.591211557 9.866772652 0
  endloop
endfacet
facet normal 0.3826837323 0.9238794083 -0
  outer loop
    vertex 3.591211557 9.866772652 0
    vertex 3.591211557 9.866772652 10
    vertex 4.437491894 9.516231537 0
  endloop
endfacet
facet normal 0 0 -1
  outer loop
    vertex 10.46004391 0.915135324 0
    vertex 3.827761412 1.161138654 0
    vertex 3.766176224 1.347559452 0
  endloop
endfacet
facet normal 0 0 -1
  outer loop
    vertex 10.46004391 0.915135324 0
    vertex 3.766176224 1.347559452 0
    vertex 3.695518017 1.530733705 0
  endloop
endfacet
facet normal 0 0 -1
  outer loop
    vertex 10.46004391 0.915135324 0
    vertex 3.61595726 1.710220337 0
    vertex 3.527685165 1.885586977 0
  endloop
endfacet
facet normal 0 0 -1
  outer loop
    vertex 10.46004391 0.915135324 0
    vertex 3.527685165 1.885586977 0
    vertex 3.430914402 2.056411028 0
  endloop
endfacet
facet normal 0 0 -1
  outer loop
    vertex 10.46004391 0.915135324 0
    vertex 3.212830067 2.382797241 0
    vertex 3.092041731 2.537573099 0
  endloop
endfacet
facet normal 0 0 -1
  outer loop
    vertex 10.46004391 0.915135324 0
    vertex 3.325878382 2.222280979 0
    vertex 3.212830067 2.382797241 0
  endloop
endfacet
facet normal 0 0 -1
  outer loop
    vertex 10.46004391 0.915135324 0
    vertex 3.430914402 2.056411028 0
    vertex 3.325878382 2.222280979 0
  endloop
endfacet
facet normal 0 0 -1
  outer loop
    vertex 10.46004391 0.915135324 0
    vertex 2.828427076 2.828427076 0
    vertex 2.686235905 2.963804483 0
  endloop
endfacet
facet normal 0 0 -1
  outer loop
    vertex 10.46004391 0.915135324 0
    vertex 3.092041731 2.537573099 0
    vertex 2.963804483 2.686235905 0
  endloop
endfacet
facet normal 0 0 -1
  outer loop
    vertex 10.46004391 0.915135324 0
    vertex 2.963804483 2.686235905 0
    vertex 2.828427076 2.828427076 0
  endloop
endfacet
facet normal 0 0 -1
  outer loop
    vertex 10.46004391 0.915135324 0
    vertex 3.695518017 1.530733705 0
    vertex 3.61595726 1.710220337 0
  endloop
endfacet
facet normal 0.9914449699 0.1305253677 -0
  outer loop
    vertex 10.46004391 0.915135324 0
    vertex 10.34048176 1.823305845 0
    vertex 10.34048176 1.823305845 10
  endloop
endfacet
facet normal 0.9238794786 0.3826835625 0
  outer loop
    vertex 10.34048176 1.823305845 0
    vertex 8.601096153 6.02255249 0
    vertex 10.34048176 1.823305845 10
  endloop
endfacet
facet normal 0.6087614136 0.7933533521 0
  outer loop
    vertex 4.437491894 9.516231537 0
    vertex 8.043466568 6.749269962 10
    vertex 8.043466568 6.749269962 0
  endloop
endfacet
facet normal 0.7933535215 0.6087611928 0
  outer loop
    vertex 8.601096153 6.02255249 0
    vertex 8.043466568 6.749269962 0
    vertex 8.601096153 6.02255249 10
  endloop
endfacet
facet normal 0 0 1
  outer loop
    vertex 8.043466568 6.749269962 10
    vertex 3.766176224 1.347559452 10
    vertex 3.827761412 1.161138654 10
  endloop
endfacet
facet normal 0 0 1
  outer loop
    vertex 8.043466568 6.749269962 10
    vertex 3.695518017 1.530733705 10
    vertex 3.766176224 1.347559452 10
  endloop
endfacet
facet normal 0 0 1
  outer loop
    vertex 8.043466568 6.749269962 10
    vertex 3.092041731 2.537573099 10
    vertex 3.212830067 2.382797241 10
  endloop
endfacet
facet normal 0 0 1
  outer loop
    vertex 8.043466568 6.749269962 10
    vertex 3.212830067 2.382797241 10
    vertex 3.325878382 2.222280979 10
  endloop
endfacet
facet normal 0 0 1
  outer loop
    vertex 8.043466568 6.749269962 10
    vertex 3.527685165 1.885586977 10
    vertex 3.61595726 1.710220337 10
  endloop
endfacet
facet normal 0 0 1
  outer loop
    vertex 8.043466568 6.749269962 10
    vertex 3.430914402 2.056411028 10
    vertex 3.527685165 1.885586977 10
  endloop
endfacet
facet normal 0 0 1
  outer loop
    vertex 8.043466568 6.749269962 10
    vertex 3.61595726 1.710220337 10
    vertex 3.695518017 1.530733705 10
  endloop
endfacet
facet normal 0 0 1
  outer loop
    vertex 8.043466568 6.749269962 10
    vertex 3.325878382 2.222280979 10
    vertex 3.430914402 2.056411028 10
  endloop
endfacet
facet normal 0 0 1
  outer loop
    vertex 8.043466568 6.749269962 10
    vertex 2.056411028 3.430914402 10
    vertex 2.222280979 3.325878382 10
  endloop
endfacet
facet normal 0 0 1
  outer loop
    vertex 8.043466568 6.749269962 10
    vertex 2.222280979 3.325878382 10
    vertex 2.382797241 3.212830067 10
  endloop
endfacet
facet normal 0 0 1
  outer loop
    vertex 8.043466568 6.749269962 10
    vertex 2.686235905 2.963804483 10
    vertex 2.828427076 2.828427076 10
  endloop
endfacet
facet normal 0 0 1
  outer loop
    vertex 8.043466568 6.749269962 10
    vertex 2.382797241 3.212830067 10
    vertex 2.537573099 3.092041731 10
  endloop
endfacet
facet normal 0 0 1
  outer loop
    vertex 8.043466568 6.749269962 10
    vertex 2.537573099 3.092041731 10
    vertex 2.686235905 2.963804483 10
  endloop
endfacet
facet normal 0 0 1
  outer loop
    vertex 8.043466568 6.749269962 10
    vertex 2.963804483 2.686235905 10
    vertex 3.092041731 2.537573099 10
  endloop
endfacet
facet normal 0 0 1
  outer loop
    vertex 8.043466568 6.749269962 10
    vertex 2.828427076 2.828427076 10
    vertex 2.963804483 2.686235905 10
  endloop
endfacet
facet normal 0.1305260697 0.9914448775 0
  outer loop
    vertex -0.915135324 10.46004391 10
    vertex 3.591211557 9.866772652 10
    vertex 3.591211557 9.866772652 0
  endloop
endfacet
facet normal 0.3826837323 0.9238794083 0
  outer loop
    vertex 4.437491894 9.516231537 0
    vertex 3.591211557 9.866772652 10
    vertex 4.437491894 9.516231537 10
  endloop
endfacet
facet normal 0 0 1
  outer loop
    vertex -0.915135324 10.46004391 10
    vertex 0.3920685649 3.980738878 10
    vertex 0.5869218707 3.956706047 10
  endloop
endfacet
facet normal 0 0 1
  outer loop
    vertex -0.915135324 10.46004391 10
    vertex 0.5869218707 3.956706047 10
    vertex 0.7803612947 3.923141003 10
  endloop
endfacet
facet normal 0 0 1
  outer loop
    vertex -0.915135324 10.46004391 10
    vertex 0.7803612947 3.923141003 10
    vertex 0.9719207287 3.880125046 10
  endloop
endfacet
facet normal 0 0 1
  outer loop
    vertex 3.591211557 9.866772652 10
    vertex 0.9719207287 3.880125046 10
    vertex 1.161138654 3.827761412 10
  endloop
endfacet
facet normal 0 0 1
  outer loop
    vertex 3.591211557 9.866772652 10
    vertex 1.161138654 3.827761412 10
    vertex 1.347559452 3.766176224 10
  endloop
endfacet
facet normal 0 0 1
  outer loop
    vertex 3.591211557 9.866772652 10
    vertex 1.347559452 3.766176224 10
    vertex 1.530733705 3.695518017 10
  endloop
endfacet
facet normal 0 0 1
  outer loop
    vertex 4.437491894 9.516231537 10
    vertex 1.530733705 3.695518017 10
    vertex 1.710220337 3.61595726 10
  endloop
endfacet
facet normal -0 0 1
  outer loop
    vertex -0.915135324 10.46004391 10
    vertex 0.9719207287 3.880125046 10
    vertex 3.591211557 9.866772652 10
  endloop
endfacet
facet normal 0 0 1
  outer loop
    vertex 4.437491894 9.516231537 10
    vertex 1.710220337 3.61595726 10
    vertex 1.885586977 3.527685165 10
  endloop
endfacet
facet normal 0 0 1
  outer loop
    vertex 4.437491894 9.516231537 10
    vertex 1.885586977 3.527685165 10
    vertex 2.056411028 3.430914402 10
  endloop
endfacet
facet normal -0 0 1
  outer loop
    vertex 3.591211557 9.866772652 10
    vertex 1.530733705 3.695518017 10
    vertex 4.437491894 9.516231537 10
  endloop
endfacet
facet normal -0 0 1
  outer loop
    vertex 4.437491894 9.516231537 10
    vertex 2.056411028 3.430914402 10
    vertex 8.043466568 6.749269962 10
  endloop
endfacet
facet normal 0.9914449699 0.1305253677 0
  outer loop
    vertex 10.46004391 0.915135324 0
    vertex 10.34048176 1.823305845 10
    vertex 10.46004391 0.915135324 10
  endloop
endfacet
facet normal 0.9238794786 0.3826835625 -0
  outer loop
    vertex 8.601096153 6.02255249 0
    vertex 8.601096153 6.02255249 10
    vertex 10.34048176 1.823305845 10
  endloop
endfacet
facet normal 0 0 1
  outer loop
    vertex 10.34048176 1.823305845 10
    vertex 3.923141003 -0.7803612947 10
    vertex 3.880125046 -0.9719207287 10
  endloop
endfacet
facet normal 0 0 1
  outer loop
    vertex 10.34048176 1.823305845 10
    vertex 3.956706047 -0.5869218707 10
    vertex 3.923141003 -0.7803612947 10
  endloop
endfacet
facet normal 0 0 1
  outer loop
    vertex 10.34048176 1.823305845 10
    vertex 3.980738878 -0.3920685649 10
    vertex 3.956706047 -0.5869218707 10
  endloop
endfacet
facet normal 0 0 1
  outer loop
    vertex 10.34048176 1.823305845 10
    vertex 3.995181799 -0.1962707043 10
    vertex 3.980738878 -0.3920685649 10
  endloop
endfacet
facet normal 0 0 1
  outer loop
    vertex 10.34048176 1.823305845 10
    vertex 4 0 10
    vertex 3.995181799 -0.1962707043 10
  endloop
endfacet
facet normal 0 0 1
  outer loop
    vertex 8.601096153 6.02255249 10
    vertex 3.995181799 0.1962707043 10
    vertex 4 0 10
  endloop
endfacet
facet normal 0 0 1
  outer loop
    vertex 8.601096153 6.02255249 10
    vertex 3.980738878 0.3920685649 10
    vertex 3.995181799 0.1962707043 10
  endloop
endfacet
facet normal 0 0 1
  outer loop
    vertex 8.601096153 6.02255249 10
    vertex 3.956706047 0.5869218707 10
    vertex 3.980738878 0.3920685649 10
  endloop
endfacet
facet normal 0 0 1
  outer loop
    vertex 8.601096153 6.02255249 10
    vertex 3.923141003 0.7803612947 10
    vertex 3.956706047 0.5869218707 10
  endloop
endfacet
facet normal 0 0 1
  outer loop
    vertex 8.043466568 6.749269962 10
    vertex 3.880125046 0.9719207287 10
    vertex 3.923141003 0.7803612947 10
  endloop
endfacet
facet normal 0 0 1
  outer loop
    vertex 8.043466568 6.749269962 10
    vertex 3.827761412 1.161138654 10
    vertex 3.880125046 0.9719207287 10
  endloop
endfacet
facet normal 0 0 1
  outer loop
    vertex 10.34048176 1.823305845 10
    vertex 8.601096153 6.02255249 10
    vertex 4 0 10
  endloop
endfacet
facet normal 0 0 1
  outer loop
    vertex 8.601096153 6.02255249 10
    vertex 8.043466568 6.749269962 10
    vertex 3.923141003 0.7803612947 10
  endloop
endfacet
facet normal 0.6087614136 0.7933533521 -0
  outer loop
    vertex 4.437491894 9.516231537 0
    vertex 4.437491894 9.516231537 10
    vertex 8.043466568 6.749269962 10
  endloop
endfacet
facet normal 0.7933535215 0.6087611928 -0
  outer loop
    vertex 8.043466568 6.749269962 0
    vertex 8.043466568 6.749269962 10
    vertex 8.601096153 6.02255249 10
  endloop
endfacet
facet normal 0.653172345 0.7572092761 -0
  outer loop
    vertex -2.537573099 -3.092041731 0
    vertex -2.686235905 -2.963804483 0
    vertex -2.686235905 -2.963804483 10
  endloop
endfacet
facet normal 0.6895409661 0.7242466818 -0
  outer loop
    vertex -2.686235905 -2.963804483 0
    vertex -2.828427076 -2.828427076 0
    vertex -2.828427076 -2.828427076 10
  endloop
endfacet
facet normal 0.7242466818 0.6895409661 -0
  outer loop
    vertex -2.828427076 -2.828427076 0
    vertex -2.963804483 -2.686235905 0
    vertex -2.963804483 -2.686235905 10
  endloop
endfacet
facet normal 0.9852775392 0.1709624836 -0
  outer loop
    vertex -3.923141003 -0.7803612947 0
    vertex -3.956706047 -0.5869218707 0
    vertex -3.956706047 -0.5869218707 10
  endloop
endfacet
facet normal 0.9924795543 0.1224105154 -0
  outer loop
    vertex -3.956706047 -0.5869218707 0
    vertex -3.980738878 -0.3920685649 0
    vertex -3.980738878 -0.3920685649 10
  endloop
endfacet
facet normal 0.9972904556 0.0735645778 -0
  outer loop
    vertex -3.980738878 -0.3920685649 0
    vertex -3.995181799 -0.1962707043 0
    vertex -3.995181799 -0.1962707043 10
  endloop
endfacet
facet normal 0.9996988155 0.02454135942 -0
  outer loop
    vertex -3.995181799 -0.1962707043 0
    vertex -4 4.89858741e-16 0
    vertex -4 4.89858741e-16 10
  endloop
endfacet
facet normal 0.8175847927 0.5758082205 -0
  outer loop
    vertex -3.212830067 -2.382797241 0
    vertex -3.325878382 -2.222280979 0
    vertex -3.325878382 -2.222280979 10
  endloop
endfacet
facet normal 0.8448534914 0.5349977364 -0
  outer loop
    vertex -3.325878382 -2.222280979 0
    vertex -3.430914402 -2.056411028 0
    vertex -3.430914402 -2.056411028 10
  endloop
endfacet
facet normal 0.9142101248 0.4052404814 -0
  outer loop
    vertex -3.61595726 -1.710220337 0
    vertex -3.695518017 -1.530733705 0
    vertex -3.695518017 -1.530733705 10
  endloop
endfacet
facet normal 0.9329926266 0.359895483 -0
  outer loop
    vertex -3.695518017 -1.530733705 0
    vertex -3.766176224 -1.347559452 0
    vertex -3.766176224 -1.347559452 10
  endloop
endfacet
facet normal 0.8700866987 0.4928987084 -0
  outer loop
    vertex -3.430914402 -2.056411028 0
    vertex -3.527685165 -1.885586977 0
    vertex -3.527685165 -1.885586977 10
  endloop
endfacet
facet normal 0.8932244114 0.4496111108 -0
  outer loop
    vertex -3.527685165 -1.885586977 0
    vertex -3.61595726 -1.710220337 0
    vertex -3.61595726 -1.710220337 10
  endloop
endfacet
facet normal 0.7883462529 0.6152318145 -0
  outer loop
    vertex -3.092041731 -2.537573099 0
    vertex -3.212830067 -2.382797241 0
    vertex -3.212830067 -2.382797241 10
  endloop
endfacet
facet normal 0.7572092761 0.653172345 -0
  outer loop
    vertex -2.963804483 -2.686235905 0
    vertex -3.092041731 -2.537573099 0
    vertex -3.092041731 -2.537573099 10
  endloop
endfacet
facet normal 0.9495280672 0.3136820836 -0
  outer loop
    vertex -3.766176224 -1.347559452 0
    vertex -3.827761412 -1.161138654 0
    vertex -3.827761412 -1.161138654 10
  endloop
endfacet
facet normal 0.9637760893 0.2667126726 -0
  outer loop
    vertex -3.827761412 -1.161138654 0
    vertex -3.880125046 -0.9719207287 0
    vertex -3.880125046 -0.9719207287 10
  endloop
endfacet
facet normal 0.9757022961 0.2191005007 -0
  outer loop
    vertex -3.880125046 -0.9719207287 0
    vertex -3.923141003 -0.7803612947 0
    vertex -3.923141003 -0.7803612947 10
  endloop
endfacet
facet normal 0.5349977364 0.8448534914 -0
  outer loop
    vertex -2.056411028 -3.430914402 0
    vertex -2.222280979 -3.325878382 0
    vertex -2.222280979 -3.325878382 10
  endloop
endfacet
facet normal 0.4928987084 0.8700866987 -0
  outer loop
    vertex -1.885586977 -3.527685165 0
    vertex -2.056411028 -3.430914402 0
    vertex -2.056411028 -3.430914402 10
  endloop
endfacet
facet normal 0.6152318145 0.7883462529 -0
  outer loop
    vertex -2.382797241 -3.212830067 0
    vertex -2.537573099 -3.092041731 0
    vertex -2.537573099 -3.092041731 10
  endloop
endfacet
facet normal 0.5758082205 0.8175847927 -0
  outer loop
    vertex -2.222280979 -3.325878382 0
    vertex -2.382797241 -3.212830067 0
    vertex -2.382797241 -3.212830067 10
  endloop
endfacet
facet normal 0.4052404814 0.9142101248 -0
  outer loop
    vertex -1.530733705 -3.695518017 0
    vertex -1.710220337 -3.61595726 0
    vertex -1.710220337 -3.61595726 10
  endloop
endfacet
facet normal 0.4496111108 0.8932244114 -0
  outer loop
    vertex -1.710220337 -3.61595726 0
    vertex -1.885586977 -3.527685165 0
    vertex -1.885586977 -3.527685165 10
  endloop
endfacet
facet normal 0.359895483 0.9329926266 -0
  outer loop
    vertex -1.347559452 -3.766176224 0
    vertex -1.530733705 -3.695518017 0
    vertex -1.530733705 -3.695518017 10
  endloop
endfacet
facet normal 0.1709624836 0.9852775392 -0
  outer loop
    vertex -0.5869218707 -3.956706047 0
    vertex -0.7803612947 -3.923141003 0
    vertex -0.7803612947 -3.923141003 10
  endloop
endfacet
facet normal 0.1224105154 0.9924795543 -0
  outer loop
    vertex -0.3920685649 -3.980738878 0
    vertex -0.5869218707 -3.956706047 0
    vertex -0.5869218707 -3.956706047 10
  endloop
endfacet
facet normal 0.0735645778 0.9972904556 -0
  outer loop
    vertex -0.1962707043 -3.995181799 0
    vertex -0.3920685649 -3.980738878 0
    vertex -0.3920685649 -3.980738878 10
  endloop
endfacet
facet normal 0.02454135942 0.9996988155 -0
  outer loop
    vertex -7.347880586e-16 -4 0
    vertex -0.1962707043 -3.995181799 0
    vertex -0.1962707043 -3.995181799 10
  endloop
endfacet
facet normal 0.3136820836 0.9495280672 -0
  outer loop
    vertex -1.161138654 -3.827761412 0
    vertex -1.347559452 -3.766176224 0
    vertex -1.347559452 -3.766176224 10
  endloop
endfacet
facet normal 0.2667126726 0.9637760893 -0
  outer loop
    vertex -0.9719207287 -3.880125046 0
    vertex -1.161138654 -3.827761412 0
    vertex -1.161138654 -3.827761412 10
  endloop
endfacet
facet normal 0.2191005007 0.9757022961 -0
  outer loop
    vertex -0.7803612947 -3.923141003 0
    vertex -0.9719207287 -3.880125046 0
    vertex -0.9719207287 -3.880125046 10
  endloop
endfacet
facet normal 0.7572092761 0.653172345 0
  outer loop
    vertex -2.963804483 -2.686235905 0
    vertex -3.092041731 -2.537573099 10
    vertex -2.963804483 -2.686235905 10
  endloop
endfacet
facet normal 0.7242466818 0.6895409661 0
  outer loop
    vertex -2.828427076 -2.828427076 0
    vertex -2.963804483 -2.686235905 10
    vertex -2.828427076 -2.828427076 10
  endloop
endfacet
facet normal 0.6895409661 0.7242466818 0
  outer loop
    vertex -2.686235905 -2.963804483 0
    vertex -2.828427076 -2.828427076 10
    vertex -2.686235905 -2.963804483 10
  endloop
endfacet
facet normal 0.9852775392 0.1709624836 0
  outer loop
    vertex -3.923141003 -0.7803612947 0
    vertex -3.956706047 -0.5869218707 10
    vertex -3.923141003 -0.7803612947 10
  endloop
endfacet
facet normal 0.9924795543 0.1224105154 0
  outer loop
    vertex -3.956706047 -0.5869218707 0
    vertex -3.980738878 -0.3920685649 10
    vertex -3.956706047 -0.5869218707 10
  endloop
endfacet
facet normal 0.9972904556 0.0735645778 0
  outer loop
    vertex -3.980738878 -0.3920685649 0
    vertex -3.995181799 -0.1962707043 10
    vertex -3.980738878 -0.3920685649 10
  endloop
endfacet
facet normal 0.9996988155 0.02454135942 0
  outer loop
    vertex -3.995181799 -0.1962707043 0
    vertex -4 4.89858741e-16 10
    vertex -3.995181799 -0.1962707043 10
  endloop
endfacet
facet normal 0.8700866987 0.4928987084 0
  outer loop
    vertex -3.430914402 -2.056411028 0
    vertex -3.527685165 -1.885586977 10
    vertex -3.430914402 -2.056411028 10
  endloop
endfacet
facet normal 0.8448534914 0.5349977364 0
  outer loop
    vertex -3.325878382 -2.222280979 0
    vertex -3.430914402 -2.056411028 10
    vertex -3.325878382 -2.222280979 10
  endloop
endfacet
facet normal 0.9142101248 0.4052404814 0
  outer loop
    vertex -3.61595726 -1.710220337 0
    vertex -3.695518017 -1.530733705 10
    vertex -3.61595726 -1.710220337 10
  endloop
endfacet
facet normal 0.9329926266 0.359895483 0
  outer loop
    vertex -3.695518017 -1.530733705 0
    vertex -3.766176224 -1.347559452 10
    vertex -3.695518017 -1.530733705 10
  endloop
endfacet
facet normal 0.8932244114 0.4496111108 0
  outer loop
    vertex -3.527685165 -1.885586977 0
    vertex -3.61595726 -1.710220337 10
    vertex -3.527685165 -1.885586977 10
  endloop
endfacet
facet normal 0.7883462529 0.6152318145 0
  outer loop
    vertex -3.092041731 -2.537573099 0
    vertex -3.212830067 -2.382797241 10
    vertex -3.092041731 -2.537573099 10
  endloop
endfacet
facet normal 0.8175847927 0.5758082205 0
  outer loop
    vertex -3.212830067 -2.382797241 0
    vertex -3.325878382 -2.222280979 10
    vertex -3.212830067 -2.382797241 10
  endloop
endfacet
facet normal 0.9495280672 0.3136820836 0
  outer loop
    vertex -3.766176224 -1.347559452 0
    vertex -3.827761412 -1.161138654 10
    vertex -3.766176224 -1.347559452 10
  endloop
endfacet
facet normal 0.9637760893 0.2667126726 0
  outer loop
    vertex -3.827761412 -1.161138654 0
    vertex -3.880125046 -0.9719207287 10
    vertex -3.827761412 -1.161138654 10
  endloop
endfacet
facet normal 0.9757022961 0.2191005007 0
  outer loop
    vertex -3.880125046 -0.9719207287 0
    vertex -3.923141003 -0.7803612947 10
    vertex -3.880125046 -0.9719207287 10
  endloop
endfacet
facet normal 0.5758082205 0.8175847927 0
  outer loop
    vertex -2.222280979 -3.325878382 0
    vertex -2.382797241 -3.212830067 10
    vertex -2.222280979 -3.325878382 10
  endloop
endfacet
facet normal 0.5349977364 0.8448534914 0
  outer loop
    vertex -2.056411028 -3.430914402 0
    vertex -2.222280979 -3.325878382 10
    vertex -2.056411028 -3.430914402 10
  endloop
endfacet
facet normal 0.653172345 0.7572092761 0
  outer loop
    vertex -2.686235905 -2.963804483 10
    vertex -2.537573099 -3.092041731 10
    vertex -2.537573099 -3.092041731 0
  endloop
endfacet
facet normal 0.6152318145 0.7883462529 0
  outer loop
    vertex -2.382797241 -3.212830067 0
    vertex -2.537573099 -3.092041731 10
    vertex -2.382797241 -3.212830067 10
  endloop
endfacet
facet normal 0.4928987084 0.8700866987 0
  outer loop
    vertex -1.885586977 -3.527685165 0
    vertex -2.056411028 -3.430914402 10
    vertex -1.885586977 -3.527685165 10
  endloop
endfacet
facet normal 0.4496111108 0.8932244114 0
  outer loop
    vertex -1.710220337 -3.61595726 0
    vertex -1.885586977 -3.527685165 10
    vertex -1.710220337 -3.61595726 10
  endloop
endfacet
facet normal 0.4052404814 0.9142101248 0
  outer loop
    vertex -1.530733705 -3.695518017 0
    vertex -1.710220337 -3.61595726 10
    vertex -1.530733705 -3.695518017 10
  endloop
endfacet
facet normal 0.359895483 0.9329926266 0
  outer loop
    vertex -1.530733705 -3.695518017 10
    vertex -1.347559452 -3.766176224 10
    vertex -1.347559452 -3.766176224 0
  endloop
endfacet
facet normal 0.1709624836 0.9852775392 0
  outer loop
    vertex -0.5869218707 -3.956706047 0
    vertex -0.7803612947 -3.923141003 10
    vertex -0.5869218707 -3.956706047 10
  endloop
endfacet
facet normal 0.1224105154 0.9924795543 0
  outer loop
    vertex -0.3920685649 -3.980738878 0
    vertex -0.5869218707 -3.956706047 10
    vertex -0.3920685649 -3.980738878 10
  endloop
endfacet
facet normal 0.0735645778 0.9972904556 0
  outer loop
    vertex -0.1962707043 -3.995181799 0
    vertex -0.3920685649 -3.980738878 10
    vertex -0.1962707043 -3.995181799 10
  endloop
endfacet
facet normal 0.02454135942 0.9996988155 0
  outer loop
    vertex -7.347880586e-16 -4 0
    vertex -0.1962707043 -3.995181799 10
    vertex -7.347880586e-16 -4 10
  endloop
endfacet
facet normal 0.3136820836 0.9495280672 0
  outer loop
    vertex -1.161138654 -3.827761412 0
    vertex -1.347559452 -3.766176224 10
    vertex -1.161138654 -3.827761412 10
  endloop
endfacet
facet normal 0.2667126726 0.9637760893 0
  outer loop
    vertex -1.161138654 -3.827761412 10
    vertex -0.9719207287 -3.880125046 10
    vertex -0.9719207287 -3.880125046 0
  endloop
endfacet
facet normal 0.2191005007 0.9757022961 0
  outer loop
    vertex -0.7803612947 -3.923141003 0
    vertex -0.9719207287 -3.880125046 10
    vertex -0.7803612947 -3.923141003 10
  endloop
endfacet
facet normal 0.9996988155 -0.02454135942 0
  outer loop
    vertex -4 4.89858741e-16 0
    vertex -3.995181799 0.1962707043 0
    vertex -3.995181799 0.1962707043 10
  endloop
endfacet
facet normal 0.9972904556 -0.0735645778 0
  outer loop
    vertex -3.995181799 0.1962707043 0
    vertex -3.980738878 0.3920685649 0
    vertex -3.980738878 0.3920685649 10
  endloop
endfacet
facet normal 0.9924795543 -0.1224105154 0
  outer loop
    vertex -3.980738878 0.3920685649 0
    vertex -3.956706047 0.5869218707 0
    vertex -3.956706047 0.5869218707 10
  endloop
endfacet
facet normal 0.9852775392 -0.1709624836 0
  outer loop
    vertex -3.956706047 0.5869218707 0
    vertex -3.923141003 0.7803612947 0
    vertex -3.923141003 0.7803612947 10
  endloop
endfacet
facet normal 0.9757022961 -0.2191005007 0
  outer loop
    vertex -3.923141003 0.7803612947 0
    vertex -3.880125046 0.9719207287 0
    vertex -3.880125046 0.9719207287 10
  endloop
endfacet
facet normal 0.9637760893 -0.2667126726 0
  outer loop
    vertex -3.880125046 0.9719207287 0
    vertex -3.827761412 1.161138654 0
    vertex -3.827761412 1.161138654 10
  endloop
endfacet
facet normal 0.9495280672 -0.3136820836 0
  outer loop
    vertex -3.827761412 1.161138654 0
    vertex -3.766176224 1.347559452 0
    vertex -3.766176224 1.347559452 10
  endloop
endfacet
facet normal 0.9329926266 -0.359895483 0
  outer loop
    vertex -3.766176224 1.347559452 0
    vertex -3.695518017 1.530733705 0
    vertex -3.695518017 1.530733705 10
  endloop
endfacet
facet normal 0.9142101248 -0.4052404814 0
  outer loop
    vertex -3.695518017 1.530733705 0
    vertex -3.61595726 1.710220337 0
    vertex -3.61595726 1.710220337 10
  endloop
endfacet
facet normal 0.8932244114 -0.4496111108 0
  outer loop
    vertex -3.61595726 1.710220337 0
    vertex -3.527685165 1.885586977 0
    vertex -3.527685165 1.885586977 10
  endloop
endfacet
facet normal 0.8700866987 -0.4928987084 0
  outer loop
    vertex -3.527685165 1.885586977 0
    vertex -3.430914402 2.056411028 0
    vertex -3.430914402 2.056411028 10
  endloop
endfacet
facet normal 0.8448534914 -0.5349977364 0
  outer loop
    vertex -3.430914402 2.056411028 0
    vertex -3.325878382 2.222280979 0
    vertex -3.325878382 2.222280979 10
  endloop
endfacet
facet normal 0.8175847927 -0.5758082205 0
  outer loop
    vertex -3.212830067 2.382797241 10
    vertex -3.325878382 2.222280979 0
    vertex -3.212830067 2.382797241 0
  endloop
endfacet
facet normal 0.7883462529 -0.6152318145 0
  outer loop
    vertex -3.092041731 2.537573099 10
    vertex -3.212830067 2.382797241 0
    vertex -3.092041731 2.537573099 0
  endloop
endfacet
facet normal 0.7572092761 -0.653172345 0
  outer loop
    vertex -2.963804483 2.686235905 10
    vertex -3.092041731 2.537573099 0
    vertex -2.963804483 2.686235905 0
  endloop
endfacet
facet normal 0.7242466818 -0.6895409661 0
  outer loop
    vertex -2.828427076 2.828427076 10
    vertex -2.963804483 2.686235905 0
    vertex -2.828427076 2.828427076 0
  endloop
endfacet
facet normal 0.6895409661 -0.7242466818 0
  outer loop
    vertex -2.686235905 2.963804483 10
    vertex -2.828427076 2.828427076 0
    vertex -2.686235905 2.963804483 0
  endloop
endfacet
facet normal 0.653172345 -0.7572092761 0
  outer loop
    vertex -2.537573099 3.092041731 10
    vertex -2.686235905 2.963804483 0
    vertex -2.537573099 3.092041731 0
  endloop
endfacet
facet normal 0.6152318145 -0.7883462529 0
  outer loop
    vertex -2.382797241 3.212830067 10
    vertex -2.537573099 3.092041731 0
    vertex -2.382797241 3.212830067 0
  endloop
endfacet
facet normal 0.5758082205 -0.8175847927 0
  outer loop
    vertex -2.382797241 3.212830067 0
    vertex -2.222280979 3.325878382 0
    vertex -2.222280979 3.325878382 10
  endloop
endfacet
facet normal 0.5349977364 -0.8448534914 0
  outer loop
    vertex -2.056411028 3.430914402 10
    vertex -2.222280979 3.325878382 0
    vertex -2.056411028 3.430914402 0
  endloop
endfacet
facet normal 0.4928987084 -0.8700866987 0
  outer loop
    vertex -1.885586977 3.527685165 10
    vertex -2.056411028 3.430914402 0
    vertex -1.885586977 3.527685165 0
  endloop
endfacet
facet normal 0.4496111108 -0.8932244114 0
  outer loop
    vertex -1.710220337 3.61595726 10
    vertex -1.885586977 3.527685165 0
    vertex -1.710220337 3.61595726 0
  endloop
endfacet
facet normal 0.4052404814 -0.9142101248 0
  outer loop
    vertex -1.530733705 3.695518017 10
    vertex -1.710220337 3.61595726 0
    vertex -1.530733705 3.695518017 0
  endloop
endfacet
facet normal 0.359895483 -0.9329926266 0
  outer loop
    vertex -1.347559452 3.766176224 10
    vertex -1.530733705 3.695518017 0
    vertex -1.347559452 3.766176224 0
  endloop
endfacet
facet normal 0.3136820836 -0.9495280672 0
  outer loop
    vertex -1.161138654 3.827761412 10
    vertex -1.347559452 3.766176224 0
    vertex -1.161138654 3.827761412 0
  endloop
endfacet
facet normal 0.2667126726 -0.9637760893 0
  outer loop
    vertex -0.9719207287 3.880125046 10
    vertex -1.161138654 3.827761412 0
    vertex -0.9719207287 3.880125046 0
  endloop
endfacet
facet normal 0.2191005007 -0.9757022961 0
  outer loop
    vertex -0.7803612947 3.923141003 10
    vertex -0.9719207287 3.880125046 0
    vertex -0.7803612947 3.923141003 0
  endloop
endfacet
facet normal 0.1709624836 -0.9852775392 0
  outer loop
    vertex -0.5869218707 3.956706047 10
    vertex -0.7803612947 3.923141003 0
    vertex -0.5869218707 3.956706047 0
  endloop
endfacet
facet normal 0.1224105154 -0.9924795543 0
  outer loop
    vertex -0.5869218707 3.956706047 0
    vertex -0.3920685649 3.980738878 0
    vertex -0.3920685649 3.980738878 10
  endloop
endfacet
facet normal 0.0735645778 -0.9972904556 0
  outer loop
    vertex -0.1962707043 3.995181799 10
    vertex -0.3920685649 3.980738878 0
    vertex -0.1962707043 3.995181799 0
  endloop
endfacet
facet normal 0.02454135942 -0.9996988155 0
  outer loop
    vertex -0.1962707043 3.995181799 0
    vertex 2.449293705e-16 4 0
    vertex 2.449293705e-16 4 10
  endloop
endfacet
facet normal 0.9996988155 -0.02454135942 0
  outer loop
    vertex -4 4.89858741e-16 0
    vertex -3.995181799 0.1962707043 10
    vertex -4 4.89858741e-16 10
  endloop
endfacet
facet normal 0.9972904556 -0.0735645778 0
  outer loop
    vertex -3.995181799 0.1962707043 0
    vertex -3.980738878 0.3920685649 10
    vertex -3.995181799 0.1962707043 10
  endloop
endfacet
facet normal 0.9924795543 -0.1224105154 0
  outer loop
    vertex -3.980738878 0.3920685649 0
    vertex -3.956706047 0.5869218707 10
    vertex -3.980738878 0.3920685649 10
  endloop
endfacet
facet normal 0.9852775392 -0.1709624836 0
  outer loop
    vertex -3.956706047 0.5869218707 0
    vertex -3.923141003 0.7803612947 10
    vertex -3.956706047 0.5869218707 10
  endloop
endfacet
facet normal 0.9757022961 -0.2191005007 0
  outer loop
    vertex -3.923141003 0.7803612947 0
    vertex -3.880125046 0.9719207287 10
    vertex -3.923141003 0.7803612947 10
  endloop
endfacet
facet normal 0.9637760893 -0.2667126726 0
  outer loop
    vertex -3.880125046 0.9719207287 0
    vertex -3.827761412 1.161138654 10
    vertex -3.880125046 0.9719207287 10
  endloop
endfacet
facet normal 0.9495280672 -0.3136820836 0
  outer loop
    vertex -3.827761412 1.161138654 0
    vertex -3.766176224 1.347559452 10
    vertex -3.827761412 1.161138654 10
  endloop
endfacet
facet normal 0.9329926266 -0.359895483 0
  outer loop
    vertex -3.766176224 1.347559452 0
    vertex -3.695518017 1.530733705 10
    vertex -3.766176224 1.347559452 10
  endloop
endfacet
facet normal 0.9142101248 -0.4052404814 0
  outer loop
    vertex -3.695518017 1.530733705 0
    vertex -3.61595726 1.710220337 10
    vertex -3.695518017 1.530733705 10
  endloop
endfacet
facet normal 0.8932244114 -0.4496111108 0
  outer loop
    vertex -3.61595726 1.710220337 0
    vertex -3.527685165 1.885586977 10
    vertex -3.61595726 1.710220337 10
  endloop
endfacet
facet normal 0.8700866987 -0.4928987084 0
  outer loop
    vertex -3.527685165 1.885586977 0
    vertex -3.430914402 2.056411028 10
    vertex -3.527685165 1.885586977 10
  endloop
endfacet
facet normal 0.8448534914 -0.5349977364 0
  outer loop
    vertex -3.430914402 2.056411028 0
    vertex -3.325878382 2.222280979 10
    vertex -3.430914402 2.056411028 10
  endloop
endfacet
facet normal 0.8175847927 -0.5758082205 0
  outer loop
    vertex -3.212830067 2.382797241 10
    vertex -3.325878382 2.222280979 10
    vertex -3.325878382 2.222280979 0
  endloop
endfacet
facet normal 0.7883462529 -0.6152318145 0
  outer loop
    vertex -3.092041731 2.537573099 10
    vertex -3.212830067 2.382797241 10
    vertex -3.212830067 2.382797241 0
  endloop
endfacet
facet normal 0.7572092761 -0.653172345 0
  outer loop
    vertex -2.963804483 2.686235905 10
    vertex -3.092041731 2.537573099 10
    vertex -3.092041731 2.537573099 0
  endloop
endfacet
facet normal 0.7242466818 -0.6895409661 0
  outer loop
    vertex -2.828427076 2.828427076 10
    vertex -2.963804483 2.686235905 10
    vertex -2.963804483 2.686235905 0
  endloop
endfacet
facet normal 0.6895409661 -0.7242466818 0
  outer loop
    vertex -2.686235905 2.963804483 10
    vertex -2.828427076 2.828427076 10
    vertex -2.828427076 2.828427076 0
  endloop
endfacet
facet normal 0.653172345 -0.7572092761 0
  outer loop
    vertex -2.537573099 3.092041731 10
    vertex -2.686235905 2.963804483 10
    vertex -2.686235905 2.963804483 0
  endloop
endfacet
facet normal 0.6152318145 -0.7883462529 0
  outer loop
    vertex -2.382797241 3.212830067 10
    vertex -2.537573099 3.092041731 10
    vertex -2.537573099 3.092041731 0
  endloop
endfacet
facet normal 0.5758082205 -0.8175847927 0
  outer loop
    vertex -2.222280979 3.325878382 10
    vertex -2.382797241 3.212830067 10
    vertex -2.382797241 3.212830067 0
  endloop
endfacet
facet normal 0.5349977364 -0.8448534914 0
  outer loop
    vertex -2.056411028 3.430914402 10
    vertex -2.222280979 3.325878382 10
    vertex -2.222280979 3.325878382 0
  endloop
endfacet
facet normal 0.4928987084 -0.8700866987 0
  outer loop
    vertex -1.885586977 3.527685165 10
    vertex -2.056411028 3.430914402 10
    vertex -2.056411028 3.430914402 0
  endloop
endfacet
facet normal 0.4496111108 -0.8932244114 0
  outer loop
    vertex -1.710220337 3.61595726 10
    vertex -1.885586977 3.527685165 10
    vertex -1.885586977 3.527685165 0
  endloop
endfacet
facet normal 0.4052404814 -0.9142101248 0
  outer loop
    vertex -1.530733705 3.695518017 10
    vertex -1.710220337 3.61595726 10
    vertex -1.710220337 3.61595726 0
  endloop
endfacet
facet normal 0.359895483 -0.9329926266 0
  outer loop
    vertex -1.347559452 3.766176224 10
    vertex -1.530733705 3.695518017 10
    vertex -1.530733705 3.695518017 0
  endloop
endfacet
facet normal 0.3136820836 -0.9495280672 0
  outer loop
    vertex -1.161138654 3.827761412 10
    vertex -1.347559452 3.766176224 10
    vertex -1.347559452 3.766176224 0
  endloop
endfacet
facet normal 0.2667126726 -0.9637760893 0
  outer loop
    vertex -0.9719207287 3.880125046 10
    vertex -1.161138654 3.827761412 10
    vertex -1.161138654 3.827761412 0
  endloop
endfacet
facet normal 0.2191005007 -0.9757022961 0
  outer loop
    vertex -0.7803612947 3.923141003 10
    vertex -0.9719207287 3.880125046 10
    vertex -0.9719207287 3.880125046 0
  endloop
endfacet
facet normal 0.1709624836 -0.9852775392 0
  outer loop
    vertex -0.5869218707 3.956706047 10
    vertex -0.7803612947 3.923141003 10
    vertex -0.7803612947 3.923141003 0
  endloop
endfacet
facet normal 0.1224105154 -0.9924795543 0
  outer loop
    vertex -0.3920685649 3.980738878 10
    vertex -0.5869218707 3.956706047 10
    vertex -0.5869218707 3.956706047 0
  endloop
endfacet
facet normal 0.0735645778 -0.9972904556 0
  outer loop
    vertex -0.1962707043 3.995181799 10
    vertex -0.3920685649 3.980738878 10
    vertex -0.3920685649 3.980738878 0
  endloop
endfacet
facet normal 0.02454135942 -0.9996988155 0
  outer loop
    vertex 2.449293705e-16 4 10
    vertex -0.1962707043 3.995181799 10
    vertex -0.1962707043 3.995181799 0
  endloop
endfacet
facet normal -0.02454135942 0.9996988155 0
  outer loop
    vertex -7.347880586e-16 -4 0
    vertex -7.347880586e-16 -4 10
    vertex 0.1962707043 -3.995181799 0
  endloop
endfacet
facet normal -0.0735645778 0.9972904556 0
  outer loop
    vertex 0.3920685649 -3.980738878 0
    vertex 0.1962707043 -3.995181799 0
    vertex 0.1962707043 -3.995181799 10
  endloop
endfacet
facet normal -0.1224105154 0.9924795543 0
  outer loop
    vertex 0.5869218707 -3.956706047 0
    vertex 0.3920685649 -3.980738878 0
    vertex 0.3920685649 -3.980738878 10
  endloop
endfacet
facet normal -0.1709624836 0.9852775392 0
  outer loop
    vertex 0.7803612947 -3.923141003 0
    vertex 0.5869218707 -3.956706047 0
    vertex 0.5869218707 -3.956706047 10
  endloop
endfacet
facet normal -0.2191005007 0.9757022961 0
  outer loop
    vertex 0.9719207287 -3.880125046 0
    vertex 0.7803612947 -3.923141003 0
    vertex 0.7803612947 -3.923141003 10
  endloop
endfacet
facet normal -0.2667126726 0.9637760893 0
  outer loop
    vertex 1.161138654 -3.827761412 0
    vertex 0.9719207287 -3.880125046 0
    vertex 0.9719207287 -3.880125046 10
  endloop
endfacet
facet normal -0.3136820836 0.9495280672 0
  outer loop
    vertex 1.347559452 -3.766176224 0
    vertex 1.161138654 -3.827761412 0
    vertex 1.161138654 -3.827761412 10
  endloop
endfacet
facet normal -0.359895483 0.9329926266 0
  outer loop
    vertex 1.530733705 -3.695518017 0
    vertex 1.347559452 -3.766176224 0
    vertex 1.347559452 -3.766176224 10
  endloop
endfacet
facet normal -0.4052404814 0.9142101248 0
  outer loop
    vertex 1.710220337 -3.61595726 0
    vertex 1.530733705 -3.695518017 0
    vertex 1.530733705 -3.695518017 10
  endloop
endfacet
facet normal -0.4496111108 0.8932244114 0
  outer loop
    vertex 1.885586977 -3.527685165 0
    vertex 1.710220337 -3.61595726 0
    vertex 1.710220337 -3.61595726 10
  endloop
endfacet
facet normal -0.4928987084 0.8700866987 0
  outer loop
    vertex 2.056411028 -3.430914402 0
    vertex 1.885586977 -3.527685165 0
    vertex 1.885586977 -3.527685165 10
  endloop
endfacet
facet normal -0.5349977364 0.8448534914 0
  outer loop
    vertex 2.222280979 -3.325878382 0
    vertex 2.056411028 -3.430914402 0
    vertex 2.056411028 -3.430914402 10
  endloop
endfacet
facet normal -0.5758082205 0.8175847927 0
  outer loop
    vertex 2.382797241 -3.212830067 0
    vertex 2.222280979 -3.325878382 0
    vertex 2.222280979 -3.325878382 10
  endloop
endfacet
facet normal -0.6152318145 0.7883462529 0
  outer loop
    vertex 2.537573099 -3.092041731 0
    vertex 2.382797241 -3.212830067 0
    vertex 2.382797241 -3.212830067 10
  endloop
endfacet
facet normal -0.653172345 0.7572092761 0
  outer loop
    vertex 2.686235905 -2.963804483 0
    vertex 2.537573099 -3.092041731 0
    vertex 2.537573099 -3.092041731 10
  endloop
endfacet
facet normal -0.6895409661 0.7242466818 0
  outer loop
    vertex 2.828427076 -2.828427076 0
    vertex 2.686235905 -2.963804483 0
    vertex 2.686235905 -2.963804483 10
  endloop
endfacet
facet normal -0.7242466818 0.6895409661 0
  outer loop
    vertex 2.963804483 -2.686235905 0
    vertex 2.828427076 -2.828427076 0
    vertex 2.828427076 -2.828427076 10
  endloop
endfacet
facet normal -0.7572092761 0.653172345 0
  outer loop
    vertex 3.092041731 -2.537573099 0
    vertex 2.963804483 -2.686235905 0
    vertex 2.963804483 -2.686235905 10
  endloop
endfacet
facet normal -0.7883462529 0.6152318145 0
  outer loop
    vertex 3.212830067 -2.382797241 0
    vertex 3.092041731 -2.537573099 0
    vertex 3.092041731 -2.537573099 10
  endloop
endfacet
facet normal -0.8175847927 0.5758082205 0
  outer loop
    vertex 3.325878382 -2.222280979 0
    vertex 3.212830067 -2.382797241 0
    vertex 3.212830067 -2.382797241 10
  endloop
endfacet
facet normal -0.8448534914 0.5349977364 0
  outer loop
    vertex 3.430914402 -2.056411028 0
    vertex 3.325878382 -2.222280979 0
    vertex 3.325878382 -2.222280979 10
  endloop
endfacet
facet normal -0.8700866987 0.4928987084 0
  outer loop
    vertex 3.527685165 -1.885586977 0
    vertex 3.430914402 -2.056411028 0
    vertex 3.430914402 -2.056411028 10
  endloop
endfacet
facet normal -0.8932244114 0.4496111108 0
  outer loop
    vertex 3.61595726 -1.710220337 0
    vertex 3.527685165 -1.885586977 0
    vertex 3.527685165 -1.885586977 10
  endloop
endfacet
facet normal -0.9142101248 0.4052404814 0
  outer loop
    vertex 3.695518017 -1.530733705 0
    vertex 3.61595726 -1.710220337 0
    vertex 3.61595726 -1.710220337 10
  endloop
endfacet
facet normal -0.9329926266 0.359895483 0
  outer loop
    vertex 3.766176224 -1.347559452 0
    vertex 3.695518017 -1.530733705 0
    vertex 3.695518017 -1.530733705 10
  endloop
endfacet
facet normal -0.9495280672 0.3136820836 0
  outer loop
    vertex 3.827761412 -1.161138654 0
    vertex 3.766176224 -1.347559452 0
    vertex 3.766176224 -1.347559452 10
  endloop
endfacet
facet normal -0.9637760893 0.2667126726 0
  outer loop
    vertex 3.880125046 -0.9719207287 0
    vertex 3.827761412 -1.161138654 0
    vertex 3.827761412 -1.161138654 10
  endloop
endfacet
facet normal -0.9757022961 0.2191005007 0
  outer loop
    vertex 3.923141003 -0.7803612947 0
    vertex 3.880125046 -0.9719207287 0
    vertex 3.880125046 -0.9719207287 10
  endloop
endfacet
facet normal -0.9852775392 0.1709624836 0
  outer loop
    vertex 3.956706047 -0.5869218707 0
    vertex 3.923141003 -0.7803612947 0
    vertex 3.923141003 -0.7803612947 10
  endloop
endfacet
facet normal -0.9924795543 0.1224105154 0
  outer loop
    vertex 3.980738878 -0.3920685649 0
    vertex 3.956706047 -0.5869218707 0
    vertex 3.956706047 -0.5869218707 10
  endloop
endfacet
facet normal -0.9972904556 0.0735645778 0
  outer loop
    vertex 3.995181799 -0.1962707043 0
    vertex 3.980738878 -0.3920685649 0
    vertex 3.980738878 -0.3920685649 10
  endloop
endfacet
facet normal -0.9996988155 0.02454135942 0
  outer loop
    vertex 3.995181799 -0.1962707043 0
    vertex 3.995181799 -0.1962707043 10
    vertex 4 0 0
  endloop
endfacet
facet normal -0.02454135942 0.9996988155 0
  outer loop
    vertex 0.1962707043 -3.995181799 0
    vertex -7.347880586e-16 -4 10
    vertex 0.1962707043 -3.995181799 10
  endloop
endfacet
facet normal -0.0735645778 0.9972904556 0
  outer loop
    vertex 0.3920685649 -3.980738878 0
    vertex 0.1962707043 -3.995181799 10
    vertex 0.3920685649 -3.980738878 10
  endloop
endfacet
facet normal -0.1224105154 0.9924795543 0
  outer loop
    vertex 0.3920685649 -3.980738878 10
    vertex 0.5869218707 -3.956706047 10
    vertex 0.5869218707 -3.956706047 0
  endloop
endfacet
facet normal -0.1709624836 0.9852775392 0
  outer loop
    vertex 0.7803612947 -3.923141003 0
    vertex 0.5869218707 -3.956706047 10
    vertex 0.7803612947 -3.923141003 10
  endloop
endfacet
facet normal -0.2191005007 0.9757022961 0
  outer loop
    vertex 0.9719207287 -3.880125046 0
    vertex 0.7803612947 -3.923141003 10
    vertex 0.9719207287 -3.880125046 10
  endloop
endfacet
facet normal -0.2667126726 0.9637760893 0
  outer loop
    vertex 0.9719207287 -3.880125046 10
    vertex 1.161138654 -3.827761412 10
    vertex 1.161138654 -3.827761412 0
  endloop
endfacet
facet normal -0.3136820836 0.9495280672 0
  outer loop
    vertex 1.347559452 -3.766176224 0
    vertex 1.161138654 -3.827761412 10
    vertex 1.347559452 -3.766176224 10
  endloop
endfacet
facet normal -0.359895483 0.9329926266 0
  outer loop
    vertex 1.530733705 -3.695518017 0
    vertex 1.347559452 -3.766176224 10
    vertex 1.530733705 -3.695518017 10
  endloop
endfacet
facet normal -0.4052404814 0.9142101248 0
  outer loop
    vertex 1.710220337 -3.61595726 0
    vertex 1.530733705 -3.695518017 10
    vertex 1.710220337 -3.61595726 10
  endloop
endfacet
facet normal -0.4496111108 0.8932244114 0
  outer loop
    vertex 1.885586977 -3.527685165 0
    vertex 1.710220337 -3.61595726 10
    vertex 1.885586977 -3.527685165 10
  endloop
endfacet
facet normal -0.4928987084 0.8700866987 0
  outer loop
    vertex 2.056411028 -3.430914402 0
    vertex 1.885586977 -3.527685165 10
    vertex 2.056411028 -3.430914402 10
  endloop
endfacet
facet normal -0.5349977364 0.8448534914 0
  outer loop
    vertex 2.222280979 -3.325878382 0
    vertex 2.056411028 -3.430914402 10
    vertex 2.222280979 -3.325878382 10
  endloop
endfacet
facet normal -0.5758082205 0.8175847927 0
  outer loop
    vertex 2.382797241 -3.212830067 0
    vertex 2.222280979 -3.325878382 10
    vertex 2.382797241 -3.212830067 10
  endloop
endfacet
facet normal -0.6152318145 0.7883462529 0
  outer loop
    vertex 2.537573099 -3.092041731 0
    vertex 2.382797241 -3.212830067 10
    vertex 2.537573099 -3.092041731 10
  endloop
endfacet
facet normal -0.653172345 0.7572092761 0
  outer loop
    vertex 2.686235905 -2.963804483 0
    vertex 2.537573099 -3.092041731 10
    vertex 2.686235905 -2.963804483 10
  endloop
endfacet
facet normal -0.6895409661 0.7242466818 0
  outer loop
    vertex 2.828427076 -2.828427076 0
    vertex 2.686235905 -2.963804483 10
    vertex 2.828427076 -2.828427076 10
  endloop
endfacet
facet normal -0.7242466818 0.6895409661 0
  outer loop
    vertex 2.963804483 -2.686235905 0
    vertex 2.828427076 -2.828427076 10
    vertex 2.963804483 -2.686235905 10
  endloop
endfacet
facet normal -0.7572092761 0.653172345 0
  outer loop
    vertex 3.092041731 -2.537573099 0
    vertex 2.963804483 -2.686235905 10
    vertex 3.092041731 -2.537573099 10
  endloop
endfacet
facet normal -0.7883462529 0.6152318145 0
  outer loop
    vertex 3.212830067 -2.382797241 0
    vertex 3.092041731 -2.537573099 10
    vertex 3.212830067 -2.382797241 10
  endloop
endfacet
facet normal -0.8175847927 0.5758082205 0
  outer loop
    vertex 3.325878382 -2.222280979 0
    vertex 3.212830067 -2.382797241 10
    vertex 3.325878382 -2.222280979 10
  endloop
endfacet
facet normal -0.8448534914 0.5349977364 0
  outer loop
    vertex 3.430914402 -2.056411028 0
    vertex 3.325878382 -2.222280979 10
    vertex 3.430914402 -2.056411028 10
  endloop
endfacet
facet normal -0.8700866987 0.4928987084 0
  outer loop
    vertex 3.527685165 -1.885586977 0
    vertex 3.430914402 -2.056411028 10
    vertex 3.527685165 -1.885586977 10
  endloop
endfacet
facet normal -0.8932244114 0.4496111108 0
  outer loop
    vertex 3.61595726 -1.710220337 0
    vertex 3.527685165 -1.885586977 10
    vertex 3.61595726 -1.710220337 10
  endloop
endfacet
facet normal -0.9142101248 0.4052404814 0
  outer loop
    vertex 3.695518017 -1.530733705 0
    vertex 3.61595726 -1.710220337 10
    vertex 3.695518017 -1.530733705 10
  endloop
endfacet
facet normal -0.9329926266 0.359895483 0
  outer loop
    vertex 3.766176224 -1.347559452 0
    vertex 3.695518017 -1.530733705 10
    vertex 3.766176224 -1.347559452 10
  endloop
endfacet
facet normal -0.9495280672 0.3136820836 0
  outer loop
    vertex 3.827761412 -1.161138654 0
    vertex 3.766176224 -1.347559452 10
    vertex 3.827761412 -1.161138654 10
  endloop
endfacet
facet normal -0.9637760893 0.2667126726 0
  outer loop
    vertex 3.880125046 -0.9719207287 0
    vertex 3.827761412 -1.161138654 10
    vertex 3.880125046 -0.9719207287 10
  endloop
endfacet
facet normal -0.9757022961 0.2191005007 0
  outer loop
    vertex 3.923141003 -0.7803612947 0
    vertex 3.880125046 -0.9719207287 10
    vertex 3.923141003 -0.7803612947 10
  endloop
endfacet
facet normal -0.9852775392 0.1709624836 0
  outer loop
    vertex 3.956706047 -0.5869218707 0
    vertex 3.923141003 -0.7803612947 10
    vertex 3.956706047 -0.5869218707 10
  endloop
endfacet
facet normal -0.9924795543 0.1224105154 0
  outer loop
    vertex 3.980738878 -0.3920685649 0
    vertex 3.956706047 -0.5869218707 10
    vertex 3.980738878 -0.3920685649 10
  endloop
endfacet
facet normal -0.9972904556 0.0735645778 0
  outer loop
    vertex 3.995181799 -0.1962707043 0
    vertex 3.980738878 -0.3920685649 10
    vertex 3.995181799 -0.1962707043 10
  endloop
endfacet
facet normal -0.9996988155 0.02454135942 0
  outer loop
    vertex 4 0 0
    vertex 3.995181799 -0.1962707043 10
    vertex 4 0 10
  endloop
endfacet
facet normal -0.2191005007 -0.9757022961 0
  outer loop
    vertex 0.9719207287 3.880125046 10
    vertex 0.7803612947 3.923141003 0
    vertex 0.9719207287 3.880125046 0
  endloop
endfacet
facet normal -0.2667126726 -0.9637760893 0
  outer loop
    vertex 1.161138654 3.827761412 10
    vertex 0.9719207287 3.880125046 0
    vertex 1.161138654 3.827761412 0
  endloop
endfacet
facet normal -0.3136820836 -0.9495280672 0
  outer loop
    vertex 1.347559452 3.766176224 10
    vertex 1.161138654 3.827761412 0
    vertex 1.347559452 3.766176224 0
  endloop
endfacet
facet normal -0.02454135942 -0.9996988155 0
  outer loop
    vertex 0.1962707043 3.995181799 10
    vertex 2.449293705e-16 4 0
    vertex 0.1962707043 3.995181799 0
  endloop
endfacet
facet normal -0.0735645778 -0.9972904556 0
  outer loop
    vertex 0.3920685649 3.980738878 10
    vertex 0.1962707043 3.995181799 0
    vertex 0.3920685649 3.980738878 0
  endloop
endfacet
facet normal -0.1224105154 -0.9924795543 0
  outer loop
    vertex 0.5869218707 3.956706047 10
    vertex 0.3920685649 3.980738878 0
    vertex 0.5869218707 3.956706047 0
  endloop
endfacet
facet normal -0.1709624836 -0.9852775392 0
  outer loop
    vertex 0.7803612947 3.923141003 10
    vertex 0.5869218707 3.956706047 0
    vertex 0.7803612947 3.923141003 0
  endloop
endfacet
facet normal -0.359895483 -0.9329926266 0
  outer loop
    vertex 1.347559452 3.766176224 0
    vertex 1.530733705 3.695518017 0
    vertex 1.530733705 3.695518017 10
  endloop
endfacet
facet normal -0.4496111108 -0.8932244114 0
  outer loop
    vertex 1.710220337 3.61595726 0
    vertex 1.885586977 3.527685165 0
    vertex 1.885586977 3.527685165 10
  endloop
endfacet
facet normal -0.4052404814 -0.9142101248 0
  outer loop
    vertex 1.530733705 3.695518017 0
    vertex 1.710220337 3.61595726 0
    vertex 1.710220337 3.61595726 10
  endloop
endfacet
facet normal -0.5758082205 -0.8175847927 0
  outer loop
    vertex 2.222280979 3.325878382 0
    vertex 2.382797241 3.212830067 0
    vertex 2.382797241 3.212830067 10
  endloop
endfacet
facet normal -0.6152318145 -0.7883462529 0
  outer loop
    vertex 2.382797241 3.212830067 0
    vertex 2.537573099 3.092041731 0
    vertex 2.537573099 3.092041731 10
  endloop
endfacet
facet normal -0.4928987084 -0.8700866987 0
  outer loop
    vertex 1.885586977 3.527685165 0
    vertex 2.056411028 3.430914402 0
    vertex 2.056411028 3.430914402 10
  endloop
endfacet
facet normal -0.5349977364 -0.8448534914 0
  outer loop
    vertex 2.056411028 3.430914402 0
    vertex 2.222280979 3.325878382 0
    vertex 2.222280979 3.325878382 10
  endloop
endfacet
facet normal -0.9757022961 -0.2191005007 0
  outer loop
    vertex 3.880125046 0.9719207287 0
    vertex 3.923141003 0.7803612947 0
    vertex 3.923141003 0.7803612947 10
  endloop
endfacet
facet normal -0.9637760893 -0.2667126726 0
  outer loop
    vertex 3.827761412 1.161138654 0
    vertex 3.880125046 0.9719207287 0
    vertex 3.880125046 0.9719207287 10
  endloop
endfacet
facet normal -0.9495280672 -0.3136820836 0
  outer loop
    vertex 3.766176224 1.347559452 0
    vertex 3.827761412 1.161138654 0
    vertex 3.827761412 1.161138654 10
  endloop
endfacet
facet normal -0.7572092761 -0.653172345 0
  outer loop
    vertex 2.963804483 2.686235905 0
    vertex 3.092041731 2.537573099 0
    vertex 3.092041731 2.537573099 10
  endloop
endfacet
facet normal -0.7883462529 -0.6152318145 0
  outer loop
    vertex 3.092041731 2.537573099 0
    vertex 3.212830067 2.382797241 0
    vertex 3.212830067 2.382797241 10
  endloop
endfacet
facet normal -0.8932244114 -0.4496111108 0
  outer loop
    vertex 3.527685165 1.885586977 0
    vertex 3.61595726 1.710220337 0
    vertex 3.61595726 1.710220337 10
  endloop
endfacet
facet normal -0.8700866987 -0.4928987084 0
  outer loop
    vertex 3.430914402 2.056411028 0
    vertex 3.527685165 1.885586977 0
    vertex 3.527685165 1.885586977 10
  endloop
endfacet
facet normal -0.9329926266 -0.359895483 0
  outer loop
    vertex 3.695518017 1.530733705 0
    vertex 3.766176224 1.347559452 0
    vertex 3.766176224 1.347559452 10
  endloop
endfacet
facet normal -0.9142101248 -0.4052404814 0
  outer loop
    vertex 3.61595726 1.710220337 0
    vertex 3.695518017 1.530733705 0
    vertex 3.695518017 1.530733705 10
  endloop
endfacet
facet normal -0.8448534914 -0.5349977364 0
  outer loop
    vertex 3.325878382 2.222280979 0
    vertex 3.430914402 2.056411028 0
    vertex 3.430914402 2.056411028 10
  endloop
endfacet
facet normal -0.8175847927 -0.5758082205 0
  outer loop
    vertex 3.212830067 2.382797241 0
    vertex 3.325878382 2.222280979 0
    vertex 3.325878382 2.222280979 10
  endloop
endfacet
facet normal -0.9996988155 -0.02454135942 0
  outer loop
    vertex 4 0 0
    vertex 4 0 10
    vertex 3.995181799 0.1962707043 0
  endloop
endfacet
facet normal -0.9972904556 -0.0735645778 0
  outer loop
    vertex 3.980738878 0.3920685649 0
    vertex 3.995181799 0.1962707043 0
    vertex 3.995181799 0.1962707043 10
  endloop
endfacet
facet normal -0.9924795543 -0.1224105154 0
  outer loop
    vertex 3.956706047 0.5869218707 0
    vertex 3.980738878 0.3920685649 0
    vertex 3.980738878 0.3920685649 10
  endloop
endfacet
facet normal -0.9852775392 -0.1709624836 0
  outer loop
    vertex 3.923141003 0.7803612947 0
    vertex 3.956706047 0.5869218707 0
    vertex 3.956706047 0.5869218707 10
  endloop
endfacet
facet normal -0.7242466818 -0.6895409661 0
  outer loop
    vertex 2.828427076 2.828427076 0
    vertex 2.963804483 2.686235905 0
    vertex 2.963804483 2.686235905 10
  endloop
endfacet
facet normal -0.6895409661 -0.7242466818 0
  outer loop
    vertex 2.686235905 2.963804483 0
    vertex 2.828427076 2.828427076 0
    vertex 2.828427076 2.828427076 10
  endloop
endfacet
facet normal -0.653172345 -0.7572092761 0
  outer loop
    vertex 2.537573099 3.092041731 0
    vertex 2.686235905 2.963804483 0
    vertex 2.686235905 2.963804483 10
  endloop
endfacet
facet normal -0.2191005007 -0.9757022961 -0
  outer loop
    vertex 0.9719207287 3.880125046 10
    vertex 0.7803612947 3.923141003 10
    vertex 0.7803612947 3.923141003 0
  endloop
endfacet
facet normal -0.2667126726 -0.9637760893 -0
  outer loop
    vertex 1.161138654 3.827761412 10
    vertex 0.9719207287 3.880125046 10
    vertex 0.9719207287 3.880125046 0
  endloop
endfacet
facet normal -0.3136820836 -0.9495280672 -0
  outer loop
    vertex 1.347559452 3.766176224 10
    vertex 1.161138654 3.827761412 10
    vertex 1.161138654 3.827761412 0
  endloop
endfacet
facet normal -0.02454135942 -0.9996988155 -0
  outer loop
    vertex 0.1962707043 3.995181799 10
    vertex 2.449293705e-16 4 10
    vertex 2.449293705e-16 4 0
  endloop
endfacet
facet normal -0.0735645778 -0.9972904556 -0
  outer loop
    vertex 0.3920685649 3.980738878 10
    vertex 0.1962707043 3.995181799 10
    vertex 0.1962707043 3.995181799 0
  endloop
endfacet
facet normal -0.1224105154 -0.9924795543 -0
  outer loop
    vertex 0.5869218707 3.956706047 10
    vertex 0.3920685649 3.980738878 10
    vertex 0.3920685649 3.980738878 0
  endloop
endfacet
facet normal -0.1709624836 -0.9852775392 -0
  outer loop
    vertex 0.7803612947 3.923141003 10
    vertex 0.5869218707 3.956706047 10
    vertex 0.5869218707 3.956706047 0
  endloop
endfacet
facet normal -0.359895483 -0.9329926266 -0
  outer loop
    vertex 1.530733705 3.695518017 10
    vertex 1.347559452 3.766176224 10
    vertex 1.347559452 3.766176224 0
  endloop
endfacet
facet normal -0.4052404814 -0.9142101248 0
  outer loop
    vertex 1.530733705 3.695518017 0
    vertex 1.710220337 3.61595726 10
    vertex 1.530733705 3.695518017 10
  endloop
endfacet
facet normal -0.4496111108 -0.8932244114 0
  outer loop
    vertex 1.710220337 3.61595726 0
    vertex 1.885586977 3.527685165 10
    vertex 1.710220337 3.61595726 10
  endloop
endfacet
facet normal -0.4928987084 -0.8700866987 -0
  outer loop
    vertex 2.056411028 3.430914402 10
    vertex 1.885586977 3.527685165 10
    vertex 1.885586977 3.527685165 0
  endloop
endfacet
facet normal -0.6152318145 -0.7883462529 0
  outer loop
    vertex 2.382797241 3.212830067 0
    vertex 2.537573099 3.092041731 10
    vertex 2.382797241 3.212830067 10
  endloop
endfacet
facet normal -0.653172345 -0.7572092761 0
  outer loop
    vertex 2.537573099 3.092041731 0
    vertex 2.686235905 2.963804483 10
    vertex 2.537573099 3.092041731 10
  endloop
endfacet
facet normal -0.5349977364 -0.8448534914 0
  outer loop
    vertex 2.056411028 3.430914402 0
    vertex 2.222280979 3.325878382 10
    vertex 2.056411028 3.430914402 10
  endloop
endfacet
facet normal -0.5758082205 -0.8175847927 0
  outer loop
    vertex 2.222280979 3.325878382 0
    vertex 2.382797241 3.212830067 10
    vertex 2.222280979 3.325878382 10
  endloop
endfacet
facet normal -0.9757022961 -0.2191005007 -0
  outer loop
    vertex 3.923141003 0.7803612947 10
    vertex 3.880125046 0.9719207287 10
    vertex 3.880125046 0.9719207287 0
  endloop
endfacet
facet normal -0.9637760893 -0.2667126726 0
  outer loop
    vertex 3.827761412 1.161138654 0
    vertex 3.880125046 0.9719207287 10
    vertex 3.827761412 1.161138654 10
  endloop
endfacet
facet normal -0.9495280672 -0.3136820836 0
  outer loop
    vertex 3.766176224 1.347559452 0
    vertex 3.827761412 1.161138654 10
    vertex 3.766176224 1.347559452 10
  endloop
endfacet
facet normal -0.8175847927 -0.5758082205 0
  outer loop
    vertex 3.212830067 2.382797241 0
    vertex 3.325878382 2.222280979 10
    vertex 3.212830067 2.382797241 10
  endloop
endfacet
facet normal -0.7883462529 -0.6152318145 0
  outer loop
    vertex 3.092041731 2.537573099 0
    vertex 3.212830067 2.382797241 10
    vertex 3.092041731 2.537573099 10
  endloop
endfacet
facet normal -0.8932244114 -0.4496111108 0
  outer loop
    vertex 3.527685165 1.885586977 0
    vertex 3.61595726 1.710220337 10
    vertex 3.527685165 1.885586977 10
  endloop
endfacet
facet normal -0.9329926266 -0.359895483 0
  outer loop
    vertex 3.695518017 1.530733705 0
    vertex 3.766176224 1.347559452 10
    vertex 3.695518017 1.530733705 10
  endloop
endfacet
facet normal -0.9142101248 -0.4052404814 0
  outer loop
    vertex 3.61595726 1.710220337 0
    vertex 3.695518017 1.530733705 10
    vertex 3.61595726 1.710220337 10
  endloop
endfacet
facet normal -0.8448534914 -0.5349977364 0
  outer loop
    vertex 3.325878382 2.222280979 0
    vertex 3.430914402 2.056411028 10
    vertex 3.325878382 2.222280979 10
  endloop
endfacet
facet normal -0.8700866987 -0.4928987084 0
  outer loop
    vertex 3.430914402 2.056411028 0
    vertex 3.527685165 1.885586977 10
    vertex 3.430914402 2.056411028 10
  endloop
endfacet
facet normal -0.9996988155 -0.02454135942 -0
  outer loop
    vertex 4 0 10
    vertex 3.995181799 0.1962707043 10
    vertex 3.995181799 0.1962707043 0
  endloop
endfacet
facet normal -0.9972904556 -0.0735645778 0
  outer loop
    vertex 3.980738878 0.3920685649 0
    vertex 3.995181799 0.1962707043 10
    vertex 3.980738878 0.3920685649 10
  endloop
endfacet
facet normal -0.9924795543 -0.1224105154 0
  outer loop
    vertex 3.956706047 0.5869218707 0
    vertex 3.980738878 0.3920685649 10
    vertex 3.956706047 0.5869218707 10
  endloop
endfacet
facet normal -0.9852775392 -0.1709624836 0
  outer loop
    vertex 3.923141003 0.7803612947 0
    vertex 3.956706047 0.5869218707 10
    vertex 3.923141003 0.7803612947 10
  endloop
endfacet
facet normal -0.6895409661 -0.7242466818 0
  outer loop
    vertex 2.686235905 2.963804483 0
    vertex 2.828427076 2.828427076 10
    vertex 2.686235905 2.963804483 10
  endloop
endfacet
facet normal -0.7242466818 -0.6895409661 0
  outer loop
    vertex 2.828427076 2.828427076 0
    vertex 2.963804483 2.686235905 10
    vertex 2.828427076 2.828427076 10
  endloop
endfacet
facet normal -0.7572092761 -0.653172345 0
  outer loop
    vertex 2.963804483 2.686235905 0
    vertex 3.092041731 2.537573099 10
    vertex 2.963804483 2.686235905 10
  endloop
endfacet
endsolid seavolt
