solid seavolt
facet normal 0 0 -1
  outer loop
    vertex -11.31370831 -11.31370831 0
    vertex -11.85521793 -10.74494362 0
    vertex -2.963804483 -2.686235905 0
  endloop
endfacet
facet normal 0 -0 -1
  outer loop
    vertex -11.31370831 -11.31370831 0
    vertex -2.686235905 -2.963804483 0
    vertex -10.74494362 -11.85521793 0
  endloop
endfacet
facet normal -0.7572092761 -0.653172345 0
  outer loop
    vertex -12.36816692 -10.1502924 0
    vertex -11.85521793 -10.74494362 0
    vertex -12.36816692 -10.1502924 10
  endloop
endfacet
facet normal -0.8175847927 -0.5758082205 0
  outer loop
    vertex -13.30351353 -8.889123917 0
    vertex -12.85132027 -9.531188965 0
    vertex -13.30351353 -8.889123917 10
  endloop
endfacet
facet normal -0.8448534914 -0.5349977364 0
  outer loop
    vertex -13.72365761 -8.225644112 0
    vertex -13.30351353 -8.889123917 0
    vertex -13.72365761 -8.225644112 10
  endloop
endfacet
facet normal -0.7883462529 -0.6152318145 -0
  outer loop
    vertex -12.36816692 -10.1502924 0
    vertex -12.85132027 -9.531188965 10
    vertex -12.85132027 -9.531188965 0
  endloop
endfacet
facet normal -0.653172345 -0.7572092761 -0
  outer loop
    vertex -10.1502924 -12.36816692 0
    vertex -10.74494362 -11.85521793 10
    vertex -10.74494362 -11.85521793 0
  endloop
endfacet
facet normal -0.5758082205 -0.8175847927 0
  outer loop
    vertex -9.531188965 -12.85132027 0
    vertex -8.889123917 -13.30351353 0
    vertex -9.531188965 -12.85132027 10
  endloop
endfacet
facet normal -0.6152318145 -0.7883462529 0
  outer loop
    vertex -10.1502924 -12.36816692 0
    vertex -9.531188965 -12.85132027 0
    vertex -10.1502924 -12.36816692 10
  endloop
endfacet
facet normal -0.5349977364 -0.8448534914 0
  outer loop
    vertex -8.889123917 -13.30351353 0
    vertex -8.225644112 -13.72365761 0
    vertex -8.889123917 -13.30351353 10
  endloop
endfacet
facet normal -0.6895409661 -0.7242466818 0
  outer loop
    vertex -11.31370831 -11.31370831 0
    vertex -10.74494362 -11.85521793 0
    vertex -11.31370831 -11.31370831 10
  endloop
endfacet
facet normal -0.7242466818 -0.6895409661 -0
  outer loop
    vertex -11.31370831 -11.31370831 0
    vertex -11.85521793 -10.74494362 10
    vertex -11.85521793 -10.74494362 0
  endloop
endfacet
facet normal 0 -0 -1
  outer loop
    vertex -13.72365761 -8.225644112 0
    vertex -3.430914402 -2.056411028 0
    vertex -13.30351353 -8.889123917 0
  endloop
endfacet
facet normal 0 0 -1
  outer loop
    vertex -14.78207207 -6.122934818 0
    vertex -15.0647049 -5.390237808 0
    vertex -3.766176224 -1.347559452 0
  endloop
endfacet
facet normal 0 0 -1
  outer loop
    vertex -14.11074066 -7.542347908 0
    vertex -14.46382904 -6.840881348 0
    vertex -3.527685165 -1.885586977 0
  endloop
endfacet
facet normal 0 0 -1
  outer loop
    vertex -13.72365761 -8.225644112 0
    vertex -14.11074066 -7.542347908 0
    vertex -3.527685165 -1.885586977 0
  endloop
endfacet
facet normal 0 -0 -1
  outer loop
    vertex -14.78207207 -6.122934818 0
    vertex -3.61595726 -1.710220337 0
    vertex -14.46382904 -6.840881348 0
  endloop
endfacet
facet normal 0 -0 -1
  outer loop
    vertex -12.36816692 -10.1502924 0
    vertex -2.963804483 -2.686235905 0
    vertex -11.85521793 -10.74494362 0
  endloop
endfacet
facet normal 0 0 -1
  outer loop
    vertex -12.36816692 -10.1502924 0
    vertex -12.85132027 -9.531188965 0
    vertex -3.212830067 -2.382797241 0
  endloop
endfacet
facet normal 0 -0 -1
  outer loop
    vertex -13.30351353 -8.889123917 0
    vertex -3.325878382 -2.222280979 0
    vertex -12.85132027 -9.531188965 0
  endloop
endfacet
facet normal 0 0 -1
  outer loop
    vertex -15.31104565 -4.644554615 0
    vertex -15.52050018 -3.887682915 0
    vertex -3.827761412 -1.161138654 0
  endloop
endfacet
facet normal 0 0 -1
  outer loop
    vertex -15.0647049 -5.390237808 0
    vertex -15.31104565 -4.644554615 0
    vertex -3.827761412 -1.161138654 0
  endloop
endfacet
facet normal 0 0 -1
  outer loop
    vertex -15.52050018 -3.887682915 0
    vertex -15.69256401 -3.121445179 0
    vertex -3.880125046 -0.9719207287 0
  endloop
endfacet
facet normal 0 0 -1
  outer loop
    vertex -15.69256401 -3.121445179 0
    vertex -15.82682419 -2.347687483 0
    vertex -3.956706047 -0.5869218707 0
  endloop
endfacet
facet normal 0 0 -1
  outer loop
    vertex -15.82682419 -2.347687483 0
    vertex -15.92295551 -1.56827426 0
    vertex -3.956706047 -0.5869218707 0
  endloop
endfacet
facet normal 0 0 -1
  outer loop
    vertex -15.92295551 -1.56827426 0
    vertex -15.9807272 -0.7850828171 0
    vertex -3.995181799 -0.1962707043 0
  endloop
endfacet
facet normal 0 0 -1
  outer loop
    vertex -15.9807272 -0.7850828171 0
    vertex -16 1.959434964e-15 0
    vertex -4 4.89858741e-16 0
  endloop
endfacet
facet normal -0.8932244114 -0.4496111108 -0
  outer loop
    vertex -14.11074066 -7.542347908 0
    vertex -14.46382904 -6.840881348 10
    vertex -14.46382904 -6.840881348 0
  endloop
endfacet
facet normal -0.9142101248 -0.4052404814 0
  outer loop
    vertex -14.78207207 -6.122934818 0
    vertex -14.46382904 -6.840881348 0
    vertex -14.78207207 -6.122934818 10
  endloop
endfacet
facet normal -0.9495280672 -0.3136820836 -0
  outer loop
    vertex -15.0647049 -5.390237808 0
    vertex -15.31104565 -4.644554615 10
    vertex -15.31104565 -4.644554615 0
  endloop
endfacet
facet normal -0.9637760893 -0.2667126726 -0
  outer loop
    vertex -15.31104565 -4.644554615 0
    vertex -15.52050018 -3.887682915 10
    vertex -15.52050018 -3.887682915 0
  endloop
endfacet
facet normal -0.9329926266 -0.359895483 -0
  outer loop
    vertex -14.78207207 -6.122934818 0
    vertex -15.0647049 -5.390237808 10
    vertex -15.0647049 -5.390237808 0
  endloop
endfacet
facet normal -0.8700866987 -0.4928987084 -0
  outer loop
    vertex -13.72365761 -8.225644112 0
    vertex -14.11074066 -7.542347908 10
    vertex -14.11074066 -7.542347908 0
  endloop
endfacet
facet normal -0.9757022961 -0.2191005007 -0
  outer loop
    vertex -15.52050018 -3.887682915 0
    vertex -15.69256401 -3.121445179 10
    vertex -15.69256401 -3.121445179 0
  endloop
endfacet
facet normal -0.9852775392 -0.1709624836 -0
  outer loop
    vertex -15.69256401 -3.121445179 0
    vertex -15.82682419 -2.347687483 10
    vertex -15.82682419 -2.347687483 0
  endloop
endfacet
facet normal -0.9924795543 -0.1224105154 -0
  outer loop
    vertex -15.82682419 -2.347687483 0
    vertex -15.92295551 -1.56827426 10
    vertex -15.92295551 -1.56827426 0
  endloop
endfacet
facet normal -0.9972904556 -0.0735645778 -0
  outer loop
    vertex -15.92295551 -1.56827426 0
    vertex -15.9807272 -0.7850828171 10
    vertex -15.9807272 -0.7850828171 0
  endloop
endfacet
facet normal -0.9996988155 -0.02454135942 -0
  outer loop
    vertex -15.9807272 -0.7850828171 0
    vertex -16 1.959434964e-15 10
    vertex -16 1.959434964e-15 0
  endloop
endfacet
facet normal 0 -0 -1
  outer loop
    vertex -8.889123917 -13.30351353 0
    vertex -2.056411028 -3.430914402 0
    vertex -8.225644112 -13.72365761 0
  endloop
endfacet
facet normal 0 0 -1
  outer loop
    vertex -10.1502924 -12.36816692 0
    vertex -10.74494362 -11.85521793 0
    vertex -2.686235905 -2.963804483 0
  endloop
endfacet
facet normal 0 -0 -1
  outer loop
    vertex -10.1502924 -12.36816692 0
    vertex -2.382797241 -3.212830067 0
    vertex -9.531188965 -12.85132027 0
  endloop
endfacet
facet normal 0 -0 -1
  outer loop
    vertex -9.531188965 -12.85132027 0
    vertex -2.222280979 -3.325878382 0
    vertex -8.889123917 -13.30351353 0
  endloop
endfacet
facet normal 0 -0 -1
  outer loop
    vertex -8.225644112 -13.72365761 0
    vertex -1.885586977 -3.527685165 0
    vertex -7.542347908 -14.11074066 0
  endloop
endfacet
facet normal 0 -0 -1
  outer loop
    vertex -7.542347908 -14.11074066 0
    vertex -1.885586977 -3.527685165 0
    vertex -6.840881348 -14.46382904 0
  endloop
endfacet
facet normal 0 -0 -1
  outer loop
    vertex -6.122934818 -14.78207207 0
    vertex -1.347559452 -3.766176224 0
    vertex -5.390237808 -15.0647049 0
  endloop
endfacet
facet normal 0 -0 -1
  outer loop
    vertex -6.840881348 -14.46382904 0
    vertex -1.710220337 -3.61595726 0
    vertex -6.122934818 -14.78207207 0
  endloop
endfacet
facet normal 0 -0 -1
  outer loop
    vertex -5.390237808 -15.0647049 0
    vertex -1.161138654 -3.827761412 0
    vertex -4.644554615 -15.31104565 0
  endloop
endfacet
facet normal 0 -0 -1
  outer loop
    vertex -4.644554615 -15.31104565 0
    vertex -1.161138654 -3.827761412 0
    vertex -3.887682915 -15.52050018 0
  endloop
endfacet
facet normal 0 -0 -1
  outer loop
    vertex -3.887682915 -15.52050018 0
    vertex -0.9719207287 -3.880125046 0
    vertex -3.121445179 -15.69256401 0
  endloop
endfacet
facet normal 0 -0 -1
  outer loop
    vertex -3.121445179 -15.69256401 0
    vertex -0.5869218707 -3.956706047 0
    vertex -2.347687483 -15.82682419 0
  endloop
endfacet
facet normal 0 -0 -1
  outer loop
    vertex -2.347687483 -15.82682419 0
    vertex -0.5869218707 -3.956706047 0
    vertex -1.56827426 -15.92295551 0
  endloop
endfacet
facet normal 0 -0 -1
  outer loop
    vertex -1.56827426 -15.92295551 0
    vertex -0.1962707043 -3.995181799 0
    vertex -0.7850828171 -15.9807272 0
  endloop
endfacet
facet normal 0 -0 -1
  outer loop
    vertex -0.7850828171 -15.9807272 0
    vertex -7.347880586e-16 -4 0
    vertex -2.939152234e-15 -16 0
  endloop
endfacet
facet normal -0.4496111108 -0.8932244114 0
  outer loop
    vertex -7.542347908 -14.11074066 0
    vertex -6.840881348 -14.46382904 0
    vertex -7.542347908 -14.11074066 10
  endloop
endfacet
facet normal -0.4052404814 -0.9142101248 0
  outer loop
    vertex -6.840881348 -14.46382904 0
    vertex -6.122934818 -14.78207207 0
    vertex -6.840881348 -14.46382904 10
  endloop
endfacet
facet normal -0.4928987084 -0.8700866987 0
  outer loop
    vertex -8.225644112 -13.72365761 0
    vertex -7.542347908 -14.11074066 0
    vertex -8.225644112 -13.72365761 10
  endloop
endfacet
facet normal -0.3136820836 -0.9495280672 0
  outer loop
    vertex -5.390237808 -15.0647049 0
    vertex -4.644554615 -15.31104565 0
    vertex -5.390237808 -15.0647049 10
  endloop
endfacet
facet normal -0.359895483 -0.9329926266 0
  outer loop
    vertex -6.122934818 -14.78207207 0
    vertex -5.390237808 -15.0647049 0
    vertex -6.122934818 -14.78207207 10
  endloop
endfacet
facet normal -0.2667126726 -0.9637760893 0
  outer loop
    vertex -4.644554615 -15.31104565 0
    vertex -3.887682915 -15.52050018 0
    vertex -4.644554615 -15.31104565 10
  endloop
endfacet
facet normal -0.2191005007 -0.9757022961 0
  outer loop
    vertex -3.887682915 -15.52050018 0
    vertex -3.121445179 -15.69256401 0
    vertex -3.887682915 -15.52050018 10
  endloop
endfacet
facet normal -0.1709624836 -0.9852775392 0
  outer loop
    vertex -3.121445179 -15.69256401 0
    vertex -2.347687483 -15.82682419 0
    vertex -3.121445179 -15.69256401 10
  endloop
endfacet
facet normal -0.1224105154 -0.9924795543 0
  outer loop
    vertex -2.347687483 -15.82682419 0
    vertex -1.56827426 -15.92295551 0
    vertex -2.347687483 -15.82682419 10
  endloop
endfacet
facet normal -0.0735645778 -0.9972904556 0
  outer loop
    vertex -1.56827426 -15.92295551 0
    vertex -0.7850828171 -15.9807272 0
    vertex -1.56827426 -15.92295551 10
  endloop
endfacet
facet normal -0.02454135942 -0.9996988155 0
  outer loop
    vertex -0.7850828171 -15.9807272 0
    vertex -2.939152234e-15 -16 0
    vertex -0.7850828171 -15.9807272 10
  endloop
endfacet
facet normal 0 0 -1
  outer loop
    vertex -12.36816692 -10.1502924 0
    vertex -3.212830067 -2.382797241 0
    vertex -3.092041731 -2.537573099 0
  endloop
endfacet
facet normal 0 0 -1
  outer loop
    vertex -12.36816692 -10.1502924 0
    vertex -3.092041731 -2.537573099 0
    vertex -2.963804483 -2.686235905 0
  endloop
endfacet
facet normal 0 0 -1
  outer loop
    vertex -13.72365761 -8.225644112 0
    vertex -3.527685165 -1.885586977 0
    vertex -3.430914402 -2.056411028 0
  endloop
endfacet
facet normal 0 0 -1
  outer loop
    vertex -13.30351353 -8.889123917 0
    vertex -3.430914402 -2.056411028 0
    vertex -3.325878382 -2.222280979 0
  endloop
endfacet
facet normal 0 0 -1
  outer loop
    vertex -12.85132027 -9.531188965 0
    vertex -3.325878382 -2.222280979 0
    vertex -3.212830067 -2.382797241 0
  endloop
endfacet
facet normal 0 0 -1
  outer loop
    vertex -10.1502924 -12.36816692 0
    vertex -2.686235905 -2.963804483 0
    vertex -2.537573099 -3.092041731 0
  endloop
endfacet
facet normal 0 0 -1
  outer loop
    vertex -10.1502924 -12.36816692 0
    vertex -2.537573099 -3.092041731 0
    vertex -2.382797241 -3.212830067 0
  endloop
endfacet
facet normal 0 0 -1
  outer loop
    vertex -9.531188965 -12.85132027 0
    vertex -2.382797241 -3.212830067 0
    vertex -2.222280979 -3.325878382 0
  endloop
endfacet
facet normal 0 0 -1
  outer loop
    vertex -8.889123917 -13.30351353 0
    vertex -2.222280979 -3.325878382 0
    vertex -2.056411028 -3.430914402 0
  endloop
endfacet
facet normal 0 0 -1
  outer loop
    vertex -8.225644112 -13.72365761 0
    vertex -2.056411028 -3.430914402 0
    vertex -1.885586977 -3.527685165 0
  endloop
endfacet
facet normal 0 0 -1
  outer loop
    vertex -11.31370831 -11.31370831 0
    vertex -2.963804483 -2.686235905 0
    vertex -2.828427076 -2.828427076 0
  endloop
endfacet
facet normal 0 0 -1
  outer loop
    vertex -11.31370831 -11.31370831 0
    vertex -2.828427076 -2.828427076 0
    vertex -2.686235905 -2.963804483 0
  endloop
endfacet
facet normal 0 0 -1
  outer loop
    vertex -14.78207207 -6.122934818 0
    vertex -3.766176224 -1.347559452 0
    vertex -3.695518017 -1.530733705 0
  endloop
endfacet
facet normal 0 0 -1
  outer loop
    vertex -14.78207207 -6.122934818 0
    vertex -3.695518017 -1.530733705 0
    vertex -3.61595726 -1.710220337 0
  endloop
endfacet
facet normal 0 0 -1
  outer loop
    vertex -14.46382904 -6.840881348 0
    vertex -3.61595726 -1.710220337 0
    vertex -3.527685165 -1.885586977 0
  endloop
endfacet
facet normal 0 0 -1
  outer loop
    vertex -15.0647049 -5.390237808 0
    vertex -3.827761412 -1.161138654 0
    vertex -3.766176224 -1.347559452 0
  endloop
endfacet
facet normal 0 0 -1
  outer loop
    vertex -15.52050018 -3.887682915 0
    vertex -3.880125046 -0.9719207287 0
    vertex -3.827761412 -1.161138654 0
  endloop
endfacet
facet normal 0 0 -1
  outer loop
    vertex -15.69256401 -3.121445179 0
    vertex -3.923141003 -0.7803612947 0
    vertex -3.880125046 -0.9719207287 0
  endloop
endfacet
facet normal 0 0 -1
  outer loop
    vertex -15.69256401 -3.121445179 0
    vertex -3.956706047 -0.5869218707 0
    vertex -3.923141003 -0.7803612947 0
  endloop
endfacet
facet normal 0 0 -1
  outer loop
    vertex -15.92295551 -1.56827426 0
    vertex -3.980738878 -0.3920685649 0
    vertex -3.956706047 -0.5869218707 0
  endloop
endfacet
facet normal 0 0 -1
  outer loop
    vertex -15.92295551 -1.56827426 0
    vertex -3.995181799 -0.1962707043 0
    vertex -3.980738878 -0.3920685649 0
  endloop
endfacet
facet normal 0 0 -1
  outer loop
    vertex -15.9807272 -0.7850828171 0
    vertex -4 4.89858741e-16 0
    vertex -3.995181799 -0.1962707043 0
  endloop
endfacet
facet normal 0 0 -1
  outer loop
    vertex -6.840881348 -14.46382904 0
    vertex -1.885586977 -3.527685165 0
    vertex -1.710220337 -3.61595726 0
  endloop
endfacet
facet normal 0 0 -1
  outer loop
    vertex -6.122934818 -14.78207207 0
    vertex -1.530733705 -3.695518017 0
    vertex -1.347559452 -3.766176224 0
  endloop
endfacet
facet normal 0 0 -1
  outer loop
    vertex -6.122934818 -14.78207207 0
    vertex -1.710220337 -3.61595726 0
    vertex -1.530733705 -3.695518017 0
  endloop
endfacet
facet normal 0 0 -1
  outer loop
    vertex -5.390237808 -15.0647049 0
    vertex -1.347559452 -3.766176224 0
    vertex -1.161138654 -3.827761412 0
  endloop
endfacet
facet normal 0 0 -1
  outer loop
    vertex -3.887682915 -15.52050018 0
    vertex -1.161138654 -3.827761412 0
    vertex -0.9719207287 -3.880125046 0
  endloop
endfacet
facet normal 0 0 -1
  outer loop
    vertex -3.121445179 -15.69256401 0
    vertex -0.9719207287 -3.880125046 0
    vertex -0.7803612947 -3.923141003 0
  endloop
endfacet
facet normal 0 0 -1
  outer loop
    vertex -3.121445179 -15.69256401 0
    vertex -0.7803612947 -3.923141003 0
    vertex -0.5869218707 -3.956706047 0
  endloop
endfacet
facet normal 0 0 -1
  outer loop
    vertex -1.56827426 -15.92295551 0
    vertex -0.5869218707 -3.956706047 0
    vertex -0.3920685649 -3.980738878 0
  endloop
endfacet
facet normal 0 0 -1
  outer loop
    vertex -1.56827426 -15.92295551 0
    vertex -0.3920685649 -3.980738878 0
    vertex -0.1962707043 -3.995181799 0
  endloop
endfacet
facet normal 0 0 -1
  outer loop
    vertex -0.7850828171 -15.9807272 0
    vertex -0.1962707043 -3.995181799 0
    vertex -7.347880586e-16 -4 0
  endloop
endfacet
facet normal 0.7572092761 0.653172345 -0
  outer loop
    vertex -3.092041731 -2.537573099 0
    vertex -3.092041731 -2.537573099 10
    vertex -2.963804483 -2.686235905 0
  endloop
endfacet
facet normal 0.8175847927 0.5758082205 -0
  outer loop
    vertex -3.325878382 -2.222280979 0
    vertex -3.325878382 -2.222280979 10
    vertex -3.212830067 -2.382797241 0
  endloop
endfacet
facet normal 0.8448534914 0.5349977364 -0
  outer loop
    vertex -3.430914402 -2.056411028 0
    vertex -3.430914402 -2.056411028 10
    vertex -3.325878382 -2.222280979 0
  endloop
endfacet
facet normal 0.7883462529 0.6152318145 -0
  outer loop
    vertex -3.092041731 -2.537573099 0
    vertex -3.212830067 -2.382797241 0
    vertex -3.212830067 -2.382797241 10
  endloop
endfacet
facet normal 0.653172345 0.7572092761 -0
  outer loop
    vertex -2.537573099 -3.092041731 0
    vertex -2.686235905 -2.963804483 0
    vertex -2.686235905 -2.963804483 10
  endloop
endfacet
facet normal 0.5758082205 0.8175847927 -0
  outer loop
    vertex -2.382797241 -3.212830067 0
    vertex -2.382797241 -3.212830067 10
    vertex -2.222280979 -3.325878382 0
  endloop
endfacet
facet normal 0.6152318145 0.7883462529 -0
  outer loop
    vertex -2.537573099 -3.092041731 0
    vertex -2.537573099 -3.092041731 10
    vertex -2.382797241 -3.212830067 0
  endloop
endfacet
facet normal 0.5349977364 0.8448534914 -0
  outer loop
    vertex -2.222280979 -3.325878382 0
    vertex -2.222280979 -3.325878382 10
    vertex -2.056411028 -3.430914402 0
  endloop
endfacet
facet normal 0.6895409661 0.7242466818 -0
  outer loop
    vertex -2.828427076 -2.828427076 0
    vertex -2.828427076 -2.828427076 10
    vertex -2.686235905 -2.963804483 0
  endloop
endfacet
facet normal 0.7242466818 0.6895409661 -0
  outer loop
    vertex -2.828427076 -2.828427076 0
    vertex -2.963804483 -2.686235905 0
    vertex -2.963804483 -2.686235905 10
  endloop
endfacet
facet normal 0.8932244114 0.4496111108 -0
  outer loop
    vertex -3.527685165 -1.885586977 0
    vertex -3.61595726 -1.710220337 0
    vertex -3.61595726 -1.710220337 10
  endloop
endfacet
facet normal 0.9142101248 0.4052404814 -0
  outer loop
    vertex -3.695518017 -1.530733705 0
    vertex -3.695518017 -1.530733705 10
    vertex -3.61595726 -1.710220337 0
  endloop
endfacet
facet normal 0.9495280672 0.3136820836 -0
  outer loop
    vertex -3.766176224 -1.347559452 0
    vertex -3.827761412 -1.161138654 0
    vertex -3.827761412 -1.161138654 10
  endloop
endfacet
facet normal 0.9637760893 0.2667126726 -0
  outer loop
    vertex -3.827761412 -1.161138654 0
    vertex -3.880125046 -0.9719207287 0
    vertex -3.880125046 -0.9719207287 10
  endloop
endfacet
facet normal 0.9329926266 0.359895483 -0
  outer loop
    vertex -3.695518017 -1.530733705 0
    vertex -3.766176224 -1.347559452 0
    vertex -3.766176224 -1.347559452 10
  endloop
endfacet
facet normal 0.8700866987 0.4928987084 -0
  outer loop
    vertex -3.430914402 -2.056411028 0
    vertex -3.527685165 -1.885586977 0
    vertex -3.527685165 -1.885586977 10
  endloop
endfacet
facet normal 0.9757022961 0.2191005007 -0
  outer loop
    vertex -3.880125046 -0.9719207287 0
    vertex -3.923141003 -0.7803612947 0
    vertex -3.923141003 -0.7803612947 10
  endloop
endfacet
facet normal 0.9852775392 0.1709624836 -0
  outer loop
    vertex -3.923141003 -0.7803612947 0
    vertex -3.956706047 -0.5869218707 0
    vertex -3.956706047 -0.5869218707 10
  endloop
endfacet
facet normal 0.9924795543 0.1224105154 -0
  outer loop
    vertex -3.956706047 -0.5869218707 0
    vertex -3.980738878 -0.3920685649 0
    vertex -3.980738878 -0.3920685649 10
  endloop
endfacet
facet normal 0.9972904556 0.0735645778 -0
  outer loop
    vertex -3.980738878 -0.3920685649 0
    vertex -3.995181799 -0.1962707043 0
    vertex -3.995181799 -0.1962707043 10
  endloop
endfacet
facet normal 0.9996988155 0.02454135942 -0
  outer loop
    vertex -3.995181799 -0.1962707043 0
    vertex -4 4.89858741e-16 0
    vertex -4 4.89858741e-16 10
  endloop
endfacet
facet normal 0.4496111108 0.8932244114 -0
  outer loop
    vertex -1.885586977 -3.527685165 0
    vertex -1.885586977 -3.527685165 10
    vertex -1.710220337 -3.61595726 0
  endloop
endfacet
facet normal 0.4052404814 0.9142101248 -0
  outer loop
    vertex -1.710220337 -3.61595726 0
    vertex -1.710220337 -3.61595726 10
    vertex -1.530733705 -3.695518017 0
  endloop
endfacet
facet normal 0.4928987084 0.8700866987 -0
  outer loop
    vertex -2.056411028 -3.430914402 0
    vertex -2.056411028 -3.430914402 10
    vertex -1.885586977 -3.527685165 0
  endloop
endfacet
facet normal 0.3136820836 0.9495280672 -0
  outer loop
    vertex -1.347559452 -3.766176224 0
    vertex -1.347559452 -3.766176224 10
    vertex -1.161138654 -3.827761412 0
  endloop
endfacet
facet normal 0.359895483 0.9329926266 -0
  outer loop
    vertex -1.530733705 -3.695518017 0
    vertex -1.530733705 -3.695518017 10
    vertex -1.347559452 -3.766176224 0
  endloop
endfacet
facet normal 0.2667126726 0.9637760893 -0
  outer loop
    vertex -1.161138654 -3.827761412 0
    vertex -1.161138654 -3.827761412 10
    vertex -0.9719207287 -3.880125046 0
  endloop
endfacet
facet normal 0.2191005007 0.9757022961 -0
  outer loop
    vertex -0.9719207287 -3.880125046 0
    vertex -0.9719207287 -3.880125046 10
    vertex -0.7803612947 -3.923141003 0
  endloop
endfacet
facet normal 0.1709624836 0.9852775392 -0
  outer loop
    vertex -0.7803612947 -3.923141003 0
    vertex -0.7803612947 -3.923141003 10
    vertex -0.5869218707 -3.956706047 0
  endloop
endfacet
facet normal 0.1224105154 0.9924795543 -0
  outer loop
    vertex -0.5869218707 -3.956706047 0
    vertex -0.5869218707 -3.956706047 10
    vertex -0.3920685649 -3.980738878 0
  endloop
endfacet
facet normal 0.0735645778 0.9972904556 -0
  outer loop
    vertex -0.3920685649 -3.980738878 0
    vertex -0.3920685649 -3.980738878 10
    vertex -0.1962707043 -3.995181799 0
  endloop
endfacet
facet normal 0.02454135942 0.9996988155 -0
  outer loop
    vertex -0.1962707043 -3.995181799 0
    vertex -0.1962707043 -3.995181799 10
    vertex -7.347880586e-16 -4 0
  endloop
endfacet
facet normal -0.7572092761 -0.653172345 0
  outer loop
    vertex -11.85521793 -10.74494362 0
    vertex -11.85521793 -10.74494362 10
    vertex -12.36816692 -10.1502924 10
  endloop
endfacet
facet normal -0.8175847927 -0.5758082205 0
  outer loop
    vertex -12.85132027 -9.531188965 0
    vertex -12.85132027 -9.531188965 10
    vertex -13.30351353 -8.889123917 10
  endloop
endfacet
facet normal -0.8448534914 -0.5349977364 0
  outer loop
    vertex -13.30351353 -8.889123917 0
    vertex -13.30351353 -8.889123917 10
    vertex -13.72365761 -8.225644112 10
  endloop
endfacet
facet normal -0.7883462529 -0.6152318145 0
  outer loop
    vertex -12.36816692 -10.1502924 0
    vertex -12.36816692 -10.1502924 10
    vertex -12.85132027 -9.531188965 10
  endloop
endfacet
facet normal -0.653172345 -0.7572092761 0
  outer loop
    vertex -10.1502924 -12.36816692 0
    vertex -10.1502924 -12.36816692 10
    vertex -10.74494362 -11.85521793 10
  endloop
endfacet
facet normal -0.5758082205 -0.8175847927 0
  outer loop
    vertex -8.889123917 -13.30351353 0
    vertex -8.889123917 -13.30351353 10
    vertex -9.531188965 -12.85132027 10
  endloop
endfacet
facet normal -0.6152318145 -0.7883462529 0
  outer loop
    vertex -9.531188965 -12.85132027 0
    vertex -9.531188965 -12.85132027 10
    vertex -10.1502924 -12.36816692 10
  endloop
endfacet
facet normal -0.5349977364 -0.8448534914 0
  outer loop
    vertex -8.225644112 -13.72365761 0
    vertex -8.225644112 -13.72365761 10
    vertex -8.889123917 -13.30351353 10
  endloop
endfacet
facet normal -0.7242466818 -0.6895409661 0
  outer loop
    vertex -11.31370831 -11.31370831 0
    vertex -11.31370831 -11.31370831 10
    vertex -11.85521793 -10.74494362 10
  endloop
endfacet
facet normal -0.6895409661 -0.7242466818 0
  outer loop
    vertex -10.74494362 -11.85521793 0
    vertex -10.74494362 -11.85521793 10
    vertex -11.31370831 -11.31370831 10
  endloop
endfacet
facet normal 0 -0 1
  outer loop
    vertex -11.31370831 -11.31370831 10
    vertex -2.963804483 -2.686235905 10
    vertex -11.85521793 -10.74494362 10
  endloop
endfacet
facet normal -0 0 1
  outer loop
    vertex -11.31370831 -11.31370831 10
    vertex -10.74494362 -11.85521793 10
    vertex -2.686235905 -2.963804483 10
  endloop
endfacet
facet normal -0.8932244114 -0.4496111108 0
  outer loop
    vertex -14.11074066 -7.542347908 0
    vertex -14.11074066 -7.542347908 10
    vertex -14.46382904 -6.840881348 10
  endloop
endfacet
facet normal -0.9142101248 -0.4052404814 0
  outer loop
    vertex -14.46382904 -6.840881348 0
    vertex -14.46382904 -6.840881348 10
    vertex -14.78207207 -6.122934818 10
  endloop
endfacet
facet normal -0.9495280672 -0.3136820836 0
  outer loop
    vertex -15.0647049 -5.390237808 0
    vertex -15.0647049 -5.390237808 10
    vertex -15.31104565 -4.644554615 10
  endloop
endfacet
facet normal -0.9637760893 -0.2667126726 0
  outer loop
    vertex -15.31104565 -4.644554615 0
    vertex -15.31104565 -4.644554615 10
    vertex -15.52050018 -3.887682915 10
  endloop
endfacet
facet normal -0.9329926266 -0.359895483 0
  outer loop
    vertex -14.78207207 -6.122934818 0
    vertex -14.78207207 -6.122934818 10
    vertex -15.0647049 -5.390237808 10
  endloop
endfacet
facet normal -0.8700866987 -0.4928987084 0
  outer loop
    vertex -13.72365761 -8.225644112 0
    vertex -13.72365761 -8.225644112 10
    vertex -14.11074066 -7.542347908 10
  endloop
endfacet
facet normal -0.9757022961 -0.2191005007 0
  outer loop
    vertex -15.52050018 -3.887682915 0
    vertex -15.52050018 -3.887682915 10
    vertex -15.69256401 -3.121445179 10
  endloop
endfacet
facet normal -0.9852775392 -0.1709624836 0
  outer loop
    vertex -15.69256401 -3.121445179 0
    vertex -15.69256401 -3.121445179 10
    vertex -15.82682419 -2.347687483 10
  endloop
endfacet
facet normal -0.9924795543 -0.1224105154 0
  outer loop
    vertex -15.82682419 -2.347687483 0
    vertex -15.82682419 -2.347687483 10
    vertex -15.92295551 -1.56827426 10
  endloop
endfacet
facet normal -0.9972904556 -0.0735645778 0
  outer loop
    vertex -15.92295551 -1.56827426 0
    vertex -15.92295551 -1.56827426 10
    vertex -15.9807272 -0.7850828171 10
  endloop
endfacet
facet normal -0.9996988155 -0.02454135942 0
  outer loop
    vertex -15.9807272 -0.7850828171 0
    vertex -15.9807272 -0.7850828171 10
    vertex -16 1.959434964e-15 10
  endloop
endfacet
facet normal -0 0 1
  outer loop
    vertex -13.72365761 -8.225644112 10
    vertex -13.30351353 -8.889123917 10
    vertex -3.430914402 -2.056411028 10
  endloop
endfacet
facet normal 0 -0 1
  outer loop
    vertex -14.78207207 -6.122934818 10
    vertex -3.766176224 -1.347559452 10
    vertex -15.0647049 -5.390237808 10
  endloop
endfacet
facet normal 0 -0 1
  outer loop
    vertex -14.11074066 -7.542347908 10
    vertex -3.527685165 -1.885586977 10
    vertex -14.46382904 -6.840881348 10
  endloop
endfacet
facet normal 0 -0 1
  outer loop
    vertex -13.72365761 -8.225644112 10
    vertex -3.527685165 -1.885586977 10
    vertex -14.11074066 -7.542347908 10
  endloop
endfacet
facet normal -0 0 1
  outer loop
    vertex -14.78207207 -6.122934818 10
    vertex -14.46382904 -6.840881348 10
    vertex -3.61595726 -1.710220337 10
  endloop
endfacet
facet normal -0 0 1
  outer loop
    vertex -12.36816692 -10.1502924 10
    vertex -11.85521793 -10.74494362 10
    vertex -2.963804483 -2.686235905 10
  endloop
endfacet
facet normal 0 -0 1
  outer loop
    vertex -12.36816692 -10.1502924 10
    vertex -3.212830067 -2.382797241 10
    vertex -12.85132027 -9.531188965 10
  endloop
endfacet
facet normal -0 0 1
  outer loop
    vertex -13.30351353 -8.889123917 10
    vertex -12.85132027 -9.531188965 10
    vertex -3.325878382 -2.222280979 10
  endloop
endfacet
facet normal 0 -0 1
  outer loop
    vertex -15.31104565 -4.644554615 10
    vertex -3.827761412 -1.161138654 10
    vertex -15.52050018 -3.887682915 10
  endloop
endfacet
facet normal 0 -0 1
  outer loop
    vertex -15.0647049 -5.390237808 10
    vertex -3.827761412 -1.161138654 10
    vertex -15.31104565 -4.644554615 10
  endloop
endfacet
facet normal 0 -0 1
  outer loop
    vertex -15.52050018 -3.887682915 10
    vertex -3.880125046 -0.9719207287 10
    vertex -15.69256401 -3.121445179 10
  endloop
endfacet
facet normal 0 -0 1
  outer loop
    vertex -15.69256401 -3.121445179 10
    vertex -3.956706047 -0.5869218707 10
    vertex -15.82682419 -2.347687483 10
  endloop
endfacet
facet normal 0 -0 1
  outer loop
    vertex -15.82682419 -2.347687483 10
    vertex -3.956706047 -0.5869218707 10
    vertex -15.92295551 -1.56827426 10
  endloop
endfacet
facet normal 0 -0 1
  outer loop
    vertex -15.92295551 -1.56827426 10
    vertex -3.995181799 -0.1962707043 10
    vertex -15.9807272 -0.7850828171 10
  endloop
endfacet
facet normal 0 -0 1
  outer loop
    vertex -15.9807272 -0.7850828171 10
    vertex -4 4.89858741e-16 10
    vertex -16 1.959434964e-15 10
  endloop
endfacet
facet normal -0.4496111108 -0.8932244114 0
  outer loop
    vertex -6.840881348 -14.46382904 0
    vertex -6.840881348 -14.46382904 10
    vertex -7.542347908 -14.11074066 10
  endloop
endfacet
facet normal -0.4052404814 -0.9142101248 0
  outer loop
    vertex -6.122934818 -14.78207207 0
    vertex -6.122934818 -14.78207207 10
    vertex -6.840881348 -14.46382904 10
  endloop
endfacet
facet normal -0.4928987084 -0.8700866987 0
  outer loop
    vertex -7.542347908 -14.11074066 0
    vertex -7.542347908 -14.11074066 10
    vertex -8.225644112 -13.72365761 10
  endloop
endfacet
facet normal -0.359895483 -0.9329926266 0
  outer loop
    vertex -5.390237808 -15.0647049 0
    vertex -5.390237808 -15.0647049 10
    vertex -6.122934818 -14.78207207 10
  endloop
endfacet
facet normal -0.3136820836 -0.9495280672 0
  outer loop
    vertex -4.644554615 -15.31104565 0
    vertex -4.644554615 -15.31104565 10
    vertex -5.390237808 -15.0647049 10
  endloop
endfacet
facet normal -0.2667126726 -0.9637760893 0
  outer loop
    vertex -3.887682915 -15.52050018 0
    vertex -3.887682915 -15.52050018 10
    vertex -4.644554615 -15.31104565 10
  endloop
endfacet
facet normal -0.2191005007 -0.9757022961 0
  outer loop
    vertex -3.121445179 -15.69256401 0
    vertex -3.121445179 -15.69256401 10
    vertex -3.887682915 -15.52050018 10
  endloop
endfacet
facet normal -0.1709624836 -0.9852775392 0
  outer loop
    vertex -2.347687483 -15.82682419 0
    vertex -2.347687483 -15.82682419 10
    vertex -3.121445179 -15.69256401 10
  endloop
endfacet
facet normal -0.1224105154 -0.9924795543 0
  outer loop
    vertex -1.56827426 -15.92295551 0
    vertex -1.56827426 -15.92295551 10
    vertex -2.347687483 -15.82682419 10
  endloop
endfacet
facet normal -0.0735645778 -0.9972904556 0
  outer loop
    vertex -0.7850828171 -15.9807272 0
    vertex -0.7850828171 -15.9807272 10
    vertex -1.56827426 -15.92295551 10
  endloop
endfacet
facet normal -0.02454135942 -0.9996988155 0
  outer loop
    vertex -2.939152234e-15 -16 0
    vertex -2.939152234e-15 -16 10
    vertex -0.7850828171 -15.9807272 10
  endloop
endfacet
facet normal -0 0 1
  outer loop
    vertex -8.889123917 -13.30351353 10
    vertex -8.225644112 -13.72365761 10
    vertex -2.056411028 -3.430914402 10
  endloop
endfacet
facet normal 0 -0 1
  outer loop
    vertex -10.1502924 -12.36816692 10
    vertex -2.686235905 -2.963804483 10
    vertex -10.74494362 -11.85521793 10
  endloop
endfacet
facet normal -0 0 1
  outer loop
    vertex -10.1502924 -12.36816692 10
    vertex -9.531188965 -12.85132027 10
    vertex -2.382797241 -3.212830067 10
  endloop
endfacet
facet normal -0 0 1
  outer loop
    vertex -9.531188965 -12.85132027 10
    vertex -8.889123917 -13.30351353 10
    vertex -2.222280979 -3.325878382 10
  endloop
endfacet
facet normal -0 0 1
  outer loop
    vertex -8.225644112 -13.72365761 10
    vertex -7.542347908 -14.11074066 10
    vertex -1.885586977 -3.527685165 10
  endloop
endfacet
facet normal -0 0 1
  outer loop
    vertex -7.542347908 -14.11074066 10
    vertex -6.840881348 -14.46382904 10
    vertex -1.885586977 -3.527685165 10
  endloop
endfacet
facet normal -0 0 1
  outer loop
    vertex -6.122934818 -14.78207207 10
    vertex -5.390237808 -15.0647049 10
    vertex -1.347559452 -3.766176224 10
  endloop
endfacet
facet normal -0 0 1
  outer loop
    vertex -6.840881348 -14.46382904 10
    vertex -6.122934818 -14.78207207 10
    vertex -1.710220337 -3.61595726 10
  endloop
endfacet
facet normal -0 0 1
  outer loop
    vertex -5.390237808 -15.0647049 10
    vertex -4.644554615 -15.31104565 10
    vertex -1.161138654 -3.827761412 10
  endloop
endfacet
facet normal -0 0 1
  outer loop
    vertex -4.644554615 -15.31104565 10
    vertex -3.887682915 -15.52050018 10
    vertex -1.161138654 -3.827761412 10
  endloop
endfacet
facet normal -0 0 1
  outer loop
    vertex -3.887682915 -15.52050018 10
    vertex -3.121445179 -15.69256401 10
    vertex -0.9719207287 -3.880125046 10
  endloop
endfacet
facet normal -0 0 1
  outer loop
    vertex -3.121445179 -15.69256401 10
    vertex -2.347687483 -15.82682419 10
    vertex -0.5869218707 -3.956706047 10
  endloop
endfacet
facet normal -0 0 1
  outer loop
    vertex -2.347687483 -15.82682419 10
    vertex -1.56827426 -15.92295551 10
    vertex -0.5869218707 -3.956706047 10
  endloop
endfacet
facet normal -0 0 1
  outer loop
    vertex -1.56827426 -15.92295551 10
    vertex -0.7850828171 -15.9807272 10
    vertex -0.1962707043 -3.995181799 10
  endloop
endfacet
facet normal -0 0 1
  outer loop
    vertex -0.7850828171 -15.9807272 10
    vertex -2.939152234e-15 -16 10
    vertex -7.347880586e-16 -4 10
  endloop
endfacet
facet normal 0.7572092761 0.653172345 0
  outer loop
    vertex -2.963804483 -2.686235905 0
    vertex -3.092041731 -2.537573099 10
    vertex -2.963804483 -2.686235905 10
  endloop
endfacet
facet normal 0.8175847927 0.5758082205 0
  outer loop
    vertex -3.212830067 -2.382797241 0
    vertex -3.325878382 -2.222280979 10
    vertex -3.212830067 -2.382797241 10
  endloop
endfacet
facet normal 0.8448534914 0.5349977364 0
  outer loop
    vertex -3.325878382 -2.222280979 0
    vertex -3.430914402 -2.056411028 10
    vertex -3.325878382 -2.222280979 10
  endloop
endfacet
facet normal 0.7883462529 0.6152318145 0
  outer loop
    vertex -3.092041731 -2.537573099 0
    vertex -3.212830067 -2.382797241 10
    vertex -3.092041731 -2.537573099 10
  endloop
endfacet
facet normal 0.653172345 0.7572092761 0
  outer loop
    vertex -2.537573099 -3.092041731 0
    vertex -2.686235905 -2.963804483 10
    vertex -2.537573099 -3.092041731 10
  endloop
endfacet
facet normal 0.5758082205 0.8175847927 0
  outer loop
    vertex -2.222280979 -3.325878382 0
    vertex -2.382797241 -3.212830067 10
    vertex -2.222280979 -3.325878382 10
  endloop
endfacet
facet normal 0.6152318145 0.7883462529 0
  outer loop
    vertex -2.382797241 -3.212830067 0
    vertex -2.537573099 -3.092041731 10
    vertex -2.382797241 -3.212830067 10
  endloop
endfacet
facet normal 0.5349977364 0.8448534914 0
  outer loop
    vertex -2.056411028 -3.430914402 0
    vertex -2.222280979 -3.325878382 10
    vertex -2.056411028 -3.430914402 10
  endloop
endfacet
facet normal 0.7242466818 0.6895409661 0
  outer loop
    vertex -2.828427076 -2.828427076 0
    vertex -2.963804483 -2.686235905 10
    vertex -2.828427076 -2.828427076 10
  endloop
endfacet
facet normal 0.6895409661 0.7242466818 0
  outer loop
    vertex -2.686235905 -2.963804483 0
    vertex -2.828427076 -2.828427076 10
    vertex -2.686235905 -2.963804483 10
  endloop
endfacet
facet normal 0.8932244114 0.4496111108 0
  outer loop
    vertex -3.527685165 -1.885586977 0
    vertex -3.61595726 -1.710220337 10
    vertex -3.527685165 -1.885586977 10
  endloop
endfacet
facet normal 0.9142101248 0.4052404814 0
  outer loop
    vertex -3.61595726 -1.710220337 0
    vertex -3.695518017 -1.530733705 10
    vertex -3.61595726 -1.710220337 10
  endloop
endfacet
facet normal 0.9495280672 0.3136820836 0
  outer loop
    vertex -3.766176224 -1.347559452 0
    vertex -3.827761412 -1.161138654 10
    vertex -3.766176224 -1.347559452 10
  endloop
endfacet
facet normal 0.9637760893 0.2667126726 0
  outer loop
    vertex -3.827761412 -1.161138654 0
    vertex -3.880125046 -0.9719207287 10
    vertex -3.827761412 -1.161138654 10
  endloop
endfacet
facet normal 0.9329926266 0.359895483 0
  outer loop
    vertex -3.695518017 -1.530733705 0
    vertex -3.766176224 -1.347559452 10
    vertex -3.695518017 -1.530733705 10
  endloop
endfacet
facet normal 0.8700866987 0.4928987084 0
  outer loop
    vertex -3.430914402 -2.056411028 0
    vertex -3.527685165 -1.885586977 10
    vertex -3.430914402 -2.056411028 10
  endloop
endfacet
facet normal 0.9757022961 0.2191005007 0
  outer loop
    vertex -3.880125046 -0.9719207287 0
    vertex -3.923141003 -0.7803612947 10
    vertex -3.880125046 -0.9719207287 10
  endloop
endfacet
facet normal 0.9852775392 0.1709624836 0
  outer loop
    vertex -3.923141003 -0.7803612947 0
    vertex -3.956706047 -0.5869218707 10
    vertex -3.923141003 -0.7803612947 10
  endloop
endfacet
facet normal 0.9924795543 0.1224105154 0
  outer loop
    vertex -3.956706047 -0.5869218707 0
    vertex -3.980738878 -0.3920685649 10
    vertex -3.956706047 -0.5869218707 10
  endloop
endfacet
facet normal 0.9972904556 0.0735645778 0
  outer loop
    vertex -3.980738878 -0.3920685649 0
    vertex -3.995181799 -0.1962707043 10
    vertex -3.980738878 -0.3920685649 10
  endloop
endfacet
facet normal 0.9996988155 0.02454135942 0
  outer loop
    vertex -3.995181799 -0.1962707043 0
    vertex -4 4.89858741e-16 10
    vertex -3.995181799 -0.1962707043 10
  endloop
endfacet
facet normal 0.4496111108 0.8932244114 0
  outer loop
    vertex -1.710220337 -3.61595726 0
    vertex -1.885586977 -3.527685165 10
    vertex -1.710220337 -3.61595726 10
  endloop
endfacet
facet normal 0.4052404814 0.9142101248 0
  outer loop
    vertex -1.530733705 -3.695518017 0
    vertex -1.710220337 -3.61595726 10
    vertex -1.530733705 -3.695518017 10
  endloop
endfacet
facet normal 0.4928987084 0.8700866987 0
  outer loop
    vertex -1.885586977 -3.527685165 0
    vertex -2.056411028 -3.430914402 10
    vertex -1.885586977 -3.527685165 10
  endloop
endfacet
facet normal 0.359895483 0.9329926266 0
  outer loop
    vertex -1.347559452 -3.766176224 0
    vertex -1.530733705 -3.695518017 10
    vertex -1.347559452 -3.766176224 10
  endloop
endfacet
facet normal 0.3136820836 0.9495280672 0
  outer loop
    vertex -1.161138654 -3.827761412 0
    vertex -1.347559452 -3.766176224 10
    vertex -1.161138654 -3.827761412 10
  endloop
endfacet
facet normal 0.2667126726 0.9637760893 0
  outer loop
    vertex -0.9719207287 -3.880125046 0
    vertex -1.161138654 -3.827761412 10
    vertex -0.9719207287 -3.880125046 10
  endloop
endfacet
facet normal 0.2191005007 0.9757022961 0
  outer loop
    vertex -0.7803612947 -3.923141003 0
    vertex -0.9719207287 -3.880125046 10
    vertex -0.7803612947 -3.923141003 10
  endloop
endfacet
facet normal 0.1709624836 0.9852775392 0
  outer loop
    vertex -0.5869218707 -3.956706047 0
    vertex -0.7803612947 -3.923141003 10
    vertex -0.5869218707 -3.956706047 10
  endloop
endfacet
facet normal 0.1224105154 0.9924795543 0
  outer loop
    vertex -0.3920685649 -3.980738878 0
    vertex -0.5869218707 -3.956706047 10
    vertex -0.3920685649 -3.980738878 10
  endloop
endfacet
facet normal 0.0735645778 0.9972904556 0
  outer loop
    vertex -0.1962707043 -3.995181799 0
    vertex -0.3920685649 -3.980738878 10
    vertex -0.1962707043 -3.995181799 10
  endloop
endfacet
facet normal 0.02454135942 0.9996988155 0
  outer loop
    vertex -0.1962707043 -3.995181799 10
    vertex -7.347880586e-16 -4 10
    vertex -7.347880586e-16 -4 0
  endloop
endfacet
facet normal 0 -0 1
  outer loop
    vertex -12.36816692 -10.1502924 10
    vertex -3.092041731 -2.537573099 10
    vertex -3.212830067 -2.382797241 10
  endloop
endfacet
facet normal 0 -0 1
  outer loop
    vertex -12.36816692 -10.1502924 10
    vertex -2.963804483 -2.686235905 10
    vertex -3.092041731 -2.537573099 10
  endloop
endfacet
facet normal 0 -0 1
  outer loop
    vertex -13.72365761 -8.225644112 10
    vertex -3.430914402 -2.056411028 10
    vertex -3.527685165 -1.885586977 10
  endloop
endfacet
facet normal 0 -0 1
  outer loop
    vertex -13.30351353 -8.889123917 10
    vertex -3.325878382 -2.222280979 10
    vertex -3.430914402 -2.056411028 10
  endloop
endfacet
facet normal 0 -0 1
  outer loop
    vertex -12.85132027 -9.531188965 10
    vertex -3.212830067 -2.382797241 10
    vertex -3.325878382 -2.222280979 10
  endloop
endfacet
facet normal 0 -0 1
  outer loop
    vertex -10.1502924 -12.36816692 10
    vertex -2.537573099 -3.092041731 10
    vertex -2.686235905 -2.963804483 10
  endloop
endfacet
facet normal 0 -0 1
  outer loop
    vertex -10.1502924 -12.36816692 10
    vertex -2.382797241 -3.212830067 10
    vertex -2.537573099 -3.092041731 10
  endloop
endfacet
facet normal 0 -0 1
  outer loop
    vertex -9.531188965 -12.85132027 10
    vertex -2.222280979 -3.325878382 10
    vertex -2.382797241 -3.212830067 10
  endloop
endfacet
facet normal 0 -0 1
  outer loop
    vertex -8.889123917 -13.30351353 10
    vertex -2.056411028 -3.430914402 10
    vertex -2.222280979 -3.325878382 10
  endloop
endfacet
facet normal 0 -0 1
  outer loop
    vertex -8.225644112 -13.72365761 10
    vertex -1.885586977 -3.527685165 10
    vertex -2.056411028 -3.430914402 10
  endloop
endfacet
facet normal 0 -0 1
  outer loop
    vertex -11.31370831 -11.31370831 10
    vertex -2.828427076 -2.828427076 10
    vertex -2.963804483 -2.686235905 10
  endloop
endfacet
facet normal 0 -0 1
  outer loop
    vertex -11.31370831 -11.31370831 10
    vertex -2.686235905 -2.963804483 10
    vertex -2.828427076 -2.828427076 10
  endloop
endfacet
facet normal 0 -0 1
  outer loop
    vertex -14.78207207 -6.122934818 10
    vertex -3.695518017 -1.530733705 10
    vertex -3.766176224 -1.347559452 10
  endloop
endfacet
facet normal 0 -0 1
  outer loop
    vertex -14.78207207 -6.122934818 10
    vertex -3.61595726 -1.710220337 10
    vertex -3.695518017 -1.530733705 10
  endloop
endfacet
facet normal 0 -0 1
  outer loop
    vertex -14.46382904 -6.840881348 10
    vertex -3.527685165 -1.885586977 10
    vertex -3.61595726 -1.710220337 10
  endloop
endfacet
facet normal 0 -0 1
  outer loop
    vertex -15.0647049 -5.390237808 10
    vertex -3.766176224 -1.347559452 10
    vertex -3.827761412 -1.161138654 10
  endloop
endfacet
facet normal 0 -0 1
  outer loop
    vertex -15.52050018 -3.887682915 10
    vertex -3.827761412 -1.161138654 10
    vertex -3.880125046 -0.9719207287 10
  endloop
endfacet
facet normal 0 -0 1
  outer loop
    vertex -15.69256401 -3.121445179 10
    vertex -3.880125046 -0.9719207287 10
    vertex -3.923141003 -0.7803612947 10
  endloop
endfacet
facet normal 0 -0 1
  outer loop
    vertex -15.69256401 -3.121445179 10
    vertex -3.923141003 -0.7803612947 10
    vertex -3.956706047 -0.5869218707 10
  endloop
endfacet
facet normal 0 -0 1
  outer loop
    vertex -15.92295551 -1.56827426 10
    vertex -3.956706047 -0.5869218707 10
    vertex -3.980738878 -0.3920685649 10
  endloop
endfacet
facet normal 0 -0 1
  outer loop
    vertex -15.92295551 -1.56827426 10
    vertex -3.980738878 -0.3920685649 10
    vertex -3.995181799 -0.1962707043 10
  endloop
endfacet
facet normal 0 -0 1
  outer loop
    vertex -15.9807272 -0.7850828171 10
    vertex -3.995181799 -0.1962707043 10
    vertex -4 4.89858741e-16 10
  endloop
endfacet
facet normal 0 -0 1
  outer loop
    vertex -6.840881348 -14.46382904 10
    vertex -1.710220337 -3.61595726 10
    vertex -1.885586977 -3.527685165 10
  endloop
endfacet
facet normal 0 -0 1
  outer loop
    vertex -6.122934818 -14.78207207 10
    vertex -1.347559452 -3.766176224 10
    vertex -1.530733705 -3.695518017 10
  endloop
endfacet
facet normal 0 -0 1
  outer loop
    vertex -6.122934818 -14.78207207 10
    vertex -1.530733705 -3.695518017 10
    vertex -1.710220337 -3.61595726 10
  endloop
endfacet
facet normal 0 -0 1
  outer loop
    vertex -5.390237808 -15.0647049 10
    vertex -1.161138654 -3.827761412 10
    vertex -1.347559452 -3.766176224 10
  endloop
endfacet
facet normal 0 -0 1
  outer loop
    vertex -3.887682915 -15.52050018 10
    vertex -0.9719207287 -3.880125046 10
    vertex -1.161138654 -3.827761412 10
  endloop
endfacet
facet normal 0 -0 1
  outer loop
    vertex -3.121445179 -15.69256401 10
    vertex -0.7803612947 -3.923141003 10
    vertex -0.9719207287 -3.880125046 10
  endloop
endfacet
facet normal 0 -0 1
  outer loop
    vertex -3.121445179 -15.69256401 10
    vertex -0.5869218707 -3.956706047 10
    vertex -0.7803612947 -3.923141003 10
  endloop
endfacet
facet normal 0 -0 1
  outer loop
    vertex -1.56827426 -15.92295551 10
    vertex -0.3920685649 -3.980738878 10
    vertex -0.5869218707 -3.956706047 10
  endloop
endfacet
facet normal 0 -0 1
  outer loop
    vertex -1.56827426 -15.92295551 10
    vertex -0.1962707043 -3.995181799 10
    vertex -0.3920685649 -3.980738878 10
  endloop
endfacet
facet normal 0 -0 1
  outer loop
    vertex -0.7850828171 -15.9807272 10
    vertex -7.347880586e-16 -4 10
    vertex -0.1962707043 -3.995181799 10
  endloop
endfacet
facet normal 0 0 -1
  outer loop
    vertex -16 1.959434964e-15 0
    vertex -15.9807272 0.7850828171 0
    vertex -4 4.89858741e-16 0
  endloop
endfacet
facet normal 0 0 -1
  outer loop
    vertex -15.9807272 0.7850828171 0
    vertex -15.92295551 1.56827426 0
    vertex -3.995181799 0.1962707043 0
  endloop
endfacet
facet normal 0 0 -1
  outer loop
    vertex -15.92295551 1.56827426 0
    vertex -15.82682419 2.347687483 0
    vertex -3.956706047 0.5869218707 0
  endloop
endfacet
facet normal 0 0 -1
  outer loop
    vertex -15.82682419 2.347687483 0
    vertex -15.69256401 3.121445179 0
    vertex -3.956706047 0.5869218707 0
  endloop
endfacet
facet normal 0 0 -1
  outer loop
    vertex -15.69256401 3.121445179 0
    vertex -15.52050018 3.887682915 0
    vertex -3.880125046 0.9719207287 0
  endloop
endfacet
facet normal 0 0 -1
  outer loop
    vertex -15.52050018 3.887682915 0
    vertex -15.31104565 4.644554615 0
    vertex -3.827761412 1.161138654 0
  endloop
endfacet
facet normal 0 0 -1
  outer loop
    vertex -15.31104565 4.644554615 0
    vertex -15.0647049 5.390237808 0
    vertex -3.827761412 1.161138654 0
  endloop
endfacet
facet normal 0 0 -1
  outer loop
    vertex -15.0647049 5.390237808 0
    vertex -14.78207207 6.122934818 0
    vertex -3.766176224 1.347559452 0
  endloop
endfacet
facet normal 0 0 -1
  outer loop
    vertex -14.78207207 6.122934818 0
    vertex -14.46382904 6.840881348 0
    vertex -3.61595726 1.710220337 0
  endloop
endfacet
facet normal 0 0 -1
  outer loop
    vertex -14.46382904 6.840881348 0
    vertex -14.11074066 7.542347908 0
    vertex -3.527685165 1.885586977 0
  endloop
endfacet
facet normal 0 0 -1
  outer loop
    vertex -14.11074066 7.542347908 0
    vertex -13.72365761 8.225644112 0
    vertex -3.527685165 1.885586977 0
  endloop
endfacet
facet normal 0 0 -1
  outer loop
    vertex -13.72365761 8.225644112 0
    vertex -13.30351353 8.889123917 0
    vertex -3.430914402 2.056411028 0
  endloop
endfacet
facet normal 0 0 -1
  outer loop
    vertex -13.30351353 8.889123917 0
    vertex -12.85132027 9.531188965 0
    vertex -3.325878382 2.222280979 0
  endloop
endfacet
facet normal 0 0 -1
  outer loop
    vertex -12.85132027 9.531188965 0
    vertex -12.36816692 10.1502924 0
    vertex -3.212830067 2.382797241 0
  endloop
endfacet
facet normal 0 0 -1
  outer loop
    vertex -12.36816692 10.1502924 0
    vertex -11.85521793 10.74494362 0
    vertex -2.963804483 2.686235905 0
  endloop
endfacet
facet normal -0.9996988155 0.02454135942 0
  outer loop
    vertex -16 1.959434964e-15 0
    vertex -15.9807272 0.7850828171 10
    vertex -15.9807272 0.7850828171 0
  endloop
endfacet
facet normal -0.9972904556 0.0735645778 0
  outer loop
    vertex -15.9807272 0.7850828171 0
    vertex -15.92295551 1.56827426 10
    vertex -15.92295551 1.56827426 0
  endloop
endfacet
facet normal -0.9924795543 0.1224105154 0
  outer loop
    vertex -15.92295551 1.56827426 0
    vertex -15.82682419 2.347687483 10
    vertex -15.82682419 2.347687483 0
  endloop
endfacet
facet normal -0.9852775392 0.1709624836 0
  outer loop
    vertex -15.82682419 2.347687483 0
    vertex -15.69256401 3.121445179 10
    vertex -15.69256401 3.121445179 0
  endloop
endfacet
facet normal -0.9757022961 0.2191005007 0
  outer loop
    vertex -15.69256401 3.121445179 0
    vertex -15.52050018 3.887682915 10
    vertex -15.52050018 3.887682915 0
  endloop
endfacet
facet normal -0.9637760893 0.2667126726 0
  outer loop
    vertex -15.52050018 3.887682915 0
    vertex -15.31104565 4.644554615 10
    vertex -15.31104565 4.644554615 0
  endloop
endfacet
facet normal -0.9495280672 0.3136820836 0
  outer loop
    vertex -15.31104565 4.644554615 0
    vertex -15.0647049 5.390237808 10
    vertex -15.0647049 5.390237808 0
  endloop
endfacet
facet normal -0.9329926266 0.359895483 0
  outer loop
    vertex -15.0647049 5.390237808 0
    vertex -14.78207207 6.122934818 10
    vertex -14.78207207 6.122934818 0
  endloop
endfacet
facet normal -0.9142101248 0.4052404814 0
  outer loop
    vertex -14.78207207 6.122934818 0
    vertex -14.46382904 6.840881348 10
    vertex -14.46382904 6.840881348 0
  endloop
endfacet
facet normal -0.8932244114 0.4496111108 0
  outer loop
    vertex -14.46382904 6.840881348 0
    vertex -14.11074066 7.542347908 10
    vertex -14.11074066 7.542347908 0
  endloop
endfacet
facet normal -0.8700866987 0.4928987084 0
  outer loop
    vertex -14.11074066 7.542347908 0
    vertex -13.72365761 8.225644112 10
    vertex -13.72365761 8.225644112 0
  endloop
endfacet
facet normal 0 0 -1
  outer loop
    vertex -11.85521793 10.74494362 0
    vertex -11.31370831 11.31370831 0
    vertex -2.963804483 2.686235905 0
  endloop
endfacet
facet normal 0 0 -1
  outer loop
    vertex -11.31370831 11.31370831 0
    vertex -10.74494362 11.85521793 0
    vertex -2.686235905 2.963804483 0
  endloop
endfacet
facet normal -0.8448534914 0.5349977364 0
  outer loop
    vertex -13.72365761 8.225644112 0
    vertex -13.30351353 8.889123917 10
    vertex -13.30351353 8.889123917 0
  endloop
endfacet
facet normal -0.8175847927 0.5758082205 0
  outer loop
    vertex -13.30351353 8.889123917 0
    vertex -12.85132027 9.531188965 10
    vertex -12.85132027 9.531188965 0
  endloop
endfacet
facet normal -0.7883462529 0.6152318145 0
  outer loop
    vertex -12.85132027 9.531188965 0
    vertex -12.36816692 10.1502924 10
    vertex -12.36816692 10.1502924 0
  endloop
endfacet
facet normal -0.7572092761 0.653172345 0
  outer loop
    vertex -12.36816692 10.1502924 0
    vertex -11.85521793 10.74494362 10
    vertex -11.85521793 10.74494362 0
  endloop
endfacet
facet normal -0.7242466818 0.6895409661 0
  outer loop
    vertex -11.85521793 10.74494362 0
    vertex -11.31370831 11.31370831 10
    vertex -11.31370831 11.31370831 0
  endloop
endfacet
facet normal -0.6895409661 0.7242466818 0
  outer loop
    vertex -11.31370831 11.31370831 0
    vertex -10.74494362 11.85521793 10
    vertex -10.74494362 11.85521793 0
  endloop
endfacet
facet normal -0.653172345 0.7572092761 0
  outer loop
    vertex -10.74494362 11.85521793 0
    vertex -10.1502924 12.36816692 10
    vertex -10.1502924 12.36816692 0
  endloop
endfacet
facet normal -0.6152318145 0.7883462529 0
  outer loop
    vertex -10.1502924 12.36816692 0
    vertex -9.531188965 12.85132027 10
    vertex -9.531188965 12.85132027 0
  endloop
endfacet
facet normal -0.5758082205 0.8175847927 0
  outer loop
    vertex -9.531188965 12.85132027 0
    vertex -8.889123917 13.30351353 10
    vertex -8.889123917 13.30351353 0
  endloop
endfacet
facet normal -0.5349977364 0.8448534914 0
  outer loop
    vertex -8.889123917 13.30351353 0
    vertex -8.225644112 13.72365761 10
    vertex -8.225644112 13.72365761 0
  endloop
endfacet
facet normal 0 -0 -1
  outer loop
    vertex -15.9807272 0.7850828171 0
    vertex -3.995181799 0.1962707043 0
    vertex -4 4.89858741e-16 0
  endloop
endfacet
facet normal 0 -0 -1
  outer loop
    vertex -15.92295551 1.56827426 0
    vertex -3.980738878 0.3920685649 0
    vertex -3.995181799 0.1962707043 0
  endloop
endfacet
facet normal 0 -0 -1
  outer loop
    vertex -15.92295551 1.56827426 0
    vertex -3.956706047 0.5869218707 0
    vertex -3.980738878 0.3920685649 0
  endloop
endfacet
facet normal 0 -0 -1
  outer loop
    vertex -15.69256401 3.121445179 0
    vertex -3.923141003 0.7803612947 0
    vertex -3.956706047 0.5869218707 0
  endloop
endfacet
facet normal 0 -0 -1
  outer loop
    vertex -15.69256401 3.121445179 0
    vertex -3.880125046 0.9719207287 0
    vertex -3.923141003 0.7803612947 0
  endloop
endfacet
facet normal 0 -0 -1
  outer loop
    vertex -15.52050018 3.887682915 0
    vertex -3.827761412 1.161138654 0
    vertex -3.880125046 0.9719207287 0
  endloop
endfacet
facet normal 0 -0 -1
  outer loop
    vertex -15.0647049 5.390237808 0
    vertex -3.766176224 1.347559452 0
    vertex -3.827761412 1.161138654 0
  endloop
endfacet
facet normal 0 -0 -1
  outer loop
    vertex -14.78207207 6.122934818 0
    vertex -3.695518017 1.530733705 0
    vertex -3.766176224 1.347559452 0
  endloop
endfacet
facet normal 0 -0 -1
  outer loop
    vertex -14.78207207 6.122934818 0
    vertex -3.61595726 1.710220337 0
    vertex -3.695518017 1.530733705 0
  endloop
endfacet
facet normal 0 -0 -1
  outer loop
    vertex -14.46382904 6.840881348 0
    vertex -3.527685165 1.885586977 0
    vertex -3.61595726 1.710220337 0
  endloop
endfacet
facet normal 0 -0 -1
  outer loop
    vertex -13.72365761 8.225644112 0
    vertex -3.430914402 2.056411028 0
    vertex -3.527685165 1.885586977 0
  endloop
endfacet
facet normal 0 -0 -1
  outer loop
    vertex -13.30351353 8.889123917 0
    vertex -3.325878382 2.222280979 0
    vertex -3.430914402 2.056411028 0
  endloop
endfacet
facet normal 0 -0 -1
  outer loop
    vertex -12.85132027 9.531188965 0
    vertex -3.212830067 2.382797241 0
    vertex -3.325878382 2.222280979 0
  endloop
endfacet
facet normal 0 -0 -1
  outer loop
    vertex -12.36816692 10.1502924 0
    vertex -3.092041731 2.537573099 0
    vertex -3.212830067 2.382797241 0
  endloop
endfacet
facet normal 0 -0 -1
  outer loop
    vertex -12.36816692 10.1502924 0
    vertex -2.963804483 2.686235905 0
    vertex -3.092041731 2.537573099 0
  endloop
endfacet
facet normal 0 -0 -1
  outer loop
    vertex -11.31370831 11.31370831 0
    vertex -2.828427076 2.828427076 0
    vertex -2.963804483 2.686235905 0
  endloop
endfacet
facet normal 0 -0 -1
  outer loop
    vertex -11.31370831 11.31370831 0
    vertex -2.686235905 2.963804483 0
    vertex -2.828427076 2.828427076 0
  endloop
endfacet
facet normal 0 -0 -1
  outer loop
    vertex -10.1502924 12.36816692 0
    vertex -2.537573099 3.092041731 0
    vertex -2.686235905 2.963804483 0
  endloop
endfacet
facet normal 0 -0 -1
  outer loop
    vertex -10.1502924 12.36816692 0
    vertex -2.382797241 3.212830067 0
    vertex -2.537573099 3.092041731 0
  endloop
endfacet
facet normal 0 -0 -1
  outer loop
    vertex -9.531188965 12.85132027 0
    vertex -2.222280979 3.325878382 0
    vertex -2.382797241 3.212830067 0
  endloop
endfacet
facet normal 0 -0 -1
  outer loop
    vertex -8.889123917 13.30351353 0
    vertex -2.056411028 3.430914402 0
    vertex -2.222280979 3.325878382 0
  endloop
endfacet
facet normal 0 -0 -1
  outer loop
    vertex -8.225644112 13.72365761 0
    vertex -1.885586977 3.527685165 0
    vertex -2.056411028 3.430914402 0
  endloop
endfacet
facet normal 0 0 -1
  outer loop
    vertex -1.885586977 3.527685165 0
    vertex -6.840881348 14.46382904 0
    vertex -1.710220337 3.61595726 0
  endloop
endfacet
facet normal 0 0 -1
  outer loop
    vertex -1.710220337 3.61595726 0
    vertex -6.122934818 14.78207207 0
    vertex -1.530733705 3.695518017 0
  endloop
endfacet
facet normal 0 0 -1
  outer loop
    vertex -1.530733705 3.695518017 0
    vertex -6.122934818 14.78207207 0
    vertex -1.347559452 3.766176224 0
  endloop
endfacet
facet normal 0 0 -1
  outer loop
    vertex -1.347559452 3.766176224 0
    vertex -5.390237808 15.0647049 0
    vertex -1.161138654 3.827761412 0
  endloop
endfacet
facet normal 0 0 -1
  outer loop
    vertex -1.161138654 3.827761412 0
    vertex -3.887682915 15.52050018 0
    vertex -0.9719207287 3.880125046 0
  endloop
endfacet
facet normal 0 0 -1
  outer loop
    vertex -0.9719207287 3.880125046 0
    vertex -3.121445179 15.69256401 0
    vertex -0.7803612947 3.923141003 0
  endloop
endfacet
facet normal 0 0 -1
  outer loop
    vertex -0.7803612947 3.923141003 0
    vertex -3.121445179 15.69256401 0
    vertex -0.5869218707 3.956706047 0
  endloop
endfacet
facet normal 0 0 -1
  outer loop
    vertex -0.5869218707 3.956706047 0
    vertex -1.56827426 15.92295551 0
    vertex -0.3920685649 3.980738878 0
  endloop
endfacet
facet normal 0 0 -1
  outer loop
    vertex -0.3920685649 3.980738878 0
    vertex -1.56827426 15.92295551 0
    vertex -0.1962707043 3.995181799 0
  endloop
endfacet
facet normal 0 0 -1
  outer loop
    vertex -0.1962707043 3.995181799 0
    vertex -0.7850828171 15.9807272 0
    vertex 2.449293705e-16 4 0
  endloop
endfacet
facet normal 0.9996988155 -0.02454135942 0
  outer loop
    vertex -4 4.89858741e-16 0
    vertex -3.995181799 0.1962707043 0
    vertex -3.995181799 0.1962707043 10
  endloop
endfacet
facet normal 0.9972904556 -0.0735645778 0
  outer loop
    vertex -3.995181799 0.1962707043 0
    vertex -3.980738878 0.3920685649 0
    vertex -3.980738878 0.3920685649 10
  endloop
endfacet
facet normal 0.9924795543 -0.1224105154 0
  outer loop
    vertex -3.980738878 0.3920685649 0
    vertex -3.956706047 0.5869218707 0
    vertex -3.956706047 0.5869218707 10
  endloop
endfacet
facet normal 0.9852775392 -0.1709624836 0
  outer loop
    vertex -3.956706047 0.5869218707 0
    vertex -3.923141003 0.7803612947 0
    vertex -3.923141003 0.7803612947 10
  endloop
endfacet
facet normal 0.9757022961 -0.2191005007 0
  outer loop
    vertex -3.923141003 0.7803612947 0
    vertex -3.880125046 0.9719207287 0
    vertex -3.880125046 0.9719207287 10
  endloop
endfacet
facet normal 0.9637760893 -0.2667126726 0
  outer loop
    vertex -3.880125046 0.9719207287 0
    vertex -3.827761412 1.161138654 0
    vertex -3.827761412 1.161138654 10
  endloop
endfacet
facet normal 0.9495280672 -0.3136820836 0
  outer loop
    vertex -3.827761412 1.161138654 0
    vertex -3.766176224 1.347559452 0
    vertex -3.766176224 1.347559452 10
  endloop
endfacet
facet normal 0.9329926266 -0.359895483 0
  outer loop
    vertex -3.766176224 1.347559452 0
    vertex -3.695518017 1.530733705 0
    vertex -3.695518017 1.530733705 10
  endloop
endfacet
facet normal 0.9142101248 -0.4052404814 0
  outer loop
    vertex -3.695518017 1.530733705 0
    vertex -3.61595726 1.710220337 0
    vertex -3.61595726 1.710220337 10
  endloop
endfacet
facet normal 0.8932244114 -0.4496111108 0
  outer loop
    vertex -3.61595726 1.710220337 0
    vertex -3.527685165 1.885586977 0
    vertex -3.527685165 1.885586977 10
  endloop
endfacet
facet normal 0.8700866987 -0.4928987084 0
  outer loop
    vertex -3.527685165 1.885586977 0
    vertex -3.430914402 2.056411028 0
    vertex -3.430914402 2.056411028 10
  endloop
endfacet
facet normal 0.8448534914 -0.5349977364 0
  outer loop
    vertex -3.430914402 2.056411028 0
    vertex -3.325878382 2.222280979 0
    vertex -3.325878382 2.222280979 10
  endloop
endfacet
facet normal 0.8175847927 -0.5758082205 0
  outer loop
    vertex -3.325878382 2.222280979 0
    vertex -3.212830067 2.382797241 0
    vertex -3.212830067 2.382797241 10
  endloop
endfacet
facet normal 0.7883462529 -0.6152318145 0
  outer loop
    vertex -3.212830067 2.382797241 0
    vertex -3.092041731 2.537573099 0
    vertex -3.092041731 2.537573099 10
  endloop
endfacet
facet normal 0.7572092761 -0.653172345 0
  outer loop
    vertex -3.092041731 2.537573099 0
    vertex -2.963804483 2.686235905 0
    vertex -2.963804483 2.686235905 10
  endloop
endfacet
facet normal 0.7242466818 -0.6895409661 0
  outer loop
    vertex -2.963804483 2.686235905 0
    vertex -2.828427076 2.828427076 0
    vertex -2.828427076 2.828427076 10
  endloop
endfacet
facet normal 0.6895409661 -0.7242466818 0
  outer loop
    vertex -2.828427076 2.828427076 0
    vertex -2.686235905 2.963804483 0
    vertex -2.686235905 2.963804483 10
  endloop
endfacet
facet normal 0.653172345 -0.7572092761 0
  outer loop
    vertex -2.686235905 2.963804483 0
    vertex -2.537573099 3.092041731 0
    vertex -2.537573099 3.092041731 10
  endloop
endfacet
facet normal 0.6152318145 -0.7883462529 0
  outer loop
    vertex -2.537573099 3.092041731 0
    vertex -2.382797241 3.212830067 0
    vertex -2.382797241 3.212830067 10
  endloop
endfacet
facet normal 0.5758082205 -0.8175847927 0
  outer loop
    vertex -2.382797241 3.212830067 0
    vertex -2.222280979 3.325878382 0
    vertex -2.222280979 3.325878382 10
  endloop
endfacet
facet normal 0.5349977364 -0.8448534914 0
  outer loop
    vertex -2.222280979 3.325878382 0
    vertex -2.056411028 3.430914402 0
    vertex -2.056411028 3.430914402 10
  endloop
endfacet
facet normal 0.4928987084 -0.8700866987 0
  outer loop
    vertex -2.056411028 3.430914402 0
    vertex -1.885586977 3.527685165 0
    vertex -1.885586977 3.527685165 10
  endloop
endfacet
facet normal 0.4496111108 -0.8932244114 0
  outer loop
    vertex -1.885586977 3.527685165 0
    vertex -1.710220337 3.61595726 0
    vertex -1.710220337 3.61595726 10
  endloop
endfacet
facet normal 0.4052404814 -0.9142101248 0
  outer loop
    vertex -1.710220337 3.61595726 0
    vertex -1.530733705 3.695518017 0
    vertex -1.530733705 3.695518017 10
  endloop
endfacet
facet normal 0.359895483 -0.9329926266 0
  outer loop
    vertex -1.530733705 3.695518017 0
    vertex -1.347559452 3.766176224 0
    vertex -1.347559452 3.766176224 10
  endloop
endfacet
facet normal 0.3136820836 -0.9495280672 0
  outer loop
    vertex -1.347559452 3.766176224 0
    vertex -1.161138654 3.827761412 0
    vertex -1.161138654 3.827761412 10
  endloop
endfacet
facet normal 0.2667126726 -0.9637760893 0
  outer loop
    vertex -1.161138654 3.827761412 0
    vertex -0.9719207287 3.880125046 0
    vertex -0.9719207287 3.880125046 10
  endloop
endfacet
facet normal 0.2191005007 -0.9757022961 0
  outer loop
    vertex -0.9719207287 3.880125046 0
    vertex -0.7803612947 3.923141003 0
    vertex -0.7803612947 3.923141003 10
  endloop
endfacet
facet normal 0.1709624836 -0.9852775392 0
  outer loop
    vertex -0.7803612947 3.923141003 0
    vertex -0.5869218707 3.956706047 0
    vertex -0.5869218707 3.956706047 10
  endloop
endfacet
facet normal 0.1224105154 -0.9924795543 0
  outer loop
    vertex -0.5869218707 3.956706047 0
    vertex -0.3920685649 3.980738878 0
    vertex -0.3920685649 3.980738878 10
  endloop
endfacet
facet normal 0.0735645778 -0.9972904556 0
  outer loop
    vertex -0.3920685649 3.980738878 0
    vertex -0.1962707043 3.995181799 0
    vertex -0.1962707043 3.995181799 10
  endloop
endfacet
facet normal 0.02454135942 -0.9996988155 0
  outer loop
    vertex -0.1962707043 3.995181799 0
    vertex 2.449293705e-16 4 0
    vertex 2.449293705e-16 4 10
  endloop
endfacet
facet normal 0 0 -1
  outer loop
    vertex -10.74494362 11.85521793 0
    vertex -10.1502924 12.36816692 0
    vertex -2.686235905 2.963804483 0
  endloop
endfacet
facet normal 0 0 -1
  outer loop
    vertex -10.1502924 12.36816692 0
    vertex -9.531188965 12.85132027 0
    vertex -2.382797241 3.212830067 0
  endloop
endfacet
facet normal 0 0 -1
  outer loop
    vertex -9.531188965 12.85132027 0
    vertex -8.889123917 13.30351353 0
    vertex -2.222280979 3.325878382 0
  endloop
endfacet
facet normal 0 0 -1
  outer loop
    vertex -8.889123917 13.30351353 0
    vertex -8.225644112 13.72365761 0
    vertex -2.056411028 3.430914402 0
  endloop
endfacet
facet normal 0 0 -1
  outer loop
    vertex -8.225644112 13.72365761 0
    vertex -7.542347908 14.11074066 0
    vertex -1.885586977 3.527685165 0
  endloop
endfacet
facet normal 0 0 -1
  outer loop
    vertex -1.885586977 3.527685165 0
    vertex -7.542347908 14.11074066 0
    vertex -6.840881348 14.46382904 0
  endloop
endfacet
facet normal 0 0 -1
  outer loop
    vertex -1.710220337 3.61595726 0
    vertex -6.840881348 14.46382904 0
    vertex -6.122934818 14.78207207 0
  endloop
endfacet
facet normal 0 0 -1
  outer loop
    vertex -1.347559452 3.766176224 0
    vertex -6.122934818 14.78207207 0
    vertex -5.390237808 15.0647049 0
  endloop
endfacet
facet normal 0 0 -1
  outer loop
    vertex -1.161138654 3.827761412 0
    vertex -5.390237808 15.0647049 0
    vertex -4.644554615 15.31104565 0
  endloop
endfacet
facet normal 0 0 -1
  outer loop
    vertex -1.161138654 3.827761412 0
    vertex -4.644554615 15.31104565 0
    vertex -3.887682915 15.52050018 0
  endloop
endfacet
facet normal 0 0 -1
  outer loop
    vertex -0.9719207287 3.880125046 0
    vertex -3.887682915 15.52050018 0
    vertex -3.121445179 15.69256401 0
  endloop
endfacet
facet normal 0 0 -1
  outer loop
    vertex -0.5869218707 3.956706047 0
    vertex -3.121445179 15.69256401 0
    vertex -2.347687483 15.82682419 0
  endloop
endfacet
facet normal 0 0 -1
  outer loop
    vertex -0.5869218707 3.956706047 0
    vertex -2.347687483 15.82682419 0
    vertex -1.56827426 15.92295551 0
  endloop
endfacet
facet normal 0 0 -1
  outer loop
    vertex -0.1962707043 3.995181799 0
    vertex -1.56827426 15.92295551 0
    vertex -0.7850828171 15.9807272 0
  endloop
endfacet
facet normal 0 -0 -1
  outer loop
    vertex -0.7850828171 15.9807272 0
    vertex 9.797174821e-16 16 0
    vertex 2.449293705e-16 4 0
  endloop
endfacet
facet normal -0.4928987084 0.8700866987 0
  outer loop
    vertex -8.225644112 13.72365761 0
    vertex -7.542347908 14.11074066 10
    vertex -7.542347908 14.11074066 0
  endloop
endfacet
facet normal -0.4496111108 0.8932244114 0
  outer loop
    vertex -7.542347908 14.11074066 0
    vertex -6.840881348 14.46382904 10
    vertex -6.840881348 14.46382904 0
  endloop
endfacet
facet normal -0.4052404814 0.9142101248 0
  outer loop
    vertex -6.840881348 14.46382904 0
    vertex -6.122934818 14.78207207 10
    vertex -6.122934818 14.78207207 0
  endloop
endfacet
facet normal -0.359895483 0.9329926266 0
  outer loop
    vertex -6.122934818 14.78207207 0
    vertex -5.390237808 15.0647049 10
    vertex -5.390237808 15.0647049 0
  endloop
endfacet
facet normal -0.3136820836 0.9495280672 0
  outer loop
    vertex -5.390237808 15.0647049 0
    vertex -4.644554615 15.31104565 10
    vertex -4.644554615 15.31104565 0
  endloop
endfacet
facet normal -0.2667126726 0.9637760893 0
  outer loop
    vertex -4.644554615 15.31104565 0
    vertex -3.887682915 15.52050018 10
    vertex -3.887682915 15.52050018 0
  endloop
endfacet
facet normal -0.2191005007 0.9757022961 0
  outer loop
    vertex -3.887682915 15.52050018 0
    vertex -3.121445179 15.69256401 10
    vertex -3.121445179 15.69256401 0
  endloop
endfacet
facet normal -0.1709624836 0.9852775392 0
  outer loop
    vertex -3.121445179 15.69256401 0
    vertex -2.347687483 15.82682419 10
    vertex -2.347687483 15.82682419 0
  endloop
endfacet
facet normal -0.1224105154 0.9924795543 0
  outer loop
    vertex -2.347687483 15.82682419 0
    vertex -1.56827426 15.92295551 10
    vertex -1.56827426 15.92295551 0
  endloop
endfacet
facet normal -0.0735645778 0.9972904556 0
  outer loop
    vertex -1.56827426 15.92295551 0
    vertex -0.7850828171 15.9807272 10
    vertex -0.7850828171 15.9807272 0
  endloop
endfacet
facet normal -0.02454135942 0.9996988155 0
  outer loop
    vertex -0.7850828171 15.9807272 0
    vertex 9.797174821e-16 16 10
    vertex 9.797174821e-16 16 0
  endloop
endfacet
facet normal -0.9996988155 0.02454135942 0
  outer loop
    vertex -16 1.959434964e-15 0
    vertex -16 1.959434964e-15 10
    vertex -15.9807272 0.7850828171 10
  endloop
endfacet
facet normal -0.9972904556 0.0735645778 0
  outer loop
    vertex -15.9807272 0.7850828171 0
    vertex -15.9807272 0.7850828171 10
    vertex -15.92295551 1.56827426 10
  endloop
endfacet
facet normal -0.9924795543 0.1224105154 0
  outer loop
    vertex -15.92295551 1.56827426 0
    vertex -15.92295551 1.56827426 10
    vertex -15.82682419 2.347687483 10
  endloop
endfacet
facet normal -0.9852775392 0.1709624836 0
  outer loop
    vertex -15.82682419 2.347687483 0
    vertex -15.82682419 2.347687483 10
    vertex -15.69256401 3.121445179 10
  endloop
endfacet
facet normal -0.9757022961 0.2191005007 0
  outer loop
    vertex -15.69256401 3.121445179 0
    vertex -15.69256401 3.121445179 10
    vertex -15.52050018 3.887682915 10
  endloop
endfacet
facet normal -0.9637760893 0.2667126726 0
  outer loop
    vertex -15.52050018 3.887682915 0
    vertex -15.52050018 3.887682915 10
    vertex -15.31104565 4.644554615 10
  endloop
endfacet
facet normal -0.9495280672 0.3136820836 0
  outer loop
    vertex -15.31104565 4.644554615 0
    vertex -15.31104565 4.644554615 10
    vertex -15.0647049 5.390237808 10
  endloop
endfacet
facet normal -0.9329926266 0.359895483 0
  outer loop
    vertex -15.0647049 5.390237808 0
    vertex -15.0647049 5.390237808 10
    vertex -14.78207207 6.122934818 10
  endloop
endfacet
facet normal -0.9142101248 0.4052404814 0
  outer loop
    vertex -14.78207207 6.122934818 0
    vertex -14.78207207 6.122934818 10
    vertex -14.46382904 6.840881348 10
  endloop
endfacet
facet normal -0.8932244114 0.4496111108 0
  outer loop
    vertex -14.46382904 6.840881348 0
    vertex -14.46382904 6.840881348 10
    vertex -14.11074066 7.542347908 10
  endloop
endfacet
facet normal -0.8700866987 0.4928987084 0
  outer loop
    vertex -14.11074066 7.542347908 0
    vertex -14.11074066 7.542347908 10
    vertex -13.72365761 8.225644112 10
  endloop
endfacet
facet normal -0 -0 1
  outer loop
    vertex -16 1.959434964e-15 10
    vertex -4 4.89858741e-16 10
    vertex -15.9807272 0.7850828171 10
  endloop
endfacet
facet normal -0 -0 1
  outer loop
    vertex -15.9807272 0.7850828171 10
    vertex -3.995181799 0.1962707043 10
    vertex -15.92295551 1.56827426 10
  endloop
endfacet
facet normal -0 -0 1
  outer loop
    vertex -15.92295551 1.56827426 10
    vertex -3.956706047 0.5869218707 10
    vertex -15.82682419 2.347687483 10
  endloop
endfacet
facet normal -0 -0 1
  outer loop
    vertex -15.82682419 2.347687483 10
    vertex -3.956706047 0.5869218707 10
    vertex -15.69256401 3.121445179 10
  endloop
endfacet
facet normal -0 -0 1
  outer loop
    vertex -15.69256401 3.121445179 10
    vertex -3.880125046 0.9719207287 10
    vertex -15.52050018 3.887682915 10
  endloop
endfacet
facet normal -0 -0 1
  outer loop
    vertex -15.52050018 3.887682915 10
    vertex -3.827761412 1.161138654 10
    vertex -15.31104565 4.644554615 10
  endloop
endfacet
facet normal -0 -0 1
  outer loop
    vertex -15.31104565 4.644554615 10
    vertex -3.827761412 1.161138654 10
    vertex -15.0647049 5.390237808 10
  endloop
endfacet
facet normal -0 -0 1
  outer loop
    vertex -15.0647049 5.390237808 10
    vertex -3.766176224 1.347559452 10
    vertex -14.78207207 6.122934818 10
  endloop
endfacet
facet normal -0 -0 1
  outer loop
    vertex -14.78207207 6.122934818 10
    vertex -3.61595726 1.710220337 10
    vertex -14.46382904 6.840881348 10
  endloop
endfacet
facet normal -0 -0 1
  outer loop
    vertex -14.46382904 6.840881348 10
    vertex -3.527685165 1.885586977 10
    vertex -14.11074066 7.542347908 10
  endloop
endfacet
facet normal -0 -0 1
  outer loop
    vertex -14.11074066 7.542347908 10
    vertex -3.527685165 1.885586977 10
    vertex -13.72365761 8.225644112 10
  endloop
endfacet
facet normal -0 -0 1
  outer loop
    vertex -13.72365761 8.225644112 10
    vertex -3.430914402 2.056411028 10
    vertex -13.30351353 8.889123917 10
  endloop
endfacet
facet normal -0 -0 1
  outer loop
    vertex -13.30351353 8.889123917 10
    vertex -3.325878382 2.222280979 10
    vertex -12.85132027 9.531188965 10
  endloop
endfacet
facet normal -0 -0 1
  outer loop
    vertex -12.85132027 9.531188965 10
    vertex -3.212830067 2.382797241 10
    vertex -12.36816692 10.1502924 10
  endloop
endfacet
facet normal -0 -0 1
  outer loop
    vertex -12.36816692 10.1502924 10
    vertex -2.963804483 2.686235905 10
    vertex -11.85521793 10.74494362 10
  endloop
endfacet
facet normal -0.8448534914 0.5349977364 0
  outer loop
    vertex -13.72365761 8.225644112 0
    vertex -13.72365761 8.225644112 10
    vertex -13.30351353 8.889123917 10
  endloop
endfacet
facet normal -0.8175847927 0.5758082205 0
  outer loop
    vertex -13.30351353 8.889123917 0
    vertex -13.30351353 8.889123917 10
    vertex -12.85132027 9.531188965 10
  endloop
endfacet
facet normal -0.7883462529 0.6152318145 0
  outer loop
    vertex -12.85132027 9.531188965 0
    vertex -12.85132027 9.531188965 10
    vertex -12.36816692 10.1502924 10
  endloop
endfacet
facet normal -0.7572092761 0.653172345 0
  outer loop
    vertex -12.36816692 10.1502924 0
    vertex -12.36816692 10.1502924 10
    vertex -11.85521793 10.74494362 10
  endloop
endfacet
facet normal -0.7242466818 0.6895409661 0
  outer loop
    vertex -11.85521793 10.74494362 0
    vertex -11.85521793 10.74494362 10
    vertex -11.31370831 11.31370831 10
  endloop
endfacet
facet normal -0.6895409661 0.7242466818 0
  outer loop
    vertex -11.31370831 11.31370831 0
    vertex -11.31370831 11.31370831 10
    vertex -10.74494362 11.85521793 10
  endloop
endfacet
facet normal -0.653172345 0.7572092761 0
  outer loop
    vertex -10.74494362 11.85521793 0
    vertex -10.74494362 11.85521793 10
    vertex -10.1502924 12.36816692 10
  endloop
endfacet
facet normal -0.6152318145 0.7883462529 0
  outer loop
    vertex -10.1502924 12.36816692 0
    vertex -10.1502924 12.36816692 10
    vertex -9.531188965 12.85132027 10
  endloop
endfacet
facet normal -0.5758082205 0.8175847927 0
  outer loop
    vertex -9.531188965 12.85132027 0
    vertex -9.531188965 12.85132027 10
    vertex -8.889123917 13.30351353 10
  endloop
endfacet
facet normal -0.5349977364 0.8448534914 0
  outer loop
    vertex -8.889123917 13.30351353 0
    vertex -8.889123917 13.30351353 10
    vertex -8.225644112 13.72365761 10
  endloop
endfacet
facet normal -0 -0 1
  outer loop
    vertex -11.85521793 10.74494362 10
    vertex -2.963804483 2.686235905 10
    vertex -11.31370831 11.31370831 10
  endloop
endfacet
facet normal -0 -0 1
  outer loop
    vertex -11.31370831 11.31370831 10
    vertex -2.686235905 2.963804483 10
    vertex -10.74494362 11.85521793 10
  endloop
endfacet
facet normal 0.9996988155 -0.02454135942 0
  outer loop
    vertex -4 4.89858741e-16 0
    vertex -3.995181799 0.1962707043 10
    vertex -4 4.89858741e-16 10
  endloop
endfacet
facet normal 0.9972904556 -0.0735645778 0
  outer loop
    vertex -3.995181799 0.1962707043 0
    vertex -3.980738878 0.3920685649 10
    vertex -3.995181799 0.1962707043 10
  endloop
endfacet
facet normal 0.9924795543 -0.1224105154 0
  outer loop
    vertex -3.980738878 0.3920685649 0
    vertex -3.956706047 0.5869218707 10
    vertex -3.980738878 0.3920685649 10
  endloop
endfacet
facet normal 0.9852775392 -0.1709624836 0
  outer loop
    vertex -3.956706047 0.5869218707 0
    vertex -3.923141003 0.7803612947 10
    vertex -3.956706047 0.5869218707 10
  endloop
endfacet
facet normal 0.9757022961 -0.2191005007 0
  outer loop
    vertex -3.923141003 0.7803612947 0
    vertex -3.880125046 0.9719207287 10
    vertex -3.923141003 0.7803612947 10
  endloop
endfacet
facet normal 0.9637760893 -0.2667126726 0
  outer loop
    vertex -3.880125046 0.9719207287 0
    vertex -3.827761412 1.161138654 10
    vertex -3.880125046 0.9719207287 10
  endloop
endfacet
facet normal 0.9495280672 -0.3136820836 0
  outer loop
    vertex -3.827761412 1.161138654 0
    vertex -3.766176224 1.347559452 10
    vertex -3.827761412 1.161138654 10
  endloop
endfacet
facet normal 0.9329926266 -0.359895483 0
  outer loop
    vertex -3.766176224 1.347559452 0
    vertex -3.695518017 1.530733705 10
    vertex -3.766176224 1.347559452 10
  endloop
endfacet
facet normal 0.9142101248 -0.4052404814 0
  outer loop
    vertex -3.695518017 1.530733705 0
    vertex -3.61595726 1.710220337 10
    vertex -3.695518017 1.530733705 10
  endloop
endfacet
facet normal 0.8932244114 -0.4496111108 0
  outer loop
    vertex -3.61595726 1.710220337 0
    vertex -3.527685165 1.885586977 10
    vertex -3.61595726 1.710220337 10
  endloop
endfacet
facet normal 0.8700866987 -0.4928987084 0
  outer loop
    vertex -3.527685165 1.885586977 0
    vertex -3.430914402 2.056411028 10
    vertex -3.527685165 1.885586977 10
  endloop
endfacet
facet normal 0.8448534914 -0.5349977364 0
  outer loop
    vertex -3.430914402 2.056411028 0
    vertex -3.325878382 2.222280979 10
    vertex -3.430914402 2.056411028 10
  endloop
endfacet
facet normal 0.8175847927 -0.5758082205 0
  outer loop
    vertex -3.325878382 2.222280979 0
    vertex -3.212830067 2.382797241 10
    vertex -3.325878382 2.222280979 10
  endloop
endfacet
facet normal 0.7883462529 -0.6152318145 0
  outer loop
    vertex -3.212830067 2.382797241 0
    vertex -3.092041731 2.537573099 10
    vertex -3.212830067 2.382797241 10
  endloop
endfacet
facet normal 0.7572092761 -0.653172345 0
  outer loop
    vertex -3.092041731 2.537573099 0
    vertex -2.963804483 2.686235905 10
    vertex -3.092041731 2.537573099 10
  endloop
endfacet
facet normal 0.7242466818 -0.6895409661 0
  outer loop
    vertex -2.963804483 2.686235905 0
    vertex -2.828427076 2.828427076 10
    vertex -2.963804483 2.686235905 10
  endloop
endfacet
facet normal 0.6895409661 -0.7242466818 0
  outer loop
    vertex -2.828427076 2.828427076 0
    vertex -2.686235905 2.963804483 10
    vertex -2.828427076 2.828427076 10
  endloop
endfacet
facet normal 0.653172345 -0.7572092761 0
  outer loop
    vertex -2.686235905 2.963804483 0
    vertex -2.537573099 3.092041731 10
    vertex -2.686235905 2.963804483 10
  endloop
endfacet
facet normal 0.6152318145 -0.7883462529 0
  outer loop
    vertex -2.537573099 3.092041731 0
    vertex -2.382797241 3.212830067 10
    vertex -2.537573099 3.092041731 10
  endloop
endfacet
facet normal 0.5758082205 -0.8175847927 0
  outer loop
    vertex -2.382797241 3.212830067 0
    vertex -2.222280979 3.325878382 10
    vertex -2.382797241 3.212830067 10
  endloop
endfacet
facet normal 0.5349977364 -0.8448534914 0
  outer loop
    vertex -2.222280979 3.325878382 0
    vertex -2.056411028 3.430914402 10
    vertex -2.222280979 3.325878382 10
  endloop
endfacet
facet normal 0.4928987084 -0.8700866987 0
  outer loop
    vertex -2.056411028 3.430914402 0
    vertex -1.885586977 3.527685165 10
    vertex -2.056411028 3.430914402 10
  endloop
endfacet
facet normal 0.4496111108 -0.8932244114 0
  outer loop
    vertex -1.885586977 3.527685165 0
    vertex -1.710220337 3.61595726 10
    vertex -1.885586977 3.527685165 10
  endloop
endfacet
facet normal 0.4052404814 -0.9142101248 0
  outer loop
    vertex -1.710220337 3.61595726 0
    vertex -1.530733705 3.695518017 10
    vertex -1.710220337 3.61595726 10
  endloop
endfacet
facet normal 0.359895483 -0.9329926266 0
  outer loop
    vertex -1.530733705 3.695518017 0
    vertex -1.347559452 3.766176224 10
    vertex -1.530733705 3.695518017 10
  endloop
endfacet
facet normal 0.3136820836 -0.9495280672 0
  outer loop
    vertex -1.347559452 3.766176224 0
    vertex -1.161138654 3.827761412 10
    vertex -1.347559452 3.766176224 10
  endloop
endfacet
facet normal 0.2667126726 -0.9637760893 0
  outer loop
    vertex -1.161138654 3.827761412 0
    vertex -0.9719207287 3.880125046 10
    vertex -1.161138654 3.827761412 10
  endloop
endfacet
facet normal 0.2191005007 -0.9757022961 0
  outer loop
    vertex -0.9719207287 3.880125046 0
    vertex -0.7803612947 3.923141003 10
    vertex -0.9719207287 3.880125046 10
  endloop
endfacet
facet normal 0.1709624836 -0.9852775392 0
  outer loop
    vertex -0.7803612947 3.923141003 0
    vertex -0.5869218707 3.956706047 10
    vertex -0.7803612947 3.923141003 10
  endloop
endfacet
facet normal 0.1224105154 -0.9924795543 0
  outer loop
    vertex -0.5869218707 3.956706047 0
    vertex -0.3920685649 3.980738878 10
    vertex -0.5869218707 3.956706047 10
  endloop
endfacet
facet normal 0.0735645778 -0.9972904556 0
  outer loop
    vertex -0.3920685649 3.980738878 0
    vertex -0.1962707043 3.995181799 10
    vertex -0.3920685649 3.980738878 10
  endloop
endfacet
facet normal 0.02454135942 -0.9996988155 0
  outer loop
    vertex -0.1962707043 3.995181799 0
    vertex 2.449293705e-16 4 10
    vertex -0.1962707043 3.995181799 10
  endloop
endfacet
facet normal -0 0 1
  outer loop
    vertex -15.9807272 0.7850828171 10
    vertex -4 4.89858741e-16 10
    vertex -3.995181799 0.1962707043 10
  endloop
endfacet
facet normal -0 0 1
  outer loop
    vertex -15.92295551 1.56827426 10
    vertex -3.995181799 0.1962707043 10
    vertex -3.980738878 0.3920685649 10
  endloop
endfacet
facet normal -0 0 1
  outer loop
    vertex -15.92295551 1.56827426 10
    vertex -3.980738878 0.3920685649 10
    vertex -3.956706047 0.5869218707 10
  endloop
endfacet
facet normal -0 0 1
  outer loop
    vertex -15.69256401 3.121445179 10
    vertex -3.956706047 0.5869218707 10
    vertex -3.923141003 0.7803612947 10
  endloop
endfacet
facet normal -0 0 1
  outer loop
    vertex -15.69256401 3.121445179 10
    vertex -3.923141003 0.7803612947 10
    vertex -3.880125046 0.9719207287 10
  endloop
endfacet
facet normal -0 0 1
  outer loop
    vertex -15.52050018 3.887682915 10
    vertex -3.880125046 0.9719207287 10
    vertex -3.827761412 1.161138654 10
  endloop
endfacet
facet normal -0 0 1
  outer loop
    vertex -15.0647049 5.390237808 10
    vertex -3.827761412 1.161138654 10
    vertex -3.766176224 1.347559452 10
  endloop
endfacet
facet normal -0 0 1
  outer loop
    vertex -14.78207207 6.122934818 10
    vertex -3.766176224 1.347559452 10
    vertex -3.695518017 1.530733705 10
  endloop
endfacet
facet normal -0 0 1
  outer loop
    vertex -14.78207207 6.122934818 10
    vertex -3.695518017 1.530733705 10
    vertex -3.61595726 1.710220337 10
  endloop
endfacet
facet normal -0 0 1
  outer loop
    vertex -14.46382904 6.840881348 10
    vertex -3.61595726 1.710220337 10
    vertex -3.527685165 1.885586977 10
  endloop
endfacet
facet normal -0 0 1
  outer loop
    vertex -13.72365761 8.225644112 10
    vertex -3.527685165 1.885586977 10
    vertex -3.430914402 2.056411028 10
  endloop
endfacet
facet normal -0 0 1
  outer loop
    vertex -13.30351353 8.889123917 10
    vertex -3.430914402 2.056411028 10
    vertex -3.325878382 2.222280979 10
  endloop
endfacet
facet normal -0 0 1
  outer loop
    vertex -12.85132027 9.531188965 10
    vertex -3.325878382 2.222280979 10
    vertex -3.212830067 2.382797241 10
  endloop
endfacet
facet normal -0 0 1
  outer loop
    vertex -12.36816692 10.1502924 10
    vertex -3.212830067 2.382797241 10
    vertex -3.092041731 2.537573099 10
  endloop
endfacet
facet normal -0 0 1
  outer loop
    vertex -12.36816692 10.1502924 10
    vertex -3.092041731 2.537573099 10
    vertex -2.963804483 2.686235905 10
  endloop
endfacet
facet normal -0 0 1
  outer loop
    vertex -11.31370831 11.31370831 10
    vertex -2.963804483 2.686235905 10
    vertex -2.828427076 2.828427076 10
  endloop
endfacet
facet normal -0 0 1
  outer loop
    vertex -11.31370831 11.31370831 10
    vertex -2.828427076 2.828427076 10
    vertex -2.686235905 2.963804483 10
  endloop
endfacet
facet normal -0 0 1
  outer loop
    vertex -10.1502924 12.36816692 10
    vertex -2.686235905 2.963804483 10
    vertex -2.537573099 3.092041731 10
  endloop
endfacet
facet normal -0 0 1
  outer loop
    vertex -10.1502924 12.36816692 10
    vertex -2.537573099 3.092041731 10
    vertex -2.382797241 3.212830067 10
  endloop
endfacet
facet normal -0 0 1
  outer loop
    vertex -9.531188965 12.85132027 10
    vertex -2.382797241 3.212830067 10
    vertex -2.222280979 3.325878382 10
  endloop
endfacet
facet normal -0 0 1
  outer loop
    vertex -8.889123917 13.30351353 10
    vertex -2.222280979 3.325878382 10
    vertex -2.056411028 3.430914402 10
  endloop
endfacet
facet normal -0 0 1
  outer loop
    vertex -8.225644112 13.72365761 10
    vertex -2.056411028 3.430914402 10
    vertex -1.885586977 3.527685165 10
  endloop
endfacet
facet normal 0 -0 1
  outer loop
    vertex -1.885586977 3.527685165 10
    vertex -1.710220337 3.61595726 10
    vertex -6.840881348 14.46382904 10
  endloop
endfacet
facet normal 0 -0 1
  outer loop
    vertex -1.710220337 3.61595726 10
    vertex -1.530733705 3.695518017 10
    vertex -6.122934818 14.78207207 10
  endloop
endfacet
facet normal 0 -0 1
  outer loop
    vertex -1.530733705 3.695518017 10
    vertex -1.347559452 3.766176224 10
    vertex -6.122934818 14.78207207 10
  endloop
endfacet
facet normal 0 -0 1
  outer loop
    vertex -1.347559452 3.766176224 10
    vertex -1.161138654 3.827761412 10
    vertex -5.390237808 15.0647049 10
  endloop
endfacet
facet normal 0 -0 1
  outer loop
    vertex -1.161138654 3.827761412 10
    vertex -0.9719207287 3.880125046 10
    vertex -3.887682915 15.52050018 10
  endloop
endfacet
facet normal 0 -0 1
  outer loop
    vertex -0.9719207287 3.880125046 10
    vertex -0.7803612947 3.923141003 10
    vertex -3.121445179 15.69256401 10
  endloop
endfacet
facet normal 0 -0 1
  outer loop
    vertex -0.7803612947 3.923141003 10
    vertex -0.5869218707 3.956706047 10
    vertex -3.121445179 15.69256401 10
  endloop
endfacet
facet normal 0 -0 1
  outer loop
    vertex -0.5869218707 3.956706047 10
    vertex -0.3920685649 3.980738878 10
    vertex -1.56827426 15.92295551 10
  endloop
endfacet
facet normal 0 -0 1
  outer loop
    vertex -0.3920685649 3.980738878 10
    vertex -0.1962707043 3.995181799 10
    vertex -1.56827426 15.92295551 10
  endloop
endfacet
facet normal 0 -0 1
  outer loop
    vertex -0.1962707043 3.995181799 10
    vertex 2.449293705e-16 4 10
    vertex -0.7850828171 15.9807272 10
  endloop
endfacet
facet normal -0.4928987084 0.8700866987 0
  outer loop
    vertex -8.225644112 13.72365761 0
    vertex -8.225644112 13.72365761 10
    vertex -7.542347908 14.11074066 10
  endloop
endfacet
facet normal -0.4496111108 0.8932244114 0
  outer loop
    vertex -7.542347908 14.11074066 0
    vertex -7.542347908 14.11074066 10
    vertex -6.840881348 14.46382904 10
  endloop
endfacet
facet normal -0.4052404814 0.9142101248 0
  outer loop
    vertex -6.840881348 14.46382904 0
    vertex -6.840881348 14.46382904 10
    vertex -6.122934818 14.78207207 10
  endloop
endfacet
facet normal -0.359895483 0.9329926266 0
  outer loop
    vertex -6.122934818 14.78207207 0
    vertex -6.122934818 14.78207207 10
    vertex -5.390237808 15.0647049 10
  endloop
endfacet
facet normal -0.3136820836 0.9495280672 0
  outer loop
    vertex -5.390237808 15.0647049 0
    vertex -5.390237808 15.0647049 10
    vertex -4.644554615 15.31104565 10
  endloop
endfacet
facet normal -0.2667126726 0.9637760893 0
  outer loop
    vertex -4.644554615 15.31104565 0
    vertex -4.644554615 15.31104565 10
    vertex -3.887682915 15.52050018 10
  endloop
endfacet
facet normal -0.2191005007 0.9757022961 0
  outer loop
    vertex -3.887682915 15.52050018 0
    vertex -3.887682915 15.52050018 10
    vertex -3.121445179 15.69256401 10
  endloop
endfacet
facet normal -0.1709624836 0.9852775392 0
  outer loop
    vertex -3.121445179 15.69256401 0
    vertex -3.121445179 15.69256401 10
    vertex -2.347687483 15.82682419 10
  endloop
endfacet
facet normal -0.1224105154 0.9924795543 0
  outer loop
    vertex -2.347687483 15.82682419 0
    vertex -2.347687483 15.82682419 10
    vertex -1.56827426 15.92295551 10
  endloop
endfacet
facet normal -0.0735645778 0.9972904556 0
  outer loop
    vertex -1.56827426 15.92295551 0
    vertex -1.56827426 15.92295551 10
    vertex -0.7850828171 15.9807272 10
  endloop
endfacet
facet normal -0.02454135942 0.9996988155 0
  outer loop
    vertex -0.7850828171 15.9807272 0
    vertex -0.7850828171 15.9807272 10
    vertex 9.797174821e-16 16 10
  endloop
endfacet
facet normal -0 -0 1
  outer loop
    vertex -10.74494362 11.85521793 10
    vertex -2.686235905 2.963804483 10
    vertex -10.1502924 12.36816692 10
  endloop
endfacet
facet normal -0 -0 1
  outer loop
    vertex -10.1502924 12.36816692 10
    vertex -2.382797241 3.212830067 10
    vertex -9.531188965 12.85132027 10
  endloop
endfacet
facet normal -0 -0 1
  outer loop
    vertex -9.531188965 12.85132027 10
    vertex -2.222280979 3.325878382 10
    vertex -8.889123917 13.30351353 10
  endloop
endfacet
facet normal -0 -0 1
  outer loop
    vertex -8.889123917 13.30351353 10
    vertex -2.056411028 3.430914402 10
    vertex -8.225644112 13.72365761 10
  endloop
endfacet
facet normal -0 -0 1
  outer loop
    vertex -8.225644112 13.72365761 10
    vertex -1.885586977 3.527685165 10
    vertex -7.542347908 14.11074066 10
  endloop
endfacet
facet normal 0 0 1
  outer loop
    vertex -1.885586977 3.527685165 10
    vertex -6.840881348 14.46382904 10
    vertex -7.542347908 14.11074066 10
  endloop
endfacet
facet normal 0 0 1
  outer loop
    vertex -1.710220337 3.61595726 10
    vertex -6.122934818 14.78207207 10
    vertex -6.840881348 14.46382904 10
  endloop
endfacet
facet normal 0 0 1
  outer loop
    vertex -1.347559452 3.766176224 10
    vertex -5.390237808 15.0647049 10
    vertex -6.122934818 14.78207207 10
  endloop
endfacet
facet normal 0 0 1
  outer loop
    vertex -1.161138654 3.827761412 10
    vertex -4.644554615 15.31104565 10
    vertex -5.390237808 15.0647049 10
  endloop
endfacet
facet normal 0 0 1
  outer loop
    vertex -1.161138654 3.827761412 10
    vertex -3.887682915 15.52050018 10
    vertex -4.644554615 15.31104565 10
  endloop
endfacet
facet normal 0 0 1
  outer loop
    vertex -0.9719207287 3.880125046 10
    vertex -3.121445179 15.69256401 10
    vertex -3.887682915 15.52050018 10
  endloop
endfacet
facet normal 0 0 1
  outer loop
    vertex -0.5869218707 3.956706047 10
    vertex -2.347687483 15.82682419 10
    vertex -3.121445179 15.69256401 10
  endloop
endfacet
facet normal 0 0 1
  outer loop
    vertex -0.5869218707 3.956706047 10
    vertex -1.56827426 15.92295551 10
    vertex -2.347687483 15.82682419 10
  endloop
endfacet
facet normal 0 0 1
  outer loop
    vertex -0.1962707043 3.995181799 10
    vertex -0.7850828171 15.9807272 10
    vertex -1.56827426 15.92295551 10
  endloop
endfacet
facet normal -0 0 1
  outer loop
    vertex -0.7850828171 15.9807272 10
    vertex 2.449293705e-16 4 10
    vertex 9.797174821e-16 16 10
  endloop
endfacet
facet normal 0 0 -1
  outer loop
    vertex -2.939152234e-15 -16 0
    vertex -7.347880586e-16 -4 0
    vertex 0.7850828171 -15.9807272 0
  endloop
endfacet
facet normal 0 0 -1
  outer loop
    vertex 0.7850828171 -15.9807272 0
    vertex 0.1962707043 -3.995181799 0
    vertex 1.56827426 -15.92295551 0
  endloop
endfacet
facet normal 0 0 -1
  outer loop
    vertex 1.56827426 -15.92295551 0
    vertex 0.5869218707 -3.956706047 0
    vertex 2.347687483 -15.82682419 0
  endloop
endfacet
facet normal 0 0 -1
  outer loop
    vertex 2.347687483 -15.82682419 0
    vertex 0.5869218707 -3.956706047 0
    vertex 3.121445179 -15.69256401 0
  endloop
endfacet
facet normal 0 0 -1
  outer loop
    vertex 3.121445179 -15.69256401 0
    vertex 0.9719207287 -3.880125046 0
    vertex 3.887682915 -15.52050018 0
  endloop
endfacet
facet normal 0 0 -1
  outer loop
    vertex 3.887682915 -15.52050018 0
    vertex 1.161138654 -3.827761412 0
    vertex 4.644554615 -15.31104565 0
  endloop
endfacet
facet normal 0 0 -1
  outer loop
    vertex 4.644554615 -15.31104565 0
    vertex 1.161138654 -3.827761412 0
    vertex 5.390237808 -15.0647049 0
  endloop
endfacet
facet normal 0 0 -1
  outer loop
    vertex 5.390237808 -15.0647049 0
    vertex 1.347559452 -3.766176224 0
    vertex 6.122934818 -14.78207207 0
  endloop
endfacet
facet normal 0 0 -1
  outer loop
    vertex 6.122934818 -14.78207207 0
    vertex 1.710220337 -3.61595726 0
    vertex 6.840881348 -14.46382904 0
  endloop
endfacet
facet normal 0 0 -1
  outer loop
    vertex 6.840881348 -14.46382904 0
    vertex 1.885586977 -3.527685165 0
    vertex 7.542347908 -14.11074066 0
  endloop
endfacet
facet normal 0 0 -1
  outer loop
    vertex 7.542347908 -14.11074066 0
    vertex 1.885586977 -3.527685165 0
    vertex 8.225644112 -13.72365761 0
  endloop
endfacet
facet normal 0 -0 -1
  outer loop
    vertex 2.056411028 -3.430914402 0
    vertex 8.889123917 -13.30351353 0
    vertex 8.225644112 -13.72365761 0
  endloop
endfacet
facet normal 0 -0 -1
  outer loop
    vertex 2.222280979 -3.325878382 0
    vertex 9.531188965 -12.85132027 0
    vertex 8.889123917 -13.30351353 0
  endloop
endfacet
facet normal 0 -0 -1
  outer loop
    vertex 2.382797241 -3.212830067 0
    vertex 10.1502924 -12.36816692 0
    vertex 9.531188965 -12.85132027 0
  endloop
endfacet
facet normal 0 -0 -1
  outer loop
    vertex 2.686235905 -2.963804483 0
    vertex 10.74494362 -11.85521793 0
    vertex 10.1502924 -12.36816692 0
  endloop
endfacet
facet normal 0.02454135942 -0.9996988155 0
  outer loop
    vertex -2.939152234e-15 -16 0
    vertex 0.7850828171 -15.9807272 0
    vertex -2.939152234e-15 -16 10
  endloop
endfacet
facet normal 0.0735645778 -0.9972904556 0
  outer loop
    vertex 0.7850828171 -15.9807272 0
    vertex 1.56827426 -15.92295551 0
    vertex 0.7850828171 -15.9807272 10
  endloop
endfacet
facet normal 0.1224105154 -0.9924795543 0
  outer loop
    vertex 1.56827426 -15.92295551 0
    vertex 2.347687483 -15.82682419 0
    vertex 1.56827426 -15.92295551 10
  endloop
endfacet
facet normal 0.1709624836 -0.9852775392 0
  outer loop
    vertex 2.347687483 -15.82682419 0
    vertex 3.121445179 -15.69256401 0
    vertex 2.347687483 -15.82682419 10
  endloop
endfacet
facet normal 0.2191005007 -0.9757022961 0
  outer loop
    vertex 3.121445179 -15.69256401 0
    vertex 3.887682915 -15.52050018 0
    vertex 3.121445179 -15.69256401 10
  endloop
endfacet
facet normal 0.2667126726 -0.9637760893 0
  outer loop
    vertex 3.887682915 -15.52050018 0
    vertex 4.644554615 -15.31104565 0
    vertex 3.887682915 -15.52050018 10
  endloop
endfacet
facet normal 0.3136820836 -0.9495280672 0
  outer loop
    vertex 4.644554615 -15.31104565 0
    vertex 5.390237808 -15.0647049 0
    vertex 4.644554615 -15.31104565 10
  endloop
endfacet
facet normal 0.359895483 -0.9329926266 0
  outer loop
    vertex 5.390237808 -15.0647049 0
    vertex 6.122934818 -14.78207207 0
    vertex 5.390237808 -15.0647049 10
  endloop
endfacet
facet normal 0.4052404814 -0.9142101248 0
  outer loop
    vertex 6.122934818 -14.78207207 0
    vertex 6.840881348 -14.46382904 0
    vertex 6.122934818 -14.78207207 10
  endloop
endfacet
facet normal 0.4496111108 -0.8932244114 0
  outer loop
    vertex 6.840881348 -14.46382904 0
    vertex 7.542347908 -14.11074066 0
    vertex 6.840881348 -14.46382904 10
  endloop
endfacet
facet normal 0.4928987084 -0.8700866987 0
  outer loop
    vertex 7.542347908 -14.11074066 0
    vertex 8.225644112 -13.72365761 0
    vertex 7.542347908 -14.11074066 10
  endloop
endfacet
facet normal 0 0 -1
  outer loop
    vertex 0.7850828171 -15.9807272 0
    vertex -7.347880586e-16 -4 0
    vertex 0.1962707043 -3.995181799 0
  endloop
endfacet
facet normal 0 0 -1
  outer loop
    vertex 1.56827426 -15.92295551 0
    vertex 0.1962707043 -3.995181799 0
    vertex 0.3920685649 -3.980738878 0
  endloop
endfacet
facet normal 0 0 -1
  outer loop
    vertex 1.56827426 -15.92295551 0
    vertex 0.3920685649 -3.980738878 0
    vertex 0.5869218707 -3.956706047 0
  endloop
endfacet
facet normal 0 0 -1
  outer loop
    vertex 3.121445179 -15.69256401 0
    vertex 0.5869218707 -3.956706047 0
    vertex 0.7803612947 -3.923141003 0
  endloop
endfacet
facet normal 0 0 -1
  outer loop
    vertex 3.121445179 -15.69256401 0
    vertex 0.7803612947 -3.923141003 0
    vertex 0.9719207287 -3.880125046 0
  endloop
endfacet
facet normal 0 0 -1
  outer loop
    vertex 3.887682915 -15.52050018 0
    vertex 0.9719207287 -3.880125046 0
    vertex 1.161138654 -3.827761412 0
  endloop
endfacet
facet normal 0 0 -1
  outer loop
    vertex 5.390237808 -15.0647049 0
    vertex 1.161138654 -3.827761412 0
    vertex 1.347559452 -3.766176224 0
  endloop
endfacet
facet normal 0 0 -1
  outer loop
    vertex 6.122934818 -14.78207207 0
    vertex 1.347559452 -3.766176224 0
    vertex 1.530733705 -3.695518017 0
  endloop
endfacet
facet normal 0 0 -1
  outer loop
    vertex 6.122934818 -14.78207207 0
    vertex 1.530733705 -3.695518017 0
    vertex 1.710220337 -3.61595726 0
  endloop
endfacet
facet normal 0 0 -1
  outer loop
    vertex 6.840881348 -14.46382904 0
    vertex 1.710220337 -3.61595726 0
    vertex 1.885586977 -3.527685165 0
  endloop
endfacet
facet normal -0.9495280672 0.3136820836 -2.812619822e-08
  outer loop
    vertex 3.766176224 -1.347559452 0
    vertex 3.823106766 -1.175228119 3.703335524
    vertex 3.827761412 -1.161138654 0
  endloop
endfacet
facet normal -0.9637760893 0.2667126726 -1.603718158e-08
  outer loop
    vertex 3.827761412 -1.161138654 0
    vertex 3.880034447 -0.9722478986 3.544928074
    vertex 3.880125046 -0.9719207287 0
  endloop
endfacet
facet normal -0.9757022961 0.2191005007 -4.949333635e-09
  outer loop
    vertex 3.880125046 -0.9719207287 0
    vertex 3.913129568 -0.8249443173 3.456637859
    vertex 3.923141003 -0.7803612947 0
  endloop
endfacet
facet normal -0.9852775392 0.1709624836 -2.027524188e-09
  outer loop
    vertex 3.923141003 -0.7803612947 0
    vertex 3.95624876 -0.5895572305 3.352297783
    vertex 3.956706047 -0.5869218707 0
  endloop
endfacet
facet normal -0.9972904556 0.0735645778 3.528300198e-08
  outer loop
    vertex 3.980738878 -0.3920685649 0
    vertex 3.990718603 -0.2567783296 3.268941164
    vertex 3.995181799 -0.1962707043 0
  endloop
endfacet
facet normal -0.9996988155 0.02454135942 0
  outer loop
    vertex 3.995181799 -0.1962707043 0
    vertex 4 0 3.25
    vertex 4 0 0
  endloop
endfacet
facet normal -0.9924795543 0.1224105154 2.750688274e-08
  outer loop
    vertex 3.956706047 -0.5869218707 0
    vertex 3.976650715 -0.4252153039 3.302445412
    vertex 3.980738878 -0.3920685649 0
  endloop
endfacet
facet normal -0.9142101248 0.4052404814 -1.736618886e-08
  outer loop
    vertex 3.61595726 -1.710220337 0
    vertex 3.672801495 -1.581981301 4.251778603
    vertex 3.695518017 -1.530733705 0
  endloop
endfacet
facet normal -0.9329926266 0.359895483 -2.697749465e-08
  outer loop
    vertex 3.695518017 -1.530733705 0
    vertex 3.743782282 -1.405613184 3.957526207
    vertex 3.766176224 -1.347559452 0
  endloop
endfacet
facet normal -0.9495283401 0.3136812576 1.450839228e-08
  outer loop
    vertex 3.766176224 -1.347559452 0
    vertex 3.802555799 -1.237436891 3.762563229
    vertex 3.823106766 -1.175228119 3.703335524
  endloop
endfacet
facet normal -0.9637765696 0.2667109369 8.353372996e-08
  outer loop
    vertex 3.827761412 -1.161138654 0
    vertex 3.860600471 -1.042473793 3.594386816
    vertex 3.880034447 -0.9722478986 3.544928074
  endloop
endfacet
facet normal -0.9637756674 0.2667141973 -3.234708748e-08
  outer loop
    vertex 3.827761412 -1.161138654 0
    vertex 3.841861248 -1.110188246 3.647231817
    vertex 3.860600471 -1.042473793 3.594386816
  endloop
endfacet
facet normal -0.9637762626 0.2667120464 0
  outer loop
    vertex 3.827761412 -1.161138654 0
    vertex 3.827761412 -1.161138654 3.691181898
    vertex 3.841861248 -1.110188246 3.647231817
  endloop
endfacet
facet normal -0.9495258652 0.313688749 0
  outer loop
    vertex 3.827761412 -1.161138654 0
    vertex 3.823106766 -1.175228119 3.703335524
    vertex 3.827761412 -1.161138654 3.691181898
  endloop
endfacet
facet normal -0.9972903815 0.07356558329 -6.557136897e-09
  outer loop
    vertex 3.980738878 -0.3920685649 0
    vertex 3.984475851 -0.3414080739 3.283625841
    vertex 3.990718603 -0.2567783296 3.268941164
  endloop
endfacet
facet normal -0.9996989161 0.02453726131 0
  outer loop
    vertex 3.995181799 -0.1962707043 0
    vertex 3.995181799 -0.1962707043 3.261478186
    vertex 3.995789051 -0.1715299934 3.258426666
  endloop
endfacet
facet normal -0.9972905955 0.07356268194 0
  outer loop
    vertex 3.995181799 -0.1962707043 0
    vertex 3.990718603 -0.2567783296 3.268941164
    vertex 3.995181799 -0.1962707043 3.261478186
  endloop
endfacet
facet normal -0.9996987566 0.02454375598 -4.934270714e-08
  outer loop
    vertex 3.995181799 -0.1962707043 0
    vertex 3.995789051 -0.1715299934 3.258426666
    vertex 3.997892141 -0.08586843312 3.252107859
  endloop
endfacet
facet normal -0.9996988452 0.02454014757 7.322891201e-08
  outer loop
    vertex 3.995181799 -0.1962707043 0
    vertex 3.997892141 -0.08586843312 3.252107859
    vertex 4 0 3.25
  endloop
endfacet
facet normal -0.9757024767 0.2190996962 3.098484161e-08
  outer loop
    vertex 3.880125046 -0.9719207287 0
    vertex 3.896347284 -0.89967978 3.498975039
    vertex 3.913129568 -0.8249443173 3.456637859
  endloop
endfacet
facet normal -0.9852773957 0.1709633103 0
  outer loop
    vertex 3.923141003 -0.7803612947 0
    vertex 3.923141003 -0.7803612947 3.434196711
    vertex 3.928717852 -0.7482213974 3.418018818
  endloop
endfacet
facet normal -0.975702214 0.219100866 0
  outer loop
    vertex 3.923141003 -0.7803612947 0
    vertex 3.913129568 -0.8249443173 3.456637859
    vertex 3.923141003 -0.7803612947 3.434196711
  endloop
endfacet
facet normal -0.9852773893 0.1709633475 -5.268089813e-08
  outer loop
    vertex 3.923141003 -0.7803612947 0
    vertex 3.942343235 -0.669696033 3.383210897
    vertex 3.95624876 -0.5895572305 3.352297783
  endloop
endfacet
facet normal -0.9924794094 0.1224116902 0
  outer loop
    vertex 3.956706047 -0.5869218707 0
    vertex 3.956706047 -0.5869218707 3.351427078
    vertex 3.966440439 -0.5079981685 3.325354338
  endloop
endfacet
facet normal -0.9924795582 0.1224104842 2.905968884e-08
  outer loop
    vertex 3.956706047 -0.5869218707 0
    vertex 3.966440439 -0.5079981685 3.325354338
    vertex 3.976650715 -0.4252153039 3.302445412
  endloop
endfacet
facet normal -0.9852771047 0.1709649873 0
  outer loop
    vertex 3.956706047 -0.5869218707 0
    vertex 3.95624876 -0.5895572305 3.352297783
    vertex 3.956706047 -0.5869218707 3.351427078
  endloop
endfacet
facet normal -0.9852777674 0.1709611683 2.074817019e-08
  outer loop
    vertex 3.923141003 -0.7803612947 0
    vertex 3.928717852 -0.7482213974 3.418018818
    vertex 3.942343235 -0.669696033 3.383210897
  endloop
endfacet
facet normal -0.9637314113 0.2668740654 0
  outer loop
    vertex 3.880125046 -0.9719207287 0
    vertex 3.880034447 -0.9722478986 3.544928074
    vertex 3.880125046 -0.9719207287 3.544720888
  endloop
endfacet
facet normal -0.9757021559 0.2191011249 0
  outer loop
    vertex 3.880125046 -0.9719207287 0
    vertex 3.880125046 -0.9719207287 3.544720888
    vertex 3.896347284 -0.89967978 3.498975039
  endloop
endfacet
facet normal -0.9972904126 0.07356516058 0
  outer loop
    vertex 3.980738878 -0.3920685649 0
    vertex 3.980738878 -0.3920685649 3.295001984
    vertex 3.984475851 -0.3414080739 3.283625841
  endloop
endfacet
facet normal -0.9924798873 0.1224078159 0
  outer loop
    vertex 3.980738878 -0.3920685649 0
    vertex 3.976650715 -0.4252153039 3.302445412
    vertex 3.980738878 -0.3920685649 3.295001984
  endloop
endfacet
facet normal 0 0 -1
  outer loop
    vertex 1.885586977 -3.527685165 0
    vertex 2.056411028 -3.430914402 0
    vertex 8.225644112 -13.72365761 0
  endloop
endfacet
facet normal 0 0 -1
  outer loop
    vertex 2.056411028 -3.430914402 0
    vertex 2.222280979 -3.325878382 0
    vertex 8.889123917 -13.30351353 0
  endloop
endfacet
facet normal 0 0 -1
  outer loop
    vertex 2.222280979 -3.325878382 0
    vertex 2.382797241 -3.212830067 0
    vertex 9.531188965 -12.85132027 0
  endloop
endfacet
facet normal 0 0 -1
  outer loop
    vertex 2.382797241 -3.212830067 0
    vertex 2.537573099 -3.092041731 0
    vertex 10.1502924 -12.36816692 0
  endloop
endfacet
facet normal 0 0 -1
  outer loop
    vertex 2.537573099 -3.092041731 0
    vertex 2.686235905 -2.963804483 0
    vertex 10.1502924 -12.36816692 0
  endloop
endfacet
facet normal 0 0 -1
  outer loop
    vertex 2.686235905 -2.963804483 0
    vertex 2.828427076 -2.828427076 0
    vertex 11.31370831 -11.31370831 0
  endloop
endfacet
facet normal 0 0 -1
  outer loop
    vertex 2.828427076 -2.828427076 0
    vertex 2.963804483 -2.686235905 0
    vertex 11.31370831 -11.31370831 0
  endloop
endfacet
facet normal 0 0 -1
  outer loop
    vertex 2.963804483 -2.686235905 0
    vertex 3.092041731 -2.537573099 0
    vertex 12.36816692 -10.1502924 0
  endloop
endfacet
facet normal 0 0 -1
  outer loop
    vertex 3.092041731 -2.537573099 0
    vertex 3.212830067 -2.382797241 0
    vertex 12.36816692 -10.1502924 0
  endloop
endfacet
facet normal 0 0 -1
  outer loop
    vertex 3.212830067 -2.382797241 0
    vertex 3.325878382 -2.222280979 0
    vertex 12.85132027 -9.531188965 0
  endloop
endfacet
facet normal 0 0 -1
  outer loop
    vertex 3.325878382 -2.222280979 0
    vertex 3.430914402 -2.056411028 0
    vertex 13.30351353 -8.889123917 0
  endloop
endfacet
facet normal 0 0 -1
  outer loop
    vertex 3.430914402 -2.056411028 0
    vertex 3.527685165 -1.885586977 0
    vertex 13.72365761 -8.225644112 0
  endloop
endfacet
facet normal 0 0 -1
  outer loop
    vertex 3.527685165 -1.885586977 0
    vertex 3.61595726 -1.710220337 0
    vertex 14.46382904 -6.840881348 0
  endloop
endfacet
facet normal 0 0 -1
  outer loop
    vertex 3.61595726 -1.710220337 0
    vertex 3.695518017 -1.530733705 0
    vertex 14.78207207 -6.122934818 0
  endloop
endfacet
facet normal 0 0 -1
  outer loop
    vertex 3.695518017 -1.530733705 0
    vertex 3.766176224 -1.347559452 0
    vertex 14.78207207 -6.122934818 0
  endloop
endfacet
facet normal 0 0 -1
  outer loop
    vertex 3.766176224 -1.347559452 0
    vertex 3.827761412 -1.161138654 0
    vertex 15.0647049 -5.390237808 0
  endloop
endfacet
facet normal 0 0 -1
  outer loop
    vertex 3.827761412 -1.161138654 0
    vertex 3.880125046 -0.9719207287 0
    vertex 15.52050018 -3.887682915 0
  endloop
endfacet
facet normal 0 0 -1
  outer loop
    vertex 3.880125046 -0.9719207287 0
    vertex 3.923141003 -0.7803612947 0
    vertex 15.69256401 -3.121445179 0
  endloop
endfacet
facet normal 0 0 -1
  outer loop
    vertex 3.923141003 -0.7803612947 0
    vertex 3.956706047 -0.5869218707 0
    vertex 15.69256401 -3.121445179 0
  endloop
endfacet
facet normal 0 0 -1
  outer loop
    vertex 3.956706047 -0.5869218707 0
    vertex 3.980738878 -0.3920685649 0
    vertex 15.92295551 -1.56827426 0
  endloop
endfacet
facet normal 0 0 -1
  outer loop
    vertex 3.980738878 -0.3920685649 0
    vertex 3.995181799 -0.1962707043 0
    vertex 15.92295551 -1.56827426 0
  endloop
endfacet
facet normal 0 0 -1
  outer loop
    vertex 3.995181799 -0.1962707043 0
    vertex 4 0 0
    vertex 15.9807272 -0.7850828171 0
  endloop
endfacet
facet normal -0.02454135942 0.9996988155 0
  outer loop
    vertex -7.347880586e-16 -4 0
    vertex -7.347880586e-16 -4 10
    vertex 0.1962707043 -3.995181799 0
  endloop
endfacet
facet normal -0.0735645778 0.9972904556 0
  outer loop
    vertex 0.1962707043 -3.995181799 0
    vertex 0.1962707043 -3.995181799 10
    vertex 0.3920685649 -3.980738878 0
  endloop
endfacet
facet normal -0.1224105154 0.9924795543 0
  outer loop
    vertex 0.3920685649 -3.980738878 0
    vertex 0.3920685649 -3.980738878 10
    vertex 0.5869218707 -3.956706047 0
  endloop
endfacet
facet normal -0.1709624836 0.9852775392 0
  outer loop
    vertex 0.5869218707 -3.956706047 0
    vertex 0.5869218707 -3.956706047 10
    vertex 0.7803612947 -3.923141003 0
  endloop
endfacet
facet normal -0.2191005007 0.9757022961 0
  outer loop
    vertex 0.7803612947 -3.923141003 0
    vertex 0.7803612947 -3.923141003 10
    vertex 0.9719207287 -3.880125046 0
  endloop
endfacet
facet normal -0.2667126726 0.9637760893 0
  outer loop
    vertex 0.9719207287 -3.880125046 0
    vertex 0.9719207287 -3.880125046 10
    vertex 1.161138654 -3.827761412 0
  endloop
endfacet
facet normal -0.3136820836 0.9495280672 0
  outer loop
    vertex 1.161138654 -3.827761412 0
    vertex 1.161138654 -3.827761412 10
    vertex 1.347559452 -3.766176224 0
  endloop
endfacet
facet normal -0.359895483 0.9329926266 0
  outer loop
    vertex 1.347559452 -3.766176224 0
    vertex 1.347559452 -3.766176224 10
    vertex 1.530733705 -3.695518017 0
  endloop
endfacet
facet normal -0.4052404814 0.9142101248 0
  outer loop
    vertex 1.530733705 -3.695518017 0
    vertex 1.530733705 -3.695518017 10
    vertex 1.710220337 -3.61595726 0
  endloop
endfacet
facet normal -0.4496111108 0.8932244114 0
  outer loop
    vertex 1.710220337 -3.61595726 0
    vertex 1.710220337 -3.61595726 10
    vertex 1.885586977 -3.527685165 0
  endloop
endfacet
facet normal -0.4928987084 0.8700866987 0
  outer loop
    vertex 1.885586977 -3.527685165 0
    vertex 1.885586977 -3.527685165 10
    vertex 2.056411028 -3.430914402 0
  endloop
endfacet
facet normal -0.5349977364 0.8448534914 0
  outer loop
    vertex 2.056411028 -3.430914402 0
    vertex 2.056411028 -3.430914402 10
    vertex 2.222280979 -3.325878382 0
  endloop
endfacet
facet normal -0.5758082205 0.8175847927 0
  outer loop
    vertex 2.222280979 -3.325878382 0
    vertex 2.222280979 -3.325878382 10
    vertex 2.382797241 -3.212830067 0
  endloop
endfacet
facet normal -0.6152318145 0.7883462529 0
  outer loop
    vertex 2.382797241 -3.212830067 0
    vertex 2.382797241 -3.212830067 10
    vertex 2.537573099 -3.092041731 0
  endloop
endfacet
facet normal -0.653172345 0.7572092761 0
  outer loop
    vertex 2.537573099 -3.092041731 0
    vertex 2.537573099 -3.092041731 10
    vertex 2.686235905 -2.963804483 0
  endloop
endfacet
facet normal -0.6895409661 0.7242466818 0
  outer loop
    vertex 2.686235905 -2.963804483 0
    vertex 2.686235905 -2.963804483 10
    vertex 2.828427076 -2.828427076 0
  endloop
endfacet
facet normal -0.7242466818 0.6895409661 0
  outer loop
    vertex 2.828427076 -2.828427076 0
    vertex 2.828427076 -2.828427076 10
    vertex 2.963804483 -2.686235905 0
  endloop
endfacet
facet normal -0.7572092761 0.653172345 0
  outer loop
    vertex 2.963804483 -2.686235905 0
    vertex 2.963804483 -2.686235905 10
    vertex 3.092041731 -2.537573099 0
  endloop
endfacet
facet normal -0.7883462529 0.6152318145 0
  outer loop
    vertex 3.092041731 -2.537573099 0
    vertex 3.092041731 -2.537573099 10
    vertex 3.212830067 -2.382797241 0
  endloop
endfacet
facet normal -0.8175847927 0.5758082205 0
  outer loop
    vertex 3.212830067 -2.382797241 0
    vertex 3.212830067 -2.382797241 10
    vertex 3.325878382 -2.222280979 0
  endloop
endfacet
facet normal -0.8448534914 0.5349977364 0
  outer loop
    vertex 3.325878382 -2.222280979 0
    vertex 3.325878382 -2.222280979 10
    vertex 3.430914402 -2.056411028 0
  endloop
endfacet
facet normal -0.9329933619 0.3598935769 0
  outer loop
    vertex 3.695518017 -1.530733705 0
    vertex 3.695518017 -1.530733705 4.15276289
    vertex 3.706977844 -1.501025081 4.100320339
  endloop
endfacet
facet normal -0.9142093224 0.4052422915 8.737883765e-09
  outer loop
    vertex 3.695518017 -1.530733705 0
    vertex 3.672801495 -1.581981301 4.251778603
    vertex 3.689920187 -1.54336226 4.175055504
  endloop
endfacet
facet normal -0.9142103926 0.4052398771 0
  outer loop
    vertex 3.695518017 -1.530733705 0
    vertex 3.689920187 -1.54336226 4.175055504
    vertex 3.695518017 -1.530733705 4.15276289
  endloop
endfacet
facet normal -0.9495286087 0.3136804444 4.090636818e-08
  outer loop
    vertex 3.766176224 -1.347559452 0
    vertex 3.78298974 -1.296664476 3.824771881
    vertex 3.802555799 -1.237436891 3.762563229
  endloop
endfacet
facet normal -0.9495276931 0.313683216 0
  outer loop
    vertex 3.766176224 -1.347559452 0
    vertex 3.766176224 -1.347559452 3.883773327
    vertex 3.78298974 -1.296664476 3.824771881
  endloop
endfacet
facet normal -0.9329857827 0.3599132247 0
  outer loop
    vertex 3.766176224 -1.347559452 0
    vertex 3.764166832 -1.352768302 3.889811754
    vertex 3.766176224 -1.347559452 3.883773327
  endloop
endfacet
facet normal -0.9329926346 0.3598954624 -2.732503317e-08
  outer loop
    vertex 3.766176224 -1.347559452 0
    vertex 3.743782282 -1.405613184 3.957526207
    vertex 3.764166832 -1.352768302 3.889811754
  endloop
endfacet
facet normal -0.9329930549 0.3598943727 1.335130186e-08
  outer loop
    vertex 3.695518017 -1.530733705 0
    vertex 3.724704027 -1.455071807 4.027751923
    vertex 3.743782282 -1.405613184 3.957526207
  endloop
endfacet
facet normal -0.9329924737 0.3598958794 -1.916547381e-08
  outer loop
    vertex 3.695518017 -1.530733705 0
    vertex 3.706977844 -1.501025081 4.100320339
    vertex 3.724704027 -1.455071807 4.027751923
  endloop
endfacet
facet normal -0.914210081 0.4052405801 -2.093015722e-08
  outer loop
    vertex 3.61595726 -1.710220337 0
    vertex 3.657372236 -1.616789222 4.330304146
    vertex 3.672801495 -1.581981301 4.251778603
  endloop
endfacet
facet normal -0.9142108771 0.4052387842 2.543222114e-08
  outer loop
    vertex 3.61595726 -1.710220337 0
    vertex 3.643669605 -1.647702098 4.410442829
    vertex 3.657372236 -1.616789222 4.330304146
  endloop
endfacet
facet normal -0.9142110518 0.4052383899 3.211966617e-08
  outer loop
    vertex 3.61595726 -1.710220337 0
    vertex 3.631726503 -1.674645543 4.49200201
    vertex 3.643669605 -1.647702098 4.410442829
  endloop
endfacet
facet normal -0.9142093424 0.4052422465 -4.424047647e-09
  outer loop
    vertex 3.61595726 -1.710220337 0
    vertex 3.621571541 -1.697554708 4.574784756
    vertex 3.631726503 -1.674645543 4.49200201
  endloop
endfacet
facet normal -0.9142099344 0.405240911 0
  outer loop
    vertex 3.61595726 -1.710220337 0
    vertex 3.61595726 -1.710220337 4.631186962
    vertex 3.621571541 -1.697554708 4.574784756
  endloop
endfacet
facet normal -0.8932301003 0.4495998087 0
  outer loop
    vertex 3.61595726 -1.710220337 0
    vertex 3.612859726 -1.716374278 4.658591747
    vertex 3.61595726 -1.710220337 4.631186962
  endloop
endfacet
facet normal -0.8700866987 0.4928987084 0
  outer loop
    vertex 3.430914402 -2.056411028 0
    vertex 3.430914402 -2.056411028 10
    vertex 3.527685165 -1.885586977 0
  endloop
endfacet
facet normal -0.8932216495 0.4496165975 2.779678384e-08
  outer loop
    vertex 3.61595726 -1.710220337 0
    vertex 3.605468035 -1.731058836 4.74322176
    vertex 3.612859726 -1.716374278 4.658591747
  endloop
endfacet
facet normal -0.893227057 0.4496058548 -3.135772373e-08
  outer loop
    vertex 3.61595726 -1.710220337 0
    vertex 3.600175619 -1.741573215 4.82847023
    vertex 3.605468035 -1.731058836 4.74322176
  endloop
endfacet
facet normal -0.89321664 0.4496265495 1.370674404e-07
  outer loop
    vertex 3.61595726 -1.710220337 0
    vertex 3.596994877 -1.747892022 4.914131641
    vertex 3.600175619 -1.741573215 4.82847023
  endloop
endfacet
facet normal -0.8932244114 0.4496111108 0
  outer loop
    vertex 3.527685165 -1.885586977 0
    vertex 3.527685165 -1.885586977 10
    vertex 3.61595726 -1.710220337 0
  endloop
endfacet
facet normal -0.89322487 0.4496101996 -2.002809135e-08
  outer loop
    vertex 3.61595726 -1.710220337 0
    vertex 3.527685165 -1.885586977 10
    vertex 3.596994877 -1.747892022 4.914131641
  endloop
endfacet
facet normal 0 -0 -1
  outer loop
    vertex 2.686235905 -2.963804483 0
    vertex 11.31370831 -11.31370831 0
    vertex 10.74494362 -11.85521793 0
  endloop
endfacet
facet normal 0 -0 -1
  outer loop
    vertex 2.963804483 -2.686235905 0
    vertex 11.85521793 -10.74494362 0
    vertex 11.31370831 -11.31370831 0
  endloop
endfacet
facet normal 0.5349977364 -0.8448534914 0
  outer loop
    vertex 8.225644112 -13.72365761 0
    vertex 8.889123917 -13.30351353 0
    vertex 8.225644112 -13.72365761 10
  endloop
endfacet
facet normal 0.5758082205 -0.8175847927 0
  outer loop
    vertex 8.889123917 -13.30351353 0
    vertex 9.531188965 -12.85132027 0
    vertex 8.889123917 -13.30351353 10
  endloop
endfacet
facet normal 0.6152318145 -0.7883462529 0
  outer loop
    vertex 9.531188965 -12.85132027 0
    vertex 10.1502924 -12.36816692 0
    vertex 9.531188965 -12.85132027 10
  endloop
endfacet
facet normal 0.653172345 -0.7572092761 0
  outer loop
    vertex 10.1502924 -12.36816692 0
    vertex 10.74494362 -11.85521793 0
    vertex 10.1502924 -12.36816692 10
  endloop
endfacet
facet normal 0.6895409661 -0.7242466818 0
  outer loop
    vertex 10.74494362 -11.85521793 0
    vertex 11.31370831 -11.31370831 0
    vertex 10.74494362 -11.85521793 10
  endloop
endfacet
facet normal 0.7242466818 -0.6895409661 0
  outer loop
    vertex 11.31370831 -11.31370831 0
    vertex 11.85521793 -10.74494362 0
    vertex 11.31370831 -11.31370831 10
  endloop
endfacet
facet normal 0.7572092761 -0.653172345 0
  outer loop
    vertex 11.85521793 -10.74494362 0
    vertex 12.36816692 -10.1502924 0
    vertex 11.85521793 -10.74494362 10
  endloop
endfacet
facet normal 0.7883462529 -0.6152318145 0
  outer loop
    vertex 12.36816692 -10.1502924 0
    vertex 12.85132027 -9.531188965 0
    vertex 12.36816692 -10.1502924 10
  endloop
endfacet
facet normal 0.8175847927 -0.5758082205 0
  outer loop
    vertex 12.85132027 -9.531188965 0
    vertex 13.30351353 -8.889123917 0
    vertex 12.85132027 -9.531188965 10
  endloop
endfacet
facet normal 0.8448534914 -0.5349977364 0
  outer loop
    vertex 13.30351353 -8.889123917 0
    vertex 13.72365761 -8.225644112 0
    vertex 13.30351353 -8.889123917 10
  endloop
endfacet
facet normal 0 -0 -1
  outer loop
    vertex 2.963804483 -2.686235905 0
    vertex 12.36816692 -10.1502924 0
    vertex 11.85521793 -10.74494362 0
  endloop
endfacet
facet normal 0 -0 -1
  outer loop
    vertex 3.212830067 -2.382797241 0
    vertex 12.85132027 -9.531188965 0
    vertex 12.36816692 -10.1502924 0
  endloop
endfacet
facet normal 0 -0 -1
  outer loop
    vertex 3.325878382 -2.222280979 0
    vertex 13.30351353 -8.889123917 0
    vertex 12.85132027 -9.531188965 0
  endloop
endfacet
facet normal 0 -0 -1
  outer loop
    vertex 3.430914402 -2.056411028 0
    vertex 13.72365761 -8.225644112 0
    vertex 13.30351353 -8.889123917 0
  endloop
endfacet
facet normal 0 -0 -1
  outer loop
    vertex 3.527685165 -1.885586977 0
    vertex 14.11074066 -7.542347908 0
    vertex 13.72365761 -8.225644112 0
  endloop
endfacet
facet normal 0 -0 -1
  outer loop
    vertex 3.527685165 -1.885586977 0
    vertex 14.46382904 -6.840881348 0
    vertex 14.11074066 -7.542347908 0
  endloop
endfacet
facet normal 0 -0 -1
  outer loop
    vertex 3.61595726 -1.710220337 0
    vertex 14.78207207 -6.122934818 0
    vertex 14.46382904 -6.840881348 0
  endloop
endfacet
facet normal 0 -0 -1
  outer loop
    vertex 3.766176224 -1.347559452 0
    vertex 15.0647049 -5.390237808 0
    vertex 14.78207207 -6.122934818 0
  endloop
endfacet
facet normal 0 -0 -1
  outer loop
    vertex 3.827761412 -1.161138654 0
    vertex 15.31104565 -4.644554615 0
    vertex 15.0647049 -5.390237808 0
  endloop
endfacet
facet normal 0 -0 -1
  outer loop
    vertex 3.827761412 -1.161138654 0
    vertex 15.52050018 -3.887682915 0
    vertex 15.31104565 -4.644554615 0
  endloop
endfacet
facet normal 0 -0 -1
  outer loop
    vertex 3.880125046 -0.9719207287 0
    vertex 15.69256401 -3.121445179 0
    vertex 15.52050018 -3.887682915 0
  endloop
endfacet
facet normal 0 -0 -1
  outer loop
    vertex 3.956706047 -0.5869218707 0
    vertex 15.82682419 -2.347687483 0
    vertex 15.69256401 -3.121445179 0
  endloop
endfacet
facet normal 0 -0 -1
  outer loop
    vertex 3.956706047 -0.5869218707 0
    vertex 15.92295551 -1.56827426 0
    vertex 15.82682419 -2.347687483 0
  endloop
endfacet
facet normal 0 -0 -1
  outer loop
    vertex 3.995181799 -0.1962707043 0
    vertex 15.9807272 -0.7850828171 0
    vertex 15.92295551 -1.56827426 0
  endloop
endfacet
facet normal 0 0 -1
  outer loop
    vertex 15.9807272 -0.7850828171 0
    vertex 4 0 0
    vertex 16 0 0
  endloop
endfacet
facet normal 0.9972904556 -0.0735645778 -3.484302993e-08
  outer loop
    vertex 15.92295551 -1.56827426 0
    vertex 15.9807272 -0.7850828171 0
    vertex 15.9567461 -1.110188246 3.647231817
  endloop
endfacet
facet normal 0.9996988155 -0.02454135942 6.098291123e-08
  outer loop
    vertex 15.9807272 -0.7850828171 0
    vertex 16 0 0
    vertex 15.99369621 -0.2567783296 3.268941164
  endloop
endfacet
facet normal 0.9972901438 -0.07356880546 4.990331863e-07
  outer loop
    vertex 15.92295551 -1.56827426 0
    vertex 15.9567461 -1.110188246 3.647231817
    vertex 15.95194817 -1.175228119 3.703335524
  endloop
endfacet
facet normal 0.997290154 -0.07356866724 4.842839066e-07
  outer loop
    vertex 15.92295551 -1.56827426 0
    vertex 15.95194817 -1.175228119 3.703335524
    vertex 15.94735909 -1.237436891 3.762563229
  endloop
endfacet
facet normal 0.9996989432 -0.02453615816 -7.801170157e-07
  outer loop
    vertex 15.9807272 -0.7850828171 0
    vertex 15.99369621 -0.2567783296 3.268941164
    vertex 15.99161911 -0.3414080739 3.283625841
  endloop
endfacet
facet normal 0.9996986487 -0.02454815388 -4.730498081e-07
  outer loop
    vertex 16 0 0
    vertex 15.99578953 -0.1715299934 3.258426666
    vertex 15.99369621 -0.2567783296 3.268941164
  endloop
endfacet
facet normal 0.9996988247 -0.02454098591 -9.548603125e-08
  outer loop
    vertex 16 0 0
    vertex 15.99789238 -0.08586843312 3.252107859
    vertex 15.99578953 -0.1715299934 3.258426666
  endloop
endfacet
facet normal 0.9996989134 -0.02453737173 0
  outer loop
    vertex 16 0 0
    vertex 16 0 3.25
    vertex 15.99789238 -0.08586843312 3.252107859
  endloop
endfacet
facet normal 0.9996987256 -0.02454501942 0
  outer loop
    vertex 15.9807272 -0.7850828171 0
    vertex 15.98163223 -0.7482213974 3.418018818
    vertex 15.9807272 -0.7850828171 3.436573267
  endloop
endfacet
facet normal 0.9972907925 -0.07356001019 0
  outer loop
    vertex 15.9807272 -0.7850828171 0
    vertex 15.9807272 -0.7850828171 3.436573267
    vertex 15.97778702 -0.8249443173 3.456637859
  endloop
endfacet
facet normal 0.9972900876 -0.07356956728 -1.108108253e-07
  outer loop
    vertex 15.9807272 -0.7850828171 0
    vertex 15.97778702 -0.8249443173 3.456637859
    vertex 15.97227383 -0.89967978 3.498975039
  endloop
endfacet
facet normal 0.9996986555 -0.02454787642 4.001757744e-07
  outer loop
    vertex 15.9807272 -0.7850828171 0
    vertex 15.98752975 -0.5079981685 3.325354338
    vertex 15.98552704 -0.5895572305 3.352297783
  endloop
endfacet
facet normal 0.999698779 -0.02454284477 1.065238212e-07
  outer loop
    vertex 15.9807272 -0.7850828171 0
    vertex 15.98552704 -0.5895572305 3.352297783
    vertex 15.98355961 -0.669696033 3.383210897
  endloop
endfacet
facet normal 0.9996990722 -0.02453090114 -1.015138889e-06
  outer loop
    vertex 15.9807272 -0.7850828171 0
    vertex 15.98956108 -0.4252153039 3.302445412
    vertex 15.98752975 -0.5079981685 3.325354338
  endloop
endfacet
facet normal 0.9996986258 -0.02454908403 9.674439884e-07
  outer loop
    vertex 15.9807272 -0.7850828171 0
    vertex 15.99161911 -0.3414080739 3.283625841
    vertex 15.98956108 -0.4252153039 3.302445412
  endloop
endfacet
facet normal 0.9996989158 -0.02453727423 -8.357789803e-08
  outer loop
    vertex 15.9807272 -0.7850828171 0
    vertex 15.98355961 -0.669696033 3.383210897
    vertex 15.98163223 -0.7482213974 3.418018818
  endloop
endfacet
facet normal 0.9972904305 -0.07356491867 4.226717787e-08
  outer loop
    vertex 15.9807272 -0.7850828171 0
    vertex 15.97227383 -0.89967978 3.498975039
    vertex 15.96692085 -0.9722478986 3.544928074
  endloop
endfacet
facet normal 0.997290259 -0.07356724338 -8.114104108e-08
  outer loop
    vertex 15.9807272 -0.7850828171 0
    vertex 15.96692085 -0.9722478986 3.544928074
    vertex 15.96174049 -1.042473793 3.594386816
  endloop
endfacet
facet normal 0.9972910651 -0.07355631505 7.056860361e-07
  outer loop
    vertex 15.9807272 -0.7850828171 0
    vertex 15.96174049 -1.042473793 3.594386816
    vertex 15.9567461 -1.110188246 3.647231817
  endloop
endfacet
facet normal 0.8700866987 -0.4928987084 0
  outer loop
    vertex 13.72365761 -8.225644112 0
    vertex 14.11074066 -7.542347908 0
    vertex 13.72365761 -8.225644112 10
  endloop
endfacet
facet normal 0.8932244114 -0.4496111108 0
  outer loop
    vertex 14.11074066 -7.542347908 0
    vertex 14.46382904 -6.840881348 0
    vertex 14.11074066 -7.542347908 10
  endloop
endfacet
facet normal 0.9142101248 -0.4052404814 0
  outer loop
    vertex 14.46382904 -6.840881348 0
    vertex 14.78207207 -6.122934818 0
    vertex 14.46382904 -6.840881348 10
  endloop
endfacet
facet normal 0.9329926266 -0.359895483 0
  outer loop
    vertex 14.78207207 -6.122934818 0
    vertex 15.0647049 -5.390237808 0
    vertex 14.78207207 -6.122934818 10
  endloop
endfacet
facet normal 0.9495280672 -0.3136820836 0
  outer loop
    vertex 15.0647049 -5.390237808 0
    vertex 15.31104565 -4.644554615 0
    vertex 15.0647049 -5.390237808 10
  endloop
endfacet
facet normal 0.9637760893 -0.2667126726 0
  outer loop
    vertex 15.31104565 -4.644554615 0
    vertex 15.52050018 -3.887682915 0
    vertex 15.31104565 -4.644554615 10
  endloop
endfacet
facet normal 0.9757022961 -0.2191005007 0
  outer loop
    vertex 15.52050018 -3.887682915 0
    vertex 15.69256401 -3.121445179 0
    vertex 15.52050018 -3.887682915 10
  endloop
endfacet
facet normal 0.9852775392 -0.1709624836 0
  outer loop
    vertex 15.69256401 -3.121445179 0
    vertex 15.82682419 -2.347687483 0
    vertex 15.69256401 -3.121445179 10
  endloop
endfacet
facet normal 0.9924795543 -0.1224105154 0
  outer loop
    vertex 15.82682419 -2.347687483 0
    vertex 15.92295551 -1.56827426 0
    vertex 15.82682419 -2.347687483 10
  endloop
endfacet
facet normal 0.9972910018 -0.07355717381 -2.231231961e-07
  outer loop
    vertex 15.92295551 -1.56827426 0
    vertex 15.93130589 -1.455071807 4.027751923
    vertex 15.92791653 -1.501025081 4.100320339
  endloop
endfacet
facet normal 0.9972899309 -0.07357169082 1.626525401e-08
  outer loop
    vertex 15.92295551 -1.56827426 0
    vertex 15.92791653 -1.501025081 4.100320339
    vertex 15.92479324 -1.54336226 4.175055504
  endloop
endfacet
facet normal 0.9972901309 -0.07356897964 0
  outer loop
    vertex 15.92295551 -1.56827426 0
    vertex 15.92479324 -1.54336226 4.175055504
    vertex 15.92295551 -1.56827426 4.224547386
  endloop
endfacet
facet normal 0.9972910349 -0.07355672429 -4.681474683e-07
  outer loop
    vertex 15.92295551 -1.56827426 0
    vertex 15.9429903 -1.296664476 3.824771881
    vertex 15.93885231 -1.352768302 3.889811754
  endloop
endfacet
facet normal 0.9972905864 -0.07356280462 -3.401339008e-08
  outer loop
    vertex 15.92295551 -1.56827426 0
    vertex 15.94735909 -1.237436891 3.762563229
    vertex 15.9429903 -1.296664476 3.824771881
  endloop
endfacet
facet normal 0.9972897455 -0.07357420381 5.055342406e-07
  outer loop
    vertex 15.92295551 -1.56827426 0
    vertex 15.93885231 -1.352768302 3.889811754
    vertex 15.93495369 -1.405613184 3.957526207
  endloop
endfacet
facet normal 0.9972911422 -0.07355526924 -2.769435299e-07
  outer loop
    vertex 15.92295551 -1.56827426 0
    vertex 15.93495369 -1.405613184 3.957526207
    vertex 15.93130589 -1.455071807 4.027751923
  endloop
endfacet
facet normal 0.9924772278 -0.1224293765 0
  outer loop
    vertex 15.92295551 -1.56827426 0
    vertex 15.92295551 -1.56827426 4.224547386
    vertex 15.92126465 -1.581981301 4.251778603
  endloop
endfacet
facet normal 0.9924818523 -0.1223918823 1.227144186e-07
  outer loop
    vertex 15.92295551 -1.56827426 0
    vertex 15.92126465 -1.581981301 4.251778603
    vertex 15.91697216 -1.616789222 4.330304146
  endloop
endfacet
facet normal 0.9924776204 -0.1224261943 -3.617991187e-07
  outer loop
    vertex 15.92295551 -1.56827426 0
    vertex 15.91315937 -1.647702098 4.410442829
    vertex 15.90983582 -1.674645543 4.49200201
  endloop
endfacet
facet normal 0.992479303 -0.122412553 -1.123941063e-07
  outer loop
    vertex 15.92295551 -1.56827426 0
    vertex 15.91697216 -1.616789222 4.330304146
    vertex 15.91315937 -1.647702098 4.410442829
  endloop
endfacet
facet normal 0.9924786129 -0.1224181477 -1.683550021e-07
  outer loop
    vertex 15.92295551 -1.56827426 0
    vertex 15.90983582 -1.674645543 4.49200201
    vertex 15.90701008 -1.697554708 4.574784756
  endloop
endfacet
facet normal 0.9924790453 -0.1224146426 -6.779723961e-08
  outer loop
    vertex 15.92295551 -1.56827426 0
    vertex 15.90701008 -1.697554708 4.574784756
    vertex 15.90468884 -1.716374278 4.658591747
  endloop
endfacet
facet normal 0.992480993 -0.1223988499 4.419025926e-07
  outer loop
    vertex 15.92295551 -1.56827426 0
    vertex 15.90468884 -1.716374278 4.658591747
    vertex 15.90287781 -1.731058836 4.74322176
  endloop
endfacet
facet normal 0.9924768396 -0.1224325235 -7.313368382e-07
  outer loop
    vertex 15.92295551 -1.56827426 0
    vertex 15.90287781 -1.731058836 4.74322176
    vertex 15.90158081 -1.741573215 4.82847023
  endloop
endfacet
facet normal 0.992487124 -0.1223491263 2.307406558e-06
  outer loop
    vertex 15.92295551 -1.56827426 0
    vertex 15.90158081 -1.741573215 4.82847023
    vertex 15.90080166 -1.747892022 4.914131641
  endloop
endfacet
facet normal 0.9924796407 -0.122409815 5.541941428e-08
  outer loop
    vertex 15.92295551 -1.56827426 0
    vertex 15.90080166 -1.747892022 4.914131641
    vertex 15.82682419 -2.347687483 10
  endloop
endfacet
facet normal 0.02454135942 -0.9996988155 0
  outer loop
    vertex -2.939152234e-15 -16 10
    vertex 0.7850828171 -15.9807272 0
    vertex 0.7850828171 -15.9807272 10
  endloop
endfacet
facet normal 0.0735645778 -0.9972904556 0
  outer loop
    vertex 1.56827426 -15.92295551 0
    vertex 1.56827426 -15.92295551 10
    vertex 0.7850828171 -15.9807272 10
  endloop
endfacet
facet normal 0.1224105154 -0.9924795543 0
  outer loop
    vertex 2.347687483 -15.82682419 0
    vertex 2.347687483 -15.82682419 10
    vertex 1.56827426 -15.92295551 10
  endloop
endfacet
facet normal 0.1709624836 -0.9852775392 0
  outer loop
    vertex 3.121445179 -15.69256401 0
    vertex 3.121445179 -15.69256401 10
    vertex 2.347687483 -15.82682419 10
  endloop
endfacet
facet normal 0.2191005007 -0.9757022961 0
  outer loop
    vertex 3.887682915 -15.52050018 0
    vertex 3.887682915 -15.52050018 10
    vertex 3.121445179 -15.69256401 10
  endloop
endfacet
facet normal 0.2667126726 -0.9637760893 0
  outer loop
    vertex 4.644554615 -15.31104565 0
    vertex 4.644554615 -15.31104565 10
    vertex 3.887682915 -15.52050018 10
  endloop
endfacet
facet normal 0.3136820836 -0.9495280672 0
  outer loop
    vertex 5.390237808 -15.0647049 0
    vertex 5.390237808 -15.0647049 10
    vertex 4.644554615 -15.31104565 10
  endloop
endfacet
facet normal 0.359895483 -0.9329926266 0
  outer loop
    vertex 6.122934818 -14.78207207 0
    vertex 6.122934818 -14.78207207 10
    vertex 5.390237808 -15.0647049 10
  endloop
endfacet
facet normal 0.4052404814 -0.9142101248 0
  outer loop
    vertex 6.840881348 -14.46382904 0
    vertex 6.840881348 -14.46382904 10
    vertex 6.122934818 -14.78207207 10
  endloop
endfacet
facet normal 0.4496111108 -0.8932244114 0
  outer loop
    vertex 7.542347908 -14.11074066 0
    vertex 7.542347908 -14.11074066 10
    vertex 6.840881348 -14.46382904 10
  endloop
endfacet
facet normal 0.4928987084 -0.8700866987 0
  outer loop
    vertex 8.225644112 -13.72365761 0
    vertex 8.225644112 -13.72365761 10
    vertex 7.542347908 -14.11074066 10
  endloop
endfacet
facet normal 0 -0 1
  outer loop
    vertex -2.939152234e-15 -16 10
    vertex 0.7850828171 -15.9807272 10
    vertex -7.347880586e-16 -4 10
  endloop
endfacet
facet normal 0 -0 1
  outer loop
    vertex 0.7850828171 -15.9807272 10
    vertex 1.56827426 -15.92295551 10
    vertex 0.1962707043 -3.995181799 10
  endloop
endfacet
facet normal 0 -0 1
  outer loop
    vertex 1.56827426 -15.92295551 10
    vertex 2.347687483 -15.82682419 10
    vertex 0.5869218707 -3.956706047 10
  endloop
endfacet
facet normal 0 -0 1
  outer loop
    vertex 2.347687483 -15.82682419 10
    vertex 3.121445179 -15.69256401 10
    vertex 0.5869218707 -3.956706047 10
  endloop
endfacet
facet normal 0 -0 1
  outer loop
    vertex 3.121445179 -15.69256401 10
    vertex 3.887682915 -15.52050018 10
    vertex 0.9719207287 -3.880125046 10
  endloop
endfacet
facet normal 0 -0 1
  outer loop
    vertex 3.887682915 -15.52050018 10
    vertex 4.644554615 -15.31104565 10
    vertex 1.161138654 -3.827761412 10
  endloop
endfacet
facet normal 0 -0 1
  outer loop
    vertex 4.644554615 -15.31104565 10
    vertex 5.390237808 -15.0647049 10
    vertex 1.161138654 -3.827761412 10
  endloop
endfacet
facet normal 0 -0 1
  outer loop
    vertex 5.390237808 -15.0647049 10
    vertex 6.122934818 -14.78207207 10
    vertex 1.347559452 -3.766176224 10
  endloop
endfacet
facet normal 0 -0 1
  outer loop
    vertex 6.122934818 -14.78207207 10
    vertex 6.840881348 -14.46382904 10
    vertex 1.710220337 -3.61595726 10
  endloop
endfacet
facet normal 0 -0 1
  outer loop
    vertex 6.840881348 -14.46382904 10
    vertex 7.542347908 -14.11074066 10
    vertex 1.885586977 -3.527685165 10
  endloop
endfacet
facet normal 0 -0 1
  outer loop
    vertex 7.542347908 -14.11074066 10
    vertex 8.225644112 -13.72365761 10
    vertex 1.885586977 -3.527685165 10
  endloop
endfacet
facet normal -0 0 1
  outer loop
    vertex 2.056411028 -3.430914402 10
    vertex 8.225644112 -13.72365761 10
    vertex 8.889123917 -13.30351353 10
  endloop
endfacet
facet normal -0 0 1
  outer loop
    vertex 2.222280979 -3.325878382 10
    vertex 8.889123917 -13.30351353 10
    vertex 9.531188965 -12.85132027 10
  endloop
endfacet
facet normal -0 0 1
  outer loop
    vertex 2.382797241 -3.212830067 10
    vertex 9.531188965 -12.85132027 10
    vertex 10.1502924 -12.36816692 10
  endloop
endfacet
facet normal -0 0 1
  outer loop
    vertex 2.686235905 -2.963804483 10
    vertex 10.1502924 -12.36816692 10
    vertex 10.74494362 -11.85521793 10
  endloop
endfacet
facet normal -0.02454135942 0.9996988155 0
  outer loop
    vertex 0.1962707043 -3.995181799 0
    vertex -7.347880586e-16 -4 10
    vertex 0.1962707043 -3.995181799 10
  endloop
endfacet
facet normal -0.0735645778 0.9972904556 0
  outer loop
    vertex 0.3920685649 -3.980738878 0
    vertex 0.1962707043 -3.995181799 10
    vertex 0.3920685649 -3.980738878 10
  endloop
endfacet
facet normal -0.1224105154 0.9924795543 0
  outer loop
    vertex 0.5869218707 -3.956706047 0
    vertex 0.3920685649 -3.980738878 10
    vertex 0.5869218707 -3.956706047 10
  endloop
endfacet
facet normal -0.1709624836 0.9852775392 0
  outer loop
    vertex 0.7803612947 -3.923141003 0
    vertex 0.5869218707 -3.956706047 10
    vertex 0.7803612947 -3.923141003 10
  endloop
endfacet
facet normal -0.2191005007 0.9757022961 0
  outer loop
    vertex 0.9719207287 -3.880125046 0
    vertex 0.7803612947 -3.923141003 10
    vertex 0.9719207287 -3.880125046 10
  endloop
endfacet
facet normal -0.2667126726 0.9637760893 0
  outer loop
    vertex 1.161138654 -3.827761412 0
    vertex 0.9719207287 -3.880125046 10
    vertex 1.161138654 -3.827761412 10
  endloop
endfacet
facet normal -0.3136820836 0.9495280672 0
  outer loop
    vertex 1.347559452 -3.766176224 0
    vertex 1.161138654 -3.827761412 10
    vertex 1.347559452 -3.766176224 10
  endloop
endfacet
facet normal -0.359895483 0.9329926266 0
  outer loop
    vertex 1.530733705 -3.695518017 0
    vertex 1.347559452 -3.766176224 10
    vertex 1.530733705 -3.695518017 10
  endloop
endfacet
facet normal -0.4052404814 0.9142101248 0
  outer loop
    vertex 1.710220337 -3.61595726 0
    vertex 1.530733705 -3.695518017 10
    vertex 1.710220337 -3.61595726 10
  endloop
endfacet
facet normal -0.4496111108 0.8932244114 0
  outer loop
    vertex 1.885586977 -3.527685165 0
    vertex 1.710220337 -3.61595726 10
    vertex 1.885586977 -3.527685165 10
  endloop
endfacet
facet normal -0.4928987084 0.8700866987 0
  outer loop
    vertex 2.056411028 -3.430914402 0
    vertex 1.885586977 -3.527685165 10
    vertex 2.056411028 -3.430914402 10
  endloop
endfacet
facet normal -0.5349977364 0.8448534914 0
  outer loop
    vertex 2.222280979 -3.325878382 0
    vertex 2.056411028 -3.430914402 10
    vertex 2.222280979 -3.325878382 10
  endloop
endfacet
facet normal -0.5758082205 0.8175847927 0
  outer loop
    vertex 2.382797241 -3.212830067 0
    vertex 2.222280979 -3.325878382 10
    vertex 2.382797241 -3.212830067 10
  endloop
endfacet
facet normal -0.6152318145 0.7883462529 0
  outer loop
    vertex 2.537573099 -3.092041731 0
    vertex 2.382797241 -3.212830067 10
    vertex 2.537573099 -3.092041731 10
  endloop
endfacet
facet normal -0.653172345 0.7572092761 0
  outer loop
    vertex 2.686235905 -2.963804483 0
    vertex 2.537573099 -3.092041731 10
    vertex 2.686235905 -2.963804483 10
  endloop
endfacet
facet normal -0.6895409661 0.7242466818 0
  outer loop
    vertex 2.828427076 -2.828427076 0
    vertex 2.686235905 -2.963804483 10
    vertex 2.828427076 -2.828427076 10
  endloop
endfacet
facet normal -0.7242466818 0.6895409661 0
  outer loop
    vertex 2.963804483 -2.686235905 0
    vertex 2.828427076 -2.828427076 10
    vertex 2.963804483 -2.686235905 10
  endloop
endfacet
facet normal -0.7572092761 0.653172345 0
  outer loop
    vertex 3.092041731 -2.537573099 0
    vertex 2.963804483 -2.686235905 10
    vertex 3.092041731 -2.537573099 10
  endloop
endfacet
facet normal -0.7883462529 0.6152318145 0
  outer loop
    vertex 3.212830067 -2.382797241 0
    vertex 3.092041731 -2.537573099 10
    vertex 3.212830067 -2.382797241 10
  endloop
endfacet
facet normal -0.8175847927 0.5758082205 0
  outer loop
    vertex 3.325878382 -2.222280979 0
    vertex 3.212830067 -2.382797241 10
    vertex 3.325878382 -2.222280979 10
  endloop
endfacet
facet normal -0.8448534914 0.5349977364 0
  outer loop
    vertex 3.430914402 -2.056411028 0
    vertex 3.325878382 -2.222280979 10
    vertex 3.430914402 -2.056411028 10
  endloop
endfacet
facet normal -0.8700866987 0.4928987084 0
  outer loop
    vertex 3.527685165 -1.885586977 0
    vertex 3.430914402 -2.056411028 10
    vertex 3.527685165 -1.885586977 10
  endloop
endfacet
facet normal -0.893054769 0.449947974 1.144300631e-05
  outer loop
    vertex 3.527685165 -1.885586977 10
    vertex 3.595933914 -1.75 5
    vertex 3.596994877 -1.747892022 4.914131641
  endloop
endfacet
facet normal -0.8932327276 0.4495945888 -5.689703396e-07
  outer loop
    vertex 3.527685165 -1.885586977 10
    vertex 3.596994877 -1.747892022 5.085868359
    vertex 3.595933914 -1.75 5
  endloop
endfacet
facet normal -0.8932193647 0.4496211367 3.633791484e-07
  outer loop
    vertex 3.527685165 -1.885586977 10
    vertex 3.600175619 -1.741573215 5.17152977
    vertex 3.596994877 -1.747892022 5.085868359
  endloop
endfacet
facet normal -0.8932264296 0.4496071011 -1.613119799e-07
  outer loop
    vertex 3.527685165 -1.885586977 10
    vertex 3.605468035 -1.731058836 5.25677824
    vertex 3.600175619 -1.741573215 5.17152977
  endloop
endfacet
facet normal -0.893222145 0.4496156133 1.862649804e-07
  outer loop
    vertex 3.527685165 -1.885586977 10
    vertex 3.612859726 -1.716374278 5.341408253
    vertex 3.605468035 -1.731058836 5.25677824
  endloop
endfacet
facet normal -0.8932292794 0.4496014396 -4.590023723e-07
  outer loop
    vertex 3.527685165 -1.885586977 10
    vertex 3.61595726 -1.710220337 5.368813038
    vertex 3.612859726 -1.716374278 5.341408253
  endloop
endfacet
facet normal -0.9142099344 0.405240911 0
  outer loop
    vertex 3.61595726 -1.710220337 10
    vertex 3.621571541 -1.697554708 5.425215244
    vertex 3.61595726 -1.710220337 5.368813038
  endloop
endfacet
facet normal -0.9142093424 0.4052422465 4.424047647e-09
  outer loop
    vertex 3.61595726 -1.710220337 10
    vertex 3.631726503 -1.674645543 5.50799799
    vertex 3.621571541 -1.697554708 5.425215244
  endloop
endfacet
facet normal -0.9142110518 0.4052383899 -3.211966617e-08
  outer loop
    vertex 3.61595726 -1.710220337 10
    vertex 3.643669605 -1.647702098 5.589557171
    vertex 3.631726503 -1.674645543 5.50799799
  endloop
endfacet
facet normal -0.9142108771 0.4052387842 -2.543222114e-08
  outer loop
    vertex 3.61595726 -1.710220337 10
    vertex 3.657372236 -1.616789222 5.669695854
    vertex 3.643669605 -1.647702098 5.589557171
  endloop
endfacet
facet normal -0.914210081 0.4052405801 2.093015722e-08
  outer loop
    vertex 3.61595726 -1.710220337 10
    vertex 3.672801495 -1.581981301 5.748221397
    vertex 3.657372236 -1.616789222 5.669695854
  endloop
endfacet
facet normal -0.9142093859 0.4052421482 7.751893216e-08
  outer loop
    vertex 3.61595726 -1.710220337 10
    vertex 3.689920187 -1.54336226 5.824944496
    vertex 3.672801495 -1.581981301 5.748221397
  endloop
endfacet
facet normal -0.9142103737 0.4052399199 -2.903561507e-08
  outer loop
    vertex 3.61595726 -1.710220337 10
    vertex 3.695518017 -1.530733705 5.84723711
    vertex 3.689920187 -1.54336226 5.824944496
  endloop
endfacet
facet normal -0.9329933619 0.3598935769 0
  outer loop
    vertex 3.695518017 -1.530733705 10
    vertex 3.706977844 -1.501025081 5.899679661
    vertex 3.695518017 -1.530733705 5.84723711
  endloop
endfacet
facet normal -0.9329924737 0.3598958794 1.916547381e-08
  outer loop
    vertex 3.695518017 -1.530733705 10
    vertex 3.724704027 -1.455071807 5.972248077
    vertex 3.706977844 -1.501025081 5.899679661
  endloop
endfacet
facet normal -0.9329930549 0.3598943727 -1.335130186e-08
  outer loop
    vertex 3.695518017 -1.530733705 10
    vertex 3.743782282 -1.405613184 6.042473793
    vertex 3.724704027 -1.455071807 5.972248077
  endloop
endfacet
facet normal -0.9329926341 0.3598954636 2.627115268e-08
  outer loop
    vertex 3.695518017 -1.530733705 10
    vertex 3.764166832 -1.352768302 6.110188484
    vertex 3.743782282 -1.405613184 6.042473793
  endloop
endfacet
facet normal -0.9329861375 0.3599123049 9.114456033e-07
  outer loop
    vertex 3.695518017 -1.530733705 10
    vertex 3.766176224 -1.347559452 6.11622715
    vertex 3.764166832 -1.352768302 6.110188484
  endloop
endfacet
facet normal -0.9495276931 0.313683216 0
  outer loop
    vertex 3.766176224 -1.347559452 10
    vertex 3.78298974 -1.296664476 6.175228119
    vertex 3.766176224 -1.347559452 6.11622715
  endloop
endfacet
facet normal -0.9495286087 0.3136804444 -4.090636818e-08
  outer loop
    vertex 3.766176224 -1.347559452 10
    vertex 3.802555799 -1.237436891 6.237436771
    vertex 3.78298974 -1.296664476 6.175228119
  endloop
endfacet
facet normal 0 0 1
  outer loop
    vertex 0.7850828171 -15.9807272 10
    vertex 0.1962707043 -3.995181799 10
    vertex -7.347880586e-16 -4 10
  endloop
endfacet
facet normal 0 0 1
  outer loop
    vertex 1.56827426 -15.92295551 10
    vertex 0.3920685649 -3.980738878 10
    vertex 0.1962707043 -3.995181799 10
  endloop
endfacet
facet normal 0 0 1
  outer loop
    vertex 1.56827426 -15.92295551 10
    vertex 0.5869218707 -3.956706047 10
    vertex 0.3920685649 -3.980738878 10
  endloop
endfacet
facet normal 0 0 1
  outer loop
    vertex 3.121445179 -15.69256401 10
    vertex 0.7803612947 -3.923141003 10
    vertex 0.5869218707 -3.956706047 10
  endloop
endfacet
facet normal 0 0 1
  outer loop
    vertex 3.121445179 -15.69256401 10
    vertex 0.9719207287 -3.880125046 10
    vertex 0.7803612947 -3.923141003 10
  endloop
endfacet
facet normal 0 0 1
  outer loop
    vertex 3.887682915 -15.52050018 10
    vertex 1.161138654 -3.827761412 10
    vertex 0.9719207287 -3.880125046 10
  endloop
endfacet
facet normal 0 0 1
  outer loop
    vertex 5.390237808 -15.0647049 10
    vertex 1.347559452 -3.766176224 10
    vertex 1.161138654 -3.827761412 10
  endloop
endfacet
facet normal 0 0 1
  outer loop
    vertex 6.122934818 -14.78207207 10
    vertex 1.530733705 -3.695518017 10
    vertex 1.347559452 -3.766176224 10
  endloop
endfacet
facet normal 0 0 1
  outer loop
    vertex 6.122934818 -14.78207207 10
    vertex 1.710220337 -3.61595726 10
    vertex 1.530733705 -3.695518017 10
  endloop
endfacet
facet normal 0 0 1
  outer loop
    vertex 6.840881348 -14.46382904 10
    vertex 1.885586977 -3.527685165 10
    vertex 1.710220337 -3.61595726 10
  endloop
endfacet
facet normal -0.9495283401 0.3136812576 -1.450839386e-08
  outer loop
    vertex 3.766176224 -1.347559452 10
    vertex 3.823106766 -1.175228119 6.296664238
    vertex 3.802555799 -1.237436891 6.237436771
  endloop
endfacet
facet normal -0.9495259572 0.3136884708 3.577815164e-07
  outer loop
    vertex 3.766176224 -1.347559452 10
    vertex 3.827761412 -1.161138654 6.308817863
    vertex 3.823106766 -1.175228119 6.296664238
  endloop
endfacet
facet normal -0.9637762626 0.2667120464 0
  outer loop
    vertex 3.827761412 -1.161138654 10
    vertex 3.841861248 -1.110188246 6.352768421
    vertex 3.827761412 -1.161138654 6.308817863
  endloop
endfacet
facet normal -0.9637756674 0.2667141973 3.234709272e-08
  outer loop
    vertex 3.827761412 -1.161138654 10
    vertex 3.860600471 -1.042473793 6.405612946
    vertex 3.841861248 -1.110188246 6.352768421
  endloop
endfacet
facet normal -0.9637765696 0.2667109369 -8.353371539e-08
  outer loop
    vertex 3.827761412 -1.161138654 10
    vertex 3.880034447 -0.9722478986 6.455071926
    vertex 3.860600471 -1.042473793 6.405612946
  endloop
endfacet
facet normal -0.9637328709 0.2668687944 8.972243346e-06
  outer loop
    vertex 3.827761412 -1.161138654 10
    vertex 3.880125046 -0.9719207287 6.455278873
    vertex 3.880034447 -0.9722478986 6.455071926
  endloop
endfacet
facet normal -0.9757021559 0.2191011249 0
  outer loop
    vertex 3.880125046 -0.9719207287 10
    vertex 3.896347284 -0.89967978 6.5010252
    vertex 3.880125046 -0.9719207287 6.455278873
  endloop
endfacet
facet normal -0.9757024767 0.2190996962 -3.098484572e-08
  outer loop
    vertex 3.880125046 -0.9719207287 10
    vertex 3.913129568 -0.8249443173 6.543362141
    vertex 3.896347284 -0.89967978 6.5010252
  endloop
endfacet
facet normal -0.9757022163 0.2191008561 2.082013863e-08
  outer loop
    vertex 3.880125046 -0.9719207287 10
    vertex 3.923141003 -0.7803612947 6.565803528
    vertex 3.913129568 -0.8249443173 6.543362141
  endloop
endfacet
facet normal -0.9852773957 0.1709633103 0
  outer loop
    vertex 3.923141003 -0.7803612947 10
    vertex 3.928717852 -0.7482213974 6.581981182
    vertex 3.923141003 -0.7803612947 6.565803528
  endloop
endfacet
facet normal -0.9852777674 0.1709611683 -2.07481696e-08
  outer loop
    vertex 3.923141003 -0.7803612947 10
    vertex 3.942343235 -0.669696033 6.616789341
    vertex 3.928717852 -0.7482213974 6.581981182
  endloop
endfacet
facet normal -0.9852773893 0.1709633475 5.268090686e-08
  outer loop
    vertex 3.923141003 -0.7803612947 10
    vertex 3.95624876 -0.5895572305 6.647702217
    vertex 3.942343235 -0.669696033 6.616789341
  endloop
endfacet
facet normal -0.9852771129 0.1709649404 1.460763199e-07
  outer loop
    vertex 3.923141003 -0.7803612947 10
    vertex 3.956706047 -0.5869218707 6.648572922
    vertex 3.95624876 -0.5895572305 6.647702217
  endloop
endfacet
facet normal -0.9924794094 0.1224116902 0
  outer loop
    vertex 3.956706047 -0.5869218707 10
    vertex 3.966440439 -0.5079981685 6.674645424
    vertex 3.956706047 -0.5869218707 6.648572922
  endloop
endfacet
facet normal -0.9924795582 0.1224104842 -2.90596848e-08
  outer loop
    vertex 3.956706047 -0.5869218707 10
    vertex 3.976650715 -0.4252153039 6.697554588
    vertex 3.966440439 -0.5079981685 6.674645424
  endloop
endfacet
facet normal -0.9924798829 0.1224078513 -1.599407642e-07
  outer loop
    vertex 3.956706047 -0.5869218707 10
    vertex 3.980738878 -0.3920685649 6.704998016
    vertex 3.976650715 -0.4252153039 6.697554588
  endloop
endfacet
facet normal -0.9972904126 0.07356516058 0
  outer loop
    vertex 3.980738878 -0.3920685649 10
    vertex 3.984475851 -0.3414080739 6.716374397
    vertex 3.980738878 -0.3920685649 6.704998016
  endloop
endfacet
facet normal -0.9972903815 0.07356558329 6.557137372e-09
  outer loop
    vertex 3.980738878 -0.3920685649 10
    vertex 3.990718603 -0.2567783296 6.731059074
    vertex 3.984475851 -0.3414080739 6.716374397
  endloop
endfacet
facet normal -0.9972905944 0.07356269587 -1.135931636e-07
  outer loop
    vertex 3.980738878 -0.3920685649 10
    vertex 3.995181799 -0.1962707043 6.738522053
    vertex 3.990718603 -0.2567783296 6.731059074
  endloop
endfacet
facet normal -0.9996989161 0.02453726131 0
  outer loop
    vertex 3.995181799 -0.1962707043 10
    vertex 3.995789051 -0.1715299934 6.741573334
    vertex 3.995181799 -0.1962707043 6.738522053
  endloop
endfacet
facet normal -0.9996987566 0.02454375598 4.934270818e-08
  outer loop
    vertex 3.995181799 -0.1962707043 10
    vertex 3.997892141 -0.08586843312 6.747891903
    vertex 3.995789051 -0.1715299934 6.741573334
  endloop
endfacet
facet normal -0.9996988452 0.02454014757 -7.322889975e-08
  outer loop
    vertex 3.995181799 -0.1962707043 10
    vertex 4 0 6.75
    vertex 3.997892141 -0.08586843312 6.747891903
  endloop
endfacet
facet normal -0.8932244114 0.4496111108 0
  outer loop
    vertex 3.527685165 -1.885586977 10
    vertex 3.61595726 -1.710220337 10
    vertex 3.61595726 -1.710220337 5.368813038
  endloop
endfacet
facet normal -0.9142101248 0.4052404814 0
  outer loop
    vertex 3.61595726 -1.710220337 10
    vertex 3.695518017 -1.530733705 10
    vertex 3.695518017 -1.530733705 5.84723711
  endloop
endfacet
facet normal -0.9329926266 0.359895483 0
  outer loop
    vertex 3.695518017 -1.530733705 10
    vertex 3.766176224 -1.347559452 10
    vertex 3.766176224 -1.347559452 6.11622715
  endloop
endfacet
facet normal -0.9495280672 0.3136820836 0
  outer loop
    vertex 3.766176224 -1.347559452 10
    vertex 3.827761412 -1.161138654 10
    vertex 3.827761412 -1.161138654 6.308817863
  endloop
endfacet
facet normal -0.9637760893 0.2667126726 0
  outer loop
    vertex 3.827761412 -1.161138654 10
    vertex 3.880125046 -0.9719207287 10
    vertex 3.880125046 -0.9719207287 6.455278873
  endloop
endfacet
facet normal -0.9757022961 0.2191005007 0
  outer loop
    vertex 3.880125046 -0.9719207287 10
    vertex 3.923141003 -0.7803612947 10
    vertex 3.923141003 -0.7803612947 6.565803528
  endloop
endfacet
facet normal -0.9852775392 0.1709624836 0
  outer loop
    vertex 3.923141003 -0.7803612947 10
    vertex 3.956706047 -0.5869218707 10
    vertex 3.956706047 -0.5869218707 6.648572922
  endloop
endfacet
facet normal -0.9924795543 0.1224105154 0
  outer loop
    vertex 3.956706047 -0.5869218707 10
    vertex 3.980738878 -0.3920685649 10
    vertex 3.980738878 -0.3920685649 6.704998016
  endloop
endfacet
facet normal -0.9972904556 0.0735645778 0
  outer loop
    vertex 3.980738878 -0.3920685649 10
    vertex 3.995181799 -0.1962707043 10
    vertex 3.995181799 -0.1962707043 6.738522053
  endloop
endfacet
facet normal -0.9996988155 0.02454135942 0
  outer loop
    vertex 3.995181799 -0.1962707043 10
    vertex 4 0 10
    vertex 4 0 6.75
  endloop
endfacet
facet normal -0 -0 1
  outer loop
    vertex 1.885586977 -3.527685165 10
    vertex 8.225644112 -13.72365761 10
    vertex 2.056411028 -3.430914402 10
  endloop
endfacet
facet normal -0 -0 1
  outer loop
    vertex 2.056411028 -3.430914402 10
    vertex 8.889123917 -13.30351353 10
    vertex 2.222280979 -3.325878382 10
  endloop
endfacet
facet normal -0 -0 1
  outer loop
    vertex 2.222280979 -3.325878382 10
    vertex 9.531188965 -12.85132027 10
    vertex 2.382797241 -3.212830067 10
  endloop
endfacet
facet normal -0 -0 1
  outer loop
    vertex 2.382797241 -3.212830067 10
    vertex 10.1502924 -12.36816692 10
    vertex 2.537573099 -3.092041731 10
  endloop
endfacet
facet normal -0 -0 1
  outer loop
    vertex 2.537573099 -3.092041731 10
    vertex 10.1502924 -12.36816692 10
    vertex 2.686235905 -2.963804483 10
  endloop
endfacet
facet normal -0 -0 1
  outer loop
    vertex 2.686235905 -2.963804483 10
    vertex 11.31370831 -11.31370831 10
    vertex 2.828427076 -2.828427076 10
  endloop
endfacet
facet normal -0 -0 1
  outer loop
    vertex 2.828427076 -2.828427076 10
    vertex 11.31370831 -11.31370831 10
    vertex 2.963804483 -2.686235905 10
  endloop
endfacet
facet normal -0 -0 1
  outer loop
    vertex 2.963804483 -2.686235905 10
    vertex 12.36816692 -10.1502924 10
    vertex 3.092041731 -2.537573099 10
  endloop
endfacet
facet normal -0 -0 1
  outer loop
    vertex 3.092041731 -2.537573099 10
    vertex 12.36816692 -10.1502924 10
    vertex 3.212830067 -2.382797241 10
  endloop
endfacet
facet normal -0 -0 1
  outer loop
    vertex 3.212830067 -2.382797241 10
    vertex 12.85132027 -9.531188965 10
    vertex 3.325878382 -2.222280979 10
  endloop
endfacet
facet normal -0 -0 1
  outer loop
    vertex 3.325878382 -2.222280979 10
    vertex 13.30351353 -8.889123917 10
    vertex 3.430914402 -2.056411028 10
  endloop
endfacet
facet normal -0 -0 1
  outer loop
    vertex 3.430914402 -2.056411028 10
    vertex 13.72365761 -8.225644112 10
    vertex 3.527685165 -1.885586977 10
  endloop
endfacet
facet normal -0 -0 1
  outer loop
    vertex 3.527685165 -1.885586977 10
    vertex 14.46382904 -6.840881348 10
    vertex 3.61595726 -1.710220337 10
  endloop
endfacet
facet normal -0 -0 1
  outer loop
    vertex 3.61595726 -1.710220337 10
    vertex 14.78207207 -6.122934818 10
    vertex 3.695518017 -1.530733705 10
  endloop
endfacet
facet normal -0 -0 1
  outer loop
    vertex 3.695518017 -1.530733705 10
    vertex 14.78207207 -6.122934818 10
    vertex 3.766176224 -1.347559452 10
  endloop
endfacet
facet normal -0 -0 1
  outer loop
    vertex 3.766176224 -1.347559452 10
    vertex 15.0647049 -5.390237808 10
    vertex 3.827761412 -1.161138654 10
  endloop
endfacet
facet normal -0 -0 1
  outer loop
    vertex 3.827761412 -1.161138654 10
    vertex 15.52050018 -3.887682915 10
    vertex 3.880125046 -0.9719207287 10
  endloop
endfacet
facet normal -0 -0 1
  outer loop
    vertex 3.880125046 -0.9719207287 10
    vertex 15.69256401 -3.121445179 10
    vertex 3.923141003 -0.7803612947 10
  endloop
endfacet
facet normal -0 -0 1
  outer loop
    vertex 3.923141003 -0.7803612947 10
    vertex 15.69256401 -3.121445179 10
    vertex 3.956706047 -0.5869218707 10
  endloop
endfacet
facet normal -0 -0 1
  outer loop
    vertex 3.956706047 -0.5869218707 10
    vertex 15.92295551 -1.56827426 10
    vertex 3.980738878 -0.3920685649 10
  endloop
endfacet
facet normal -0 -0 1
  outer loop
    vertex 3.980738878 -0.3920685649 10
    vertex 15.92295551 -1.56827426 10
    vertex 3.995181799 -0.1962707043 10
  endloop
endfacet
facet normal -0 -0 1
  outer loop
    vertex 3.995181799 -0.1962707043 10
    vertex 15.9807272 -0.7850828171 10
    vertex 4 0 10
  endloop
endfacet
facet normal 0.5349977364 -0.8448534914 0
  outer loop
    vertex 8.889123917 -13.30351353 0
    vertex 8.889123917 -13.30351353 10
    vertex 8.225644112 -13.72365761 10
  endloop
endfacet
facet normal 0.5758082205 -0.8175847927 0
  outer loop
    vertex 9.531188965 -12.85132027 0
    vertex 9.531188965 -12.85132027 10
    vertex 8.889123917 -13.30351353 10
  endloop
endfacet
facet normal 0.6152318145 -0.7883462529 0
  outer loop
    vertex 10.1502924 -12.36816692 0
    vertex 10.1502924 -12.36816692 10
    vertex 9.531188965 -12.85132027 10
  endloop
endfacet
facet normal 0.653172345 -0.7572092761 0
  outer loop
    vertex 10.74494362 -11.85521793 0
    vertex 10.74494362 -11.85521793 10
    vertex 10.1502924 -12.36816692 10
  endloop
endfacet
facet normal 0.6895409661 -0.7242466818 0
  outer loop
    vertex 11.31370831 -11.31370831 0
    vertex 11.31370831 -11.31370831 10
    vertex 10.74494362 -11.85521793 10
  endloop
endfacet
facet normal 0.7242466818 -0.6895409661 0
  outer loop
    vertex 11.85521793 -10.74494362 0
    vertex 11.85521793 -10.74494362 10
    vertex 11.31370831 -11.31370831 10
  endloop
endfacet
facet normal 0.7572092761 -0.653172345 0
  outer loop
    vertex 12.36816692 -10.1502924 0
    vertex 12.36816692 -10.1502924 10
    vertex 11.85521793 -10.74494362 10
  endloop
endfacet
facet normal 0.7883462529 -0.6152318145 0
  outer loop
    vertex 12.85132027 -9.531188965 0
    vertex 12.85132027 -9.531188965 10
    vertex 12.36816692 -10.1502924 10
  endloop
endfacet
facet normal 0.8175847927 -0.5758082205 0
  outer loop
    vertex 13.30351353 -8.889123917 0
    vertex 13.30351353 -8.889123917 10
    vertex 12.85132027 -9.531188965 10
  endloop
endfacet
facet normal 0.8448534914 -0.5349977364 0
  outer loop
    vertex 13.72365761 -8.225644112 0
    vertex 13.72365761 -8.225644112 10
    vertex 13.30351353 -8.889123917 10
  endloop
endfacet
facet normal -0 0 1
  outer loop
    vertex 2.686235905 -2.963804483 10
    vertex 10.74494362 -11.85521793 10
    vertex 11.31370831 -11.31370831 10
  endloop
endfacet
facet normal -0 0 1
  outer loop
    vertex 2.963804483 -2.686235905 10
    vertex 11.31370831 -11.31370831 10
    vertex 11.85521793 -10.74494362 10
  endloop
endfacet
facet normal 0.8700866987 -0.4928987084 0
  outer loop
    vertex 14.11074066 -7.542347908 0
    vertex 14.11074066 -7.542347908 10
    vertex 13.72365761 -8.225644112 10
  endloop
endfacet
facet normal 0.8932244114 -0.4496111108 0
  outer loop
    vertex 14.46382904 -6.840881348 0
    vertex 14.46382904 -6.840881348 10
    vertex 14.11074066 -7.542347908 10
  endloop
endfacet
facet normal 0.9142101248 -0.4052404814 0
  outer loop
    vertex 14.78207207 -6.122934818 0
    vertex 14.78207207 -6.122934818 10
    vertex 14.46382904 -6.840881348 10
  endloop
endfacet
facet normal 0.9329926266 -0.359895483 0
  outer loop
    vertex 15.0647049 -5.390237808 0
    vertex 15.0647049 -5.390237808 10
    vertex 14.78207207 -6.122934818 10
  endloop
endfacet
facet normal 0.9495280672 -0.3136820836 0
  outer loop
    vertex 15.31104565 -4.644554615 0
    vertex 15.31104565 -4.644554615 10
    vertex 15.0647049 -5.390237808 10
  endloop
endfacet
facet normal 0.9637760893 -0.2667126726 0
  outer loop
    vertex 15.52050018 -3.887682915 0
    vertex 15.52050018 -3.887682915 10
    vertex 15.31104565 -4.644554615 10
  endloop
endfacet
facet normal 0.9757022961 -0.2191005007 0
  outer loop
    vertex 15.69256401 -3.121445179 0
    vertex 15.69256401 -3.121445179 10
    vertex 15.52050018 -3.887682915 10
  endloop
endfacet
facet normal 0.9852775392 -0.1709624836 0
  outer loop
    vertex 15.82682419 -2.347687483 0
    vertex 15.82682419 -2.347687483 10
    vertex 15.69256401 -3.121445179 10
  endloop
endfacet
facet normal 0.9924706492 -0.1224826943 -8.670292021e-06
  outer loop
    vertex 15.82682419 -2.347687483 10
    vertex 15.90080166 -1.747892022 4.914131641
    vertex 15.90054226 -1.75 5
  endloop
endfacet
facet normal 0.992485272 -0.1223641486 5.715947757e-06
  outer loop
    vertex 15.82682419 -2.347687483 10
    vertex 15.90054226 -1.75 5
    vertex 15.90080166 -1.747892022 5.085868359
  endloop
endfacet
facet normal 0.9924809931 -0.1223988491 1.416160646e-06
  outer loop
    vertex 15.82682419 -2.347687483 10
    vertex 15.90080166 -1.747892022 5.085868359
    vertex 15.90158081 -1.741573215 5.17152977
  endloop
endfacet
facet normal 0.9924786005 -0.1224182486 -1.056089764e-06
  outer loop
    vertex 15.82682419 -2.347687483 10
    vertex 15.90158081 -1.741573215 5.17152977
    vertex 15.90287781 -1.731058836 5.25677824
  endloop
endfacet
facet normal 0.9924802141 -0.1224051655 6.706160483e-07
  outer loop
    vertex 15.82682419 -2.347687483 10
    vertex 15.90287781 -1.731058836 5.25677824
    vertex 15.90468884 -1.716374278 5.341408253
  endloop
endfacet
facet normal 0.9924792818 -0.1224127249 -3.693899802e-07
  outer loop
    vertex 15.82682419 -2.347687483 10
    vertex 15.90468884 -1.716374278 5.341408253
    vertex 15.90701008 -1.697554708 5.425215244
  endloop
endfacet
facet normal 0.9924789958 -0.1224150432 -7.038538571e-07
  outer loop
    vertex 15.82682419 -2.347687483 10
    vertex 15.90701008 -1.697554708 5.425215244
    vertex 15.90983582 -1.674645543 5.50799799
  endloop
endfacet
facet normal 0.9924783192 -0.1224205289 -1.5382849e-06
  outer loop
    vertex 15.82682419 -2.347687483 10
    vertex 15.90983582 -1.674645543 5.50799799
    vertex 15.91315937 -1.647702098 5.589557171
  endloop
endfacet
facet normal 0.9924793846 -0.1224118916 -1.466016574e-07
  outer loop
    vertex 15.82682419 -2.347687483 10
    vertex 15.91315937 -1.647702098 5.589557171
    vertex 15.91697216 -1.616789222 5.669695854
  endloop
endfacet
facet normal 0.9924811766 -0.1223973618 2.34313936e-06
  outer loop
    vertex 15.82682419 -2.347687483 10
    vertex 15.91697216 -1.616789222 5.669695854
    vertex 15.92126465 -1.581981301 5.748221397
  endloop
endfacet
facet normal 0.9924778519 -0.1224243176 -2.58519473e-06
  outer loop
    vertex 15.82682419 -2.347687483 10
    vertex 15.92126465 -1.581981301 5.748221397
    vertex 15.92295551 -1.56827426 5.775452614
  endloop
endfacet
facet normal 0.9972901309 -0.07356897964 0
  outer loop
    vertex 15.92295551 -1.56827426 10
    vertex 15.92295551 -1.56827426 5.775452614
    vertex 15.92479324 -1.54336226 5.824944496
  endloop
endfacet
facet normal 0.9972899309 -0.07357169082 -1.626525401e-08
  outer loop
    vertex 15.92295551 -1.56827426 10
    vertex 15.92479324 -1.54336226 5.824944496
    vertex 15.92791653 -1.501025081 5.899679661
  endloop
endfacet
facet normal 0.9972910018 -0.07355717381 2.231231961e-07
  outer loop
    vertex 15.92295551 -1.56827426 10
    vertex 15.92791653 -1.501025081 5.899679661
    vertex 15.93130589 -1.455071807 5.972248077
  endloop
endfacet
facet normal 0.9972911422 -0.07355526924 2.769435299e-07
  outer loop
    vertex 15.92295551 -1.56827426 10
    vertex 15.93130589 -1.455071807 5.972248077
    vertex 15.93495369 -1.405613184 6.042473793
  endloop
endfacet
facet normal 0.9972897455 -0.07357420381 -5.055341515e-07
  outer loop
    vertex 15.92295551 -1.56827426 10
    vertex 15.93495369 -1.405613184 6.042473793
    vertex 15.93885231 -1.352768302 6.110188484
  endloop
endfacet
facet normal 0.9972910349 -0.07355672429 4.681475988e-07
  outer loop
    vertex 15.92295551 -1.56827426 10
    vertex 15.93885231 -1.352768302 6.110188484
    vertex 15.9429903 -1.296664476 6.175228119
  endloop
endfacet
facet normal 0.9972905864 -0.07356280462 3.401339008e-08
  outer loop
    vertex 15.92295551 -1.56827426 10
    vertex 15.9429903 -1.296664476 6.175228119
    vertex 15.94735909 -1.237436891 6.237436771
  endloop
endfacet
facet normal -0 0 1
  outer loop
    vertex 2.963804483 -2.686235905 10
    vertex 11.85521793 -10.74494362 10
    vertex 12.36816692 -10.1502924 10
  endloop
endfacet
facet normal -0 0 1
  outer loop
    vertex 3.212830067 -2.382797241 10
    vertex 12.36816692 -10.1502924 10
    vertex 12.85132027 -9.531188965 10
  endloop
endfacet
facet normal -0 0 1
  outer loop
    vertex 3.325878382 -2.222280979 10
    vertex 12.85132027 -9.531188965 10
    vertex 13.30351353 -8.889123917 10
  endloop
endfacet
facet normal -0 0 1
  outer loop
    vertex 3.430914402 -2.056411028 10
    vertex 13.30351353 -8.889123917 10
    vertex 13.72365761 -8.225644112 10
  endloop
endfacet
facet normal -0 0 1
  outer loop
    vertex 3.527685165 -1.885586977 10
    vertex 13.72365761 -8.225644112 10
    vertex 14.11074066 -7.542347908 10
  endloop
endfacet
facet normal -0 0 1
  outer loop
    vertex 3.527685165 -1.885586977 10
    vertex 14.11074066 -7.542347908 10
    vertex 14.46382904 -6.840881348 10
  endloop
endfacet
facet normal -0 0 1
  outer loop
    vertex 3.61595726 -1.710220337 10
    vertex 14.46382904 -6.840881348 10
    vertex 14.78207207 -6.122934818 10
  endloop
endfacet
facet normal -0 0 1
  outer loop
    vertex 3.766176224 -1.347559452 10
    vertex 14.78207207 -6.122934818 10
    vertex 15.0647049 -5.390237808 10
  endloop
endfacet
facet normal -0 0 1
  outer loop
    vertex 3.827761412 -1.161138654 10
    vertex 15.0647049 -5.390237808 10
    vertex 15.31104565 -4.644554615 10
  endloop
endfacet
facet normal -0 0 1
  outer loop
    vertex 3.827761412 -1.161138654 10
    vertex 15.31104565 -4.644554615 10
    vertex 15.52050018 -3.887682915 10
  endloop
endfacet
facet normal -0 0 1
  outer loop
    vertex 3.880125046 -0.9719207287 10
    vertex 15.52050018 -3.887682915 10
    vertex 15.69256401 -3.121445179 10
  endloop
endfacet
facet normal -0 0 1
  outer loop
    vertex 3.956706047 -0.5869218707 10
    vertex 15.69256401 -3.121445179 10
    vertex 15.82682419 -2.347687483 10
  endloop
endfacet
facet normal -0 0 1
  outer loop
    vertex 3.956706047 -0.5869218707 10
    vertex 15.82682419 -2.347687483 10
    vertex 15.92295551 -1.56827426 10
  endloop
endfacet
facet normal -0 0 1
  outer loop
    vertex 3.995181799 -0.1962707043 10
    vertex 15.92295551 -1.56827426 10
    vertex 15.9807272 -0.7850828171 10
  endloop
endfacet
facet normal 0 -0 1
  outer loop
    vertex 15.9807272 -0.7850828171 10
    vertex 16 0 10
    vertex 4 0 10
  endloop
endfacet
facet normal 0.997290154 -0.07356866724 -4.842840572e-07
  outer loop
    vertex 15.92295551 -1.56827426 10
    vertex 15.94735909 -1.237436891 6.237436771
    vertex 15.95194817 -1.175228119 6.296664238
  endloop
endfacet
facet normal 0.9972901438 -0.07356880546 -4.990328011e-07
  outer loop
    vertex 15.92295551 -1.56827426 10
    vertex 15.95194817 -1.175228119 6.296664238
    vertex 15.9567461 -1.110188246 6.352768421
  endloop
endfacet
facet normal 0.9972909721 -0.07355757612 9.190264987e-07
  outer loop
    vertex 15.92295551 -1.56827426 10
    vertex 15.9567461 -1.110188246 6.352768421
    vertex 15.96174049 -1.042473793 6.405612946
  endloop
endfacet
facet normal 0.9972902864 -0.07356687253 -4.482873239e-07
  outer loop
    vertex 15.92295551 -1.56827426 10
    vertex 15.96174049 -1.042473793 6.405612946
    vertex 15.96692085 -0.9722478986 6.455071926
  endloop
endfacet
facet normal 0.9972904337 -0.07356487557 -1.107004018e-07
  outer loop
    vertex 15.92295551 -1.56827426 10
    vertex 15.96692085 -0.9722478986 6.455071926
    vertex 15.97227383 -0.89967978 6.5010252
  endloop
endfacet
facet normal 0.9972901297 -0.07356899641 -9.024081594e-07
  outer loop
    vertex 15.92295551 -1.56827426 10
    vertex 15.97227383 -0.89967978 6.5010252
    vertex 15.97778702 -0.8249443173 6.543362141
  endloop
endfacet
facet normal 0.9972907579 -0.07356048024 9.389111345e-07
  outer loop
    vertex 15.92295551 -1.56827426 10
    vertex 15.97778702 -0.8249443173 6.543362141
    vertex 15.9807272 -0.7850828171 6.563426495
  endloop
endfacet
facet normal 0.9996987256 -0.02454501942 0
  outer loop
    vertex 15.9807272 -0.7850828171 10
    vertex 15.9807272 -0.7850828171 6.563426495
    vertex 15.98163223 -0.7482213974 6.581981182
  endloop
endfacet
facet normal 0.9996989158 -0.02453727423 8.357789531e-08
  outer loop
    vertex 15.9807272 -0.7850828171 10
    vertex 15.98163223 -0.7482213974 6.581981182
    vertex 15.98355961 -0.669696033 6.616789341
  endloop
endfacet
facet normal 0.999698779 -0.02454284477 -1.065238393e-07
  outer loop
    vertex 15.9807272 -0.7850828171 10
    vertex 15.98355961 -0.669696033 6.616789341
    vertex 15.98552704 -0.5895572305 6.647702217
  endloop
endfacet
facet normal 0.9996986555 -0.02454787642 -4.001758413e-07
  outer loop
    vertex 15.9807272 -0.7850828171 10
    vertex 15.98552704 -0.5895572305 6.647702217
    vertex 15.98752975 -0.5079981685 6.674645424
  endloop
endfacet
facet normal 0.9996990722 -0.02453090115 1.015138579e-06
  outer loop
    vertex 15.9807272 -0.7850828171 10
    vertex 15.98752975 -0.5079981685 6.674645424
    vertex 15.98956108 -0.4252153039 6.697554588
  endloop
endfacet
facet normal 0.9996986258 -0.02454908402 -9.674436957e-07
  outer loop
    vertex 15.9807272 -0.7850828171 10
    vertex 15.98956108 -0.4252153039 6.697554588
    vertex 15.99161911 -0.3414080739 6.716374397
  endloop
endfacet
facet normal 0.9996989432 -0.02453615816 7.801170711e-07
  outer loop
    vertex 15.9807272 -0.7850828171 10
    vertex 15.99161911 -0.3414080739 6.716374397
    vertex 15.99369621 -0.2567783296 6.731059074
  endloop
endfacet
facet normal 0.9996986487 -0.02454815388 4.73049738e-07
  outer loop
    vertex 16 0 10
    vertex 15.99369621 -0.2567783296 6.731059074
    vertex 15.99578953 -0.1715299934 6.741573334
  endloop
endfacet
facet normal 0.9996988247 -0.02454098591 9.54860172e-08
  outer loop
    vertex 16 0 10
    vertex 15.99578953 -0.1715299934 6.741573334
    vertex 15.99789238 -0.08586843312 6.747891903
  endloop
endfacet
facet normal 0.9996989134 -0.02453737173 -1.553540521e-18
  outer loop
    vertex 16 0 10
    vertex 15.99789238 -0.08586843312 6.747891903
    vertex 16 2.143131926e-16 6.75
  endloop
endfacet
facet normal 0.9924795543 -0.1224105154 0
  outer loop
    vertex 15.82682419 -2.347687483 10
    vertex 15.92295551 -1.56827426 5.775452614
    vertex 15.92295551 -1.56827426 10
  endloop
endfacet
facet normal 0.9972904556 -0.0735645778 0
  outer loop
    vertex 15.92295551 -1.56827426 10
    vertex 15.9807272 -0.7850828171 6.563426495
    vertex 15.9807272 -0.7850828171 10
  endloop
endfacet
facet normal 0.9996988155 -0.02454135942 -6.098291568e-08
  outer loop
    vertex 15.9807272 -0.7850828171 10
    vertex 15.99369621 -0.2567783296 6.731059074
    vertex 16 0 10
  endloop
endfacet
facet normal -0.9996988155 -0.02454135942 0
  outer loop
    vertex 3.995181799 0.1962707043 0
    vertex 4 0 0
    vertex 4 0 3.25
  endloop
endfacet
facet normal -0.9972904556 -0.0735645778 0
  outer loop
    vertex 3.995181799 0.1962707043 0
    vertex 3.995181799 0.1962707043 3.261478186
    vertex 3.980738878 0.3920685649 0
  endloop
endfacet
facet normal -0.9924795543 -0.1224105154 0
  outer loop
    vertex 3.980738878 0.3920685649 0
    vertex 3.980738878 0.3920685649 3.295001984
    vertex 3.956706047 0.5869218707 0
  endloop
endfacet
facet normal -0.9852775392 -0.1709624836 0
  outer loop
    vertex 3.956706047 0.5869218707 0
    vertex 3.956706047 0.5869218707 3.351427078
    vertex 3.923141003 0.7803612947 0
  endloop
endfacet
facet normal -0.9757022961 -0.2191005007 0
  outer loop
    vertex 3.923141003 0.7803612947 0
    vertex 3.923141003 0.7803612947 3.434196711
    vertex 3.880125046 0.9719207287 0
  endloop
endfacet
facet normal -0.9637760893 -0.2667126726 0
  outer loop
    vertex 3.880125046 0.9719207287 0
    vertex 3.880125046 0.9719207287 3.544720888
    vertex 3.827761412 1.161138654 0
  endloop
endfacet
facet normal -0.9495280672 -0.3136820836 0
  outer loop
    vertex 3.827761412 1.161138654 0
    vertex 3.827761412 1.161138654 3.691181898
    vertex 3.766176224 1.347559452 0
  endloop
endfacet
facet normal -0.9329926266 -0.359895483 0
  outer loop
    vertex 3.766176224 1.347559452 0
    vertex 3.766176224 1.347559452 3.883773327
    vertex 3.695518017 1.530733705 0
  endloop
endfacet
facet normal -0.9142101248 -0.4052404814 0
  outer loop
    vertex 3.61595726 1.710220337 0
    vertex 3.695518017 1.530733705 0
    vertex 3.695518017 1.530733705 4.15276289
  endloop
endfacet
facet normal -0.8932244114 -0.4496111108 0
  outer loop
    vertex 3.61595726 1.710220337 0
    vertex 3.61595726 1.710220337 4.631186962
    vertex 3.527685165 1.885586977 0
  endloop
endfacet
facet normal -0.9996988452 -0.02454014757 7.322891201e-08
  outer loop
    vertex 3.995181799 0.1962707043 0
    vertex 4 0 3.25
    vertex 3.997892141 0.08586843312 3.252107859
  endloop
endfacet
facet normal -0.9996987566 -0.02454375598 -4.934270714e-08
  outer loop
    vertex 3.995181799 0.1962707043 0
    vertex 3.997892141 0.08586843312 3.252107859
    vertex 3.995789051 0.1715299934 3.258426666
  endloop
endfacet
facet normal -0.9996989161 -0.02453726131 0
  outer loop
    vertex 3.995181799 0.1962707043 0
    vertex 3.995789051 0.1715299934 3.258426666
    vertex 3.995181799 0.1962707043 3.261478186
  endloop
endfacet
facet normal -0.9972905944 -0.07356269587 1.135931554e-07
  outer loop
    vertex 3.980738878 0.3920685649 0
    vertex 3.995181799 0.1962707043 3.261478186
    vertex 3.990718603 0.2567783296 3.268941164
  endloop
endfacet
facet normal -0.9972903815 -0.07356558329 -6.557136897e-09
  outer loop
    vertex 3.980738878 0.3920685649 0
    vertex 3.990718603 0.2567783296 3.268941164
    vertex 3.984475851 0.3414080739 3.283625841
  endloop
endfacet
facet normal -0.9972904126 -0.07356516058 0
  outer loop
    vertex 3.980738878 0.3920685649 0
    vertex 3.984475851 0.3414080739 3.283625841
    vertex 3.980738878 0.3920685649 3.295001984
  endloop
endfacet
facet normal -0.9924798829 -0.1224078513 1.599407642e-07
  outer loop
    vertex 3.956706047 0.5869218707 0
    vertex 3.980738878 0.3920685649 3.295001984
    vertex 3.976650715 0.4252153039 3.302445412
  endloop
endfacet
facet normal -0.9924795582 -0.1224104842 2.905968884e-08
  outer loop
    vertex 3.956706047 0.5869218707 0
    vertex 3.976650715 0.4252153039 3.302445412
    vertex 3.966440439 0.5079981685 3.325354338
  endloop
endfacet
facet normal -0.9924794094 -0.1224116902 0
  outer loop
    vertex 3.956706047 0.5869218707 0
    vertex 3.966440439 0.5079981685 3.325354338
    vertex 3.956706047 0.5869218707 3.351427078
  endloop
endfacet
facet normal -0.9852771129 -0.1709649404 -1.460763199e-07
  outer loop
    vertex 3.923141003 0.7803612947 0
    vertex 3.956706047 0.5869218707 3.351427078
    vertex 3.95624876 0.5895572305 3.352297783
  endloop
endfacet
facet normal -0.9852773893 -0.1709633475 -5.268089813e-08
  outer loop
    vertex 3.923141003 0.7803612947 0
    vertex 3.95624876 0.5895572305 3.352297783
    vertex 3.942343235 0.669696033 3.383210897
  endloop
endfacet
facet normal -0.9852777674 -0.1709611683 2.074817019e-08
  outer loop
    vertex 3.923141003 0.7803612947 0
    vertex 3.942343235 0.669696033 3.383210897
    vertex 3.928717852 0.7482213974 3.418018818
  endloop
endfacet
facet normal -0.9852773957 -0.1709633103 0
  outer loop
    vertex 3.923141003 0.7803612947 0
    vertex 3.928717852 0.7482213974 3.418018818
    vertex 3.923141003 0.7803612947 3.434196711
  endloop
endfacet
facet normal -0.9757022163 -0.2191008561 -2.082014326e-08
  outer loop
    vertex 3.880125046 0.9719207287 0
    vertex 3.923141003 0.7803612947 3.434196711
    vertex 3.913129568 0.8249443173 3.456637859
  endloop
endfacet
facet normal -0.9757024767 -0.2190996962 3.098484161e-08
  outer loop
    vertex 3.880125046 0.9719207287 0
    vertex 3.913129568 0.8249443173 3.456637859
    vertex 3.896347284 0.89967978 3.498975039
  endloop
endfacet
facet normal -0.9757021559 -0.2191011249 0
  outer loop
    vertex 3.880125046 0.9719207287 0
    vertex 3.896347284 0.89967978 3.498975039
    vertex 3.880125046 0.9719207287 3.544720888
  endloop
endfacet
facet normal -0.9637328726 -0.2668687885 -8.971906339e-06
  outer loop
    vertex 3.827761412 1.161138654 0
    vertex 3.880125046 0.9719207287 3.544720888
    vertex 3.880034447 0.9722478986 3.544928074
  endloop
endfacet
facet normal -0.9637765696 -0.2667109369 8.353372996e-08
  outer loop
    vertex 3.827761412 1.161138654 0
    vertex 3.880034447 0.9722478986 3.544928074
    vertex 3.860600471 1.042473793 3.594386816
  endloop
endfacet
facet normal -0.9637756674 -0.2667141973 -3.234708748e-08
  outer loop
    vertex 3.827761412 1.161138654 0
    vertex 3.860600471 1.042473793 3.594386816
    vertex 3.841861248 1.110188246 3.647231817
  endloop
endfacet
facet normal -0.9637762626 -0.2667120464 0
  outer loop
    vertex 3.827761412 1.161138654 0
    vertex 3.841861248 1.110188246 3.647231817
    vertex 3.827761412 1.161138654 3.691181898
  endloop
endfacet
facet normal -0.9495259572 -0.3136884708 -3.577815385e-07
  outer loop
    vertex 3.766176224 1.347559452 0
    vertex 3.827761412 1.161138654 3.691181898
    vertex 3.823106766 1.175228119 3.703335524
  endloop
endfacet
facet normal -0.9495283401 -0.3136812576 1.450839228e-08
  outer loop
    vertex 3.766176224 1.347559452 0
    vertex 3.823106766 1.175228119 3.703335524
    vertex 3.802555799 1.237436891 3.762563229
  endloop
endfacet
facet normal 0 0 -1
  outer loop
    vertex 0.1962707043 3.995181799 0
    vertex 2.449293705e-16 4 0
    vertex 0.7850828171 15.9807272 0
  endloop
endfacet
facet normal 0 -0 -1
  outer loop
    vertex 0.1962707043 3.995181799 0
    vertex 1.56827426 15.92295551 0
    vertex 0.3920685649 3.980738878 0
  endloop
endfacet
facet normal 0 -0 -1
  outer loop
    vertex 0.3920685649 3.980738878 0
    vertex 1.56827426 15.92295551 0
    vertex 0.5869218707 3.956706047 0
  endloop
endfacet
facet normal 0 -0 -1
  outer loop
    vertex 0.5869218707 3.956706047 0
    vertex 3.121445179 15.69256401 0
    vertex 0.7803612947 3.923141003 0
  endloop
endfacet
facet normal 0 -0 -1
  outer loop
    vertex 0.7803612947 3.923141003 0
    vertex 3.121445179 15.69256401 0
    vertex 0.9719207287 3.880125046 0
  endloop
endfacet
facet normal 0 -0 -1
  outer loop
    vertex 0.9719207287 3.880125046 0
    vertex 3.887682915 15.52050018 0
    vertex 1.161138654 3.827761412 0
  endloop
endfacet
facet normal 0 -0 -1
  outer loop
    vertex 1.161138654 3.827761412 0
    vertex 5.390237808 15.0647049 0
    vertex 1.347559452 3.766176224 0
  endloop
endfacet
facet normal 0 -0 -1
  outer loop
    vertex 1.530733705 3.695518017 0
    vertex 6.122934818 14.78207207 0
    vertex 1.710220337 3.61595726 0
  endloop
endfacet
facet normal 0 -0 -1
  outer loop
    vertex 1.347559452 3.766176224 0
    vertex 6.122934818 14.78207207 0
    vertex 1.530733705 3.695518017 0
  endloop
endfacet
facet normal 0 -0 -1
  outer loop
    vertex 1.710220337 3.61595726 0
    vertex 6.840881348 14.46382904 0
    vertex 1.885586977 3.527685165 0
  endloop
endfacet
facet normal 0 -0 -1
  outer loop
    vertex 3.995181799 0.1962707043 0
    vertex 15.9807272 0.7850828171 0
    vertex 4 0 0
  endloop
endfacet
facet normal 0 0 -1
  outer loop
    vertex 3.995181799 0.1962707043 0
    vertex 3.980738878 0.3920685649 0
    vertex 15.92295551 1.56827426 0
  endloop
endfacet
facet normal 0 0 -1
  outer loop
    vertex 3.980738878 0.3920685649 0
    vertex 3.956706047 0.5869218707 0
    vertex 15.92295551 1.56827426 0
  endloop
endfacet
facet normal 0 0 -1
  outer loop
    vertex 3.956706047 0.5869218707 0
    vertex 3.923141003 0.7803612947 0
    vertex 15.69256401 3.121445179 0
  endloop
endfacet
facet normal 0 0 -1
  outer loop
    vertex 3.923141003 0.7803612947 0
    vertex 3.880125046 0.9719207287 0
    vertex 15.69256401 3.121445179 0
  endloop
endfacet
facet normal 0 0 -1
  outer loop
    vertex 3.880125046 0.9719207287 0
    vertex 3.827761412 1.161138654 0
    vertex 15.52050018 3.887682915 0
  endloop
endfacet
facet normal 0 0 -1
  outer loop
    vertex 3.827761412 1.161138654 0
    vertex 3.766176224 1.347559452 0
    vertex 15.0647049 5.390237808 0
  endloop
endfacet
facet normal 0 0 -1
  outer loop
    vertex 3.61595726 1.710220337 0
    vertex 3.527685165 1.885586977 0
    vertex 14.46382904 6.840881348 0
  endloop
endfacet
facet normal 0 -0 -1
  outer loop
    vertex 3.61595726 1.710220337 0
    vertex 14.78207207 6.122934818 0
    vertex 3.695518017 1.530733705 0
  endloop
endfacet
facet normal 0 0 -1
  outer loop
    vertex 3.766176224 1.347559452 0
    vertex 3.695518017 1.530733705 0
    vertex 14.78207207 6.122934818 0
  endloop
endfacet
facet normal 0 -0 -1
  outer loop
    vertex 2.686235905 2.963804483 0
    vertex 11.31370831 11.31370831 0
    vertex 2.828427076 2.828427076 0
  endloop
endfacet
facet normal 0 0 -1
  outer loop
    vertex 2.963804483 2.686235905 0
    vertex 2.828427076 2.828427076 0
    vertex 11.31370831 11.31370831 0
  endloop
endfacet
facet normal 0 -0 -1
  outer loop
    vertex 1.885586977 3.527685165 0
    vertex 8.225644112 13.72365761 0
    vertex 2.056411028 3.430914402 0
  endloop
endfacet
facet normal 0 -0 -1
  outer loop
    vertex 2.056411028 3.430914402 0
    vertex 8.889123917 13.30351353 0
    vertex 2.222280979 3.325878382 0
  endloop
endfacet
facet normal 0 -0 -1
  outer loop
    vertex 2.222280979 3.325878382 0
    vertex 9.531188965 12.85132027 0
    vertex 2.382797241 3.212830067 0
  endloop
endfacet
facet normal 0 -0 -1
  outer loop
    vertex 2.382797241 3.212830067 0
    vertex 10.1502924 12.36816692 0
    vertex 2.537573099 3.092041731 0
  endloop
endfacet
facet normal 0 0 -1
  outer loop
    vertex 2.686235905 2.963804483 0
    vertex 2.537573099 3.092041731 0
    vertex 10.1502924 12.36816692 0
  endloop
endfacet
facet normal 0 -0 -1
  outer loop
    vertex 3.212830067 2.382797241 0
    vertex 12.85132027 9.531188965 0
    vertex 3.325878382 2.222280979 0
  endloop
endfacet
facet normal 0 -0 -1
  outer loop
    vertex 3.325878382 2.222280979 0
    vertex 13.30351353 8.889123917 0
    vertex 3.430914402 2.056411028 0
  endloop
endfacet
facet normal 0 0 -1
  outer loop
    vertex 3.527685165 1.885586977 0
    vertex 3.430914402 2.056411028 0
    vertex 13.72365761 8.225644112 0
  endloop
endfacet
facet normal 0 -0 -1
  outer loop
    vertex 2.963804483 2.686235905 0
    vertex 12.36816692 10.1502924 0
    vertex 3.092041731 2.537573099 0
  endloop
endfacet
facet normal 0 0 -1
  outer loop
    vertex 3.212830067 2.382797241 0
    vertex 3.092041731 2.537573099 0
    vertex 12.36816692 10.1502924 0
  endloop
endfacet
facet normal -0.02454135942 -0.9996988155 0
  outer loop
    vertex 0.1962707043 3.995181799 0
    vertex 0.1962707043 3.995181799 10
    vertex 2.449293705e-16 4 0
  endloop
endfacet
facet normal -0.0735645778 -0.9972904556 0
  outer loop
    vertex 0.1962707043 3.995181799 0
    vertex 0.3920685649 3.980738878 0
    vertex 0.3920685649 3.980738878 10
  endloop
endfacet
facet normal -0.1224105154 -0.9924795543 0
  outer loop
    vertex 0.3920685649 3.980738878 0
    vertex 0.5869218707 3.956706047 0
    vertex 0.5869218707 3.956706047 10
  endloop
endfacet
facet normal -0.1709624836 -0.9852775392 0
  outer loop
    vertex 0.5869218707 3.956706047 0
    vertex 0.7803612947 3.923141003 0
    vertex 0.7803612947 3.923141003 10
  endloop
endfacet
facet normal -0.2191005007 -0.9757022961 0
  outer loop
    vertex 0.7803612947 3.923141003 0
    vertex 0.9719207287 3.880125046 0
    vertex 0.9719207287 3.880125046 10
  endloop
endfacet
facet normal -0.2667126726 -0.9637760893 0
  outer loop
    vertex 0.9719207287 3.880125046 0
    vertex 1.161138654 3.827761412 0
    vertex 1.161138654 3.827761412 10
  endloop
endfacet
facet normal -0.359895483 -0.9329926266 0
  outer loop
    vertex 1.347559452 3.766176224 0
    vertex 1.530733705 3.695518017 0
    vertex 1.530733705 3.695518017 10
  endloop
endfacet
facet normal -0.3136820836 -0.9495280672 0
  outer loop
    vertex 1.161138654 3.827761412 0
    vertex 1.347559452 3.766176224 0
    vertex 1.347559452 3.766176224 10
  endloop
endfacet
facet normal -0.4928987084 -0.8700866987 0
  outer loop
    vertex 1.885586977 3.527685165 0
    vertex 2.056411028 3.430914402 0
    vertex 2.056411028 3.430914402 10
  endloop
endfacet
facet normal -0.4052404814 -0.9142101248 0
  outer loop
    vertex 1.530733705 3.695518017 0
    vertex 1.710220337 3.61595726 0
    vertex 1.710220337 3.61595726 10
  endloop
endfacet
facet normal -0.4496111108 -0.8932244114 0
  outer loop
    vertex 1.710220337 3.61595726 0
    vertex 1.885586977 3.527685165 0
    vertex 1.885586977 3.527685165 10
  endloop
endfacet
facet normal -0.9329861375 -0.359912305 -9.114473628e-07
  outer loop
    vertex 3.695518017 1.530733705 0
    vertex 3.766176224 1.347559452 3.883773327
    vertex 3.764166832 1.352768302 3.889811754
  endloop
endfacet
facet normal -0.9329926341 -0.3598954636 -2.627115628e-08
  outer loop
    vertex 3.695518017 1.530733705 0
    vertex 3.764166832 1.352768302 3.889811754
    vertex 3.743782282 1.405613184 3.957526207
  endloop
endfacet
facet normal -0.9495286087 -0.3136804444 4.090636818e-08
  outer loop
    vertex 3.766176224 1.347559452 0
    vertex 3.802555799 1.237436891 3.762563229
    vertex 3.78298974 1.296664476 3.824771881
  endloop
endfacet
facet normal -0.9495276931 -0.313683216 0
  outer loop
    vertex 3.766176224 1.347559452 0
    vertex 3.78298974 1.296664476 3.824771881
    vertex 3.766176224 1.347559452 3.883773327
  endloop
endfacet
facet normal -0.9329930549 -0.3598943727 1.335130186e-08
  outer loop
    vertex 3.695518017 1.530733705 0
    vertex 3.743782282 1.405613184 3.957526207
    vertex 3.724704027 1.455071807 4.027751923
  endloop
endfacet
facet normal -0.9329924737 -0.3598958794 -1.916547381e-08
  outer loop
    vertex 3.695518017 1.530733705 0
    vertex 3.724704027 1.455071807 4.027751923
    vertex 3.706977844 1.501025081 4.100320339
  endloop
endfacet
facet normal -0.9329933619 -0.3598935769 0
  outer loop
    vertex 3.695518017 1.530733705 0
    vertex 3.706977844 1.501025081 4.100320339
    vertex 3.695518017 1.530733705 4.15276289
  endloop
endfacet
facet normal -0.9142103737 -0.4052399199 2.903561507e-08
  outer loop
    vertex 3.61595726 1.710220337 0
    vertex 3.695518017 1.530733705 4.15276289
    vertex 3.689920187 1.54336226 4.175055504
  endloop
endfacet
facet normal -0.9142093859 -0.4052421482 -7.751893216e-08
  outer loop
    vertex 3.61595726 1.710220337 0
    vertex 3.689920187 1.54336226 4.175055504
    vertex 3.672801495 1.581981301 4.251778603
  endloop
endfacet
facet normal -0.914210081 -0.4052405801 -2.093015722e-08
  outer loop
    vertex 3.61595726 1.710220337 0
    vertex 3.672801495 1.581981301 4.251778603
    vertex 3.657372236 1.616789222 4.330304146
  endloop
endfacet
facet normal -0.9142108771 -0.4052387842 2.543222114e-08
  outer loop
    vertex 3.61595726 1.710220337 0
    vertex 3.657372236 1.616789222 4.330304146
    vertex 3.643669605 1.647702098 4.410442829
  endloop
endfacet
facet normal -0.9142110518 -0.4052383899 3.211966617e-08
  outer loop
    vertex 3.61595726 1.710220337 0
    vertex 3.643669605 1.647702098 4.410442829
    vertex 3.631726503 1.674645543 4.49200201
  endloop
endfacet
facet normal -0.9142093424 -0.4052422465 -4.424047647e-09
  outer loop
    vertex 3.61595726 1.710220337 0
    vertex 3.631726503 1.674645543 4.49200201
    vertex 3.621571541 1.697554708 4.574784756
  endloop
endfacet
facet normal -0.9142099344 -0.405240911 0
  outer loop
    vertex 3.61595726 1.710220337 0
    vertex 3.621571541 1.697554708 4.574784756
    vertex 3.61595726 1.710220337 4.631186962
  endloop
endfacet
facet normal -0.8932292794 -0.4496014396 4.590023723e-07
  outer loop
    vertex 3.527685165 1.885586977 0
    vertex 3.61595726 1.710220337 4.631186962
    vertex 3.612859726 1.716374278 4.658591747
  endloop
endfacet
facet normal -0.8700866987 -0.4928987084 0
  outer loop
    vertex 3.527685165 1.885586977 0
    vertex 3.527685165 1.885586977 10
    vertex 3.430914402 2.056411028 0
  endloop
endfacet
facet normal -0.893222145 -0.4496156133 -1.862649804e-07
  outer loop
    vertex 3.527685165 1.885586977 0
    vertex 3.612859726 1.716374278 4.658591747
    vertex 3.605468035 1.731058836 4.74322176
  endloop
endfacet
facet normal -0.8932264296 -0.4496071011 1.613119799e-07
  outer loop
    vertex 3.527685165 1.885586977 0
    vertex 3.605468035 1.731058836 4.74322176
    vertex 3.600175619 1.741573215 4.82847023
  endloop
endfacet
facet normal -0.8932193647 -0.4496211367 -3.633791484e-07
  outer loop
    vertex 3.527685165 1.885586977 0
    vertex 3.600175619 1.741573215 4.82847023
    vertex 3.596994877 1.747892022 4.914131641
  endloop
endfacet
facet normal -0.8932327276 -0.4495945888 5.689703396e-07
  outer loop
    vertex 3.527685165 1.885586977 0
    vertex 3.596994877 1.747892022 4.914131641
    vertex 3.595933914 1.75 5
  endloop
endfacet
facet normal -0.893054769 -0.449947974 -1.144300631e-05
  outer loop
    vertex 3.527685165 1.885586977 0
    vertex 3.595933914 1.75 5
    vertex 3.596994877 1.747892022 5.085868359
  endloop
endfacet
facet normal -0.7242466818 -0.6895409661 0
  outer loop
    vertex 2.963804483 2.686235905 0
    vertex 2.963804483 2.686235905 10
    vertex 2.828427076 2.828427076 0
  endloop
endfacet
facet normal -0.6895409661 -0.7242466818 0
  outer loop
    vertex 2.686235905 2.963804483 0
    vertex 2.828427076 2.828427076 0
    vertex 2.828427076 2.828427076 10
  endloop
endfacet
facet normal -0.5349977364 -0.8448534914 0
  outer loop
    vertex 2.056411028 3.430914402 0
    vertex 2.222280979 3.325878382 0
    vertex 2.222280979 3.325878382 10
  endloop
endfacet
facet normal -0.6152318145 -0.7883462529 0
  outer loop
    vertex 2.382797241 3.212830067 0
    vertex 2.537573099 3.092041731 0
    vertex 2.537573099 3.092041731 10
  endloop
endfacet
facet normal -0.5758082205 -0.8175847927 0
  outer loop
    vertex 2.222280979 3.325878382 0
    vertex 2.382797241 3.212830067 0
    vertex 2.382797241 3.212830067 10
  endloop
endfacet
facet normal -0.653172345 -0.7572092761 0
  outer loop
    vertex 2.686235905 2.963804483 0
    vertex 2.686235905 2.963804483 10
    vertex 2.537573099 3.092041731 0
  endloop
endfacet
facet normal -0.7883462529 -0.6152318145 0
  outer loop
    vertex 3.212830067 2.382797241 0
    vertex 3.212830067 2.382797241 10
    vertex 3.092041731 2.537573099 0
  endloop
endfacet
facet normal -0.8448534914 -0.5349977364 0
  outer loop
    vertex 3.325878382 2.222280979 0
    vertex 3.430914402 2.056411028 0
    vertex 3.430914402 2.056411028 10
  endloop
endfacet
facet normal -0.8175847927 -0.5758082205 0
  outer loop
    vertex 3.212830067 2.382797241 0
    vertex 3.325878382 2.222280979 0
    vertex 3.325878382 2.222280979 10
  endloop
endfacet
facet normal -0.7572092761 -0.653172345 0
  outer loop
    vertex 2.963804483 2.686235905 0
    vertex 3.092041731 2.537573099 0
    vertex 3.092041731 2.537573099 10
  endloop
endfacet
facet normal 0 0 -1
  outer loop
    vertex 2.449293705e-16 4 0
    vertex 9.797174821e-16 16 0
    vertex 0.7850828171 15.9807272 0
  endloop
endfacet
facet normal 0 0 -1
  outer loop
    vertex 0.1962707043 3.995181799 0
    vertex 0.7850828171 15.9807272 0
    vertex 1.56827426 15.92295551 0
  endloop
endfacet
facet normal 0 0 -1
  outer loop
    vertex 0.5869218707 3.956706047 0
    vertex 1.56827426 15.92295551 0
    vertex 2.347687483 15.82682419 0
  endloop
endfacet
facet normal 0 0 -1
  outer loop
    vertex 0.5869218707 3.956706047 0
    vertex 2.347687483 15.82682419 0
    vertex 3.121445179 15.69256401 0
  endloop
endfacet
facet normal 0 0 -1
  outer loop
    vertex 0.9719207287 3.880125046 0
    vertex 3.121445179 15.69256401 0
    vertex 3.887682915 15.52050018 0
  endloop
endfacet
facet normal 0 0 -1
  outer loop
    vertex 1.161138654 3.827761412 0
    vertex 3.887682915 15.52050018 0
    vertex 4.644554615 15.31104565 0
  endloop
endfacet
facet normal 0 0 -1
  outer loop
    vertex 1.161138654 3.827761412 0
    vertex 4.644554615 15.31104565 0
    vertex 5.390237808 15.0647049 0
  endloop
endfacet
facet normal 0 0 -1
  outer loop
    vertex 1.710220337 3.61595726 0
    vertex 6.122934818 14.78207207 0
    vertex 6.840881348 14.46382904 0
  endloop
endfacet
facet normal 0 0 -1
  outer loop
    vertex 1.347559452 3.766176224 0
    vertex 5.390237808 15.0647049 0
    vertex 6.122934818 14.78207207 0
  endloop
endfacet
facet normal 0 0 -1
  outer loop
    vertex 1.885586977 3.527685165 0
    vertex 6.840881348 14.46382904 0
    vertex 7.542347908 14.11074066 0
  endloop
endfacet
facet normal 0 0 -1
  outer loop
    vertex 1.885586977 3.527685165 0
    vertex 7.542347908 14.11074066 0
    vertex 8.225644112 13.72365761 0
  endloop
endfacet
facet normal 0 0 -1
  outer loop
    vertex 2.222280979 3.325878382 0
    vertex 8.889123917 13.30351353 0
    vertex 9.531188965 12.85132027 0
  endloop
endfacet
facet normal 0 0 -1
  outer loop
    vertex 2.382797241 3.212830067 0
    vertex 9.531188965 12.85132027 0
    vertex 10.1502924 12.36816692 0
  endloop
endfacet
facet normal 0 0 -1
  outer loop
    vertex 2.686235905 2.963804483 0
    vertex 10.1502924 12.36816692 0
    vertex 10.74494362 11.85521793 0
  endloop
endfacet
facet normal 0 0 -1
  outer loop
    vertex 2.056411028 3.430914402 0
    vertex 8.225644112 13.72365761 0
    vertex 8.889123917 13.30351353 0
  endloop
endfacet
facet normal 0.02454135942 0.9996988155 0
  outer loop
    vertex 9.797174821e-16 16 0
    vertex 0.7850828171 15.9807272 10
    vertex 0.7850828171 15.9807272 0
  endloop
endfacet
facet normal 0.0735645778 0.9972904556 0
  outer loop
    vertex 0.7850828171 15.9807272 0
    vertex 1.56827426 15.92295551 10
    vertex 1.56827426 15.92295551 0
  endloop
endfacet
facet normal 0.1224105154 0.9924795543 0
  outer loop
    vertex 1.56827426 15.92295551 0
    vertex 2.347687483 15.82682419 10
    vertex 2.347687483 15.82682419 0
  endloop
endfacet
facet normal 0.1709624836 0.9852775392 0
  outer loop
    vertex 2.347687483 15.82682419 0
    vertex 3.121445179 15.69256401 10
    vertex 3.121445179 15.69256401 0
  endloop
endfacet
facet normal 0.2191005007 0.9757022961 0
  outer loop
    vertex 3.121445179 15.69256401 0
    vertex 3.887682915 15.52050018 10
    vertex 3.887682915 15.52050018 0
  endloop
endfacet
facet normal 0.2667126726 0.9637760893 0
  outer loop
    vertex 3.887682915 15.52050018 0
    vertex 4.644554615 15.31104565 10
    vertex 4.644554615 15.31104565 0
  endloop
endfacet
facet normal 0.359895483 0.9329926266 0
  outer loop
    vertex 5.390237808 15.0647049 0
    vertex 6.122934818 14.78207207 10
    vertex 6.122934818 14.78207207 0
  endloop
endfacet
facet normal 0.3136820836 0.9495280672 0
  outer loop
    vertex 4.644554615 15.31104565 0
    vertex 5.390237808 15.0647049 10
    vertex 5.390237808 15.0647049 0
  endloop
endfacet
facet normal 0.4928987084 0.8700866987 0
  outer loop
    vertex 7.542347908 14.11074066 0
    vertex 8.225644112 13.72365761 10
    vertex 8.225644112 13.72365761 0
  endloop
endfacet
facet normal 0.4052404814 0.9142101248 0
  outer loop
    vertex 6.122934818 14.78207207 0
    vertex 6.840881348 14.46382904 10
    vertex 6.840881348 14.46382904 0
  endloop
endfacet
facet normal 0.4496111108 0.8932244114 0
  outer loop
    vertex 6.840881348 14.46382904 0
    vertex 7.542347908 14.11074066 10
    vertex 7.542347908 14.11074066 0
  endloop
endfacet
facet normal 0 0 -1
  outer loop
    vertex 4 0 0
    vertex 15.9807272 0.7850828171 0
    vertex 16 0 0
  endloop
endfacet
facet normal 0 0 -1
  outer loop
    vertex 3.995181799 0.1962707043 0
    vertex 15.92295551 1.56827426 0
    vertex 15.9807272 0.7850828171 0
  endloop
endfacet
facet normal 0 0 -1
  outer loop
    vertex 3.956706047 0.5869218707 0
    vertex 15.82682419 2.347687483 0
    vertex 15.92295551 1.56827426 0
  endloop
endfacet
facet normal 0 0 -1
  outer loop
    vertex 3.956706047 0.5869218707 0
    vertex 15.69256401 3.121445179 0
    vertex 15.82682419 2.347687483 0
  endloop
endfacet
facet normal 0 0 -1
  outer loop
    vertex 3.880125046 0.9719207287 0
    vertex 15.52050018 3.887682915 0
    vertex 15.69256401 3.121445179 0
  endloop
endfacet
facet normal 0 0 -1
  outer loop
    vertex 3.827761412 1.161138654 0
    vertex 15.0647049 5.390237808 0
    vertex 15.31104565 4.644554615 0
  endloop
endfacet
facet normal 0 0 -1
  outer loop
    vertex 3.827761412 1.161138654 0
    vertex 15.31104565 4.644554615 0
    vertex 15.52050018 3.887682915 0
  endloop
endfacet
facet normal 0 0 -1
  outer loop
    vertex 3.325878382 2.222280979 0
    vertex 12.85132027 9.531188965 0
    vertex 13.30351353 8.889123917 0
  endloop
endfacet
facet normal 0 0 -1
  outer loop
    vertex 3.212830067 2.382797241 0
    vertex 12.36816692 10.1502924 0
    vertex 12.85132027 9.531188965 0
  endloop
endfacet
facet normal 0 0 -1
  outer loop
    vertex 2.963804483 2.686235905 0
    vertex 11.85521793 10.74494362 0
    vertex 12.36816692 10.1502924 0
  endloop
endfacet
facet normal 0 0 -1
  outer loop
    vertex 3.61595726 1.710220337 0
    vertex 14.46382904 6.840881348 0
    vertex 14.78207207 6.122934818 0
  endloop
endfacet
facet normal 0 0 -1
  outer loop
    vertex 3.527685165 1.885586977 0
    vertex 13.72365761 8.225644112 0
    vertex 14.11074066 7.542347908 0
  endloop
endfacet
facet normal 0 0 -1
  outer loop
    vertex 3.527685165 1.885586977 0
    vertex 14.11074066 7.542347908 0
    vertex 14.46382904 6.840881348 0
  endloop
endfacet
facet normal 0 0 -1
  outer loop
    vertex 3.766176224 1.347559452 0
    vertex 14.78207207 6.122934818 0
    vertex 15.0647049 5.390237808 0
  endloop
endfacet
facet normal 0 0 -1
  outer loop
    vertex 3.430914402 2.056411028 0
    vertex 13.30351353 8.889123917 0
    vertex 13.72365761 8.225644112 0
  endloop
endfacet
facet normal 0.9996988155 0.02454135942 6.098291123e-08
  outer loop
    vertex 16 0 0
    vertex 15.9807272 0.7850828171 0
    vertex 15.99369621 0.2567783296 3.268941164
  endloop
endfacet
facet normal 0.9972904556 0.0735645778 0
  outer loop
    vertex 15.9807272 0.7850828171 0
    vertex 15.92295551 1.56827426 0
    vertex 15.9807272 0.7850828171 3.436573267
  endloop
endfacet
facet normal 0.9924795543 0.1224105154 0
  outer loop
    vertex 15.92295551 1.56827426 0
    vertex 15.82682419 2.347687483 0
    vertex 15.92295551 1.56827426 4.224547386
  endloop
endfacet
facet normal 0.9996989134 0.02453737173 0
  outer loop
    vertex 16 0 0
    vertex 15.99789238 0.08586843312 3.252107859
    vertex 16 0 3.25
  endloop
endfacet
facet normal 0.9996988247 0.02454098591 -9.548603125e-08
  outer loop
    vertex 16 0 0
    vertex 15.99578953 0.1715299934 3.258426666
    vertex 15.99789238 0.08586843312 3.252107859
  endloop
endfacet
facet normal 0.9996986487 0.02454815388 -4.730498081e-07
  outer loop
    vertex 16 0 0
    vertex 15.99369621 0.2567783296 3.268941164
    vertex 15.99578953 0.1715299934 3.258426666
  endloop
endfacet
facet normal 0.9996989432 0.02453615816 -7.801170157e-07
  outer loop
    vertex 15.9807272 0.7850828171 0
    vertex 15.99161911 0.3414080739 3.283625841
    vertex 15.99369621 0.2567783296 3.268941164
  endloop
endfacet
facet normal 0.9996986258 0.02454908403 9.674439884e-07
  outer loop
    vertex 15.9807272 0.7850828171 0
    vertex 15.98956108 0.4252153039 3.302445412
    vertex 15.99161911 0.3414080739 3.283625841
  endloop
endfacet
facet normal 0.9996990722 0.02453090114 -1.015138889e-06
  outer loop
    vertex 15.9807272 0.7850828171 0
    vertex 15.98752975 0.5079981685 3.325354338
    vertex 15.98956108 0.4252153039 3.302445412
  endloop
endfacet
facet normal 0.9996986555 0.02454787642 4.001757744e-07
  outer loop
    vertex 15.9807272 0.7850828171 0
    vertex 15.98552704 0.5895572305 3.352297783
    vertex 15.98752975 0.5079981685 3.325354338
  endloop
endfacet
facet normal 0.999698779 0.02454284477 1.065238212e-07
  outer loop
    vertex 15.9807272 0.7850828171 0
    vertex 15.98355961 0.669696033 3.383210897
    vertex 15.98552704 0.5895572305 3.352297783
  endloop
endfacet
facet normal 0.9996989158 0.02453727423 -8.357789803e-08
  outer loop
    vertex 15.9807272 0.7850828171 0
    vertex 15.98163223 0.7482213974 3.418018818
    vertex 15.98355961 0.669696033 3.383210897
  endloop
endfacet
facet normal 0.9996987256 0.02454501942 -0
  outer loop
    vertex 15.9807272 0.7850828171 0
    vertex 15.9807272 0.7850828171 3.436573267
    vertex 15.98163223 0.7482213974 3.418018818
  endloop
endfacet
facet normal 0.9972907579 0.07356048024 -9.389100448e-07
  outer loop
    vertex 15.92295551 1.56827426 0
    vertex 15.97778702 0.8249443173 3.456637859
    vertex 15.9807272 0.7850828171 3.436573267
  endloop
endfacet
facet normal 0.9972901297 0.07356899641 9.024076076e-07
  outer loop
    vertex 15.92295551 1.56827426 0
    vertex 15.97227383 0.89967978 3.498975039
    vertex 15.97778702 0.8249443173 3.456637859
  endloop
endfacet
facet normal 0.9972904337 0.07356487557 1.107004571e-07
  outer loop
    vertex 15.92295551 1.56827426 0
    vertex 15.96692085 0.9722478986 3.544928074
    vertex 15.97227383 0.89967978 3.498975039
  endloop
endfacet
facet normal 0.9972902864 0.07356687254 4.482875527e-07
  outer loop
    vertex 15.92295551 1.56827426 0
    vertex 15.96174049 1.042473793 3.594386816
    vertex 15.96692085 0.9722478986 3.544928074
  endloop
endfacet
facet normal 0.9972909721 0.07355757613 -9.190257037e-07
  outer loop
    vertex 15.92295551 1.56827426 0
    vertex 15.9567461 1.110188246 3.647231817
    vertex 15.96174049 1.042473793 3.594386816
  endloop
endfacet
facet normal 0.9972901438 0.07356880546 4.990331863e-07
  outer loop
    vertex 15.92295551 1.56827426 0
    vertex 15.95194817 1.175228119 3.703335524
    vertex 15.9567461 1.110188246 3.647231817
  endloop
endfacet
facet normal 0.997290154 0.07356866724 4.842839066e-07
  outer loop
    vertex 15.92295551 1.56827426 0
    vertex 15.94735909 1.237436891 3.762563229
    vertex 15.95194817 1.175228119 3.703335524
  endloop
endfacet
facet normal 0.9972905864 0.07356280462 -3.401339008e-08
  outer loop
    vertex 15.92295551 1.56827426 0
    vertex 15.9429903 1.296664476 3.824771881
    vertex 15.94735909 1.237436891 3.762563229
  endloop
endfacet
facet normal 0.9972910349 0.07355672429 -4.681474683e-07
  outer loop
    vertex 15.92295551 1.56827426 0
    vertex 15.93885231 1.352768302 3.889811754
    vertex 15.9429903 1.296664476 3.824771881
  endloop
endfacet
facet normal 0.9972897455 0.07357420381 5.055342406e-07
  outer loop
    vertex 15.92295551 1.56827426 0
    vertex 15.93495369 1.405613184 3.957526207
    vertex 15.93885231 1.352768302 3.889811754
  endloop
endfacet
facet normal 0.9972911422 0.07355526924 -2.769435299e-07
  outer loop
    vertex 15.92295551 1.56827426 0
    vertex 15.93130589 1.455071807 4.027751923
    vertex 15.93495369 1.405613184 3.957526207
  endloop
endfacet
facet normal 0.9972910018 0.07355717381 -2.231231961e-07
  outer loop
    vertex 15.92295551 1.56827426 0
    vertex 15.92791653 1.501025081 4.100320339
    vertex 15.93130589 1.455071807 4.027751923
  endloop
endfacet
facet normal 0.9972899309 0.07357169082 1.626525401e-08
  outer loop
    vertex 15.92295551 1.56827426 0
    vertex 15.92479324 1.54336226 4.175055504
    vertex 15.92791653 1.501025081 4.100320339
  endloop
endfacet
facet normal 0.9972901309 0.07356897964 -0
  outer loop
    vertex 15.92295551 1.56827426 0
    vertex 15.92295551 1.56827426 4.224547386
    vertex 15.92479324 1.54336226 4.175055504
  endloop
endfacet
facet normal 0.9924778519 0.1224243176 2.58519473e-06
  outer loop
    vertex 15.82682419 2.347687483 0
    vertex 15.92126465 1.581981301 4.251778603
    vertex 15.92295551 1.56827426 4.224547386
  endloop
endfacet
facet normal 0.9924811766 0.1223973618 -2.34313936e-06
  outer loop
    vertex 15.82682419 2.347687483 0
    vertex 15.91697216 1.616789222 4.330304146
    vertex 15.92126465 1.581981301 4.251778603
  endloop
endfacet
facet normal 0.9924793846 0.1224118916 1.466016574e-07
  outer loop
    vertex 15.82682419 2.347687483 0
    vertex 15.91315937 1.647702098 4.410442829
    vertex 15.91697216 1.616789222 4.330304146
  endloop
endfacet
facet normal 0.9924783192 0.1224205289 1.5382849e-06
  outer loop
    vertex 15.82682419 2.347687483 0
    vertex 15.90983582 1.674645543 4.49200201
    vertex 15.91315937 1.647702098 4.410442829
  endloop
endfacet
facet normal 0.9924789958 0.1224150432 7.038538571e-07
  outer loop
    vertex 15.82682419 2.347687483 0
    vertex 15.90701008 1.697554708 4.574784756
    vertex 15.90983582 1.674645543 4.49200201
  endloop
endfacet
facet normal 0.9924792818 0.1224127249 3.693899802e-07
  outer loop
    vertex 15.82682419 2.347687483 0
    vertex 15.90468884 1.716374278 4.658591747
    vertex 15.90701008 1.697554708 4.574784756
  endloop
endfacet
facet normal 0.9924802141 0.1224051655 -6.706160483e-07
  outer loop
    vertex 15.82682419 2.347687483 0
    vertex 15.90287781 1.731058836 4.74322176
    vertex 15.90468884 1.716374278 4.658591747
  endloop
endfacet
facet normal 0.9924786005 0.1224182486 1.056089764e-06
  outer loop
    vertex 15.82682419 2.347687483 0
    vertex 15.90158081 1.741573215 4.82847023
    vertex 15.90287781 1.731058836 4.74322176
  endloop
endfacet
facet normal 0.9924809931 0.1223988491 -1.416160646e-06
  outer loop
    vertex 15.82682419 2.347687483 0
    vertex 15.90080166 1.747892022 4.914131641
    vertex 15.90158081 1.741573215 4.82847023
  endloop
endfacet
facet normal 0.992485272 0.1223641486 -5.715947757e-06
  outer loop
    vertex 15.82682419 2.347687483 0
    vertex 15.90054226 1.75 5
    vertex 15.90080166 1.747892022 4.914131641
  endloop
endfacet
facet normal 0.9924706492 0.1224826943 8.670292021e-06
  outer loop
    vertex 15.82682419 2.347687483 0
    vertex 15.90080166 1.747892022 5.085868359
    vertex 15.90054226 1.75 5
  endloop
endfacet
facet normal 0.9852775392 0.1709624836 0
  outer loop
    vertex 15.82682419 2.347687483 0
    vertex 15.69256401 3.121445179 0
    vertex 15.82682419 2.347687483 10
  endloop
endfacet
facet normal 0.9757022961 0.2191005007 0
  outer loop
    vertex 15.69256401 3.121445179 0
    vertex 15.52050018 3.887682915 0
    vertex 15.69256401 3.121445179 10
  endloop
endfacet
facet normal 0.8700866987 0.4928987084 0
  outer loop
    vertex 14.11074066 7.542347908 0
    vertex 13.72365761 8.225644112 0
    vertex 14.11074066 7.542347908 10
  endloop
endfacet
facet normal 0.9329926266 0.359895483 0
  outer loop
    vertex 15.0647049 5.390237808 0
    vertex 14.78207207 6.122934818 0
    vertex 15.0647049 5.390237808 10
  endloop
endfacet
facet normal 0.9637760893 0.2667126726 0
  outer loop
    vertex 15.52050018 3.887682915 0
    vertex 15.31104565 4.644554615 0
    vertex 15.52050018 3.887682915 10
  endloop
endfacet
facet normal 0.9495280672 0.3136820836 0
  outer loop
    vertex 15.31104565 4.644554615 0
    vertex 15.0647049 5.390237808 0
    vertex 15.31104565 4.644554615 10
  endloop
endfacet
facet normal 0.9142101248 0.4052404814 0
  outer loop
    vertex 14.46382904 6.840881348 0
    vertex 14.78207207 6.122934818 10
    vertex 14.78207207 6.122934818 0
  endloop
endfacet
facet normal 0.8932244114 0.4496111108 0
  outer loop
    vertex 14.46382904 6.840881348 0
    vertex 14.11074066 7.542347908 0
    vertex 14.46382904 6.840881348 10
  endloop
endfacet
facet normal 0 0 -1
  outer loop
    vertex 2.686235905 2.963804483 0
    vertex 10.74494362 11.85521793 0
    vertex 11.31370831 11.31370831 0
  endloop
endfacet
facet normal 0 0 -1
  outer loop
    vertex 2.963804483 2.686235905 0
    vertex 11.31370831 11.31370831 0
    vertex 11.85521793 10.74494362 0
  endloop
endfacet
facet normal 0.7242466818 0.6895409661 0
  outer loop
    vertex 11.85521793 10.74494362 0
    vertex 11.31370831 11.31370831 0
    vertex 11.85521793 10.74494362 10
  endloop
endfacet
facet normal 0.6895409661 0.7242466818 0
  outer loop
    vertex 10.74494362 11.85521793 0
    vertex 11.31370831 11.31370831 10
    vertex 11.31370831 11.31370831 0
  endloop
endfacet
facet normal 0.5349977364 0.8448534914 0
  outer loop
    vertex 8.225644112 13.72365761 0
    vertex 8.889123917 13.30351353 10
    vertex 8.889123917 13.30351353 0
  endloop
endfacet
facet normal 0.6152318145 0.7883462529 0
  outer loop
    vertex 9.531188965 12.85132027 0
    vertex 10.1502924 12.36816692 10
    vertex 10.1502924 12.36816692 0
  endloop
endfacet
facet normal 0.5758082205 0.8175847927 0
  outer loop
    vertex 8.889123917 13.30351353 0
    vertex 9.531188965 12.85132027 10
    vertex 9.531188965 12.85132027 0
  endloop
endfacet
facet normal 0.653172345 0.7572092761 0
  outer loop
    vertex 10.74494362 11.85521793 0
    vertex 10.1502924 12.36816692 0
    vertex 10.74494362 11.85521793 10
  endloop
endfacet
facet normal 0.7883462529 0.6152318145 0
  outer loop
    vertex 12.85132027 9.531188965 0
    vertex 12.36816692 10.1502924 0
    vertex 12.85132027 9.531188965 10
  endloop
endfacet
facet normal 0.8448534914 0.5349977364 0
  outer loop
    vertex 13.30351353 8.889123917 0
    vertex 13.72365761 8.225644112 10
    vertex 13.72365761 8.225644112 0
  endloop
endfacet
facet normal 0.8175847927 0.5758082205 0
  outer loop
    vertex 12.85132027 9.531188965 0
    vertex 13.30351353 8.889123917 10
    vertex 13.30351353 8.889123917 0
  endloop
endfacet
facet normal 0.7572092761 0.653172345 0
  outer loop
    vertex 11.85521793 10.74494362 0
    vertex 12.36816692 10.1502924 10
    vertex 12.36816692 10.1502924 0
  endloop
endfacet
facet normal -0.89322487 -0.4496101996 2.002809135e-08
  outer loop
    vertex 3.527685165 1.885586977 0
    vertex 3.596994877 1.747892022 5.085868359
    vertex 3.61595726 1.710220337 10
  endloop
endfacet
facet normal -0.02454135942 -0.9996988155 0
  outer loop
    vertex 2.449293705e-16 4 0
    vertex 0.1962707043 3.995181799 10
    vertex 2.449293705e-16 4 10
  endloop
endfacet
facet normal -0.0735645778 -0.9972904556 0
  outer loop
    vertex 0.1962707043 3.995181799 0
    vertex 0.3920685649 3.980738878 10
    vertex 0.1962707043 3.995181799 10
  endloop
endfacet
facet normal -0.1224105154 -0.9924795543 0
  outer loop
    vertex 0.3920685649 3.980738878 0
    vertex 0.5869218707 3.956706047 10
    vertex 0.3920685649 3.980738878 10
  endloop
endfacet
facet normal -0.1709624836 -0.9852775392 0
  outer loop
    vertex 0.5869218707 3.956706047 0
    vertex 0.7803612947 3.923141003 10
    vertex 0.5869218707 3.956706047 10
  endloop
endfacet
facet normal -0.2191005007 -0.9757022961 0
  outer loop
    vertex 0.7803612947 3.923141003 0
    vertex 0.9719207287 3.880125046 10
    vertex 0.7803612947 3.923141003 10
  endloop
endfacet
facet normal -0.2667126726 -0.9637760893 0
  outer loop
    vertex 0.9719207287 3.880125046 0
    vertex 1.161138654 3.827761412 10
    vertex 0.9719207287 3.880125046 10
  endloop
endfacet
facet normal -0.3136820836 -0.9495280672 0
  outer loop
    vertex 1.161138654 3.827761412 0
    vertex 1.347559452 3.766176224 10
    vertex 1.161138654 3.827761412 10
  endloop
endfacet
facet normal -0.359895483 -0.9329926266 0
  outer loop
    vertex 1.347559452 3.766176224 0
    vertex 1.530733705 3.695518017 10
    vertex 1.347559452 3.766176224 10
  endloop
endfacet
facet normal -0.4928987084 -0.8700866987 0
  outer loop
    vertex 1.885586977 3.527685165 0
    vertex 2.056411028 3.430914402 10
    vertex 1.885586977 3.527685165 10
  endloop
endfacet
facet normal -0.4052404814 -0.9142101248 0
  outer loop
    vertex 1.530733705 3.695518017 0
    vertex 1.710220337 3.61595726 10
    vertex 1.530733705 3.695518017 10
  endloop
endfacet
facet normal -0.4496111108 -0.8932244114 0
  outer loop
    vertex 1.710220337 3.61595726 0
    vertex 1.885586977 3.527685165 10
    vertex 1.710220337 3.61595726 10
  endloop
endfacet
facet normal -0.8700866987 -0.4928987084 0
  outer loop
    vertex 3.430914402 2.056411028 0
    vertex 3.527685165 1.885586977 10
    vertex 3.430914402 2.056411028 10
  endloop
endfacet
facet normal -0.8932244114 -0.4496111108 0
  outer loop
    vertex 3.527685165 1.885586977 0
    vertex 3.61595726 1.710220337 10
    vertex 3.527685165 1.885586977 10
  endloop
endfacet
facet normal -0.89321664 -0.4496265495 -1.370674404e-07
  outer loop
    vertex 3.61595726 1.710220337 10
    vertex 3.596994877 1.747892022 5.085868359
    vertex 3.600175619 1.741573215 5.17152977
  endloop
endfacet
facet normal -0.893227057 -0.4496058548 3.135772373e-08
  outer loop
    vertex 3.61595726 1.710220337 10
    vertex 3.600175619 1.741573215 5.17152977
    vertex 3.605468035 1.731058836 5.25677824
  endloop
endfacet
facet normal -0.8932216495 -0.4496165975 -2.779678384e-08
  outer loop
    vertex 3.61595726 1.710220337 10
    vertex 3.605468035 1.731058836 5.25677824
    vertex 3.612859726 1.716374278 5.341408253
  endloop
endfacet
facet normal -0.8932301003 -0.4495998087 0
  outer loop
    vertex 3.61595726 1.710220337 10
    vertex 3.612859726 1.716374278 5.341408253
    vertex 3.61595726 1.710220337 5.368813038
  endloop
endfacet
facet normal -0.9142099344 -0.405240911 -0
  outer loop
    vertex 3.61595726 1.710220337 10
    vertex 3.61595726 1.710220337 5.368813038
    vertex 3.621571541 1.697554708 5.425215244
  endloop
endfacet
facet normal -0.9142093424 -0.4052422465 4.424047647e-09
  outer loop
    vertex 3.61595726 1.710220337 10
    vertex 3.621571541 1.697554708 5.425215244
    vertex 3.631726503 1.674645543 5.50799799
  endloop
endfacet
facet normal -0.9142110518 -0.4052383899 -3.211966617e-08
  outer loop
    vertex 3.61595726 1.710220337 10
    vertex 3.631726503 1.674645543 5.50799799
    vertex 3.643669605 1.647702098 5.589557171
  endloop
endfacet
facet normal -0.9142108771 -0.4052387842 -2.543222114e-08
  outer loop
    vertex 3.61595726 1.710220337 10
    vertex 3.643669605 1.647702098 5.589557171
    vertex 3.657372236 1.616789222 5.669695854
  endloop
endfacet
facet normal -0.914210081 -0.4052405801 2.093015722e-08
  outer loop
    vertex 3.61595726 1.710220337 10
    vertex 3.657372236 1.616789222 5.669695854
    vertex 3.672801495 1.581981301 5.748221397
  endloop
endfacet
facet normal -0.9329924737 -0.3598958794 1.916547381e-08
  outer loop
    vertex 3.695518017 1.530733705 10
    vertex 3.706977844 1.501025081 5.899679661
    vertex 3.724704027 1.455071807 5.972248077
  endloop
endfacet
facet normal -0.9329930549 -0.3598943727 -1.335130186e-08
  outer loop
    vertex 3.695518017 1.530733705 10
    vertex 3.724704027 1.455071807 5.972248077
    vertex 3.743782282 1.405613184 6.042473793
  endloop
endfacet
facet normal -0.9329926346 -0.3598954624 2.732503501e-08
  outer loop
    vertex 3.766176224 1.347559452 10
    vertex 3.743782282 1.405613184 6.042473793
    vertex 3.764166832 1.352768302 6.110188484
  endloop
endfacet
facet normal -0.9329857827 -0.3599132247 0
  outer loop
    vertex 3.766176224 1.347559452 10
    vertex 3.764166832 1.352768302 6.110188484
    vertex 3.766176224 1.347559452 6.11622715
  endloop
endfacet
facet normal -0.9495276931 -0.313683216 -0
  outer loop
    vertex 3.766176224 1.347559452 10
    vertex 3.766176224 1.347559452 6.11622715
    vertex 3.78298974 1.296664476 6.175228119
  endloop
endfacet
facet normal -0.9495286087 -0.3136804444 -4.090636818e-08
  outer loop
    vertex 3.766176224 1.347559452 10
    vertex 3.78298974 1.296664476 6.175228119
    vertex 3.802555799 1.237436891 6.237436771
  endloop
endfacet
facet normal -0.9142093224 -0.4052422915 -8.737883765e-09
  outer loop
    vertex 3.695518017 1.530733705 10
    vertex 3.672801495 1.581981301 5.748221397
    vertex 3.689920187 1.54336226 5.824944496
  endloop
endfacet
facet normal -0.9142103926 -0.4052398771 0
  outer loop
    vertex 3.695518017 1.530733705 10
    vertex 3.689920187 1.54336226 5.824944496
    vertex 3.695518017 1.530733705 5.84723711
  endloop
endfacet
facet normal -0.9329933619 -0.3598935769 -0
  outer loop
    vertex 3.695518017 1.530733705 10
    vertex 3.695518017 1.530733705 5.84723711
    vertex 3.706977844 1.501025081 5.899679661
  endloop
endfacet
facet normal -0.6895409661 -0.7242466818 0
  outer loop
    vertex 2.686235905 2.963804483 0
    vertex 2.828427076 2.828427076 10
    vertex 2.686235905 2.963804483 10
  endloop
endfacet
facet normal -0.7242466818 -0.6895409661 0
  outer loop
    vertex 2.828427076 2.828427076 0
    vertex 2.963804483 2.686235905 10
    vertex 2.828427076 2.828427076 10
  endloop
endfacet
facet normal -0.5349977364 -0.8448534914 0
  outer loop
    vertex 2.056411028 3.430914402 0
    vertex 2.222280979 3.325878382 10
    vertex 2.056411028 3.430914402 10
  endloop
endfacet
facet normal -0.6152318145 -0.7883462529 0
  outer loop
    vertex 2.382797241 3.212830067 0
    vertex 2.537573099 3.092041731 10
    vertex 2.382797241 3.212830067 10
  endloop
endfacet
facet normal -0.5758082205 -0.8175847927 0
  outer loop
    vertex 2.222280979 3.325878382 0
    vertex 2.382797241 3.212830067 10
    vertex 2.222280979 3.325878382 10
  endloop
endfacet
facet normal -0.653172345 -0.7572092761 0
  outer loop
    vertex 2.537573099 3.092041731 0
    vertex 2.686235905 2.963804483 10
    vertex 2.537573099 3.092041731 10
  endloop
endfacet
facet normal -0.7883462529 -0.6152318145 0
  outer loop
    vertex 3.092041731 2.537573099 0
    vertex 3.212830067 2.382797241 10
    vertex 3.092041731 2.537573099 10
  endloop
endfacet
facet normal -0.8448534914 -0.5349977364 0
  outer loop
    vertex 3.325878382 2.222280979 0
    vertex 3.430914402 2.056411028 10
    vertex 3.325878382 2.222280979 10
  endloop
endfacet
facet normal -0.8175847927 -0.5758082205 0
  outer loop
    vertex 3.212830067 2.382797241 0
    vertex 3.325878382 2.222280979 10
    vertex 3.212830067 2.382797241 10
  endloop
endfacet
facet normal -0.7572092761 -0.653172345 0
  outer loop
    vertex 2.963804483 2.686235905 0
    vertex 3.092041731 2.537573099 10
    vertex 2.963804483 2.686235905 10
  endloop
endfacet
facet normal -0.9924798873 -0.1224078159 0
  outer loop
    vertex 3.980738878 0.3920685649 10
    vertex 3.976650715 0.4252153039 6.697554588
    vertex 3.980738878 0.3920685649 6.704998016
  endloop
endfacet
facet normal -0.9972904126 -0.07356516058 -0
  outer loop
    vertex 3.980738878 0.3920685649 10
    vertex 3.980738878 0.3920685649 6.704998016
    vertex 3.984475851 0.3414080739 6.716374397
  endloop
endfacet
facet normal -0.9757021559 -0.2191011249 -0
  outer loop
    vertex 3.880125046 0.9719207287 10
    vertex 3.880125046 0.9719207287 6.455278873
    vertex 3.896347284 0.89967978 6.5010252
  endloop
endfacet
facet normal -0.9637314113 -0.2668740654 0
  outer loop
    vertex 3.880125046 0.9719207287 10
    vertex 3.880034447 0.9722478986 6.455071926
    vertex 3.880125046 0.9719207287 6.455278873
  endloop
endfacet
facet normal -0.9852777674 -0.1709611683 -2.07481696e-08
  outer loop
    vertex 3.923141003 0.7803612947 10
    vertex 3.928717852 0.7482213974 6.581981182
    vertex 3.942343235 0.669696033 6.616789341
  endloop
endfacet
facet normal -0.9852771047 -0.1709649873 0
  outer loop
    vertex 3.956706047 0.5869218707 10
    vertex 3.95624876 0.5895572305 6.647702217
    vertex 3.956706047 0.5869218707 6.648572922
  endloop
endfacet
facet normal -0.9924795582 -0.1224104842 -2.90596848e-08
  outer loop
    vertex 3.956706047 0.5869218707 10
    vertex 3.966440439 0.5079981685 6.674645424
    vertex 3.976650715 0.4252153039 6.697554588
  endloop
endfacet
facet normal -0.9924794094 -0.1224116902 -0
  outer loop
    vertex 3.956706047 0.5869218707 10
    vertex 3.956706047 0.5869218707 6.648572922
    vertex 3.966440439 0.5079981685 6.674645424
  endloop
endfacet
facet normal -0.9852773893 -0.1709633475 5.268090686e-08
  outer loop
    vertex 3.923141003 0.7803612947 10
    vertex 3.942343235 0.669696033 6.616789341
    vertex 3.95624876 0.5895572305 6.647702217
  endloop
endfacet
facet normal -0.975702214 -0.219100866 0
  outer loop
    vertex 3.923141003 0.7803612947 10
    vertex 3.913129568 0.8249443173 6.543362141
    vertex 3.923141003 0.7803612947 6.565803528
  endloop
endfacet
facet normal -0.9852773957 -0.1709633103 -0
  outer loop
    vertex 3.923141003 0.7803612947 10
    vertex 3.923141003 0.7803612947 6.565803528
    vertex 3.928717852 0.7482213974 6.581981182
  endloop
endfacet
facet normal -0.9757024767 -0.2190996962 -3.098484572e-08
  outer loop
    vertex 3.880125046 0.9719207287 10
    vertex 3.896347284 0.89967978 6.5010252
    vertex 3.913129568 0.8249443173 6.543362141
  endloop
endfacet
facet normal -0.9996988452 -0.02454014757 -7.322889975e-08
  outer loop
    vertex 3.995181799 0.1962707043 10
    vertex 3.997892141 0.08586843312 6.747891903
    vertex 4 0 6.75
  endloop
endfacet
facet normal -0.9996987566 -0.02454375598 4.934270818e-08
  outer loop
    vertex 3.995181799 0.1962707043 10
    vertex 3.995789051 0.1715299934 6.741573334
    vertex 3.997892141 0.08586843312 6.747891903
  endloop
endfacet
facet normal -0.9972905955 -0.07356268194 0
  outer loop
    vertex 3.995181799 0.1962707043 10
    vertex 3.990718603 0.2567783296 6.731059074
    vertex 3.995181799 0.1962707043 6.738522053
  endloop
endfacet
facet normal -0.9996989161 -0.02453726131 -0
  outer loop
    vertex 3.995181799 0.1962707043 10
    vertex 3.995181799 0.1962707043 6.738522053
    vertex 3.995789051 0.1715299934 6.741573334
  endloop
endfacet
facet normal -0.9972903815 -0.07356558329 6.557137372e-09
  outer loop
    vertex 3.980738878 0.3920685649 10
    vertex 3.984475851 0.3414080739 6.716374397
    vertex 3.990718603 0.2567783296 6.731059074
  endloop
endfacet
facet normal -0.9495258652 -0.313688749 0
  outer loop
    vertex 3.827761412 1.161138654 10
    vertex 3.823106766 1.175228119 6.296664238
    vertex 3.827761412 1.161138654 6.308817863
  endloop
endfacet
facet normal -0.9637762626 -0.2667120464 -0
  outer loop
    vertex 3.827761412 1.161138654 10
    vertex 3.827761412 1.161138654 6.308817863
    vertex 3.841861248 1.110188246 6.352768421
  endloop
endfacet
facet normal -0.9637756674 -0.2667141973 3.234709272e-08
  outer loop
    vertex 3.827761412 1.161138654 10
    vertex 3.841861248 1.110188246 6.352768421
    vertex 3.860600471 1.042473793 6.405612946
  endloop
endfacet
facet normal -0.9637765696 -0.2667109369 -8.353371539e-08
  outer loop
    vertex 3.827761412 1.161138654 10
    vertex 3.860600471 1.042473793 6.405612946
    vertex 3.880034447 0.9722478986 6.455071926
  endloop
endfacet
facet normal -0.9495283401 -0.3136812576 -1.450839386e-08
  outer loop
    vertex 3.766176224 1.347559452 10
    vertex 3.802555799 1.237436891 6.237436771
    vertex 3.823106766 1.175228119 6.296664238
  endloop
endfacet
facet normal -0.9329926266 -0.359895483 2.697749465e-08
  outer loop
    vertex 3.766176224 1.347559452 10
    vertex 3.695518017 1.530733705 10
    vertex 3.743782282 1.405613184 6.042473793
  endloop
endfacet
facet normal -0.9142101248 -0.4052404814 1.736618886e-08
  outer loop
    vertex 3.61595726 1.710220337 10
    vertex 3.672801495 1.581981301 5.748221397
    vertex 3.695518017 1.530733705 10
  endloop
endfacet
facet normal -0.9924795543 -0.1224105154 -2.750688274e-08
  outer loop
    vertex 3.980738878 0.3920685649 10
    vertex 3.956706047 0.5869218707 10
    vertex 3.976650715 0.4252153039 6.697554588
  endloop
endfacet
facet normal -0.9996988155 -0.02454135942 0
  outer loop
    vertex 3.995181799 0.1962707043 10
    vertex 4 0 6.75
    vertex 4 0 10
  endloop
endfacet
facet normal -0.9972904556 -0.0735645778 -3.528300455e-08
  outer loop
    vertex 3.995181799 0.1962707043 10
    vertex 3.980738878 0.3920685649 10
    vertex 3.990718603 0.2567783296 6.731059074
  endloop
endfacet
facet normal -0.9852775392 -0.1709624836 2.027524188e-09
  outer loop
    vertex 3.956706047 0.5869218707 10
    vertex 3.923141003 0.7803612947 10
    vertex 3.95624876 0.5895572305 6.647702217
  endloop
endfacet
facet normal -0.9757022961 -0.2191005007 4.949333635e-09
  outer loop
    vertex 3.923141003 0.7803612947 10
    vertex 3.880125046 0.9719207287 10
    vertex 3.913129568 0.8249443173 6.543362141
  endloop
endfacet
facet normal -0.9637760893 -0.2667126726 1.603718158e-08
  outer loop
    vertex 3.880125046 0.9719207287 10
    vertex 3.827761412 1.161138654 10
    vertex 3.880034447 0.9722478986 6.455071926
  endloop
endfacet
facet normal -0.9495280672 -0.3136820836 2.812619641e-08
  outer loop
    vertex 3.827761412 1.161138654 10
    vertex 3.766176224 1.347559452 10
    vertex 3.823106766 1.175228119 6.296664238
  endloop
endfacet
facet normal 0 -0 1
  outer loop
    vertex 0.1962707043 3.995181799 10
    vertex 0.7850828171 15.9807272 10
    vertex 2.449293705e-16 4 10
  endloop
endfacet
facet normal -0 0 1
  outer loop
    vertex 0.1962707043 3.995181799 10
    vertex 0.3920685649 3.980738878 10
    vertex 1.56827426 15.92295551 10
  endloop
endfacet
facet normal -0 0 1
  outer loop
    vertex 0.3920685649 3.980738878 10
    vertex 0.5869218707 3.956706047 10
    vertex 1.56827426 15.92295551 10
  endloop
endfacet
facet normal -0 0 1
  outer loop
    vertex 0.5869218707 3.956706047 10
    vertex 0.7803612947 3.923141003 10
    vertex 3.121445179 15.69256401 10
  endloop
endfacet
facet normal -0 0 1
  outer loop
    vertex 0.7803612947 3.923141003 10
    vertex 0.9719207287 3.880125046 10
    vertex 3.121445179 15.69256401 10
  endloop
endfacet
facet normal -0 0 1
  outer loop
    vertex 0.9719207287 3.880125046 10
    vertex 1.161138654 3.827761412 10
    vertex 3.887682915 15.52050018 10
  endloop
endfacet
facet normal -0 0 1
  outer loop
    vertex 1.161138654 3.827761412 10
    vertex 1.347559452 3.766176224 10
    vertex 5.390237808 15.0647049 10
  endloop
endfacet
facet normal -0 0 1
  outer loop
    vertex 1.530733705 3.695518017 10
    vertex 1.710220337 3.61595726 10
    vertex 6.122934818 14.78207207 10
  endloop
endfacet
facet normal -0 0 1
  outer loop
    vertex 1.347559452 3.766176224 10
    vertex 1.530733705 3.695518017 10
    vertex 6.122934818 14.78207207 10
  endloop
endfacet
facet normal -0 0 1
  outer loop
    vertex 1.710220337 3.61595726 10
    vertex 1.885586977 3.527685165 10
    vertex 6.840881348 14.46382904 10
  endloop
endfacet
facet normal -0 0 1
  outer loop
    vertex 3.995181799 0.1962707043 10
    vertex 4 0 10
    vertex 15.9807272 0.7850828171 10
  endloop
endfacet
facet normal 0 -0 1
  outer loop
    vertex 3.995181799 0.1962707043 10
    vertex 15.92295551 1.56827426 10
    vertex 3.980738878 0.3920685649 10
  endloop
endfacet
facet normal 0 -0 1
  outer loop
    vertex 3.980738878 0.3920685649 10
    vertex 15.92295551 1.56827426 10
    vertex 3.956706047 0.5869218707 10
  endloop
endfacet
facet normal 0 -0 1
  outer loop
    vertex 3.956706047 0.5869218707 10
    vertex 15.69256401 3.121445179 10
    vertex 3.923141003 0.7803612947 10
  endloop
endfacet
facet normal 0 -0 1
  outer loop
    vertex 3.923141003 0.7803612947 10
    vertex 15.69256401 3.121445179 10
    vertex 3.880125046 0.9719207287 10
  endloop
endfacet
facet normal 0 -0 1
  outer loop
    vertex 3.880125046 0.9719207287 10
    vertex 15.52050018 3.887682915 10
    vertex 3.827761412 1.161138654 10
  endloop
endfacet
facet normal 0 -0 1
  outer loop
    vertex 3.827761412 1.161138654 10
    vertex 15.0647049 5.390237808 10
    vertex 3.766176224 1.347559452 10
  endloop
endfacet
facet normal 0 -0 1
  outer loop
    vertex 3.61595726 1.710220337 10
    vertex 14.46382904 6.840881348 10
    vertex 3.527685165 1.885586977 10
  endloop
endfacet
facet normal -0 0 1
  outer loop
    vertex 3.61595726 1.710220337 10
    vertex 3.695518017 1.530733705 10
    vertex 14.78207207 6.122934818 10
  endloop
endfacet
facet normal 0 -0 1
  outer loop
    vertex 3.766176224 1.347559452 10
    vertex 14.78207207 6.122934818 10
    vertex 3.695518017 1.530733705 10
  endloop
endfacet
facet normal -0 0 1
  outer loop
    vertex 2.686235905 2.963804483 10
    vertex 2.828427076 2.828427076 10
    vertex 11.31370831 11.31370831 10
  endloop
endfacet
facet normal 0 -0 1
  outer loop
    vertex 2.963804483 2.686235905 10
    vertex 11.31370831 11.31370831 10
    vertex 2.828427076 2.828427076 10
  endloop
endfacet
facet normal -0 0 1
  outer loop
    vertex 1.885586977 3.527685165 10
    vertex 2.056411028 3.430914402 10
    vertex 8.225644112 13.72365761 10
  endloop
endfacet
facet normal -0 0 1
  outer loop
    vertex 2.056411028 3.430914402 10
    vertex 2.222280979 3.325878382 10
    vertex 8.889123917 13.30351353 10
  endloop
endfacet
facet normal -0 0 1
  outer loop
    vertex 2.222280979 3.325878382 10
    vertex 2.382797241 3.212830067 10
    vertex 9.531188965 12.85132027 10
  endloop
endfacet
facet normal -0 0 1
  outer loop
    vertex 2.382797241 3.212830067 10
    vertex 2.537573099 3.092041731 10
    vertex 10.1502924 12.36816692 10
  endloop
endfacet
facet normal 0 -0 1
  outer loop
    vertex 2.686235905 2.963804483 10
    vertex 10.1502924 12.36816692 10
    vertex 2.537573099 3.092041731 10
  endloop
endfacet
facet normal -0 0 1
  outer loop
    vertex 3.212830067 2.382797241 10
    vertex 3.325878382 2.222280979 10
    vertex 12.85132027 9.531188965 10
  endloop
endfacet
facet normal -0 0 1
  outer loop
    vertex 3.325878382 2.222280979 10
    vertex 3.430914402 2.056411028 10
    vertex 13.30351353 8.889123917 10
  endloop
endfacet
facet normal 0 -0 1
  outer loop
    vertex 3.527685165 1.885586977 10
    vertex 13.72365761 8.225644112 10
    vertex 3.430914402 2.056411028 10
  endloop
endfacet
facet normal -0 0 1
  outer loop
    vertex 2.963804483 2.686235905 10
    vertex 3.092041731 2.537573099 10
    vertex 12.36816692 10.1502924 10
  endloop
endfacet
facet normal 0 -0 1
  outer loop
    vertex 3.212830067 2.382797241 10
    vertex 12.36816692 10.1502924 10
    vertex 3.092041731 2.537573099 10
  endloop
endfacet
facet normal 0.02454135942 0.9996988155 -0
  outer loop
    vertex 9.797174821e-16 16 0
    vertex 9.797174821e-16 16 10
    vertex 0.7850828171 15.9807272 10
  endloop
endfacet
facet normal 0.0735645778 0.9972904556 -0
  outer loop
    vertex 0.7850828171 15.9807272 0
    vertex 0.7850828171 15.9807272 10
    vertex 1.56827426 15.92295551 10
  endloop
endfacet
facet normal 0.1224105154 0.9924795543 -0
  outer loop
    vertex 1.56827426 15.92295551 0
    vertex 1.56827426 15.92295551 10
    vertex 2.347687483 15.82682419 10
  endloop
endfacet
facet normal 0.1709624836 0.9852775392 -0
  outer loop
    vertex 2.347687483 15.82682419 0
    vertex 2.347687483 15.82682419 10
    vertex 3.121445179 15.69256401 10
  endloop
endfacet
facet normal 0.2191005007 0.9757022961 -0
  outer loop
    vertex 3.121445179 15.69256401 0
    vertex 3.121445179 15.69256401 10
    vertex 3.887682915 15.52050018 10
  endloop
endfacet
facet normal 0.2667126726 0.9637760893 -0
  outer loop
    vertex 3.887682915 15.52050018 0
    vertex 3.887682915 15.52050018 10
    vertex 4.644554615 15.31104565 10
  endloop
endfacet
facet normal 0.3136820836 0.9495280672 -0
  outer loop
    vertex 4.644554615 15.31104565 0
    vertex 4.644554615 15.31104565 10
    vertex 5.390237808 15.0647049 10
  endloop
endfacet
facet normal 0.359895483 0.9329926266 -0
  outer loop
    vertex 5.390237808 15.0647049 0
    vertex 5.390237808 15.0647049 10
    vertex 6.122934818 14.78207207 10
  endloop
endfacet
facet normal 0.4928987084 0.8700866987 -0
  outer loop
    vertex 7.542347908 14.11074066 0
    vertex 7.542347908 14.11074066 10
    vertex 8.225644112 13.72365761 10
  endloop
endfacet
facet normal 0.4052404814 0.9142101248 -0
  outer loop
    vertex 6.122934818 14.78207207 0
    vertex 6.122934818 14.78207207 10
    vertex 6.840881348 14.46382904 10
  endloop
endfacet
facet normal 0.4496111108 0.8932244114 -0
  outer loop
    vertex 6.840881348 14.46382904 0
    vertex 6.840881348 14.46382904 10
    vertex 7.542347908 14.11074066 10
  endloop
endfacet
facet normal 0 -0 1
  outer loop
    vertex 2.449293705e-16 4 10
    vertex 0.7850828171 15.9807272 10
    vertex 9.797174821e-16 16 10
  endloop
endfacet
facet normal 0 -0 1
  outer loop
    vertex 0.1962707043 3.995181799 10
    vertex 1.56827426 15.92295551 10
    vertex 0.7850828171 15.9807272 10
  endloop
endfacet
facet normal 0 -0 1
  outer loop
    vertex 0.5869218707 3.956706047 10
    vertex 2.347687483 15.82682419 10
    vertex 1.56827426 15.92295551 10
  endloop
endfacet
facet normal 0 -0 1
  outer loop
    vertex 0.5869218707 3.956706047 10
    vertex 3.121445179 15.69256401 10
    vertex 2.347687483 15.82682419 10
  endloop
endfacet
facet normal 0 -0 1
  outer loop
    vertex 0.9719207287 3.880125046 10
    vertex 3.887682915 15.52050018 10
    vertex 3.121445179 15.69256401 10
  endloop
endfacet
facet normal 0 -0 1
  outer loop
    vertex 1.161138654 3.827761412 10
    vertex 4.644554615 15.31104565 10
    vertex 3.887682915 15.52050018 10
  endloop
endfacet
facet normal 0 -0 1
  outer loop
    vertex 1.161138654 3.827761412 10
    vertex 5.390237808 15.0647049 10
    vertex 4.644554615 15.31104565 10
  endloop
endfacet
facet normal 0 -0 1
  outer loop
    vertex 1.710220337 3.61595726 10
    vertex 6.840881348 14.46382904 10
    vertex 6.122934818 14.78207207 10
  endloop
endfacet
facet normal 0 -0 1
  outer loop
    vertex 1.347559452 3.766176224 10
    vertex 6.122934818 14.78207207 10
    vertex 5.390237808 15.0647049 10
  endloop
endfacet
facet normal 0 -0 1
  outer loop
    vertex 1.885586977 3.527685165 10
    vertex 7.542347908 14.11074066 10
    vertex 6.840881348 14.46382904 10
  endloop
endfacet
facet normal 0 -0 1
  outer loop
    vertex 1.885586977 3.527685165 10
    vertex 8.225644112 13.72365761 10
    vertex 7.542347908 14.11074066 10
  endloop
endfacet
facet normal 0 -0 1
  outer loop
    vertex 2.222280979 3.325878382 10
    vertex 9.531188965 12.85132027 10
    vertex 8.889123917 13.30351353 10
  endloop
endfacet
facet normal 0 -0 1
  outer loop
    vertex 2.382797241 3.212830067 10
    vertex 10.1502924 12.36816692 10
    vertex 9.531188965 12.85132027 10
  endloop
endfacet
facet normal 0 -0 1
  outer loop
    vertex 2.686235905 2.963804483 10
    vertex 10.74494362 11.85521793 10
    vertex 10.1502924 12.36816692 10
  endloop
endfacet
facet normal 0 -0 1
  outer loop
    vertex 2.056411028 3.430914402 10
    vertex 8.889123917 13.30351353 10
    vertex 8.225644112 13.72365761 10
  endloop
endfacet
facet normal 0.9924796407 0.122409815 -5.541941428e-08
  outer loop
    vertex 15.82682419 2.347687483 0
    vertex 15.92295551 1.56827426 10
    vertex 15.90080166 1.747892022 5.085868359
  endloop
endfacet
facet normal 0.992487124 0.1223491263 -2.307406558e-06
  outer loop
    vertex 15.92295551 1.56827426 10
    vertex 15.90158081 1.741573215 5.17152977
    vertex 15.90080166 1.747892022 5.085868359
  endloop
endfacet
facet normal 0.9924768396 0.1224325235 7.313368382e-07
  outer loop
    vertex 15.92295551 1.56827426 10
    vertex 15.90287781 1.731058836 5.25677824
    vertex 15.90158081 1.741573215 5.17152977
  endloop
endfacet
facet normal 0.992480993 0.1223988499 -4.419025926e-07
  outer loop
    vertex 15.92295551 1.56827426 10
    vertex 15.90468884 1.716374278 5.341408253
    vertex 15.90287781 1.731058836 5.25677824
  endloop
endfacet
facet normal 0.9924790453 0.1224146426 6.779723961e-08
  outer loop
    vertex 15.92295551 1.56827426 10
    vertex 15.90701008 1.697554708 5.425215244
    vertex 15.90468884 1.716374278 5.341408253
  endloop
endfacet
facet normal 0.9924786129 0.1224181477 1.683550021e-07
  outer loop
    vertex 15.92295551 1.56827426 10
    vertex 15.90983582 1.674645543 5.50799799
    vertex 15.90701008 1.697554708 5.425215244
  endloop
endfacet
facet normal 0.992479303 0.122412553 1.123941063e-07
  outer loop
    vertex 15.92295551 1.56827426 10
    vertex 15.91697216 1.616789222 5.669695854
    vertex 15.91315937 1.647702098 5.589557171
  endloop
endfacet
facet normal 0.9924776204 0.1224261943 3.617991187e-07
  outer loop
    vertex 15.92295551 1.56827426 10
    vertex 15.91315937 1.647702098 5.589557171
    vertex 15.90983582 1.674645543 5.50799799
  endloop
endfacet
facet normal 0.9924818523 0.1223918823 -1.227144186e-07
  outer loop
    vertex 15.92295551 1.56827426 10
    vertex 15.92126465 1.581981301 5.748221397
    vertex 15.91697216 1.616789222 5.669695854
  endloop
endfacet
facet normal 0.9924772278 0.1224293765 0
  outer loop
    vertex 15.92295551 1.56827426 10
    vertex 15.92295551 1.56827426 5.775452614
    vertex 15.92126465 1.581981301 5.748221397
  endloop
endfacet
facet normal 0.9972911422 0.07355526924 2.769435299e-07
  outer loop
    vertex 15.92295551 1.56827426 10
    vertex 15.93495369 1.405613184 6.042473793
    vertex 15.93130589 1.455071807 5.972248077
  endloop
endfacet
facet normal 0.9972897455 0.07357420381 -5.055341515e-07
  outer loop
    vertex 15.92295551 1.56827426 10
    vertex 15.93885231 1.352768302 6.110188484
    vertex 15.93495369 1.405613184 6.042473793
  endloop
endfacet
facet normal 0.9972905864 0.07356280462 3.401339008e-08
  outer loop
    vertex 15.92295551 1.56827426 10
    vertex 15.94735909 1.237436891 6.237436771
    vertex 15.9429903 1.296664476 6.175228119
  endloop
endfacet
facet normal 0.9972910349 0.07355672429 4.681475988e-07
  outer loop
    vertex 15.92295551 1.56827426 10
    vertex 15.9429903 1.296664476 6.175228119
    vertex 15.93885231 1.352768302 6.110188484
  endloop
endfacet
facet normal 0.9972901309 0.07356897964 0
  outer loop
    vertex 15.92295551 1.56827426 10
    vertex 15.92479324 1.54336226 5.824944496
    vertex 15.92295551 1.56827426 5.775452614
  endloop
endfacet
facet normal 0.9972899309 0.07357169082 -1.626525401e-08
  outer loop
    vertex 15.92295551 1.56827426 10
    vertex 15.92791653 1.501025081 5.899679661
    vertex 15.92479324 1.54336226 5.824944496
  endloop
endfacet
facet normal 0.9972910018 0.07355717381 2.231231961e-07
  outer loop
    vertex 15.92295551 1.56827426 10
    vertex 15.93130589 1.455071807 5.972248077
    vertex 15.92791653 1.501025081 5.899679661
  endloop
endfacet
facet normal 0.9924795543 0.1224105154 -0
  outer loop
    vertex 15.82682419 2.347687483 0
    vertex 15.82682419 2.347687483 10
    vertex 15.92295551 1.56827426 10
  endloop
endfacet
facet normal 0.9852775392 0.1709624836 -0
  outer loop
    vertex 15.69256401 3.121445179 0
    vertex 15.69256401 3.121445179 10
    vertex 15.82682419 2.347687483 10
  endloop
endfacet
facet normal 0.9757022961 0.2191005007 -0
  outer loop
    vertex 15.52050018 3.887682915 0
    vertex 15.52050018 3.887682915 10
    vertex 15.69256401 3.121445179 10
  endloop
endfacet
facet normal 0.8700866987 0.4928987084 -0
  outer loop
    vertex 13.72365761 8.225644112 0
    vertex 13.72365761 8.225644112 10
    vertex 14.11074066 7.542347908 10
  endloop
endfacet
facet normal 0.9329926266 0.359895483 -0
  outer loop
    vertex 14.78207207 6.122934818 0
    vertex 14.78207207 6.122934818 10
    vertex 15.0647049 5.390237808 10
  endloop
endfacet
facet normal 0.9637760893 0.2667126726 -0
  outer loop
    vertex 15.31104565 4.644554615 0
    vertex 15.31104565 4.644554615 10
    vertex 15.52050018 3.887682915 10
  endloop
endfacet
facet normal 0.9495280672 0.3136820836 -0
  outer loop
    vertex 15.0647049 5.390237808 0
    vertex 15.0647049 5.390237808 10
    vertex 15.31104565 4.644554615 10
  endloop
endfacet
facet normal 0.9142101248 0.4052404814 -0
  outer loop
    vertex 14.46382904 6.840881348 0
    vertex 14.46382904 6.840881348 10
    vertex 14.78207207 6.122934818 10
  endloop
endfacet
facet normal 0.8932244114 0.4496111108 -0
  outer loop
    vertex 14.11074066 7.542347908 0
    vertex 14.11074066 7.542347908 10
    vertex 14.46382904 6.840881348 10
  endloop
endfacet
facet normal 0 -0 1
  outer loop
    vertex 4 0 10
    vertex 16 0 10
    vertex 15.9807272 0.7850828171 10
  endloop
endfacet
facet normal 0 -0 1
  outer loop
    vertex 3.995181799 0.1962707043 10
    vertex 15.9807272 0.7850828171 10
    vertex 15.92295551 1.56827426 10
  endloop
endfacet
facet normal 0 -0 1
  outer loop
    vertex 3.956706047 0.5869218707 10
    vertex 15.92295551 1.56827426 10
    vertex 15.82682419 2.347687483 10
  endloop
endfacet
facet normal 0 -0 1
  outer loop
    vertex 3.956706047 0.5869218707 10
    vertex 15.82682419 2.347687483 10
    vertex 15.69256401 3.121445179 10
  endloop
endfacet
facet normal 0 -0 1
  outer loop
    vertex 3.880125046 0.9719207287 10
    vertex 15.69256401 3.121445179 10
    vertex 15.52050018 3.887682915 10
  endloop
endfacet
facet normal 0 -0 1
  outer loop
    vertex 3.827761412 1.161138654 10
    vertex 15.31104565 4.644554615 10
    vertex 15.0647049 5.390237808 10
  endloop
endfacet
facet normal 0 -0 1
  outer loop
    vertex 3.827761412 1.161138654 10
    vertex 15.52050018 3.887682915 10
    vertex 15.31104565 4.644554615 10
  endloop
endfacet
facet normal 0 -0 1
  outer loop
    vertex 3.325878382 2.222280979 10
    vertex 13.30351353 8.889123917 10
    vertex 12.85132027 9.531188965 10
  endloop
endfacet
facet normal 0 -0 1
  outer loop
    vertex 3.212830067 2.382797241 10
    vertex 12.85132027 9.531188965 10
    vertex 12.36816692 10.1502924 10
  endloop
endfacet
facet normal 0 -0 1
  outer loop
    vertex 2.963804483 2.686235905 10
    vertex 12.36816692 10.1502924 10
    vertex 11.85521793 10.74494362 10
  endloop
endfacet
facet normal 0 -0 1
  outer loop
    vertex 3.61595726 1.710220337 10
    vertex 14.78207207 6.122934818 10
    vertex 14.46382904 6.840881348 10
  endloop
endfacet
facet normal 0 -0 1
  outer loop
    vertex 3.527685165 1.885586977 10
    vertex 14.11074066 7.542347908 10
    vertex 13.72365761 8.225644112 10
  endloop
endfacet
facet normal 0 -0 1
  outer loop
    vertex 3.527685165 1.885586977 10
    vertex 14.46382904 6.840881348 10
    vertex 14.11074066 7.542347908 10
  endloop
endfacet
facet normal 0 -0 1
  outer loop
    vertex 3.766176224 1.347559452 10
    vertex 15.0647049 5.390237808 10
    vertex 14.78207207 6.122934818 10
  endloop
endfacet
facet normal 0 -0 1
  outer loop
    vertex 3.430914402 2.056411028 10
    vertex 13.72365761 8.225644112 10
    vertex 13.30351353 8.889123917 10
  endloop
endfacet
facet normal 0.9972910651 0.07355631505 -7.056856096e-07
  outer loop
    vertex 15.9807272 0.7850828171 10
    vertex 15.96174049 1.042473793 6.405612946
    vertex 15.9567461 1.110188246 6.352768421
  endloop
endfacet
facet normal 0.997290259 0.07356724338 8.114105618e-08
  outer loop
    vertex 15.9807272 0.7850828171 10
    vertex 15.96692085 0.9722478986 6.455071926
    vertex 15.96174049 1.042473793 6.405612946
  endloop
endfacet
facet normal 0.9972904305 0.07356491867 -4.226718545e-08
  outer loop
    vertex 15.9807272 0.7850828171 10
    vertex 15.97227383 0.89967978 6.5010252
    vertex 15.96692085 0.9722478986 6.455071926
  endloop
endfacet
facet normal 0.9996989158 0.02453727423 8.357789531e-08
  outer loop
    vertex 15.9807272 0.7850828171 10
    vertex 15.98355961 0.669696033 6.616789341
    vertex 15.98163223 0.7482213974 6.581981182
  endloop
endfacet
facet normal 0.9996986258 0.02454908402 -9.674436957e-07
  outer loop
    vertex 15.9807272 0.7850828171 10
    vertex 15.99161911 0.3414080739 6.716374397
    vertex 15.98956108 0.4252153039 6.697554588
  endloop
endfacet
facet normal 0.9996990722 0.02453090115 1.015138579e-06
  outer loop
    vertex 15.9807272 0.7850828171 10
    vertex 15.98956108 0.4252153039 6.697554588
    vertex 15.98752975 0.5079981685 6.674645424
  endloop
endfacet
facet normal 0.999698779 0.02454284477 -1.065238393e-07
  outer loop
    vertex 15.9807272 0.7850828171 10
    vertex 15.98552704 0.5895572305 6.647702217
    vertex 15.98355961 0.669696033 6.616789341
  endloop
endfacet
facet normal 0.9996986555 0.02454787642 -4.001758413e-07
  outer loop
    vertex 15.9807272 0.7850828171 10
    vertex 15.98752975 0.5079981685 6.674645424
    vertex 15.98552704 0.5895572305 6.647702217
  endloop
endfacet
facet normal 0.9972900876 0.07356956728 1.108108212e-07
  outer loop
    vertex 15.9807272 0.7850828171 10
    vertex 15.97778702 0.8249443173 6.543362141
    vertex 15.97227383 0.89967978 6.5010252
  endloop
endfacet
facet normal 0.9972907925 0.07356001019 0
  outer loop
    vertex 15.9807272 0.7850828171 10
    vertex 15.9807272 0.7850828171 6.563426495
    vertex 15.97778702 0.8249443173 6.543362141
  endloop
endfacet
facet normal 0.9996987256 0.02454501942 0
  outer loop
    vertex 15.9807272 0.7850828171 10
    vertex 15.98163223 0.7482213974 6.581981182
    vertex 15.9807272 0.7850828171 6.563426495
  endloop
endfacet
facet normal 0.9996989134 0.02453737173 1.618056145e-18
  outer loop
    vertex 16 0 10
    vertex 16 2.143131926e-16 6.75
    vertex 15.99789238 0.08586843312 6.747891903
  endloop
endfacet
facet normal 0.9996988247 0.02454098591 9.54860172e-08
  outer loop
    vertex 16 0 10
    vertex 15.99789238 0.08586843312 6.747891903
    vertex 15.99578953 0.1715299934 6.741573334
  endloop
endfacet
facet normal 0.9996986487 0.02454815388 4.73049738e-07
  outer loop
    vertex 16 0 10
    vertex 15.99578953 0.1715299934 6.741573334
    vertex 15.99369621 0.2567783296 6.731059074
  endloop
endfacet
facet normal 0.9996989432 0.02453615816 7.801170711e-07
  outer loop
    vertex 15.9807272 0.7850828171 10
    vertex 15.99369621 0.2567783296 6.731059074
    vertex 15.99161911 0.3414080739 6.716374397
  endloop
endfacet
facet normal 0.997290154 0.07356866724 -4.842840572e-07
  outer loop
    vertex 15.92295551 1.56827426 10
    vertex 15.95194817 1.175228119 6.296664238
    vertex 15.94735909 1.237436891 6.237436771
  endloop
endfacet
facet normal 0.9972901438 0.07356880546 -4.990328011e-07
  outer loop
    vertex 15.92295551 1.56827426 10
    vertex 15.9567461 1.110188246 6.352768421
    vertex 15.95194817 1.175228119 6.296664238
  endloop
endfacet
facet normal 0.9996988155 0.02454135942 -6.098291568e-08
  outer loop
    vertex 16 0 10
    vertex 15.99369621 0.2567783296 6.731059074
    vertex 15.9807272 0.7850828171 10
  endloop
endfacet
facet normal 0.9972904556 0.0735645778 3.484303221e-08
  outer loop
    vertex 15.9807272 0.7850828171 10
    vertex 15.9567461 1.110188246 6.352768421
    vertex 15.92295551 1.56827426 10
  endloop
endfacet
facet normal 0.6895409661 0.7242466818 -0
  outer loop
    vertex 10.74494362 11.85521793 0
    vertex 10.74494362 11.85521793 10
    vertex 11.31370831 11.31370831 10
  endloop
endfacet
facet normal 0.7242466818 0.6895409661 -0
  outer loop
    vertex 11.31370831 11.31370831 0
    vertex 11.31370831 11.31370831 10
    vertex 11.85521793 10.74494362 10
  endloop
endfacet
facet normal 0.5349977364 0.8448534914 -0
  outer loop
    vertex 8.225644112 13.72365761 0
    vertex 8.225644112 13.72365761 10
    vertex 8.889123917 13.30351353 10
  endloop
endfacet
facet normal 0.6152318145 0.7883462529 -0
  outer loop
    vertex 9.531188965 12.85132027 0
    vertex 9.531188965 12.85132027 10
    vertex 10.1502924 12.36816692 10
  endloop
endfacet
facet normal 0.5758082205 0.8175847927 -0
  outer loop
    vertex 8.889123917 13.30351353 0
    vertex 8.889123917 13.30351353 10
    vertex 9.531188965 12.85132027 10
  endloop
endfacet
facet normal 0.653172345 0.7572092761 -0
  outer loop
    vertex 10.1502924 12.36816692 0
    vertex 10.1502924 12.36816692 10
    vertex 10.74494362 11.85521793 10
  endloop
endfacet
facet normal 0.7883462529 0.6152318145 -0
  outer loop
    vertex 12.36816692 10.1502924 0
    vertex 12.36816692 10.1502924 10
    vertex 12.85132027 9.531188965 10
  endloop
endfacet
facet normal 0.8448534914 0.5349977364 -0
  outer loop
    vertex 13.30351353 8.889123917 0
    vertex 13.30351353 8.889123917 10
    vertex 13.72365761 8.225644112 10
  endloop
endfacet
facet normal 0.8175847927 0.5758082205 -0
  outer loop
    vertex 12.85132027 9.531188965 0
    vertex 12.85132027 9.531188965 10
    vertex 13.30351353 8.889123917 10
  endloop
endfacet
facet normal 0.7572092761 0.653172345 -0
  outer loop
    vertex 11.85521793 10.74494362 0
    vertex 11.85521793 10.74494362 10
    vertex 12.36816692 10.1502924 10
  endloop
endfacet
facet normal 0 -0 1
  outer loop
    vertex 2.686235905 2.963804483 10
    vertex 11.31370831 11.31370831 10
    vertex 10.74494362 11.85521793 10
  endloop
endfacet
facet normal 0 -0 1
  outer loop
    vertex 2.963804483 2.686235905 10
    vertex 11.85521793 10.74494362 10
    vertex 11.31370831 11.31370831 10
  endloop
endfacet
facet normal -0 0.5758088689 0.817584336
  outer loop
    vertex 3.880034447 -0.9722478986 3.544928074
    vertex 3.860600471 -1.042473793 3.594386816
    vertex 15.96174049 -1.042473793 3.594386816
  endloop
endfacet
facet normal -0 0.6152324851 0.7883457295
  outer loop
    vertex 3.860600471 -1.042473793 3.594386816
    vertex 3.841861248 -1.110188246 3.647231817
    vertex 15.9567461 -1.110188246 3.647231817
  endloop
endfacet
facet normal 1.17063225e-09 0.6531724738 0.757209165
  outer loop
    vertex 3.827761412 -1.161138654 3.691181898
    vertex 15.95194817 -1.175228119 3.703335524
    vertex 3.841861248 -1.110188246 3.647231817
  endloop
endfacet
facet normal -0 0.6531718962 0.7572096632
  outer loop
    vertex 3.827761412 -1.161138654 3.691181898
    vertex 3.823106766 -1.175228119 3.703335524
    vertex 15.95194817 -1.175228119 3.703335524
  endloop
endfacet
facet normal -0 0.6895407323 0.7242469043
  outer loop
    vertex 3.823106766 -1.175228119 3.703335524
    vertex 3.802555799 -1.237436891 3.762563229
    vertex 15.94735909 -1.237436891 3.762563229
  endloop
endfacet
facet normal 7.229233471e-09 0.449611947 0.8932239905
  outer loop
    vertex 3.923141003 -0.7803612947 3.434196711
    vertex 15.97778702 -0.8249443173 3.456637859
    vertex 3.928717852 -0.7482213974 3.418018818
  endloop
endfacet
facet normal -0 0.313714024 0.9495175149
  outer loop
    vertex 3.956706047 -0.5869218707 3.351427078
    vertex 3.95624876 -0.5895572305 3.352297783
    vertex 15.98552704 -0.5895572305 3.352297783
  endloop
endfacet
facet normal -8.184447364e-09 0.3136803433 0.9495286421
  outer loop
    vertex 3.956706047 -0.5869218707 3.351427078
    vertex 15.98552704 -0.5895572305 3.352297783
    vertex 3.966440439 -0.5079981685 3.325354338
  endloop
endfacet
facet normal -0 0.359896731 0.9329921452
  outer loop
    vertex 3.95624876 -0.5895572305 3.352297783
    vertex 3.942343235 -0.669696033 3.383210897
    vertex 15.98355961 -0.669696033 3.383210897
  endloop
endfacet
facet normal -0 0.405241512 0.9142096679
  outer loop
    vertex 3.942343235 -0.669696033 3.383210897
    vertex 3.928717852 -0.7482213974 3.418018818
    vertex 15.98163223 -0.7482213974 3.418018818
  endloop
endfacet
facet normal -0 0.170962154 0.9852775964
  outer loop
    vertex 3.990718603 -0.2567783296 3.268941164
    vertex 3.984475851 -0.3414080739 3.283625841
    vertex 15.99161911 -0.3414080739 3.283625841
  endloop
endfacet
facet normal -0 0.1224118802 0.992479386
  outer loop
    vertex 3.995181799 -0.1962707043 3.261478186
    vertex 3.990718603 -0.2567783296 3.268941164
    vertex 15.99369621 -0.2567783296 3.268941164
  endloop
endfacet
facet normal 2.682425045e-09 0.1224124041 0.9924793214
  outer loop
    vertex 3.995181799 -0.1962707043 3.261478186
    vertex 15.99369621 -0.2567783296 3.268941164
    vertex 3.995789051 -0.1715299934 3.258426666
  endloop
endfacet
facet normal -0 0.07356492607 0.9972904299
  outer loop
    vertex 3.997892141 -0.08586843312 3.252107859
    vertex 3.995789051 -0.1715299934 3.258426666
    vertex 15.99578953 -0.1715299934 3.258426666
  endloop
endfacet
facet normal -0 0.02454014578 0.9996988453
  outer loop
    vertex 4 0 3.25
    vertex 3.997892141 -0.08586843312 3.252107859
    vertex 15.99789238 -0.08586843312 3.252107859
  endloop
endfacet
facet normal -0 0.2667108332 0.9637765983
  outer loop
    vertex 3.976650715 -0.4252153039 3.302445412
    vertex 3.966440439 -0.5079981685 3.325354338
    vertex 15.98752975 -0.5079981685 3.325354338
  endloop
endfacet
facet normal -0 0.2191034508 0.9757016336
  outer loop
    vertex 3.980738878 -0.3920685649 3.295001984
    vertex 3.976650715 -0.4252153039 3.302445412
    vertex 15.98956108 -0.4252153039 3.302445412
  endloop
endfacet
facet normal -9.128079724e-09 0.2191003025 0.9757023406
  outer loop
    vertex 3.980738878 -0.3920685649 3.295001984
    vertex 15.98956108 -0.4252153039 3.302445412
    vertex 3.984475851 -0.3414080739 3.283625841
  endloop
endfacet
facet normal -0 0.4496103874 0.8932247755
  outer loop
    vertex 3.923141003 -0.7803612947 3.434196711
    vertex 3.913129568 -0.8249443173 3.456637859
    vertex 15.97778702 -0.8249443173 3.456637859
  endloop
endfacet
facet normal -0 0.4928987433 0.8700866789
  outer loop
    vertex 3.913129568 -0.8249443173 3.456637859
    vertex 3.896347284 -0.89967978 3.498975039
    vertex 15.97227383 -0.89967978 3.498975039
  endloop
endfacet
facet normal -6.095407177e-10 0.5349957282 0.8448547631
  outer loop
    vertex 3.880125046 -0.9719207287 3.544720888
    vertex 15.96692085 -0.9722478986 3.544928074
    vertex 3.896347284 -0.89967978 3.498975039
  endloop
endfacet
facet normal -0 0.5350118012 0.8448445848
  outer loop
    vertex 3.880125046 -0.9719207287 3.544720888
    vertex 3.880034447 -0.9722478986 3.544928074
    vertex 15.96692085 -0.9722478986 3.544928074
  endloop
endfacet
facet normal -0 0.7242469376 0.6895406974
  outer loop
    vertex 3.802555799 -1.237436891 3.762563229
    vertex 3.78298974 -1.296664476 3.824771881
    vertex 15.9429903 -1.296664476 3.824771881
  endloop
endfacet
facet normal 4.282141425e-09 0.7572089822 0.6531726857
  outer loop
    vertex 3.766176224 -1.347559452 3.883773327
    vertex 15.93885231 -1.352768302 3.889811754
    vertex 3.78298974 -1.296664476 3.824771881
  endloop
endfacet
facet normal -0 0.7572047128 0.653177635
  outer loop
    vertex 3.766176224 -1.347559452 3.883773327
    vertex 3.764166832 -1.352768302 3.889811754
    vertex 15.93885231 -1.352768302 3.889811754
  endloop
endfacet
facet normal -0 0.7883464027 0.6152316226
  outer loop
    vertex 3.764166832 -1.352768302 3.889811754
    vertex 3.743782282 -1.405613184 3.957526207
    vertex 15.93495369 -1.405613184 3.957526207
  endloop
endfacet
facet normal -0 0.8175842991 0.5758089213
  outer loop
    vertex 3.743782282 -1.405613184 3.957526207
    vertex 3.724704027 -1.455071807 4.027751923
    vertex 15.93130589 -1.455071807 4.027751923
  endloop
endfacet
facet normal -1.252164256e-08 0.870084958 0.4929017811
  outer loop
    vertex 3.695518017 -1.530733705 4.15276289
    vertex 15.92479324 -1.54336226 4.175055504
    vertex 3.706977844 -1.501025081 4.100320339
  endloop
endfacet
facet normal -0 0.870087904 0.4928965808
  outer loop
    vertex 3.695518017 -1.530733705 4.15276289
    vertex 3.689920187 -1.54336226 4.175055504
    vertex 15.92479324 -1.54336226 4.175055504
  endloop
endfacet
facet normal -0 0.9142100098 0.4052407408
  outer loop
    vertex 3.672801495 -1.581981301 4.251778603
    vertex 3.657372236 -1.616789222 4.330304146
    vertex 15.91697216 -1.616789222 4.330304146
  endloop
endfacet
facet normal -0 0.8932248673 0.4496102051
  outer loop
    vertex 3.689920187 -1.54336226 4.175055504
    vertex 3.672801495 -1.581981301 4.251778603
    vertex 15.92126465 -1.581981301 4.251778603
  endloop
endfacet
facet normal -0 0.8448544558 0.5349962136
  outer loop
    vertex 3.724704027 -1.455071807 4.027751923
    vertex 3.706977844 -1.501025081 4.100320339
    vertex 15.92791653 -1.501025081 4.100320339
  endloop
endfacet
facet normal -0 0.9329928975 0.3598947808
  outer loop
    vertex 3.657372236 -1.616789222 4.330304146
    vertex 3.643669605 -1.647702098 4.410442829
    vertex 15.91315937 -1.647702098 4.410442829
  endloop
endfacet
facet normal -0 0.9495284194 0.3136810174
  outer loop
    vertex 3.643669605 -1.647702098 4.410442829
    vertex 3.631726503 -1.674645543 4.49200201
    vertex 15.90983582 -1.674645543 4.49200201
  endloop
endfacet
facet normal -0 0.9637757861 0.2667137682
  outer loop
    vertex 3.631726503 -1.674645543 4.49200201
    vertex 3.621571541 -1.697554708 4.574784756
    vertex 15.90701008 -1.697554708 4.574784756
  endloop
endfacet
facet normal -4.212235281e-09 0.9757017958 0.2191027284
  outer loop
    vertex 3.61595726 -1.710220337 4.631186962
    vertex 15.90468884 -1.716374278 4.658591747
    vertex 3.621571541 -1.697554708 4.574784756
  endloop
endfacet
facet normal -0 0.9757021996 0.2191009302
  outer loop
    vertex 3.61595726 -1.710220337 4.631186962
    vertex 3.612859726 -1.716374278 4.658591747
    vertex 15.90468884 -1.716374278 4.658591747
  endloop
endfacet
facet normal -0 0.9852779214 0.1709602808
  outer loop
    vertex 3.612859726 -1.716374278 4.658591747
    vertex 3.605468035 -1.731058836 4.74322176
    vertex 15.90287781 -1.731058836 4.74322176
  endloop
endfacet
facet normal -0 0.9924795592 0.1224104755
  outer loop
    vertex 3.605468035 -1.731058836 4.74322176
    vertex 3.600175619 -1.741573215 4.82847023
    vertex 15.90158081 -1.741573215 4.82847023
  endloop
endfacet
facet normal -0 0.9972904206 0.07356505334
  outer loop
    vertex 3.600175619 -1.741573215 4.82847023
    vertex 3.596994877 -1.747892022 4.914131641
    vertex 15.90080166 -1.747892022 4.914131641
  endloop
endfacet
facet normal -0 0.9996988107 0.02454155408
  outer loop
    vertex 3.596994877 -1.747892022 4.914131641
    vertex 3.595933914 -1.75 5
    vertex 15.90054226 -1.75 5
  endloop
endfacet
facet normal 0 0.6531723488 0.7572092728
  outer loop
    vertex 15.95194817 -1.175228119 3.703335524
    vertex 15.9567461 -1.110188246 3.647231817
    vertex 3.841861248 -1.110188246 3.647231817
  endloop
endfacet
facet normal 0 0.6152324851 0.7883457295
  outer loop
    vertex 15.9567461 -1.110188246 3.647231817
    vertex 15.96174049 -1.042473793 3.594386816
    vertex 3.860600471 -1.042473793 3.594386816
  endloop
endfacet
facet normal 0 0.6895407323 0.7242469043
  outer loop
    vertex 15.94735909 -1.237436891 3.762563229
    vertex 15.95194817 -1.175228119 3.703335524
    vertex 3.823106766 -1.175228119 3.703335524
  endloop
endfacet
facet normal 2.19859049e-09 0.4496113166 0.8932243078
  outer loop
    vertex 15.9807272 -0.7850828171 3.436573267
    vertex 3.928717852 -0.7482213974 3.418018818
    vertex 15.97778702 -0.8249443173 3.456637859
  endloop
endfacet
facet normal 0 0.4496107431 0.8932245964
  outer loop
    vertex 15.9807272 -0.7850828171 3.436573267
    vertex 15.98163223 -0.7482213974 3.418018818
    vertex 3.928717852 -0.7482213974 3.418018818
  endloop
endfacet
facet normal 0 0.3136814308 0.9495282829
  outer loop
    vertex 15.98552704 -0.5895572305 3.352297783
    vertex 15.98752975 -0.5079981685 3.325354338
    vertex 3.966440439 -0.5079981685 3.325354338
  endloop
endfacet
facet normal 0 0.405241512 0.9142096679
  outer loop
    vertex 15.98163223 -0.7482213974 3.418018818
    vertex 15.98355961 -0.669696033 3.383210897
    vertex 3.942343235 -0.669696033 3.383210897
  endloop
endfacet
facet normal 0 0.359896731 0.9329921452
  outer loop
    vertex 15.98355961 -0.669696033 3.383210897
    vertex 15.98552704 -0.5895572305 3.352297783
    vertex 3.95624876 -0.5895572305 3.352297783
  endloop
endfacet
facet normal 0 0.170962154 0.9852775964
  outer loop
    vertex 15.99161911 -0.3414080739 3.283625841
    vertex 15.99369621 -0.2567783296 3.268941164
    vertex 3.990718603 -0.2567783296 3.268941164
  endloop
endfacet
facet normal 0 0.1224120323 0.9924793672
  outer loop
    vertex 15.99369621 -0.2567783296 3.268941164
    vertex 15.99578953 -0.1715299934 3.258426666
    vertex 3.995789051 -0.1715299934 3.258426666
  endloop
endfacet
facet normal 0 0.07356492607 0.9972904299
  outer loop
    vertex 15.99578953 -0.1715299934 3.258426666
    vertex 15.99789238 -0.08586843312 3.252107859
    vertex 3.997892141 -0.08586843312 3.252107859
  endloop
endfacet
facet normal 0 0.02454014578 0.9996988453
  outer loop
    vertex 15.99789238 -0.08586843312 3.252107859
    vertex 16 0 3.25
    vertex 4 0 3.25
  endloop
endfacet
facet normal 0 0.2667108332 0.9637765983
  outer loop
    vertex 15.98752975 -0.5079981685 3.325354338
    vertex 15.98956108 -0.4252153039 3.302445412
    vertex 3.976650715 -0.4252153039 3.302445412
  endloop
endfacet
facet normal 0 0.2191015473 0.9757020611
  outer loop
    vertex 15.98956108 -0.4252153039 3.302445412
    vertex 15.99161911 -0.3414080739 3.283625841
    vertex 3.984475851 -0.3414080739 3.283625841
  endloop
endfacet
facet normal 0 0.5349958006 0.8448547173
  outer loop
    vertex 15.96692085 -0.9722478986 3.544928074
    vertex 15.97227383 -0.89967978 3.498975039
    vertex 3.896347284 -0.89967978 3.498975039
  endloop
endfacet
facet normal 0 0.4928987433 0.8700866789
  outer loop
    vertex 15.97227383 -0.89967978 3.498975039
    vertex 15.97778702 -0.8249443173 3.456637859
    vertex 3.913129568 -0.8249443173 3.456637859
  endloop
endfacet
facet normal 0 0.5758088689 0.817584336
  outer loop
    vertex 15.96174049 -1.042473793 3.594386816
    vertex 15.96692085 -0.9722478986 3.544928074
    vertex 3.880034447 -0.9722478986 3.544928074
  endloop
endfacet
facet normal 0 0.7242469376 0.6895406974
  outer loop
    vertex 15.9429903 -1.296664476 3.824771881
    vertex 15.94735909 -1.237436891 3.762563229
    vertex 3.802555799 -1.237436891 3.762563229
  endloop
endfacet
facet normal 0 0.7572085864 0.6531731445
  outer loop
    vertex 15.93885231 -1.352768302 3.889811754
    vertex 15.9429903 -1.296664476 3.824771881
    vertex 3.78298974 -1.296664476 3.824771881
  endloop
endfacet
facet normal 0 0.8175842991 0.5758089213
  outer loop
    vertex 15.93130589 -1.455071807 4.027751923
    vertex 15.93495369 -1.405613184 3.957526207
    vertex 3.743782282 -1.405613184 3.957526207
  endloop
endfacet
facet normal 0 0.7883464027 0.6152316226
  outer loop
    vertex 15.93495369 -1.405613184 3.957526207
    vertex 15.93885231 -1.352768302 3.889811754
    vertex 3.764166832 -1.352768302 3.889811754
  endloop
endfacet
facet normal 0 0.8448544558 0.5349962136
  outer loop
    vertex 15.92791653 -1.501025081 4.100320339
    vertex 15.93130589 -1.455071807 4.027751923
    vertex 3.724704027 -1.455071807 4.027751923
  endloop
endfacet
facet normal 0 0.870085836 0.4929002314
  outer loop
    vertex 15.92479324 -1.54336226 4.175055504
    vertex 15.92791653 -1.501025081 4.100320339
    vertex 3.706977844 -1.501025081 4.100320339
  endloop
endfacet
facet normal -8.688755576e-09 0.893224311 0.4496113103
  outer loop
    vertex 15.92295551 -1.56827426 4.224547386
    vertex 3.689920187 -1.54336226 4.175055504
    vertex 15.92126465 -1.581981301 4.251778603
  endloop
endfacet
facet normal 0 0.8932251735 0.4496095968
  outer loop
    vertex 15.92295551 -1.56827426 4.224547386
    vertex 15.92479324 -1.54336226 4.175055504
    vertex 3.689920187 -1.54336226 4.175055504
  endloop
endfacet
facet normal 0 0.9142100098 0.4052407408
  outer loop
    vertex 15.91697216 -1.616789222 4.330304146
    vertex 15.92126465 -1.581981301 4.251778603
    vertex 3.672801495 -1.581981301 4.251778603
  endloop
endfacet
facet normal 0 0.9329928975 0.3598947808
  outer loop
    vertex 15.91315937 -1.647702098 4.410442829
    vertex 15.91697216 -1.616789222 4.330304146
    vertex 3.657372236 -1.616789222 4.330304146
  endloop
endfacet
facet normal 0 0.9495284194 0.3136810174
  outer loop
    vertex 15.90983582 -1.674645543 4.49200201
    vertex 15.91315937 -1.647702098 4.410442829
    vertex 3.643669605 -1.647702098 4.410442829
  endloop
endfacet
facet normal 0 0.9637757861 0.2667137682
  outer loop
    vertex 15.90701008 -1.697554708 4.574784756
    vertex 15.90983582 -1.674645543 4.49200201
    vertex 3.631726503 -1.674645543 4.49200201
  endloop
endfacet
facet normal 0 0.9757019278 0.2191021407
  outer loop
    vertex 15.90468884 -1.716374278 4.658591747
    vertex 15.90701008 -1.697554708 4.574784756
    vertex 3.621571541 -1.697554708 4.574784756
  endloop
endfacet
facet normal 0 0.9852779214 0.1709602808
  outer loop
    vertex 15.90287781 -1.731058836 4.74322176
    vertex 15.90468884 -1.716374278 4.658591747
    vertex 3.612859726 -1.716374278 4.658591747
  endloop
endfacet
facet normal 0 0.9924795592 0.1224104755
  outer loop
    vertex 15.90158081 -1.741573215 4.82847023
    vertex 15.90287781 -1.731058836 4.74322176
    vertex 3.605468035 -1.731058836 4.74322176
  endloop
endfacet
facet normal 0 0.9972904206 0.07356505334
  outer loop
    vertex 15.90080166 -1.747892022 4.914131641
    vertex 15.90158081 -1.741573215 4.82847023
    vertex 3.600175619 -1.741573215 4.82847023
  endloop
endfacet
facet normal 0 0.9996988107 0.02454155408
  outer loop
    vertex 15.90054226 -1.75 5
    vertex 15.90080166 -1.747892022 4.914131641
    vertex 3.596994877 -1.747892022 4.914131641
  endloop
endfacet
facet normal 0 0.9996988107 -0.02454155408
  outer loop
    vertex 3.595933914 -1.75 5
    vertex 3.596994877 -1.747892022 5.085868359
    vertex 15.90080166 -1.747892022 5.085868359
  endloop
endfacet
facet normal 0 0.9972904206 -0.07356505334
  outer loop
    vertex 3.596994877 -1.747892022 5.085868359
    vertex 3.600175619 -1.741573215 5.17152977
    vertex 15.90158081 -1.741573215 5.17152977
  endloop
endfacet
facet normal 0 0.9924795592 -0.1224104755
  outer loop
    vertex 3.600175619 -1.741573215 5.17152977
    vertex 3.605468035 -1.731058836 5.25677824
    vertex 15.90287781 -1.731058836 5.25677824
  endloop
endfacet
facet normal 0 0.9852779214 -0.1709602808
  outer loop
    vertex 3.605468035 -1.731058836 5.25677824
    vertex 3.612859726 -1.716374278 5.341408253
    vertex 15.90468884 -1.716374278 5.341408253
  endloop
endfacet
facet normal -8.674055123e-09 0.9757021998 -0.2191009293
  outer loop
    vertex 3.61595726 -1.710220337 5.368813038
    vertex 15.90701008 -1.697554708 5.425215244
    vertex 3.612859726 -1.716374278 5.341408253
  endloop
endfacet
facet normal 0 0.9757017958 -0.2191027288
  outer loop
    vertex 3.61595726 -1.710220337 5.368813038
    vertex 3.621571541 -1.697554708 5.425215244
    vertex 15.90701008 -1.697554708 5.425215244
  endloop
endfacet
facet normal 0 0.9637757861 -0.2667137682
  outer loop
    vertex 3.621571541 -1.697554708 5.425215244
    vertex 3.631726503 -1.674645543 5.50799799
    vertex 15.90983582 -1.674645543 5.50799799
  endloop
endfacet
facet normal 0 0.9495284194 -0.3136810174
  outer loop
    vertex 3.631726503 -1.674645543 5.50799799
    vertex 3.643669605 -1.647702098 5.589557171
    vertex 15.91315937 -1.647702098 5.589557171
  endloop
endfacet
facet normal 0 0.9329928975 -0.3598947808
  outer loop
    vertex 3.643669605 -1.647702098 5.589557171
    vertex 3.657372236 -1.616789222 5.669695854
    vertex 15.91697216 -1.616789222 5.669695854
  endloop
endfacet
facet normal 0 0.9142100098 -0.4052407408
  outer loop
    vertex 3.657372236 -1.616789222 5.669695854
    vertex 3.672801495 -1.581981301 5.748221397
    vertex 15.92126465 -1.581981301 5.748221397
  endloop
endfacet
facet normal 0 0.8932248673 -0.4496102051
  outer loop
    vertex 15.92479324 -1.54336226 5.824944496
    vertex 3.672801495 -1.581981301 5.748221397
    vertex 3.689920187 -1.54336226 5.824944496
  endloop
endfacet
facet normal -2.949276114e-08 0.8700879071 -0.4928965752
  outer loop
    vertex 3.695518017 -1.530733705 5.84723711
    vertex 15.92791653 -1.501025081 5.899679661
    vertex 3.689920187 -1.54336226 5.824944496
  endloop
endfacet
facet normal 0 0.8700849569 -0.4929017831
  outer loop
    vertex 3.695518017 -1.530733705 5.84723711
    vertex 3.706977844 -1.501025081 5.899679661
    vertex 15.92791653 -1.501025081 5.899679661
  endloop
endfacet
facet normal 0 0.8448544558 -0.5349962136
  outer loop
    vertex 3.706977844 -1.501025081 5.899679661
    vertex 3.724704027 -1.455071807 5.972248077
    vertex 15.93130589 -1.455071807 5.972248077
  endloop
endfacet
facet normal 0 0.8175842991 -0.5758089213
  outer loop
    vertex 15.93495369 -1.405613184 6.042473793
    vertex 3.724704027 -1.455071807 5.972248077
    vertex 3.743782282 -1.405613184 6.042473793
  endloop
endfacet
facet normal 0 0.7883474533 -0.6152302763
  outer loop
    vertex 15.93885231 -1.352768302 6.110188484
    vertex 3.743782282 -1.405613184 6.042473793
    vertex 3.764166832 -1.352768302 6.110188484
  endloop
endfacet
facet normal -1.08878849e-07 0.7572174856 -0.6531628277
  outer loop
    vertex 3.766176224 -1.347559452 6.11622715
    vertex 15.9429903 -1.296664476 6.175228119
    vertex 3.764166832 -1.352768302 6.110188484
  endloop
endfacet
facet normal 0 0.7572063719 -0.6531757117
  outer loop
    vertex 3.766176224 -1.347559452 6.11622715
    vertex 3.78298974 -1.296664476 6.175228119
    vertex 15.9429903 -1.296664476 6.175228119
  endloop
endfacet
facet normal 0 0.7242469376 -0.6895406974
  outer loop
    vertex 3.78298974 -1.296664476 6.175228119
    vertex 3.802555799 -1.237436891 6.237436771
    vertex 15.94735909 -1.237436891 6.237436771
  endloop
endfacet
facet normal 0 0.6895392764 -0.7242482905
  outer loop
    vertex 3.802555799 -1.237436891 6.237436771
    vertex 3.823106766 -1.175228119 6.296664238
    vertex 15.95194817 -1.175228119 6.296664238
  endloop
endfacet
facet normal 3.404902033e-08 0.6531718897 -0.7572096688
  outer loop
    vertex 3.827761412 -1.161138654 6.308817863
    vertex 15.9567461 -1.110188246 6.352768421
    vertex 3.823106766 -1.175228119 6.296664238
  endloop
endfacet
facet normal 0 0.6531765371 -0.7572056599
  outer loop
    vertex 3.827761412 -1.161138654 6.308817863
    vertex 3.841861248 -1.110188246 6.352768421
    vertex 15.9567461 -1.110188246 6.352768421
  endloop
endfacet
facet normal 0 0.6152290349 -0.7883484221
  outer loop
    vertex 3.841861248 -1.110188246 6.352768421
    vertex 3.860600471 -1.042473793 6.405612946
    vertex 15.96174049 -1.042473793 6.405612946
  endloop
endfacet
facet normal 0 0.5758107243 -0.8175830293
  outer loop
    vertex 3.860600471 -1.042473793 6.405612946
    vertex 3.880034447 -0.9722478986 6.455071926
    vertex 15.96692085 -0.9722478986 6.455071926
  endloop
endfacet
facet normal 0 0.5345721465 -0.8451228433
  outer loop
    vertex 3.880125046 -0.9719207287 6.455278873
    vertex 15.96692085 -0.9722478986 6.455071926
    vertex 3.880034447 -0.9722478986 6.455071926
  endloop
endfacet
facet normal 0 0.5349997086 -0.8448522426
  outer loop
    vertex 3.880125046 -0.9719207287 6.455278873
    vertex 3.896347284 -0.89967978 6.5010252
    vertex 15.97227383 -0.89967978 6.5010252
  endloop
endfacet
facet normal 0 0.492896642 -0.8700878693
  outer loop
    vertex 3.896347284 -0.89967978 6.5010252
    vertex 3.913129568 -0.8249443173 6.543362141
    vertex 15.97778702 -0.8249443173 6.543362141
  endloop
endfacet
facet normal -2.519408022e-08 0.449614203 -0.8932228549
  outer loop
    vertex 3.923141003 -0.7803612947 6.565803528
    vertex 15.98163223 -0.7482213974 6.581981182
    vertex 3.913129568 -0.8249443173 6.543362141
  endloop
endfacet
facet normal 0 0.4496066613 -0.893226651
  outer loop
    vertex 3.923141003 -0.7803612947 6.565803528
    vertex 3.928717852 -0.7482213974 6.581981182
    vertex 15.98163223 -0.7482213974 6.581981182
  endloop
endfacet
facet normal 0 0.4052438319 -0.9142086396
  outer loop
    vertex 3.928717852 -0.7482213974 6.581981182
    vertex 3.942343235 -0.669696033 6.616789341
    vertex 15.98355961 -0.669696033 6.616789341
  endloop
endfacet
facet normal 0 0.3598943148 -0.9329930772
  outer loop
    vertex 15.98552704 -0.5895572305 6.647702217
    vertex 3.942343235 -0.669696033 6.616789341
    vertex 3.95624876 -0.5895572305 6.647702217
  endloop
endfacet
facet normal 0 0.313714024 -0.9495175149
  outer loop
    vertex 3.956706047 -0.5869218707 6.648572922
    vertex 15.98552704 -0.5895572305 6.647702217
    vertex 3.95624876 -0.5895572305 6.647702217
  endloop
endfacet
facet normal 0 0.3136777562 -0.9495294968
  outer loop
    vertex 3.956706047 -0.5869218707 6.648572922
    vertex 3.966440439 -0.5079981685 6.674645424
    vertex 15.98752975 -0.5079981685 6.674645424
  endloop
endfacet
facet normal 0 0.2667134114 -0.9637758848
  outer loop
    vertex 3.966440439 -0.5079981685 6.674645424
    vertex 3.976650715 -0.4252153039 6.697554588
    vertex 15.98956108 -0.4252153039 6.697554588
  endloop
endfacet
facet normal 5.419183026e-09 0.2191034501 -0.9757016338
  outer loop
    vertex 3.980738878 -0.3920685649 6.704998016
    vertex 15.99161911 -0.3414080739 6.716374397
    vertex 3.976650715 -0.4252153039 6.697554588
  endloop
endfacet
facet normal 0 0.2191046733 -0.9757013591
  outer loop
    vertex 3.980738878 -0.3920685649 6.704998016
    vertex 3.984475851 -0.3414080739 6.716374397
    vertex 15.99161911 -0.3414080739 6.716374397
  endloop
endfacet
facet normal 0 0.170962154 -0.9852775964
  outer loop
    vertex 3.984475851 -0.3414080739 6.716374397
    vertex 3.990718603 -0.2567783296 6.731059074
    vertex 15.99369621 -0.2567783296 6.731059074
  endloop
endfacet
facet normal -1.862387721e-08 0.1224118815 -0.9924793858
  outer loop
    vertex 3.995181799 -0.1962707043 6.738522053
    vertex 15.99578953 -0.1715299934 6.741573334
    vertex 3.990718603 -0.2567783296 6.731059074
  endloop
endfacet
facet normal 0 0.1224029833 -0.9924804833
  outer loop
    vertex 3.995181799 -0.1962707043 6.738522053
    vertex 3.995789051 -0.1715299934 6.741573334
    vertex 15.99578953 -0.1715299934 6.741573334
  endloop
endfacet
facet normal 0 0.07356216537 -0.9972906336
  outer loop
    vertex 3.995789051 -0.1715299934 6.741573334
    vertex 3.997892141 -0.08586843312 6.747891903
    vertex 15.99789238 -0.08586843312 6.747891903
  endloop
endfacet
facet normal -4.383226252e-19 0.02454291982 -0.9996987772
  outer loop
    vertex 3.997892141 -0.08586843312 6.747891903
    vertex 4 0 6.75
    vertex 16 2.143131926e-16 6.75
  endloop
endfacet
facet normal 0 0.9996988107 -0.02454155408
  outer loop
    vertex 3.595933914 -1.75 5
    vertex 15.90080166 -1.747892022 5.085868359
    vertex 15.90054226 -1.75 5
  endloop
endfacet
facet normal 0 0.9972904206 -0.07356505334
  outer loop
    vertex 3.596994877 -1.747892022 5.085868359
    vertex 15.90158081 -1.741573215 5.17152977
    vertex 15.90080166 -1.747892022 5.085868359
  endloop
endfacet
facet normal 0 0.9924795592 -0.1224104755
  outer loop
    vertex 3.600175619 -1.741573215 5.17152977
    vertex 15.90287781 -1.731058836 5.25677824
    vertex 15.90158081 -1.741573215 5.17152977
  endloop
endfacet
facet normal 0 0.9852779214 -0.1709602808
  outer loop
    vertex 3.605468035 -1.731058836 5.25677824
    vertex 15.90468884 -1.716374278 5.341408253
    vertex 15.90287781 -1.731058836 5.25677824
  endloop
endfacet
facet normal 0 0.9757019278 -0.2191021407
  outer loop
    vertex 3.612859726 -1.716374278 5.341408253
    vertex 15.90701008 -1.697554708 5.425215244
    vertex 15.90468884 -1.716374278 5.341408253
  endloop
endfacet
facet normal 0 0.9637757861 -0.2667137682
  outer loop
    vertex 3.621571541 -1.697554708 5.425215244
    vertex 15.90983582 -1.674645543 5.50799799
    vertex 15.90701008 -1.697554708 5.425215244
  endloop
endfacet
facet normal 0 0.9495284194 -0.3136810174
  outer loop
    vertex 3.631726503 -1.674645543 5.50799799
    vertex 15.91315937 -1.647702098 5.589557171
    vertex 15.90983582 -1.674645543 5.50799799
  endloop
endfacet
facet normal 0 0.9329928975 -0.3598947808
  outer loop
    vertex 3.643669605 -1.647702098 5.589557171
    vertex 15.91697216 -1.616789222 5.669695854
    vertex 15.91315937 -1.647702098 5.589557171
  endloop
endfacet
facet normal 0 0.9142100098 -0.4052407408
  outer loop
    vertex 3.657372236 -1.616789222 5.669695854
    vertex 15.92126465 -1.581981301 5.748221397
    vertex 15.91697216 -1.616789222 5.669695854
  endloop
endfacet
facet normal 0 0.8932243107 -0.4496113107
  outer loop
    vertex 15.92295551 -1.56827426 5.775452614
    vertex 15.92126465 -1.581981301 5.748221397
    vertex 3.672801495 -1.581981301 5.748221397
  endloop
endfacet
facet normal -4.775608166e-09 0.8932251735 -0.4496095966
  outer loop
    vertex 15.92295551 -1.56827426 5.775452614
    vertex 3.672801495 -1.581981301 5.748221397
    vertex 15.92479324 -1.54336226 5.824944496
  endloop
endfacet
facet normal 0 0.870085836 -0.4929002314
  outer loop
    vertex 15.92791653 -1.501025081 5.899679661
    vertex 15.92479324 -1.54336226 5.824944496
    vertex 3.689920187 -1.54336226 5.824944496
  endloop
endfacet
facet normal 0 0.8448544558 -0.5349962136
  outer loop
    vertex 3.706977844 -1.501025081 5.899679661
    vertex 15.93130589 -1.455071807 5.972248077
    vertex 15.92791653 -1.501025081 5.899679661
  endloop
endfacet
facet normal 0 0.8175842991 -0.5758089213
  outer loop
    vertex 15.93495369 -1.405613184 6.042473793
    vertex 15.93130589 -1.455071807 5.972248077
    vertex 3.724704027 -1.455071807 5.972248077
  endloop
endfacet
facet normal 0 0.7883474533 -0.6152302763
  outer loop
    vertex 15.93885231 -1.352768302 6.110188484
    vertex 15.93495369 -1.405613184 6.042473793
    vertex 3.743782282 -1.405613184 6.042473793
  endloop
endfacet
facet normal 0 0.7572074021 -0.6531745174
  outer loop
    vertex 15.9429903 -1.296664476 6.175228119
    vertex 15.93885231 -1.352768302 6.110188484
    vertex 3.764166832 -1.352768302 6.110188484
  endloop
endfacet
facet normal 0 0.7242469376 -0.6895406974
  outer loop
    vertex 15.94735909 -1.237436891 6.237436771
    vertex 15.9429903 -1.296664476 6.175228119
    vertex 3.78298974 -1.296664476 6.175228119
  endloop
endfacet
facet normal 0 0.6895392764 -0.7242482905
  outer loop
    vertex 3.802555799 -1.237436891 6.237436771
    vertex 15.95194817 -1.175228119 6.296664238
    vertex 15.94735909 -1.237436891 6.237436771
  endloop
endfacet
facet normal 0 0.6531755318 -0.7572065271
  outer loop
    vertex 3.823106766 -1.175228119 6.296664238
    vertex 15.9567461 -1.110188246 6.352768421
    vertex 15.95194817 -1.175228119 6.296664238
  endloop
endfacet
facet normal 0 0.6152290349 -0.7883484221
  outer loop
    vertex 3.841861248 -1.110188246 6.352768421
    vertex 15.96174049 -1.042473793 6.405612946
    vertex 15.9567461 -1.110188246 6.352768421
  endloop
endfacet
facet normal 0 0.5758107243 -0.8175830293
  outer loop
    vertex 3.860600471 -1.042473793 6.405612946
    vertex 15.96692085 -0.9722478986 6.455071926
    vertex 15.96174049 -1.042473793 6.405612946
  endloop
endfacet
facet normal 1.613349775e-08 0.534997781 -0.8448534632
  outer loop
    vertex 3.880125046 -0.9719207287 6.455278873
    vertex 15.97227383 -0.89967978 6.5010252
    vertex 15.96692085 -0.9722478986 6.455071926
  endloop
endfacet
facet normal 0 0.492896642 -0.8700878693
  outer loop
    vertex 3.896347284 -0.89967978 6.5010252
    vertex 15.97778702 -0.8249443173 6.543362141
    vertex 15.97227383 -0.89967978 6.5010252
  endloop
endfacet
facet normal 0 0.4496070542 -0.8932264533
  outer loop
    vertex 15.9807272 -0.7850828171 6.563426495
    vertex 15.97778702 -0.8249443173 6.543362141
    vertex 3.913129568 -0.8249443173 6.543362141
  endloop
endfacet
facet normal -3.435872453e-08 0.4496153532 -0.8932222759
  outer loop
    vertex 15.9807272 -0.7850828171 6.563426495
    vertex 3.913129568 -0.8249443173 6.543362141
    vertex 15.98163223 -0.7482213974 6.581981182
  endloop
endfacet
facet normal 0 0.4052438319 -0.9142086396
  outer loop
    vertex 3.928717852 -0.7482213974 6.581981182
    vertex 15.98355961 -0.669696033 6.616789341
    vertex 15.98163223 -0.7482213974 6.581981182
  endloop
endfacet
facet normal 0 0.3598943148 -0.9329930772
  outer loop
    vertex 15.98552704 -0.5895572305 6.647702217
    vertex 15.98355961 -0.669696033 6.616789341
    vertex 3.942343235 -0.669696033 6.616789341
  endloop
endfacet
facet normal -8.528286398e-09 0.3136789283 -0.9495291096
  outer loop
    vertex 15.98752975 -0.5079981685 6.674645424
    vertex 15.98552704 -0.5895572305 6.647702217
    vertex 3.956706047 -0.5869218707 6.648572922
  endloop
endfacet
facet normal 0 0.2667134114 -0.9637758848
  outer loop
    vertex 3.966440439 -0.5079981685 6.674645424
    vertex 15.98956108 -0.4252153039 6.697554588
    vertex 15.98752975 -0.5079981685 6.674645424
  endloop
endfacet
facet normal 0 0.2191041898 -0.9757014677
  outer loop
    vertex 3.976650715 -0.4252153039 6.697554588
    vertex 15.99161911 -0.3414080739 6.716374397
    vertex 15.98956108 -0.4252153039 6.697554588
  endloop
endfacet
facet normal 0 0.170962154 -0.9852775964
  outer loop
    vertex 3.984475851 -0.3414080739 6.716374397
    vertex 15.99369621 -0.2567783296 6.731059074
    vertex 15.99161911 -0.3414080739 6.716374397
  endloop
endfacet
facet normal 0 0.1224092981 -0.9924797044
  outer loop
    vertex 3.990718603 -0.2567783296 6.731059074
    vertex 15.99578953 -0.1715299934 6.741573334
    vertex 15.99369621 -0.2567783296 6.731059074
  endloop
endfacet
facet normal 0 0.07356216537 -0.9972906336
  outer loop
    vertex 3.995789051 -0.1715299934 6.741573334
    vertex 15.99789238 -0.08586843312 6.747891903
    vertex 15.99578953 -0.1715299934 6.741573334
  endloop
endfacet
facet normal 0 0.02454291982 -0.9996987772
  outer loop
    vertex 3.997892141 -0.08586843312 6.747891903
    vertex 16 2.143131926e-16 6.75
    vertex 15.99789238 -0.08586843312 6.747891903
  endloop
endfacet
facet normal 0 -0.02454014578 0.9996988453
  outer loop
    vertex 3.997892141 0.08586843312 3.252107859
    vertex 4 0 3.25
    vertex 16 0 3.25
  endloop
endfacet
facet normal 0 -0.07356492607 0.9972904299
  outer loop
    vertex 3.995789051 0.1715299934 3.258426666
    vertex 3.997892141 0.08586843312 3.252107859
    vertex 15.99789238 0.08586843312 3.252107859
  endloop
endfacet
facet normal 0 -0.1224124042 0.9924793213
  outer loop
    vertex 3.995181799 0.1962707043 3.261478186
    vertex 3.995789051 0.1715299934 3.258426666
    vertex 15.99578953 0.1715299934 3.258426666
  endloop
endfacet
facet normal 1.096916897e-09 -0.1224118801 0.992479386
  outer loop
    vertex 3.995181799 0.1962707043 3.261478186
    vertex 15.99578953 0.1715299934 3.258426666
    vertex 3.990718603 0.2567783296 3.268941164
  endloop
endfacet
facet normal 0 -0.170962154 0.9852775964
  outer loop
    vertex 3.984475851 0.3414080739 3.283625841
    vertex 3.990718603 0.2567783296 3.268941164
    vertex 15.99369621 0.2567783296 3.268941164
  endloop
endfacet
facet normal 0 -0.2191003018 0.9757023407
  outer loop
    vertex 3.980738878 0.3920685649 3.295001984
    vertex 3.984475851 0.3414080739 3.283625841
    vertex 15.99161911 0.3414080739 3.283625841
  endloop
endfacet
facet normal -1.395878683e-08 -0.2191034524 0.9757016333
  outer loop
    vertex 3.980738878 0.3920685649 3.295001984
    vertex 15.99161911 0.3414080739 3.283625841
    vertex 3.976650715 0.4252153039 3.302445412
  endloop
endfacet
facet normal 0 -0.2667108332 0.9637765983
  outer loop
    vertex 3.966440439 0.5079981685 3.325354338
    vertex 3.976650715 0.4252153039 3.302445412
    vertex 15.98956108 0.4252153039 3.302445412
  endloop
endfacet
facet normal 0 -0.3136803424 0.9495286424
  outer loop
    vertex 3.956706047 0.5869218707 3.351427078
    vertex 3.966440439 0.5079981685 3.325354338
    vertex 15.98752975 0.5079981685 3.325354338
  endloop
endfacet
facet normal 0 -0.313714024 0.9495175149
  outer loop
    vertex 3.956706047 0.5869218707 3.351427078
    vertex 15.98552704 0.5895572305 3.352297783
    vertex 3.95624876 0.5895572305 3.352297783
  endloop
endfacet
facet normal 0 -0.359896731 0.9329921452
  outer loop
    vertex 3.942343235 0.669696033 3.383210897
    vertex 3.95624876 0.5895572305 3.352297783
    vertex 15.98552704 0.5895572305 3.352297783
  endloop
endfacet
facet normal 0 -0.405241512 0.9142096679
  outer loop
    vertex 3.928717852 0.7482213974 3.418018818
    vertex 3.942343235 0.669696033 3.383210897
    vertex 15.98355961 0.669696033 3.383210897
  endloop
endfacet
facet normal 0 -0.449611948 0.89322399
  outer loop
    vertex 3.923141003 0.7803612947 3.434196711
    vertex 3.928717852 0.7482213974 3.418018818
    vertex 15.98163223 0.7482213974 3.418018818
  endloop
endfacet
facet normal 5.216362035e-09 -0.4496103865 0.8932247759
  outer loop
    vertex 3.923141003 0.7803612947 3.434196711
    vertex 15.98163223 0.7482213974 3.418018818
    vertex 3.913129568 0.8249443173 3.456637859
  endloop
endfacet
facet normal 0 -0.4928987433 0.8700866789
  outer loop
    vertex 3.896347284 0.89967978 3.498975039
    vertex 3.913129568 0.8249443173 3.456637859
    vertex 15.97778702 0.8249443173 3.456637859
  endloop
endfacet
facet normal 0 -0.5349957281 0.8448547632
  outer loop
    vertex 3.880125046 0.9719207287 3.544720888
    vertex 3.896347284 0.89967978 3.498975039
    vertex 15.97227383 0.89967978 3.498975039
  endloop
endfacet
facet normal 0 -0.5350118012 0.8448445848
  outer loop
    vertex 3.880125046 0.9719207287 3.544720888
    vertex 15.96692085 0.9722478986 3.544928074
    vertex 3.880034447 0.9722478986 3.544928074
  endloop
endfacet
facet normal 0 -0.5758088689 0.817584336
  outer loop
    vertex 3.860600471 1.042473793 3.594386816
    vertex 3.880034447 0.9722478986 3.544928074
    vertex 15.96692085 0.9722478986 3.544928074
  endloop
endfacet
facet normal 0 -0.6152324851 0.7883457295
  outer loop
    vertex 3.841861248 1.110188246 3.647231817
    vertex 3.860600471 1.042473793 3.594386816
    vertex 15.96174049 1.042473793 3.594386816
  endloop
endfacet
facet normal 0 -0.6531724739 0.7572091648
  outer loop
    vertex 3.827761412 1.161138654 3.691181898
    vertex 3.841861248 1.110188246 3.647231817
    vertex 15.9567461 1.110188246 3.647231817
  endloop
endfacet
facet normal 4.238818877e-09 -0.6531718954 0.7572096639
  outer loop
    vertex 3.827761412 1.161138654 3.691181898
    vertex 15.9567461 1.110188246 3.647231817
    vertex 3.823106766 1.175228119 3.703335524
  endloop
endfacet
facet normal 0 -0.6895407323 0.7242469043
  outer loop
    vertex 3.802555799 1.237436891 3.762563229
    vertex 3.823106766 1.175228119 3.703335524
    vertex 15.95194817 1.175228119 3.703335524
  endloop
endfacet
facet normal 0 -0.7242469376 0.6895406974
  outer loop
    vertex 3.78298974 1.296664476 3.824771881
    vertex 3.802555799 1.237436891 3.762563229
    vertex 15.94735909 1.237436891 3.762563229
  endloop
endfacet
facet normal 0 -0.7572089828 0.653172685
  outer loop
    vertex 3.766176224 1.347559452 3.883773327
    vertex 3.78298974 1.296664476 3.824771881
    vertex 15.9429903 1.296664476 3.824771881
  endloop
endfacet
facet normal 4.189980073e-08 -0.7572047059 0.653177643
  outer loop
    vertex 3.766176224 1.347559452 3.883773327
    vertex 15.9429903 1.296664476 3.824771881
    vertex 3.764166832 1.352768302 3.889811754
  endloop
endfacet
facet normal 0 -0.7883464027 0.6152316226
  outer loop
    vertex 3.743782282 1.405613184 3.957526207
    vertex 3.764166832 1.352768302 3.889811754
    vertex 15.93885231 1.352768302 3.889811754
  endloop
endfacet
facet normal 0 -0.8175842991 0.5758089213
  outer loop
    vertex 3.724704027 1.455071807 4.027751923
    vertex 3.743782282 1.405613184 3.957526207
    vertex 15.93495369 1.405613184 3.957526207
  endloop
endfacet
facet normal 0 -0.8448544558 0.5349962136
  outer loop
    vertex 3.706977844 1.501025081 4.100320339
    vertex 3.724704027 1.455071807 4.027751923
    vertex 15.93130589 1.455071807 4.027751923
  endloop
endfacet
facet normal 0 -0.8700849569 0.4929017831
  outer loop
    vertex 3.695518017 1.530733705 4.15276289
    vertex 3.706977844 1.501025081 4.100320339
    vertex 15.92791653 1.501025081 4.100320339
  endloop
endfacet
facet normal -2.949276114e-08 -0.8700879071 0.4928965752
  outer loop
    vertex 3.695518017 1.530733705 4.15276289
    vertex 15.92791653 1.501025081 4.100320339
    vertex 3.689920187 1.54336226 4.175055504
  endloop
endfacet
facet normal 0 -0.8932248673 0.4496102051
  outer loop
    vertex 3.672801495 1.581981301 4.251778603
    vertex 3.689920187 1.54336226 4.175055504
    vertex 15.92479324 1.54336226 4.175055504
  endloop
endfacet
facet normal 0 -0.9329928975 0.3598947808
  outer loop
    vertex 3.643669605 1.647702098 4.410442829
    vertex 3.657372236 1.616789222 4.330304146
    vertex 15.91697216 1.616789222 4.330304146
  endloop
endfacet
facet normal 0 -0.9142100098 0.4052407408
  outer loop
    vertex 3.657372236 1.616789222 4.330304146
    vertex 3.672801495 1.581981301 4.251778603
    vertex 15.92126465 1.581981301 4.251778603
  endloop
endfacet
facet normal 0 -0.9495284194 0.3136810174
  outer loop
    vertex 15.91315937 1.647702098 4.410442829
    vertex 3.631726503 1.674645543 4.49200201
    vertex 3.643669605 1.647702098 4.410442829
  endloop
endfacet
facet normal 0 -0.9637757861 0.2667137682
  outer loop
    vertex 15.90983582 1.674645543 4.49200201
    vertex 3.621571541 1.697554708 4.574784756
    vertex 3.631726503 1.674645543 4.49200201
  endloop
endfacet
facet normal 0 -0.9757017958 0.2191027288
  outer loop
    vertex 3.61595726 1.710220337 4.631186962
    vertex 3.621571541 1.697554708 4.574784756
    vertex 15.90701008 1.697554708 4.574784756
  endloop
endfacet
facet normal -8.674055123e-09 -0.9757021998 0.2191009293
  outer loop
    vertex 3.61595726 1.710220337 4.631186962
    vertex 15.90701008 1.697554708 4.574784756
    vertex 3.612859726 1.716374278 4.658591747
  endloop
endfacet
facet normal 0 -0.9852779214 0.1709602808
  outer loop
    vertex 3.605468035 1.731058836 4.74322176
    vertex 3.612859726 1.716374278 4.658591747
    vertex 15.90468884 1.716374278 4.658591747
  endloop
endfacet
facet normal 0 -0.9924795592 0.1224104755
  outer loop
    vertex 3.600175619 1.741573215 4.82847023
    vertex 3.605468035 1.731058836 4.74322176
    vertex 15.90287781 1.731058836 4.74322176
  endloop
endfacet
facet normal 0 -0.9972904206 0.07356505334
  outer loop
    vertex 3.596994877 1.747892022 4.914131641
    vertex 3.600175619 1.741573215 4.82847023
    vertex 15.90158081 1.741573215 4.82847023
  endloop
endfacet
facet normal 0 -0.9996988107 0.02454155408
  outer loop
    vertex 3.595933914 1.75 5
    vertex 3.596994877 1.747892022 4.914131641
    vertex 15.90080166 1.747892022 4.914131641
  endloop
endfacet
facet normal 0 -0.02454014578 0.9996988453
  outer loop
    vertex 3.997892141 0.08586843312 3.252107859
    vertex 16 0 3.25
    vertex 15.99789238 0.08586843312 3.252107859
  endloop
endfacet
facet normal 0 -0.07356492607 0.9972904299
  outer loop
    vertex 15.99789238 0.08586843312 3.252107859
    vertex 15.99578953 0.1715299934 3.258426666
    vertex 3.995789051 0.1715299934 3.258426666
  endloop
endfacet
facet normal 0 -0.1224120323 0.9924793672
  outer loop
    vertex 3.990718603 0.2567783296 3.268941164
    vertex 15.99578953 0.1715299934 3.258426666
    vertex 15.99369621 0.2567783296 3.268941164
  endloop
endfacet
facet normal 0 -0.170962154 0.9852775964
  outer loop
    vertex 15.99369621 0.2567783296 3.268941164
    vertex 15.99161911 0.3414080739 3.283625841
    vertex 3.984475851 0.3414080739 3.283625841
  endloop
endfacet
facet normal 0 -0.2191015473 0.9757020611
  outer loop
    vertex 3.976650715 0.4252153039 3.302445412
    vertex 15.99161911 0.3414080739 3.283625841
    vertex 15.98956108 0.4252153039 3.302445412
  endloop
endfacet
facet normal 0 -0.2667108332 0.9637765983
  outer loop
    vertex 3.966440439 0.5079981685 3.325354338
    vertex 15.98956108 0.4252153039 3.302445412
    vertex 15.98752975 0.5079981685 3.325354338
  endloop
endfacet
facet normal -7.920157566e-09 -0.3136814309 0.9495282828
  outer loop
    vertex 15.98752975 0.5079981685 3.325354338
    vertex 15.98552704 0.5895572305 3.352297783
    vertex 3.956706047 0.5869218707 3.351427078
  endloop
endfacet
facet normal 0 -0.359896731 0.9329921452
  outer loop
    vertex 3.942343235 0.669696033 3.383210897
    vertex 15.98552704 0.5895572305 3.352297783
    vertex 15.98355961 0.669696033 3.383210897
  endloop
endfacet
facet normal 0 -0.405241512 0.9142096679
  outer loop
    vertex 3.928717852 0.7482213974 3.418018818
    vertex 15.98355961 0.669696033 3.383210897
    vertex 15.98163223 0.7482213974 3.418018818
  endloop
endfacet
facet normal 2.375187474e-09 -0.4496107431 0.8932245965
  outer loop
    vertex 15.9807272 0.7850828171 3.436573267
    vertex 3.913129568 0.8249443173 3.456637859
    vertex 15.98163223 0.7482213974 3.418018818
  endloop
endfacet
facet normal 0 -0.4496113168 0.8932243077
  outer loop
    vertex 15.9807272 0.7850828171 3.436573267
    vertex 15.97778702 0.8249443173 3.456637859
    vertex 3.913129568 0.8249443173 3.456637859
  endloop
endfacet
facet normal 0 -0.4928987433 0.8700866789
  outer loop
    vertex 3.896347284 0.89967978 3.498975039
    vertex 15.97778702 0.8249443173 3.456637859
    vertex 15.97227383 0.89967978 3.498975039
  endloop
endfacet
facet normal -6.067950763e-10 -0.5349958006 0.8448547173
  outer loop
    vertex 15.97227383 0.89967978 3.498975039
    vertex 15.96692085 0.9722478986 3.544928074
    vertex 3.880125046 0.9719207287 3.544720888
  endloop
endfacet
facet normal 0 -0.5758088689 0.817584336
  outer loop
    vertex 3.860600471 1.042473793 3.594386816
    vertex 15.96692085 0.9722478986 3.544928074
    vertex 15.96174049 1.042473793 3.594386816
  endloop
endfacet
facet normal 0 -0.6152324851 0.7883457295
  outer loop
    vertex 15.96174049 1.042473793 3.594386816
    vertex 15.9567461 1.110188246 3.647231817
    vertex 3.841861248 1.110188246 3.647231817
  endloop
endfacet
facet normal 0 -0.6531723488 0.7572092728
  outer loop
    vertex 3.823106766 1.175228119 3.703335524
    vertex 15.9567461 1.110188246 3.647231817
    vertex 15.95194817 1.175228119 3.703335524
  endloop
endfacet
facet normal 0 -0.6895407323 0.7242469043
  outer loop
    vertex 3.802555799 1.237436891 3.762563229
    vertex 15.95194817 1.175228119 3.703335524
    vertex 15.94735909 1.237436891 3.762563229
  endloop
endfacet
facet normal 0 -0.7242469376 0.6895406974
  outer loop
    vertex 15.94735909 1.237436891 3.762563229
    vertex 15.9429903 1.296664476 3.824771881
    vertex 3.78298974 1.296664476 3.824771881
  endloop
endfacet
facet normal 0 -0.7572085864 0.6531731445
  outer loop
    vertex 3.764166832 1.352768302 3.889811754
    vertex 15.9429903 1.296664476 3.824771881
    vertex 15.93885231 1.352768302 3.889811754
  endloop
endfacet
facet normal 0 -0.7883464027 0.6152316226
  outer loop
    vertex 3.743782282 1.405613184 3.957526207
    vertex 15.93885231 1.352768302 3.889811754
    vertex 15.93495369 1.405613184 3.957526207
  endloop
endfacet
facet normal 0 -0.8175842991 0.5758089213
  outer loop
    vertex 3.724704027 1.455071807 4.027751923
    vertex 15.93495369 1.405613184 3.957526207
    vertex 15.93130589 1.455071807 4.027751923
  endloop
endfacet
facet normal 0 -0.8448544558 0.5349962136
  outer loop
    vertex 3.706977844 1.501025081 4.100320339
    vertex 15.93130589 1.455071807 4.027751923
    vertex 15.92791653 1.501025081 4.100320339
  endloop
endfacet
facet normal 0 -0.870085836 0.4929002314
  outer loop
    vertex 3.689920187 1.54336226 4.175055504
    vertex 15.92791653 1.501025081 4.100320339
    vertex 15.92479324 1.54336226 4.175055504
  endloop
endfacet
facet normal -4.775608166e-09 -0.8932251735 0.4496095966
  outer loop
    vertex 15.92295551 1.56827426 4.224547386
    vertex 3.672801495 1.581981301 4.251778603
    vertex 15.92479324 1.54336226 4.175055504
  endloop
endfacet
facet normal 0 -0.8932243107 0.4496113107
  outer loop
    vertex 15.92295551 1.56827426 4.224547386
    vertex 15.92126465 1.581981301 4.251778603
    vertex 3.672801495 1.581981301 4.251778603
  endloop
endfacet
facet normal 0 -0.9142100098 0.4052407408
  outer loop
    vertex 3.657372236 1.616789222 4.330304146
    vertex 15.92126465 1.581981301 4.251778603
    vertex 15.91697216 1.616789222 4.330304146
  endloop
endfacet
facet normal 0 -0.9329928975 0.3598947808
  outer loop
    vertex 15.91697216 1.616789222 4.330304146
    vertex 15.91315937 1.647702098 4.410442829
    vertex 3.643669605 1.647702098 4.410442829
  endloop
endfacet
facet normal 0 -0.9495284194 0.3136810174
  outer loop
    vertex 15.91315937 1.647702098 4.410442829
    vertex 15.90983582 1.674645543 4.49200201
    vertex 3.631726503 1.674645543 4.49200201
  endloop
endfacet
facet normal 0 -0.9637757861 0.2667137682
  outer loop
    vertex 15.90983582 1.674645543 4.49200201
    vertex 15.90701008 1.697554708 4.574784756
    vertex 3.621571541 1.697554708 4.574784756
  endloop
endfacet
facet normal 0 -0.9757019278 0.2191021407
  outer loop
    vertex 3.612859726 1.716374278 4.658591747
    vertex 15.90701008 1.697554708 4.574784756
    vertex 15.90468884 1.716374278 4.658591747
  endloop
endfacet
facet normal 0 -0.9852779214 0.1709602808
  outer loop
    vertex 3.605468035 1.731058836 4.74322176
    vertex 15.90468884 1.716374278 4.658591747
    vertex 15.90287781 1.731058836 4.74322176
  endloop
endfacet
facet normal 0 -0.9924795592 0.1224104755
  outer loop
    vertex 3.600175619 1.741573215 4.82847023
    vertex 15.90287781 1.731058836 4.74322176
    vertex 15.90158081 1.741573215 4.82847023
  endloop
endfacet
facet normal 0 -0.9972904206 0.07356505334
  outer loop
    vertex 3.596994877 1.747892022 4.914131641
    vertex 15.90158081 1.741573215 4.82847023
    vertex 15.90080166 1.747892022 4.914131641
  endloop
endfacet
facet normal 0 -0.9996988107 0.02454155408
  outer loop
    vertex 3.595933914 1.75 5
    vertex 15.90080166 1.747892022 4.914131641
    vertex 15.90054226 1.75 5
  endloop
endfacet
facet normal 0 -0.9996988107 -0.02454155408
  outer loop
    vertex 3.596994877 1.747892022 5.085868359
    vertex 3.595933914 1.75 5
    vertex 15.90054226 1.75 5
  endloop
endfacet
facet normal 0 -0.9972904206 -0.07356505334
  outer loop
    vertex 3.600175619 1.741573215 5.17152977
    vertex 3.596994877 1.747892022 5.085868359
    vertex 15.90080166 1.747892022 5.085868359
  endloop
endfacet
facet normal 0 -0.9924795592 -0.1224104755
  outer loop
    vertex 3.605468035 1.731058836 5.25677824
    vertex 3.600175619 1.741573215 5.17152977
    vertex 15.90158081 1.741573215 5.17152977
  endloop
endfacet
facet normal 0 -0.9852779214 -0.1709602808
  outer loop
    vertex 3.612859726 1.716374278 5.341408253
    vertex 3.605468035 1.731058836 5.25677824
    vertex 15.90287781 1.731058836 5.25677824
  endloop
endfacet
facet normal 0 -0.9757021996 -0.2191009302
  outer loop
    vertex 3.61595726 1.710220337 5.368813038
    vertex 3.612859726 1.716374278 5.341408253
    vertex 15.90468884 1.716374278 5.341408253
  endloop
endfacet
facet normal -4.212235281e-09 -0.9757017958 -0.2191027284
  outer loop
    vertex 3.61595726 1.710220337 5.368813038
    vertex 15.90468884 1.716374278 5.341408253
    vertex 3.621571541 1.697554708 5.425215244
  endloop
endfacet
facet normal 0 -0.9637757861 -0.2667137682
  outer loop
    vertex 3.631726503 1.674645543 5.50799799
    vertex 3.621571541 1.697554708 5.425215244
    vertex 15.90701008 1.697554708 5.425215244
  endloop
endfacet
facet normal 0 -0.9495284194 -0.3136810174
  outer loop
    vertex 3.643669605 1.647702098 5.589557171
    vertex 3.631726503 1.674645543 5.50799799
    vertex 15.90983582 1.674645543 5.50799799
  endloop
endfacet
facet normal 0 -0.9329928975 -0.3598947808
  outer loop
    vertex 3.657372236 1.616789222 5.669695854
    vertex 3.643669605 1.647702098 5.589557171
    vertex 15.91315937 1.647702098 5.589557171
  endloop
endfacet
facet normal 0 -0.8448544558 -0.5349962136
  outer loop
    vertex 3.724704027 1.455071807 5.972248077
    vertex 3.706977844 1.501025081 5.899679661
    vertex 15.92791653 1.501025081 5.899679661
  endloop
endfacet
facet normal 0 -0.9142100098 -0.4052407408
  outer loop
    vertex 3.672801495 1.581981301 5.748221397
    vertex 3.657372236 1.616789222 5.669695854
    vertex 15.91697216 1.616789222 5.669695854
  endloop
endfacet
facet normal 0 -0.8932248673 -0.4496102051
  outer loop
    vertex 3.689920187 1.54336226 5.824944496
    vertex 3.672801495 1.581981301 5.748221397
    vertex 15.92126465 1.581981301 5.748221397
  endloop
endfacet
facet normal 0 -0.870087904 -0.4928965808
  outer loop
    vertex 3.695518017 1.530733705 5.84723711
    vertex 3.689920187 1.54336226 5.824944496
    vertex 15.92479324 1.54336226 5.824944496
  endloop
endfacet
facet normal -1.252164256e-08 -0.870084958 -0.4929017811
  outer loop
    vertex 3.695518017 1.530733705 5.84723711
    vertex 15.92479324 1.54336226 5.824944496
    vertex 3.706977844 1.501025081 5.899679661
  endloop
endfacet
facet normal 0 -0.8175842991 -0.5758089213
  outer loop
    vertex 3.743782282 1.405613184 6.042473793
    vertex 3.724704027 1.455071807 5.972248077
    vertex 15.93130589 1.455071807 5.972248077
  endloop
endfacet
facet normal 0 -0.7883474533 -0.6152302763
  outer loop
    vertex 3.764166832 1.352768302 6.110188484
    vertex 3.743782282 1.405613184 6.042473793
    vertex 15.93495369 1.405613184 6.042473793
  endloop
endfacet
facet normal 0 -0.7572174677 -0.6531628485
  outer loop
    vertex 3.766176224 1.347559452 6.11622715
    vertex 3.764166832 1.352768302 6.110188484
    vertex 15.93885231 1.352768302 6.110188484
  endloop
endfacet
facet normal -1.112767497e-08 -0.7572063735 -0.6531757098
  outer loop
    vertex 3.766176224 1.347559452 6.11622715
    vertex 15.93885231 1.352768302 6.110188484
    vertex 3.78298974 1.296664476 6.175228119
  endloop
endfacet
facet normal 0 -0.7242469376 -0.6895406974
  outer loop
    vertex 3.802555799 1.237436891 6.237436771
    vertex 3.78298974 1.296664476 6.175228119
    vertex 15.9429903 1.296664476 6.175228119
  endloop
endfacet
facet normal 0 -0.5345721465 -0.8451228433
  outer loop
    vertex 3.880125046 0.9719207287 6.455278873
    vertex 3.880034447 0.9722478986 6.455071926
    vertex 15.96692085 0.9722478986 6.455071926
  endloop
endfacet
facet normal 1.620647473e-08 -0.534999706 -0.8448522442
  outer loop
    vertex 3.880125046 0.9719207287 6.455278873
    vertex 15.96692085 0.9722478986 6.455071926
    vertex 3.896347284 0.89967978 6.5010252
  endloop
endfacet
facet normal 0 -0.492896642 -0.8700878693
  outer loop
    vertex 3.913129568 0.8249443173 6.543362141
    vertex 3.896347284 0.89967978 6.5010252
    vertex 15.97227383 0.89967978 6.5010252
  endloop
endfacet
facet normal 0 -0.4496141985 -0.8932228571
  outer loop
    vertex 3.923141003 0.7803612947 6.565803528
    vertex 3.913129568 0.8249443173 6.543362141
    vertex 15.97778702 0.8249443173 6.543362141
  endloop
endfacet
facet normal 3.543766771e-09 -0.219104673 -0.9757013592
  outer loop
    vertex 3.980738878 0.3920685649 6.704998016
    vertex 15.98956108 0.4252153039 6.697554588
    vertex 3.984475851 0.3414080739 6.716374397
  endloop
endfacet
facet normal 0 -0.2191034508 -0.9757016336
  outer loop
    vertex 3.980738878 0.3920685649 6.704998016
    vertex 3.976650715 0.4252153039 6.697554588
    vertex 15.98956108 0.4252153039 6.697554588
  endloop
endfacet
facet normal 0 -0.2667134114 -0.9637758848
  outer loop
    vertex 3.976650715 0.4252153039 6.697554588
    vertex 3.966440439 0.5079981685 6.674645424
    vertex 15.98752975 0.5079981685 6.674645424
  endloop
endfacet
facet normal 0 -0.02454291982 -0.9996987772
  outer loop
    vertex 4 0 6.75
    vertex 3.997892141 0.08586843312 6.747891903
    vertex 15.99789238 0.08586843312 6.747891903
  endloop
endfacet
facet normal 0 -0.07356216537 -0.9972906336
  outer loop
    vertex 3.997892141 0.08586843312 6.747891903
    vertex 3.995789051 0.1715299934 6.741573334
    vertex 15.99578953 0.1715299934 6.741573334
  endloop
endfacet
facet normal -4.554329802e-08 -0.1224029844 -0.9924804831
  outer loop
    vertex 3.995181799 0.1962707043 6.738522053
    vertex 15.99369621 0.2567783296 6.731059074
    vertex 3.995789051 0.1715299934 6.741573334
  endloop
endfacet
facet normal 0 -0.1224118802 -0.992479386
  outer loop
    vertex 3.995181799 0.1962707043 6.738522053
    vertex 3.990718603 0.2567783296 6.731059074
    vertex 15.99369621 0.2567783296 6.731059074
  endloop
endfacet
facet normal 0 -0.170962154 -0.9852775964
  outer loop
    vertex 3.990718603 0.2567783296 6.731059074
    vertex 3.984475851 0.3414080739 6.716374397
    vertex 15.99161911 0.3414080739 6.716374397
  endloop
endfacet
facet normal 0 -0.4052438319 -0.9142086396
  outer loop
    vertex 3.942343235 0.669696033 6.616789341
    vertex 3.928717852 0.7482213974 6.581981182
    vertex 15.98163223 0.7482213974 6.581981182
  endloop
endfacet
facet normal 0 -0.3598943148 -0.9329930772
  outer loop
    vertex 3.95624876 0.5895572305 6.647702217
    vertex 3.942343235 0.669696033 6.616789341
    vertex 15.98355961 0.669696033 6.616789341
  endloop
endfacet
facet normal -8.812869261e-09 -0.3136777572 -0.9495294964
  outer loop
    vertex 3.956706047 0.5869218707 6.648572922
    vertex 15.98552704 0.5895572305 6.647702217
    vertex 3.966440439 0.5079981685 6.674645424
  endloop
endfacet
facet normal 0 -0.313714024 -0.9495175149
  outer loop
    vertex 3.956706047 0.5869218707 6.648572922
    vertex 3.95624876 0.5895572305 6.647702217
    vertex 15.98552704 0.5895572305 6.647702217
  endloop
endfacet
facet normal -3.491606229e-08 -0.4496066662 -0.8932266486
  outer loop
    vertex 3.923141003 0.7803612947 6.565803528
    vertex 15.97778702 0.8249443173 6.543362141
    vertex 3.928717852 0.7482213974 6.581981182
  endloop
endfacet
facet normal 0 -0.6895392764 -0.7242482905
  outer loop
    vertex 3.823106766 1.175228119 6.296664238
    vertex 3.802555799 1.237436891 6.237436771
    vertex 15.94735909 1.237436891 6.237436771
  endloop
endfacet
facet normal 0 -0.6531718962 -0.7572096632
  outer loop
    vertex 3.827761412 1.161138654 6.308817863
    vertex 3.823106766 1.175228119 6.296664238
    vertex 15.95194817 1.175228119 6.296664238
  endloop
endfacet
facet normal 9.403255419e-09 -0.6531765356 -0.7572056612
  outer loop
    vertex 3.827761412 1.161138654 6.308817863
    vertex 15.95194817 1.175228119 6.296664238
    vertex 3.841861248 1.110188246 6.352768421
  endloop
endfacet
facet normal 0 -0.6152290349 -0.7883484221
  outer loop
    vertex 3.860600471 1.042473793 6.405612946
    vertex 3.841861248 1.110188246 6.352768421
    vertex 15.9567461 1.110188246 6.352768421
  endloop
endfacet
facet normal 0 -0.5758107243 -0.8175830293
  outer loop
    vertex 3.880034447 0.9722478986 6.455071926
    vertex 3.860600471 1.042473793 6.405612946
    vertex 15.96174049 1.042473793 6.405612946
  endloop
endfacet
facet normal -0 -0.9996988107 -0.02454155408
  outer loop
    vertex 15.90054226 1.75 5
    vertex 15.90080166 1.747892022 5.085868359
    vertex 3.596994877 1.747892022 5.085868359
  endloop
endfacet
facet normal -0 -0.9972904206 -0.07356505334
  outer loop
    vertex 15.90080166 1.747892022 5.085868359
    vertex 15.90158081 1.741573215 5.17152977
    vertex 3.600175619 1.741573215 5.17152977
  endloop
endfacet
facet normal -0 -0.9924795592 -0.1224104755
  outer loop
    vertex 15.90158081 1.741573215 5.17152977
    vertex 15.90287781 1.731058836 5.25677824
    vertex 3.605468035 1.731058836 5.25677824
  endloop
endfacet
facet normal -0 -0.9852779214 -0.1709602808
  outer loop
    vertex 15.90287781 1.731058836 5.25677824
    vertex 15.90468884 1.716374278 5.341408253
    vertex 3.612859726 1.716374278 5.341408253
  endloop
endfacet
facet normal -0 -0.9757019278 -0.2191021407
  outer loop
    vertex 15.90468884 1.716374278 5.341408253
    vertex 15.90701008 1.697554708 5.425215244
    vertex 3.621571541 1.697554708 5.425215244
  endloop
endfacet
facet normal -0 -0.9637757861 -0.2667137682
  outer loop
    vertex 15.90701008 1.697554708 5.425215244
    vertex 15.90983582 1.674645543 5.50799799
    vertex 3.631726503 1.674645543 5.50799799
  endloop
endfacet
facet normal -0 -0.9495284194 -0.3136810174
  outer loop
    vertex 15.90983582 1.674645543 5.50799799
    vertex 15.91315937 1.647702098 5.589557171
    vertex 3.643669605 1.647702098 5.589557171
  endloop
endfacet
facet normal -0 -0.9329928975 -0.3598947808
  outer loop
    vertex 15.91315937 1.647702098 5.589557171
    vertex 15.91697216 1.616789222 5.669695854
    vertex 3.657372236 1.616789222 5.669695854
  endloop
endfacet
facet normal -0 -0.9142100098 -0.4052407408
  outer loop
    vertex 15.91697216 1.616789222 5.669695854
    vertex 15.92126465 1.581981301 5.748221397
    vertex 3.672801495 1.581981301 5.748221397
  endloop
endfacet
facet normal -0 -0.8932251735 -0.4496095968
  outer loop
    vertex 15.92295551 1.56827426 5.775452614
    vertex 15.92479324 1.54336226 5.824944496
    vertex 3.689920187 1.54336226 5.824944496
  endloop
endfacet
facet normal -8.688755576e-09 -0.893224311 -0.4496113103
  outer loop
    vertex 15.92295551 1.56827426 5.775452614
    vertex 3.689920187 1.54336226 5.824944496
    vertex 15.92126465 1.581981301 5.748221397
  endloop
endfacet
facet normal -0 -0.870085836 -0.4929002314
  outer loop
    vertex 15.92479324 1.54336226 5.824944496
    vertex 15.92791653 1.501025081 5.899679661
    vertex 3.706977844 1.501025081 5.899679661
  endloop
endfacet
facet normal -0 -0.8448544558 -0.5349962136
  outer loop
    vertex 15.92791653 1.501025081 5.899679661
    vertex 15.93130589 1.455071807 5.972248077
    vertex 3.724704027 1.455071807 5.972248077
  endloop
endfacet
facet normal -0 -0.8175842991 -0.5758089213
  outer loop
    vertex 15.93130589 1.455071807 5.972248077
    vertex 15.93495369 1.405613184 6.042473793
    vertex 3.743782282 1.405613184 6.042473793
  endloop
endfacet
facet normal -0 -0.7883474533 -0.6152302763
  outer loop
    vertex 15.93495369 1.405613184 6.042473793
    vertex 15.93885231 1.352768302 6.110188484
    vertex 3.764166832 1.352768302 6.110188484
  endloop
endfacet
facet normal -0 -0.7572074021 -0.6531745174
  outer loop
    vertex 15.93885231 1.352768302 6.110188484
    vertex 15.9429903 1.296664476 6.175228119
    vertex 3.78298974 1.296664476 6.175228119
  endloop
endfacet
facet normal -0 -0.7242469376 -0.6895406974
  outer loop
    vertex 15.9429903 1.296664476 6.175228119
    vertex 15.94735909 1.237436891 6.237436771
    vertex 3.802555799 1.237436891 6.237436771
  endloop
endfacet
facet normal -0 -0.5758107243 -0.8175830293
  outer loop
    vertex 15.96174049 1.042473793 6.405612946
    vertex 15.96692085 0.9722478986 6.455071926
    vertex 3.880034447 0.9722478986 6.455071926
  endloop
endfacet
facet normal -0 -0.492896642 -0.8700878693
  outer loop
    vertex 15.97227383 0.89967978 6.5010252
    vertex 15.97778702 0.8249443173 6.543362141
    vertex 3.913129568 0.8249443173 6.543362141
  endloop
endfacet
facet normal -0 -0.5349977818 -0.8448534627
  outer loop
    vertex 15.96692085 0.9722478986 6.455071926
    vertex 15.97227383 0.89967978 6.5010252
    vertex 3.896347284 0.89967978 6.5010252
  endloop
endfacet
facet normal -0 -0.2191041898 -0.9757014677
  outer loop
    vertex 15.98956108 0.4252153039 6.697554588
    vertex 15.99161911 0.3414080739 6.716374397
    vertex 3.984475851 0.3414080739 6.716374397
  endloop
endfacet
facet normal -0 -0.2667134114 -0.9637758848
  outer loop
    vertex 15.98752975 0.5079981685 6.674645424
    vertex 15.98956108 0.4252153039 6.697554588
    vertex 3.976650715 0.4252153039 6.697554588
  endloop
endfacet
facet normal 4.383226252e-19 -0.02454291982 -0.9996987772
  outer loop
    vertex 15.99789238 0.08586843312 6.747891903
    vertex 16 2.143131926e-16 6.75
    vertex 4 0 6.75
  endloop
endfacet
facet normal -0 -0.07356216537 -0.9972906336
  outer loop
    vertex 15.99578953 0.1715299934 6.741573334
    vertex 15.99789238 0.08586843312 6.747891903
    vertex 3.997892141 0.08586843312 6.747891903
  endloop
endfacet
facet normal -0 -0.1224092981 -0.9924797044
  outer loop
    vertex 15.99369621 0.2567783296 6.731059074
    vertex 15.99578953 0.1715299934 6.741573334
    vertex 3.995789051 0.1715299934 6.741573334
  endloop
endfacet
facet normal -0 -0.170962154 -0.9852775964
  outer loop
    vertex 15.99161911 0.3414080739 6.716374397
    vertex 15.99369621 0.2567783296 6.731059074
    vertex 3.990718603 0.2567783296 6.731059074
  endloop
endfacet
facet normal -0 -0.3598943148 -0.9329930772
  outer loop
    vertex 15.98355961 0.669696033 6.616789341
    vertex 15.98552704 0.5895572305 6.647702217
    vertex 3.95624876 0.5895572305 6.647702217
  endloop
endfacet
facet normal -0 -0.4052438319 -0.9142086396
  outer loop
    vertex 15.98163223 0.7482213974 6.581981182
    vertex 15.98355961 0.669696033 6.616789341
    vertex 3.942343235 0.669696033 6.616789341
  endloop
endfacet
facet normal -0 -0.3136789282 -0.9495291096
  outer loop
    vertex 15.98552704 0.5895572305 6.647702217
    vertex 15.98752975 0.5079981685 6.674645424
    vertex 3.966440439 0.5079981685 6.674645424
  endloop
endfacet
facet normal -0 -0.4496153525 -0.8932222762
  outer loop
    vertex 15.9807272 0.7850828171 6.563426495
    vertex 15.98163223 0.7482213974 6.581981182
    vertex 3.928717852 0.7482213974 6.581981182
  endloop
endfacet
facet normal -3.180428637e-08 -0.4496070561 -0.8932264523
  outer loop
    vertex 15.9807272 0.7850828171 6.563426495
    vertex 3.928717852 0.7482213974 6.581981182
    vertex 15.97778702 0.8249443173 6.543362141
  endloop
endfacet
facet normal -0 -0.6895392764 -0.7242482905
  outer loop
    vertex 15.94735909 1.237436891 6.237436771
    vertex 15.95194817 1.175228119 6.296664238
    vertex 3.823106766 1.175228119 6.296664238
  endloop
endfacet
facet normal -0 -0.6152290349 -0.7883484221
  outer loop
    vertex 15.9567461 1.110188246 6.352768421
    vertex 15.96174049 1.042473793 6.405612946
    vertex 3.860600471 1.042473793 6.405612946
  endloop
endfacet
facet normal -0 -0.6531755318 -0.7572065271
  outer loop
    vertex 15.95194817 1.175228119 6.296664238
    vertex 15.9567461 1.110188246 6.352768421
    vertex 3.841861248 1.110188246 6.352768421
  endloop
endfacet
endsolid seavolt
